forecast_month,market,market_label,split,market_total_return,risk_free_yield_lag1_pct,risk_free_return,market_excess_return,benchmark_ma12_excess_return,term_spread_lag1,fed_funds_lag1,unemployment_lag2,inflation_lag2
2006-09-30,CN_CSI300,Chinese mainland,development,0.0471137035181348,1.882,0.00155496561296542,0.04555873790516938,,-0.3699298737727909,5.2464516129032255,4.7,4.104669061056954
2006-09-30,HK_HangSeng,HKSAR,development,0.0086320769301995,5.05,0.004113959301397019,0.004518117628802481,,-0.3699298737727909,5.2464516129032255,4.7,4.104669061056954
2006-09-30,US_SPY,U.S.,development,0.0266433179789578,5.05,0.004113959301397019,0.02252935867756078,,-0.3699298737727909,5.2464516129032255,4.7,4.104669061056954
2006-10-31,CN_CSI300,Chinese mainland,development,0.0426881749023015,1.769,0.0014623476131101487,0.04122582728919135,,-0.5356666666666667,5.254666666666666,4.7,3.926568077511483
2006-10-31,HK_HangSeng,HKSAR,development,0.0435728505419188,4.89,0.003986424401280164,0.039586426140638634,,-0.5356666666666667,5.254666666666666,4.7,3.926568077511483
2006-10-31,US_SPY,U.S.,development,0.0310303625682264,4.89,0.003986424401280164,0.027043938166946235,,-0.5356666666666667,5.254666666666666,4.7,3.926568077511483
2006-11-30,CN_CSI300,Chinese mainland,development,0.1575464308584253,1.75,0.0014467654179763922,0.1560996654404489,,-0.5161136712749617,5.245161290322581,4.5,2.012072434607637
2006-11-30,HK_HangSeng,HKSAR,development,0.0341260825267237,5.08,0.004137852270334363,0.029988230256389338,,-0.5161136712749617,5.245161290322581,4.5,2.012072434607637
2006-11-30,US_SPY,U.S.,development,0.0196902786090111,5.08,0.004137852270334363,0.015552426338676737,,-0.5161136712749617,5.245161290322581,4.5,2.012072434607637
2006-12-31,CN_CSI300,Chinese mainland,development,0.1744245481956809,1.94,0.0016024674913339698,0.17282208070434693,,-0.6504285714285718,5.245666666666667,4.4,1.4063284781516971
2006-12-31,HK_HangSeng,HKSAR,development,0.0516099134076739,5.03,0.004098027180359898,0.047511886227314004,,-0.6504285714285718,5.245666666666667,4.4,1.4063284781516971
2006-12-31,US_SPY,U.S.,development,0.0132825408272809,5.03,0.004098027180359898,0.009184513646921003,,-0.6504285714285718,5.245666666666667,4.4,1.4063284781516971
2007-01-31,CN_CSI300,Chinese mainland,development,0.1558730982258156,1.99,0.0016433975062259965,0.1542297007195896,,-0.6735645161290327,5.2380645161290325,4.5,1.9687026754164672
2007-01-31,HK_HangSeng,HKSAR,development,0.0070724120739917,5.02,0.004090060076936908,0.0029823519970547923,,-0.6735645161290327,5.2380645161290325,4.5,1.9687026754164672
2007-01-31,US_SPY,U.S.,development,0.0149283736549952,5.02,0.004090060076936908,0.010838313578058293,,-0.6735645161290327,5.2380645161290325,4.5,1.9687026754164672
2007-02-28,CN_CSI300,Chinese mainland,development,0.0646241974360615,1.93,0.0015942792801031391,0.06302991815595836,,-0.4888632872503837,5.248387096774193,4.4,2.5239777889954462
2007-02-28,HK_HangSeng,HKSAR,development,-0.0228849949462439,5.12,0.004169699837352825,-0.027054694783596726,,-0.4888632872503837,5.248387096774193,4.4,2.5239777889954462
2007-02-28,US_SPY,U.S.,development,-0.0198122029792013,5.12,0.004169699837352825,-0.023981902816554126,,-0.4888632872503837,5.248387096774193,4.4,2.5239777889954462
2007-03-31,CN_CSI300,Chinese mainland,development,0.089129333590856,1.92,0.001586090332465151,0.08754324325839084,,-0.5362969924812022,5.258928571428571,4.6,2.075765178123423
2007-03-31,HK_HangSeng,HKSAR,development,0.0075747222923183,5.16,0.004201536297631092,0.0033731859946872075,,-0.5362969924812022,5.258928571428571,4.6,2.075765178123423
2007-03-31,US_SPY,U.S.,development,0.0115219249597018,5.16,0.004201536297631092,0.007320388662070708,,-0.5362969924812022,5.258928571428571,4.6,2.075765178123423
2007-04-30,CN_CSI300,Chinese mainland,development,0.2463071090697184,1.99,0.0016433975062259965,0.2446637115634924,,-0.6922287390029327,5.256774193548387,4.5,2.420260782347028
2007-04-30,HK_HangSeng,HKSAR,development,0.0258265571572167,5.04,0.004105993588470858,0.021720563568745844,,-0.6922287390029327,5.256774193548387,4.5,2.420260782347028
2007-04-30,US_SPY,U.S.,development,0.0433426923352788,5.04,0.004105993588470858,0.03923669874680794,,-0.6922287390029327,5.256774193548387,4.5,2.420260782347028
2007-05-31,CN_CSI300,Chinese mainland,development,0.0987195416416764,2.06,0.0017006686367058155,0.09701887300497058,,-0.5558571428571426,5.249666666666667,4.4,2.798197295943927
2007-05-31,HK_HangSeng,HKSAR,development,0.0154075647638105,4.91,0.004002376012389508,0.011405188751420992,,-0.5558571428571426,5.249666666666667,4.4,2.798197295943927
2007-05-31,US_SPY,U.S.,development,0.0333577201571362,4.91,0.004002376012389508,0.029355344144746692,,-0.5558571428571426,5.249666666666667,4.4,2.798197295943927
2007-06-30,CN_CSI300,Chinese mainland,development,-0.0426141858045756,2.15,0.001774250061985505,-0.044388435866561105,,-0.5071847507331384,5.253548387096775,4.5,2.5929247633283525
2007-06-30,HK_HangSeng,HKSAR,development,0.0536952784094193,4.73,0.0038587110455146068,0.049836567363904696,,-0.5071847507331384,5.253548387096775,4.5,2.5929247633283525
2007-06-30,US_SPY,U.S.,development,-0.0147287858626556,4.73,0.0038587110455146068,-0.018587496908170208,,-0.5071847507331384,5.253548387096775,4.5,2.5929247633283525
2007-07-31,CN_CSI300,Chinese mainland,development,0.169770843205633,2.3,0.0018967538135683526,0.16787408939206463,,-0.1511428571428581,5.254,4.4,2.709885742672613
2007-07-31,HK_HangSeng,HKSAR,development,0.0628446155296931,4.82,0.003930571797319926,0.058914043732373175,,-0.1511428571428581,5.254,4.4,2.709885742672613
2007-07-31,US_SPY,U.S.,development,-0.0318109455336621,4.82,0.003930571797319926,-0.03574151733098203,,-0.1511428571428581,5.254,4.4,2.709885742672613
2007-08-31,CN_CSI300,Chinese mainland,development,0.1718304338710279,2.4682,0.0020339256724357657,0.16979650819859213,,-0.2541013824884786,5.258387096774193,4.6,2.692765113974227
2007-08-31,HK_HangSeng,HKSAR,development,0.0338898982544382,4.96,0.004042242847743793,0.029847655406694408,,-0.2541013824884786,5.258387096774193,4.6,2.692765113974227
2007-08-31,US_SPY,U.S.,development,0.0127517228752145,4.96,0.004042242847743793,0.008709480027470707,,-0.2541013824884786,5.258387096774193,4.6,2.692765113974227
2007-09-30,CN_CSI300,Chinese mainland,development,0.052229174589609,2.4673,0.0020331922463878715,0.050195982343221125,0.11295615998047116,-0.3474754558204775,5.022258064516129,4.7,2.317890586495808
2007-09-30,HK_HangSeng,HKSAR,development,0.1237068811236241,4.01,0.003281778480337616,0.12042510264328649,0.022719126857035737,-0.3474754558204775,5.022258064516129,4.7,2.317890586495808
2007-09-30,US_SPY,U.S.,development,0.0379829666426791,4.01,0.003281778480337616,0.03470118816234148,0.0076216287444627285,-0.3474754558204775,5.022258064516129,4.7,2.317890586495808
2007-10-31,CN_CSI300,Chinese mainland,development,0.0191196975549345,2.8574,0.002350539610539437,0.016769157944395062,0.11334259701697548,-0.4164210526315788,4.938,4.6,1.897448478900876
2007-10-31,HK_HangSeng,HKSAR,development,0.1441968770847523,3.82,0.003128921923478689,0.1410679551612736,0.032378042274909404,-0.4164210526315788,4.938,4.6,1.897448478900876
2007-10-31,US_SPY,U.S.,development,0.0134758102255609,3.82,0.003128921923478689,0.01034688830208221,0.008635947868194452,-0.4164210526315788,4.938,4.6,1.897448478900876
2007-11-30,CN_CSI300,Chinese mainland,development,-0.1829630518369818,3.12,0.0025635446626290914,-0.1855265964996109,0.11130454123824245,-0.227756598240469,4.755483870967741,4.7,2.8338264299802685
2007-11-30,HK_HangSeng,HKSAR,development,-0.0903662030199985,3.94,0.0032254927088173346,-0.09359169572881583,0.040834836359962316,-0.227756598240469,4.755483870967741,4.7,2.8338264299802685
2007-11-30,US_SPY,U.S.,development,-0.03950288574796,3.94,0.0032254927088173346,-0.042728378456777336,0.007244527046122451,-0.227756598240469,4.755483870967741,4.7,2.8338264299802685
2007-12-31,CN_CSI300,Chinese mainland,development,0.1194110575784055,3.59,0.0029435415760119543,0.11646751600239355,0.08283568607657081,-0.338166666666666,4.486666666666666,4.7,3.610698365527476
2007-12-31,HK_HangSeng,HKSAR,development,-0.0294393926000751,3.15,0.002587847171547919,-0.032027239771623014,0.030536509194528553,-0.338166666666666,4.486666666666666,4.7,3.610698365527476
2007-12-31,US_SPY,U.S.,development,-0.011324044352361,3.15,0.002587847171547919,-0.013911891523908919,0.0023877933131679443,-0.338166666666666,4.486666666666666,4.7,3.610698365527476
2008-01-31,CN_CSI300,Chinese mainland,development,-0.1444203490126323,3.29,0.0027011732814758993,-0.1471215222941082,0.07813947235140802,-0.1470161290322584,4.244516129032259,4.7,4.373267326732666
2008-01-31,HK_HangSeng,HKSAR,development,-0.1703757161640826,3.36,0.002757783545331849,-0.17313349970941444,0.023908248694617135,-0.1470161290322584,4.244516129032259,4.7,4.373267326732666
2008-01-31,US_SPY,U.S.,development,-0.0623664827736947,3.36,0.002757783545331849,-0.06512426631902654,0.0004630928822654511,-0.1470161290322584,4.244516129032259,4.7,4.373267326732666
2008-02-29,CN_CSI300,Chinese mainland,development,0.0116516199907987,3.196,0.002625098437631479,0.009026521553167221,0.053026870433599875,-0.1960368663594471,3.9403225806451614,5.0,4.108813392417532
2008-02-29,HK_HangSeng,HKSAR,development,0.0366635397175443,1.96,0.00161884170512816,0.03504469801241614,0.009231927719078034,-0.1960368663594471,3.9403225806451614,5.0,4.108813392417532
2008-02-29,US_SPY,U.S.,development,-0.0261821296198441,1.96,0.00161884170512816,-0.02780097132497226,-0.005867122109158285,-0.1960368663594471,3.9403225806451614,5.0,4.108813392417532
2008-03-31,CN_CSI300,Chinese mainland,development,-0.2096270504171347,3.15,0.002587847171547919,-0.21221489758868262,0.048526587383367285,0.7568103448275862,2.9806896551724136,5.0,4.294695655165981
2008-03-31,HK_HangSeng,HKSAR,development,-0.0628627191738449,1.85,0.0015287470679612447,-0.06439146624180614,0.014406877118745774,0.7568103448275862,2.9806896551724136,5.0,4.294695655165981
2008-03-31,US_SPY,U.S.,development,-0.0089826948923388,1.85,0.0015287470679612447,-0.010511441960300044,-0.006185377818193129,0.7568103448275862,2.9806896551724136,5.0,4.294695655165981
2008-04-30,CN_CSI300,Chinese mainland,development,0.0435159273430976,3.0,0.0024662697723036864,0.041049657570793915,0.023546742312777823,0.8996774193548389,2.6103225806451613,4.9,4.142959270611968
2008-04-30,HK_HangSeng,HKSAR,development,0.1197262857578849,1.38,0.0011427897418165855,0.11858349601606831,0.00875982276570466,0.8996774193548389,2.6103225806451613,4.9,4.142959270611968
2008-04-30,US_SPY,U.S.,development,0.046561017779064,1.38,0.0011427897418165855,0.04541822803724741,-0.0076713637033906925,0.8996774193548389,2.6103225806451613,4.9,4.142959270611968
2008-05-31,CN_CSI300,Chinese mainland,development,-0.0919456528021012,3.0588,0.0025139474416346896,-0.09445960024373588,0.006578904480052951,1.3966666666666665,2.2783333333333333,5.1,3.9749035501344334
2008-05-31,HK_HangSeng,HKSAR,development,-0.0486183510051514,1.43,0.001183926905437227,-0.049802277910588624,0.016831733802981533,1.3966666666666665,2.2783333333333333,5.1,3.9749035501344334
2008-05-31,US_SPY,U.S.,development,0.0150037715737809,1.43,0.001183926905437227,0.013819844668343673,-0.007156236262520734,1.3966666666666665,2.2783333333333333,5.1,3.9749035501344334
2008-06-30,CN_CSI300,Chinese mainland,development,-0.2573824126392372,3.1674,0.0026019396581620224,-0.25998435229739925,-0.009377634957339254,1.901612903225807,1.9783870967741932,5.0,3.903760975988813
2008-06-30,HK_HangSeng,HKSAR,development,-0.1043554623375708,1.89,0.0015615190697231274,-0.10591698140729393,0.011731111581147396,1.901612903225807,1.9783870967741932,5.0,3.903760975988813
2008-06-30,US_SPY,U.S.,development,-0.0872759345669607,1.89,0.0015615190697231274,-0.08883745363668383,-0.008450861218887653,1.901612903225807,1.9783870967741932,5.0,3.903760975988813
2008-07-31,CN_CSI300,Chinese mainland,development,0.0047846895746666,3.31,0.002717351230255627,0.002067338344410973,-0.027343961326575766,2.098523809523809,2.001,5.4,4.088413823123993
2008-07-31,HK_HangSeng,HKSAR,development,0.0280654696915902,1.9,0.001569710227413701,0.0264957594641765,-0.0012483508164524877,2.098523809523809,2.001,5.4,4.088413823123993
2008-07-31,US_SPY,U.S.,development,-0.0090266416174555,1.9,0.001569710227413701,-0.010596351844869201,-0.014305024279597123,2.098523809523809,2.001,5.4,4.088413823123993
2008-08-31,CN_CSI300,Chinese mainland,development,-0.1594990793928463,3.3236,0.002728350595631479,-0.16222742998847778,-0.0411611905805469,1.998049853372434,2.009677419354839,5.6,4.935966105947864
2008-08-31,HK_HangSeng,HKSAR,development,-0.0668177160022889,1.68,0.0013893343063426933,-0.0682070503086316,-0.003949874505468878,1.998049853372434,2.009677419354839,5.6,4.935966105947864
2008-08-31,US_SPY,U.S.,development,0.0153357050099067,1.68,0.0013893343063426933,0.013946370703564007,-0.012209593822421054,1.998049853372434,2.009677419354839,5.6,4.935966105947864
2008-09-30,CN_CSI300,Chinese mainland,development,-0.063870862060277,3.1661,0.002600886846543027,-0.06647174890682003,-0.06882985209613607,1.8892626728110595,1.996451612903226,5.8,5.497512078341837
2008-09-30,HK_HangSeng,HKSAR,development,-0.1656443374679703,1.72,0.001422156520640705,-0.167066493988611,-0.012121099981746047,1.8892626728110595,1.996451612903226,5.8,5.497512078341837
2008-09-30,US_SPY,U.S.,development,-0.0989079639636569,1.72,0.001422156520640705,-0.10033012048429761,-0.011773186266079946,1.8892626728110595,1.996451612903226,5.8,5.497512078341837
2008-10-31,CN_CSI300,Chinese mainland,development,-0.2990884664310043,3.2211,0.002645418253760745,-0.30173388468476503,-0.07855216303363949,1.8745238095238093,1.8116666666666668,6.1,5.308017162091239
2008-10-31,HK_HangSeng,HKSAR,development,-0.2544550010961028,0.92,0.0007634527638813449,-0.25521845385998415,-0.03607873303440417,1.8745238095238093,1.8116666666666668,6.1,5.308017162091239
2008-10-31,US_SPY,U.S.,development,-0.1805468137069521,0.92,0.0007634527638813449,-0.18131026647083345,-0.023025795319966538,1.8745238095238093,1.8116666666666668,6.1,5.308017162091239
2008-11-30,CN_CSI300,Chinese mainland,development,0.0952522554524195,2.3942,0.0019736020261513776,0.09327865342626812,-0.10509408325273617,2.844736070381232,0.9693548387096774,6.1,4.953319875136075
2008-11-30,HK_HangSeng,HKSAR,development,-0.005774503384762,0.46,0.00038252750614442554,-0.006157030890906426,-0.06910260045284232,2.844736070381232,0.9693548387096774,6.1,4.953319875136075
2008-11-30,US_SPY,U.S.,development,-0.0721477808246735,0.46,0.00038252750614442554,-0.07253030833081793,-0.03899722488437617,2.844736070381232,0.9693548387096774,6.1,4.953319875136075
2008-12-31,CN_CSI300,Chinese mainland,development,-0.0066892815586125,1.6,0.001323654354508319,-0.008012935913120819,-0.08186031242557958,3.139,0.3876666666666667,6.5,3.7310578899565128
2008-12-31,HK_HangSeng,HKSAR,development,0.0353159607814195,0.01,8.332951413336787e-06,0.03530762783000616,-0.06181637838301653,3.139,0.3876666666666667,6.5,3.7310578899565128
2008-12-31,US_SPY,U.S.,development,0.0097485591023671,0.01,8.332951413336787e-06,0.009740226150953763,-0.041480719040546225,3.139,0.3876666666666667,6.5,3.7310578899565128
2009-01-31,CN_CSI300,Chinese mainland,development,0.111772150911996,0.9503,0.0007884882380877478,0.11098366267390825,-0.09223368341853912,2.261202346041056,0.1551612903225806,6.8,1.0999174706166848
2009-01-31,HK_HangSeng,HKSAR,development,-0.08023407366694,0.11,9.162048384192545e-05,-0.08032569415078193,-0.0562051394162141,2.261202346041056,0.1551612903225806,6.8,1.0999174706166848
2009-01-31,US_SPY,U.S.,development,-0.0856823997994133,0.11,9.162048384192545e-05,-0.08577402028325523,-0.03950970923430767,2.261202346041056,0.1551612903225806,6.8,1.0999174706166848
2009-02-28,CN_CSI300,Chinese mainland,development,0.0516796553821441,0.9097,0.0007549407859317459,0.05092471459621235,-0.07072491800453774,2.363306451612903,0.1541935483870967,7.3,-0.022228002553859
2009-02-28,HK_HangSeng,HKSAR,development,-0.0357756495745942,0.24,0.00019978033674417084,-0.03597542991133837,-0.048471155619661394,2.363306451612903,0.1541935483870967,7.3,-0.022228002553859
2009-02-28,US_SPY,U.S.,development,-0.1136720100498802,0.24,0.00019978033674417084,-0.11387179038662437,-0.041230522064660054,2.363306451612903,0.1541935483870967,7.3,-0.022228002553859
2009-03-31,CN_CSI300,Chinese mainland,development,0.158367112421236,0.9012,0.0007479157382714874,0.1576191966829645,-0.06723340191761731,2.647857142857143,0.2221428571428571,7.8,-0.1135860190221271
2009-03-31,HK_HangSeng,HKSAR,development,0.0579562733006842,0.26,0.00021640890030050208,0.0577398644003837,-0.0543894996133076,2.647857142857143,0.2221428571428571,7.8,-0.1135860190221271
2009-03-31,US_SPY,U.S.,development,0.080022274541804,0.26,0.00021640890030050208,0.07980586564150349,-0.04840309031979773,2.647857142857143,0.2221428571428571,7.8,-0.1135860190221271
2009-04-30,CN_CSI300,Chinese mainland,development,0.04489012632148,0.8447,0.0007012060412729948,0.044188920280207,-0.03641389406164672,2.638900293255132,0.1806451612903225,8.3,0.0084631406715107
2009-04-30,HK_HangSeng,HKSAR,development,0.1338883498899488,0.21,0.00017483178814159395,0.1337135181018072,-0.04421188872645845,2.638900293255132,0.1806451612903225,8.3,0.0084631406715107
2009-04-30,US_SPY,U.S.,development,0.0947152776604829,0.21,0.00017483178814159395,0.09454044587234131,-0.04087664801964743,2.638900293255132,0.1806451612903225,8.3,0.0084631406715107
2009-05-31,CN_CSI300,Chinese mainland,development,0.0508335882157791,0.8443,0.000700875267642731,0.05013271294813637,-0.036152288835862294,2.776809523809524,0.1503333333333333,8.7,-0.4464787676623838
2009-05-31,HK_HangSeng,HKSAR,development,0.1576336001859442,0.14,0.00011659187244639213,0.1575170083134978,-0.04295105355264687,2.776809523809524,0.1503333333333333,8.7,-0.4464787676623838
2009-05-31,US_SPY,U.S.,development,0.0568088512708095,0.14,0.00011659187244639213,0.05669225939836311,-0.03678312986672295,2.776809523809524,0.1503333333333333,8.7,-0.4464787676623838
2009-06-30,CN_CSI300,Chinese mainland,development,0.1374918010018229,0.8495,0.0007051752310298642,0.13678662577079304,-0.024102929403206273,3.11558064516129,0.1774193548387097,9.0,-0.5763244243767063
2009-06-30,HK_HangSeng,HKSAR,development,0.0113671265339547,0.14,0.00011659187244639213,0.011250534661508308,-0.02567444636730634,3.11558064516129,0.1774193548387097,9.0,-0.5763244243767063
2009-06-30,US_SPY,U.S.,development,-0.0006547782879895,0.14,0.00011659187244639213,-0.0007713701604358922,-0.03321042863922132,3.11558064516129,0.1774193548387097,9.0,-0.5763244243767063
2009-07-31,CN_CSI300,Chinese mainland,development,0.165028670367759,0.8882,0.0007371704983676342,0.16429149986939137,0.008961318769143084,3.5154848484848484,0.2063333333333333,9.4,-1.015761495855172
2009-07-31,HK_HangSeng,HKSAR,development,0.1128015374013209,0.19,0.00015819561853080977,0.11264334178279009,-0.015910486694906155,3.5154848484848484,0.2063333333333333,9.4,-1.015761495855172
2009-07-31,US_SPY,U.S.,development,0.0719537110076125,0.19,0.00015819561853080977,0.07179551538908169,-0.025871588349534,3.5154848484848484,0.2063333333333333,9.4,-1.015761495855172
2009-08-31,CN_CSI300,Chinese mainland,development,-0.277273959649702,1.2697,0.0010519753528130948,-0.27832593500251507,0.02247999889622478,3.4064662756598243,0.1558064516129032,9.5,-1.2291746182109151
2009-08-31,HK_HangSeng,HKSAR,development,-0.0421498070783226,0.18,0.00014987639212593606,-0.04229968347044854,-0.008731521501688353,3.4064662756598243,0.1558064516129032,9.5,-1.2291746182109151
2009-08-31,US_SPY,U.S.,development,0.0362737423981371,0.18,0.00014987639212593606,0.03612386600601116,-0.019005599413371425,3.4064662756598243,0.1558064516129032,9.5,-1.2291746182109151
2009-09-30,CN_CSI300,Chinese mainland,development,0.0598388965671334,1.2802,0.0010606243253690195,0.05877827224176438,0.012805123478388344,3.426820276497696,0.1603225806451612,9.5,-1.958761003762277
2009-09-30,HK_HangSeng,HKSAR,development,0.0605434381088887,0.15,0.00012491414476678564,0.060418523964121916,-0.006572574265173099,3.426820276497696,0.1603225806451612,9.5,-1.958761003762277
2009-09-30,US_SPY,U.S.,development,0.0348430959892196,0.15,0.00012491414476678564,0.034718181844452814,-0.01715747480483416,3.426820276497696,0.1603225806451612,9.5,-1.958761003762277
2009-10-31,CN_CSI300,Chinese mainland,development,0.0877452108803034,1.29,0.0010686959582126843,0.08667651492209072,0.02324262524077038,3.2552380952380955,0.1466666666666666,9.6,-1.4838355663267633
2009-10-31,HK_HangSeng,HKSAR,development,0.0373564517134727,0.14,0.00011659187244639213,0.03723985984102631,0.012384510564221312,3.2552380952380955,0.1466666666666666,9.6,-1.4838355663267633
2009-10-31,US_SPY,U.S.,development,-0.0194124173429139,0.14,0.00011659187244639213,-0.019529009215360292,-0.005903449610771626,3.2552380952380955,0.1466666666666666,9.6,-1.4838355663267633
2009-11-30,CN_CSI300,Chinese mainland,development,0.0681354868923787,1.3007,0.0010775080460012632,0.06705797884637743,0.055610158541341694,3.2695545314900154,0.1180645161290322,9.8,-1.377942862886472
2009-11-30,HK_HangSeng,HKSAR,development,0.0031500589672219,0.05,4.165712110459907e-05,0.003108401846117301,0.03675603670597218,3.2695545314900154,0.1180645161290322,9.8,-1.377942862886472
2009-11-30,US_SPY,U.S.,development,0.0597837269807053,0.05,4.165712110459907e-05,0.0597420698596007,0.00757832182718447,3.2695545314900154,0.1180645161290322,9.8,-1.377942862886472
2009-12-31,CN_CSI300,Chinese mainland,development,0.0180636600441044,1.2171,0.00100863574150023,0.01705502430260417,0.0534251023263508,3.283631578947369,0.119,10.0,-0.2239682942003384
2009-12-31,HK_HangSeng,HKSAR,development,0.0023344176848265,0.06,4.99862552685304e-05,0.0022844314295579695,0.037528156100724165,3.283631578947369,0.119,10.0,-0.2239682942003384
2009-12-31,US_SPY,U.S.,development,0.0189206635343115,0.06,4.99862552685304e-05,0.018870677279042968,0.018601020009719357,3.283631578947369,0.119,10.0,-0.2239682942003384
2010-01-31,CN_CSI300,Chinese mainland,development,-0.1097054023112917,1.2286,0.0010181128949764418,-0.11072351520626814,0.05551409901099455,3.471935483870968,0.1180645161290322,9.9,1.9145871744709275
2010-01-31,HK_HangSeng,HKSAR,development,-0.0834168814493345,0.06,4.99862552685304e-05,-0.08346686770460303,0.034776223067353486,3.471935483870968,0.1180645161290322,9.9,1.9145871744709275
2010-01-31,US_SPY,U.S.,development,-0.0370191223036373,0.06,4.99862552685304e-05,-0.03706910855890583,0.019361890937060124,3.471935483870968,0.1180645161290322,9.9,1.9145871744709275
2010-02-28,CN_CSI300,Chinese mainland,development,0.0239024736291941,1.2659,0.0010488450458785437,0.022853628583315556,0.037038500854313185,3.623157894736843,0.11,9.9,2.8141231232083674
2010-02-28,HK_HangSeng,HKSAR,development,0.0239000202786723,0.08,6.66422347088691e-05,0.023833378043963432,0.03451445860453505,3.623157894736843,0.11,9.9,2.8141231232083674
2010-02-28,US_SPY,U.S.,development,0.0307179560669146,0.08,6.66422347088691e-05,0.03065131383220573,0.02342063358075591,3.623157894736843,0.11,9.9,2.8141231232083674
2010-03-31,CN_CSI300,Chinese mainland,development,0.0192965995217484,1.3244,0.0010970233711879995,0.0181995761505604,0.03469924368657178,3.564624060150376,0.1264285714285714,9.8,2.621111388976716
2010-03-31,HK_HangSeng,HKSAR,development,0.0301422960497426,0.13,0.00010826883828274347,0.030034027211459858,0.03949852593414354,3.564624060150376,0.1264285714285714,9.8,2.621111388976716
2010-03-31,US_SPY,U.S.,development,0.0590984307860891,0.13,0.00010826883828274347,0.058990161947806354,0.03546422559899175,3.564624060150376,0.1264285714285714,9.8,2.621111388976716
2010-04-30,CN_CSI300,Chinese mainland,development,-0.0868317818986419,1.2112,0.0010037731666132643,-0.08783555506525516,0.023080941975538113,3.5628751753155683,0.164516129032258,9.8,2.151336357866529
2010-04-30,HK_HangSeng,HKSAR,development,-0.0061755156391889,0.16,0.0001332356553898073,-0.006308751294578707,0.03718970616839989,3.5628751753155683,0.164516129032258,9.8,2.151336357866529
2010-04-30,US_SPY,U.S.,development,0.0153512845154768,0.16,0.0001332356553898073,0.015218048860086993,0.03372958362451699,3.5628751753155683,0.164516129032258,9.8,2.151336357866529
2010-05-31,CN_CSI300,Chinese mainland,development,-0.1007937332818897,1.3186,0.0010922478555535076,-0.10188598113744321,0.01207890236341626,3.648484848484848,0.1983333333333333,9.9,2.2861714393279886
2010-05-31,HK_HangSeng,HKSAR,development,-0.0657577772521342,0.16,0.0001332356553898073,-0.06589101290752401,0.02552118371870106,3.648484848484848,0.1983333333333333,9.9,2.2861714393279886
2010-05-31,US_SPY,U.S.,development,-0.0827885503919105,0.16,0.0001332356553898073,-0.08292178604730031,0.02711938387349579,3.648484848484848,0.1983333333333333,9.9,2.2861714393279886
2010-06-30,CN_CSI300,Chinese mainland,development,-0.0788177647546861,1.709,0.001413131591307959,-0.08023089634599406,-0.0005893221437153704,3.2193548387096778,0.2006451612903226,9.9,2.2067707525304403
2010-06-30,HK_HangSeng,HKSAR,development,0.0182387941807178,0.16,0.0001332356553898073,0.018105558525327994,0.006903848616949242,3.2193548387096778,0.2006451612903226,9.9,2.2067707525304403
2010-06-30,US_SPY,U.S.,development,-0.0531274156504757,0.16,0.0001332356553898073,-0.053260651305865506,0.015484880086357176,3.2193548387096778,0.2006451612903226,9.9,2.2067707525304403
2010-07-31,CN_CSI300,Chinese mainland,development,0.1127054938539524,2.0883,0.0017238123159051266,0.11098168153804727,-0.01867411565344763,3.027424242424242,0.1766666666666666,9.6,2.003548929218568
2010-07-31,HK_HangSeng,HKSAR,development,0.0437799047994733,0.18,0.00014987639212593606,0.043630028407347365,0.007475100605600883,3.027424242424242,0.1766666666666666,9.6,2.003548929218568
2010-07-31,US_SPY,U.S.,development,0.0660686061998978,0.18,0.00014987639212593606,0.06591872980777186,0.011110773324238038,3.027424242424242,0.1766666666666666,9.6,2.003548929218568
2010-08-31,CN_CSI300,Chinese mainland,development,0.0118988798287515,1.5064,0.001246748603428216,0.010652131225323285,-0.023116600514392974,2.828847926267281,0.1825806451612903,9.4,1.1215605940686268
2010-08-31,HK_HangSeng,HKSAR,development,-0.0237376657318453,0.15,0.00012491414476678564,-0.023862579876612087,0.0017239911576473223,2.828847926267281,0.1825806451612903,9.4,1.1215605940686268
2010-08-31,US_SPY,U.S.,development,-0.0460229664614404,0.15,0.00012491414476678564,-0.046147880606207184,0.01062104119246222,2.828847926267281,0.1825806451612903,9.4,1.1215605940686268
2010-09-30,CN_CSI300,Chinese mainland,development,0.0110915098248858,1.6862,0.0013944225245814401,0.00969708730030436,0.0009649050045935603,2.509281524926686,0.1893548387096774,9.4,1.3407784804821077
2010-09-30,HK_HangSeng,HKSAR,development,0.0849884836329497,0.14,0.00011659187244639213,0.0848718917605033,0.003260416457133694,2.509281524926686,0.1893548387096774,9.4,1.3407784804821077
2010-09-30,US_SPY,U.S.,development,0.0857689517464086,0.14,0.00011659187244639213,0.0856523598739622,0.0037650623081106915,2.509281524926686,0.1893548387096774,9.4,1.3407784804821077
2010-10-31,CN_CSI300,Chinese mainland,development,0.1409681500570414,1.8546,0.0015325164484816245,0.1394356336085598,-0.003125193740528108,2.452952380952381,0.1946666666666666,9.5,1.1501775395112546
2010-10-31,HK_HangSeng,HKSAR,development,0.0324815121406345,0.16,0.0001332356553898073,0.032348276485244694,0.005298197106832142,2.452952380952381,0.1946666666666666,9.5,1.1501775395112546
2010-10-31,US_SPY,U.S.,development,0.0374905165913066,0.16,0.0001332356553898073,0.037357280935916795,0.008009577143903142,2.452952380952381,0.1946666666666666,9.5,1.1501775395112546
2010-11-30,CN_CSI300,Chinese mainland,development,-0.0746060508732018,1.8794,0.001552835637953942,-0.07615888651115574,0.0012713994833443143,2.3487096774193548,0.1912903225806451,9.5,1.1183122472331777
2010-11-30,HK_HangSeng,HKSAR,development,-0.0038317539141825,0.12,9.994504212973432e-05,-0.003931698956312234,0.004890565160517008,2.3487096774193548,0.1912903225806451,9.5,1.1183122472331777
2010-11-30,US_SPY,U.S.,development,0.0,0.12,9.994504212973432e-05,-9.994504212973432e-05,0.012750101323176234,2.3487096774193548,0.1912903225806451,9.5,1.1183122472331777
2010-12-31,CN_CSI300,Chinese mainland,development,-0.0027868020110801,2.7546,0.002267018746788585,-0.005053820757868685,-0.010663339296450117,2.5686666666666667,0.1943333333333333,9.4,1.1666951489314623
2010-12-31,HK_HangSeng,HKSAR,development,0.0011927426776328,0.17,0.00014155640446089635,0.0010511862731719037,0.00430389009364788,2.5686666666666667,0.1943333333333333,9.4,1.1666951489314623
2010-12-31,US_SPY,U.S.,development,0.0647125878111278,0.17,0.00014155640446089635,0.06457103140666691,0.00776326674803203,2.5686666666666667,0.1943333333333333,9.4,1.1666951489314623
2011-01-31,CN_CSI300,Chinese mainland,development,-0.0166811017933135,3.0672,0.0025207565015956668,-0.019201858294909165,-0.01250574305148952,3.107683284457478,0.1832258064516129,9.8,1.084544776600338
2011-01-31,HK_HangSeng,HKSAR,development,0.0177227491871878,0.12,9.994504212973432e-05,0.017622804145058065,0.00420111966394904,3.107683284457478,0.1832258064516129,9.8,1.084544776600338
2011-01-31,US_SPY,U.S.,development,0.0230327203112468,0.12,9.994504212973432e-05,0.022932775269117064,0.011571629592000691,3.107683284457478,0.1832258064516129,9.8,1.084544776600338
2011-02-28,CN_CSI300,Chinese mainland,development,0.0516416804730504,3.297,0.0027068358901547462,0.048934844582895654,-0.004878938308876274,3.225612903225806,0.1683870967741935,9.3,1.437793022217937
2011-02-28,HK_HangSeng,HKSAR,development,-0.0046732786888483,0.15,0.00012491414476678564,-0.0047981928336150855,0.012625258984754133,3.225612903225806,0.1683870967741935,9.3,1.437793022217937
2011-02-28,US_SPY,U.S.,development,0.0341477431784813,0.15,0.00012491414476678564,0.034022829033714515,0.016571786577669265,3.225612903225806,0.1683870967741935,9.3,1.437793022217937
2011-03-31,CN_CSI300,Chinese mainland,development,-0.0050349410465084,2.6208,0.0021581968319257516,-0.007193137878434151,-0.002705503642244598,3.41953007518797,0.1567857142857142,9.1,1.7007834915029774
2011-03-31,HK_HangSeng,HKSAR,development,0.0080870096262763,0.15,0.00012491414476678564,0.007962095481509515,0.010239294744955923,3.41953007518797,0.1567857142857142,9.1,1.7007834915029774
2011-03-31,US_SPY,U.S.,development,0.0001201704614919,0.15,0.00012491414476678564,-4.743683274885637e-06,0.016852746177795,3.41953007518797,0.1567857142857142,9.1,1.7007834915029774
2011-04-30,CN_CSI300,Chinese mainland,development,-0.0095293590049809,2.6179,0.0021558367707310566,-0.011685195775711957,-0.004821563144660811,3.2756381486676016,0.1387096774193548,9.0,2.124898173333145
2011-04-30,HK_HangSeng,HKSAR,development,0.0081819651030734,0.09,7.496908027748717e-05,0.008106996022795913,0.008399967100793394,3.2756381486676016,0.1387096774193548,9.0,2.124898173333145
2011-04-30,US_SPY,U.S.,development,0.0285499187254805,0.09,7.496908027748717e-05,0.028474949645203012,0.011936504041871562,3.2756381486676016,0.1387096774193548,9.0,2.124898173333145
2011-05-31,CN_CSI300,Chinese mainland,development,-0.0617410645466609,2.5789,0.002124092075654893,-0.06386515662231579,0.0015243001294677888,3.357,0.098,9.0,2.619241510354109
2011-05-31,HK_HangSeng,HKSAR,development,-0.0015475051221187,0.04,3.3327223783574667e-05,-0.0015808323459022746,0.009601279377241279,3.357,0.098,9.0,2.619241510354109
2011-05-31,US_SPY,U.S.,development,-0.0112777064312608,0.04,3.3327223783574667e-05,-0.011311033655044374,0.013041245773964564,3.357,0.098,9.0,2.619241510354109
2011-06-30,CN_CSI300,Chinese mainland,development,0.014069852407454,2.9062,0.00239016086684396,0.01167969154061004,0.004692702172395074,3.0747004608294937,0.0938709677419354,9.1,3.0772344447868694
2011-06-30,HK_HangSeng,HKSAR,development,-0.0558291234822032,0.06,4.99862552685304e-05,-0.05587910973747173,0.014960461090709755,3.0747004608294937,0.0938709677419354,9.1,3.0772344447868694
2011-06-30,US_SPY,U.S.,development,-0.0170140000713967,0.06,4.99862552685304e-05,-0.01706398632666523,0.019008808473319223,3.0747004608294937,0.0938709677419354,9.1,3.0772344447868694
2011-07-31,CN_CSI300,Chinese mainland,development,-0.0239399615287787,3.3902,0.002782195979519564,-0.026722157508298264,0.012351917829612083,2.910272727272727,0.092,9.0,3.4589718808965
2011-07-31,HK_HangSeng,HKSAR,development,0.001880105017614,0.03,2.4996563158685703e-05,0.0018551084544553144,0.008795072068809778,2.910272727272727,0.092,9.0,3.4589718808965
2011-07-31,US_SPY,U.S.,development,-0.0202071436969157,0.03,2.4996563158685703e-05,-0.020232140260074385,0.022025197221585913,2.910272727272727,0.092,9.0,3.4589718808965
2011-08-31,CN_CSI300,Chinese mainland,development,-0.0430735134073998,3.2995,0.0027088581651510957,-0.0457823715725509,0.0008765979090832876,2.9320322580645164,0.0709677419354838,9.1,3.502318150636041
2011-08-31,HK_HangSeng,HKSAR,development,-0.0887327976549965,0.1,8.329516327321151e-05,-0.08881609281826972,0.005313828739402108,2.9320322580645164,0.0709677419354838,9.1,3.502318150636041
2011-08-31,US_SPY,U.S.,development,-0.0565447627956237,0.1,8.329516327321151e-05,-0.05662805795889691,0.014845958049265391,2.9320322580645164,0.0709677419354838,9.1,3.502318150636041
2011-09-30,CN_CSI300,Chinese mainland,development,-0.0978760130893441,3.6175,0.0029657264652305226,-0.10084173955457462,-0.0038262773240728943,2.207237026647966,0.0958064516129032,9.0,3.5798809769996165
2011-09-30,HK_HangSeng,HKSAR,development,-0.1546558558466522,0.02,1.6665139084048874e-05,-0.15467252098573625,-9.896400573602855e-05,2.207237026647966,0.0958064516129032,9.0,3.5798809769996165
2011-09-30,US_SPY,U.S.,development,-0.0719480910496823,0.02,1.6665139084048874e-05,-0.07196475618876635,0.01397260993654125,2.207237026647966,0.0958064516129032,9.0,3.5798809769996165
2011-10-31,CN_CSI300,Chinese mainland,development,0.0432007076781877,3.3724,0.002767807984882964,0.040432899693304734,-0.013037846228646142,1.891238095238095,0.084,9.0,3.75499603070808
2011-10-31,HK_HangSeng,HKSAR,development,0.1214852339001844,0.02,1.6665139084048874e-05,0.12146856876110035,-0.020060998401255994,1.891238095238095,0.084,9.0,3.75499603070808
2011-10-31,US_SPY,U.S.,development,0.1035914457155122,0.02,1.6665139084048874e-05,0.10357478057642815,0.0008378502646472034,1.891238095238095,0.084,9.0,3.75499603070808
2011-11-30,CN_CSI300,Chinese mainland,development,-0.066651331285259,3.1207,0.0025641117950134795,-0.06921544308027248,-0.021288074054917398,2.0813548387096774,0.0706451612903226,9.0,3.812621692818685
2011-11-30,HK_HangSeng,HKSAR,development,-0.0991729073994704,0.01,8.332951413336787e-06,-0.09918124035088374,-0.01263430737826802,2.0813548387096774,0.0706451612903226,9.0,3.812621692818685
2011-11-30,US_SPY,U.S.,development,-0.0040720166324863,0.01,8.332951413336787e-06,-0.004080349583899637,0.006355975234689816,2.0813548387096774,0.0706451612903226,9.0,3.812621692818685
2011-12-31,CN_CSI300,Chinese mainland,development,-0.0722609771397682,2.7057,0.002227262578080591,-0.07448823971784879,-0.02070945376901046,1.9325,0.081,8.8,3.5222681306640524
2011-12-31,HK_HangSeng,HKSAR,development,0.024438081398765,0.01,8.332951413336787e-06,0.024429748447351664,-0.02057176916114898,1.9325,0.081,8.8,3.5222681306640524
2011-12-31,US_SPY,U.S.,development,0.0103941819539672,0.01,8.332951413336787e-06,0.010385849002553862,0.006024274856208991,1.9325,0.081,8.8,3.5222681306640524
2012-01-31,CN_CSI300,Chinese mainland,development,0.0492906424349506,2.7403,0.0022553945043071177,0.04703524793064348,-0.0264956553490088,1.906482334869432,0.0716129032258064,8.6,3.451432214581729
2012-01-31,HK_HangSeng,HKSAR,development,0.1008506513696474,0.02,1.6665139084048874e-05,0.10083398623056335,-0.018623555646634,1.906482334869432,0.0716129032258064,8.6,3.451432214581729
2012-01-31,US_SPY,U.S.,development,0.045331620655757,0.02,1.6665139084048874e-05,0.04531495551667295,0.0015088429891995702,1.906482334869432,0.0716129032258064,8.6,3.451432214581729
2012-02-29,CN_CSI300,Chinese mainland,development,0.0666651934246029,2.9083,0.002391865493362566,0.06427332793124034,-0.02097589649687941,1.884564516129032,0.0819354838709677,8.5,3.062066838419386
2012-02-29,HK_HangSeng,HKSAR,development,0.0613252430251964,0.06,4.99862552685304e-05,0.06127525676992787,-0.011689290472841894,1.884564516129032,0.0819354838709677,8.5,3.062066838419386
2012-02-29,US_SPY,U.S.,development,0.0424894872430128,0.06,4.99862552685304e-05,0.042439500987744266,0.003374024676495894,1.884564516129032,0.0819354838709677,8.5,3.062066838419386
2012-03-31,CN_CSI300,Chinese mainland,development,-0.0704707257902983,2.9646,0.0024375538359850957,-0.07290827962628339,-0.019697689551184023,1.863706896551724,0.1037931034482758,8.3,3.0087663379855023
2012-03-31,HK_HangSeng,HKSAR,development,-0.0532614294738174,0.08,6.66422347088691e-05,-0.05332807170852627,-0.006183169672546646,1.863706896551724,0.1037931034482758,8.3,3.0087663379855023
2012-03-31,US_SPY,U.S.,development,0.0316574550874726,0.08,6.66422347088691e-05,0.03159081285276373,0.004075414005998374,1.863706896551724,0.1037931034482758,8.3,3.0087663379855023
2012-04-30,CN_CSI300,Chinese mainland,development,0.0674366759750295,2.7562,0.002268319269089103,0.0651683567059404,-0.025173951363504792,2.045953079178885,0.1267741935483871,8.3,2.898178442347388
2012-04-30,HK_HangSeng,HKSAR,development,0.0258661989546489,0.07,5.831462642125196e-05,0.02580788432822765,-0.01129068360504963,2.045953079178885,0.1267741935483871,8.3,2.898178442347388
2012-04-30,US_SPY,U.S.,development,-0.0066980632902708,0.07,5.831462642125196e-05,-0.006756377916692052,0.006708377050668258,2.045953079178885,0.1267741935483871,8.3,2.898178442347388
2012-05-31,CN_CSI300,Chinese mainland,development,0.0022365077216397,2.7637,0.00227441521994165,-3.790749830195027e-05,-0.018769488656700434,1.9135238095238096,0.1393333333333333,8.2,2.5828752813320977
2012-05-31,HK_HangSeng,HKSAR,development,-0.1242512454613393,0.1,8.329516327321151e-05,-0.12433454062461251,-0.009815609579596984,1.9135238095238096,0.1393333333333333,8.2,2.5828752813320977
2012-05-31,US_SPY,U.S.,development,-0.0619349681879599,0.1,8.329516327321151e-05,-0.06201826335123311,0.0037724330871770034,1.9135238095238096,0.1393333333333333,8.2,2.5828752813320977
2012-06-30,CN_CSI300,Chinese mainland,development,-0.0669436035000945,2.17,0.0017905934192179451,-0.06873419691931244,-0.013450551229699279,1.647375366568915,0.1558064516129032,8.2,2.2731633741348567
2012-06-30,HK_HangSeng,HKSAR,development,0.0426605530899895,0.07,5.831462642125196e-05,0.04260223846356825,-0.020045085269489504,1.647375366568915,0.1558064516129032,8.2,2.2731633741348567
2012-06-30,US_SPY,U.S.,development,0.0397796311795612,0.07,5.831462642125196e-05,0.03972131655313995,-0.00045316938750539156,1.647375366568915,0.1558064516129032,8.2,2.2731633741348567
2012-07-31,CN_CSI300,Chinese mainland,development,-0.0536949055774718,2.0991,0.0017326429823001366,-0.05542754855977194,-0.020151708601359484,1.460714285714286,0.1616666666666666,8.2,1.7379429374660749
2012-07-31,HK_HangSeng,HKSAR,development,0.0181128939194312,0.09,7.496908027748717e-05,0.018037924839153712,-0.011838306252736172,1.460714285714286,0.1616666666666666,8.2,1.7379429374660749
2012-07-31,US_SPY,U.S.,development,0.0117602910043101,0.09,7.496908027748717e-05,0.011685321924032613,0.004278939185811707,1.460714285714286,0.1616666666666666,8.2,1.7379429374660749
2012-08-31,CN_CSI300,Chinese mainland,development,-0.0564521515937288,2.1992,0.0018144494551106671,-0.05826660104883947,-0.022543824522315625,1.370215053763441,0.1564516129032258,8.2,1.653870448297634
2012-08-31,HK_HangSeng,HKSAR,development,-0.0160006054968366,0.11,9.162048384192545e-05,-0.016092225980678526,-0.01048973822067797,1.370215053763441,0.1564516129032258,8.2,1.653870448297634
2012-08-31,US_SPY,U.S.,development,0.0247436976867367,0.11,9.162048384192545e-05,0.024652077202894775,0.0069387277011539565,1.370215053763441,0.1564516129032258,8.2,1.653870448297634
2012-09-30,CN_CSI300,Chinese mainland,development,0.0392404245694271,2.5269,0.0020817486014037545,0.037158675968023344,-0.023584176978673006,1.5460028050490884,0.132258064516129,8.2,1.4175114798464783
2012-09-30,HK_HangSeng,HKSAR,development,0.0673722563828924,0.09,7.496908027748717e-05,0.06729728730261492,-0.004429415984212038,1.5460028050490884,0.132258064516129,8.2,1.4175114798464783
2012-09-30,US_SPY,U.S.,development,0.0250351517099831,0.09,7.496908027748717e-05,0.02496018262970561,0.01371207229796993,1.5460028050490884,0.132258064516129,8.2,1.4175114798464783
2012-10-31,CN_CSI300,Chinese mainland,development,-0.0168388276618705,2.7201,0.0022389717182424995,-0.019077799380113,-0.01208414235178984,1.5788245614035088,0.1443333333333333,8.1,1.6859349154821237
2012-10-31,HK_HangSeng,HKSAR,development,0.0377350762733854,0.1,8.329516327321151e-05,0.037651781110112185,0.014068068039817227,1.5788245614035088,0.1443333333333333,8.1,1.6859349154821237
2012-10-31,US_SPY,U.S.,development,-0.0183660042178424,0.1,8.329516327321151e-05,-0.01844929938111561,0.021789150532842597,1.5788245614035088,0.1443333333333333,8.1,1.6859349154821237
2012-11-30,CN_CSI300,Chinese mainland,development,-0.0524232092456786,2.7921,0.002297494858416904,-0.054720704104095505,-0.01704336727457465,1.5878033794162827,0.1583870967741935,7.8,1.9497168982819613
2012-11-30,HK_HangSeng,HKSAR,development,0.0177953237661174,0.11,9.162048384192545e-05,0.017703703282275475,0.007083335735568211,1.5878033794162827,0.1583870967741935,7.8,1.9497168982819613
2012-11-30,US_SPY,U.S.,development,0.0056436342509069,0.11,9.162048384192545e-05,0.005552013767064975,0.011620477203047283,1.5878033794162827,0.1583870967741935,7.8,1.9497168982819613
2012-12-31,CN_CSI300,Chinese mainland,development,0.1647819138786195,2.8617,0.0023540315199996886,0.16242788235861982,-0.015835472359893236,1.4933333333333332,0.1606666666666666,7.8,2.1556780595369363
2012-12-31,HK_HangSeng,HKSAR,development,0.028042428423765,0.08,6.66422347088691e-05,0.02797578618905613,0.016823747704998147,1.4933333333333332,0.1606666666666666,7.8,2.1556780595369363
2012-12-31,US_SPY,U.S.,development,0.0088947104877235,0.08,6.66422347088691e-05,0.008828068253014631,0.012423174148960998,1.4933333333333332,0.1606666666666666,7.8,2.1556780595369363
2013-01-31,CN_CSI300,Chinese mainland,development,0.062951817379381,2.7821,0.0022893688919558564,0.06066244848742515,0.0039075378131458146,1.554483870967742,0.164516129032258,7.7,1.7960197033926262
2013-01-31,HK_HangSeng,HKSAR,development,0.046254913884864,0.05,4.165712110459907e-05,0.046213256763759404,0.017119250850140186,1.554483870967742,0.164516129032258,7.7,1.7960197033926262
2013-01-31,US_SPY,U.S.,development,0.0499230833889248,0.05,4.165712110459907e-05,0.0498814262678202,0.012293359086499396,1.554483870967742,0.164516129032258,7.7,1.7960197033926262
2013-02-28,CN_CSI300,Chinese mainland,development,-0.0050557828378181,2.7132,0.0022333612763525412,-0.007289144114170641,0.005043137859544287,1.7721812596006146,0.1425806451612903,7.9,1.7595049796895523
2013-02-28,HK_HangSeng,HKSAR,development,-0.0303451226743476,0.07,5.831462642125196e-05,-0.030403437300768853,0.01256752339457319,1.7721812596006146,0.1425806451612903,7.9,1.7595049796895523
2013-02-28,US_SPY,U.S.,development,0.0126779306069089,0.07,5.831462642125196e-05,0.012619615980487648,0.012673898315761668,1.7721812596006146,0.1425806451612903,7.9,1.7595049796895523
2013-03-31,CN_CSI300,Chinese mainland,development,-0.0690040935090472,2.6874,0.0022123800408240246,-0.07121647354987122,-0.0009204014775732945,1.8392105263157896,0.145,8.0,1.684061762098299
2013-03-31,HK_HangSeng,HKSAR,development,-0.0318049868560201,0.11,9.162048384192545e-05,-0.03189660733986203,0.004927632222015129,1.8392105263157896,0.145,8.0,1.684061762098299
2013-03-31,US_SPY,U.S.,development,0.0372681028056041,0.11,9.162048384192545e-05,0.037176482321762176,0.010188907898490283,1.8392105263157896,0.145,8.0,1.684061762098299
2013-04-30,CN_CSI300,Chinese mainland,development,-0.0193313306434834,2.6658,0.0021948106386600053,-0.021526141282143404,-0.0007794176378722803,1.8139516129032256,0.1435483870967742,7.7,2.0181404902574807
2013-04-30,HK_HangSeng,HKSAR,development,0.0194238580637744,0.07,5.831462642125196e-05,0.01936554343735315,0.006713587586070484,1.8139516129032256,0.1435483870967742,7.7,2.0181404902574807
2013-04-30,US_SPY,U.S.,development,0.0190304860627046,0.07,5.831462642125196e-05,0.01897217143628335,0.010654380354240154,1.8139516129032256,0.1435483870967742,7.7,2.0181404902574807
2013-05-31,CN_CSI300,Chinese mainland,development,0.0629920067541034,2.6307,0.0021662531319892597,0.060825753622114134,-0.008003959136879265,1.6140909090909092,0.145,7.5,1.5187472411246183
2013-05-31,HK_HangSeng,HKSAR,development,-0.0152830784269948,0.05,4.165712110459907e-05,-0.015324735548099398,0.006176725845164274,1.6140909090909092,0.145,7.5,1.5187472411246183
2013-05-31,US_SPY,U.S.,development,0.0233354018403613,0.05,4.165712110459907e-05,0.0232937447192567,0.012798426133654771,1.6140909090909092,0.145,7.5,1.5187472411246183
2013-06-30,CN_CSI300,Chinese mainland,development,-0.1692332417789819,2.7771,0.002285305636952506,-0.17151854741593442,-0.0029319873768445907,1.819149560117302,0.1090322580645161,7.6,1.138808047576867
2013-06-30,HK_HangSeng,HKSAR,development,-0.0735998023634234,0.04,3.3327223783574667e-05,-0.07363312958720697,0.015260876268207033,1.819149560117302,0.1090322580645161,7.6,1.138808047576867
2013-06-30,US_SPY,U.S.,development,-0.0134346256265143,0.04,3.3327223783574667e-05,-0.013467952850297874,0.01990776013952892,1.819149560117302,0.1090322580645161,7.6,1.138808047576867
2013-07-31,CN_CSI300,Chinese mainland,development,-0.0034686378281278,4.0691,0.0033292727250313625,-0.0067979105531591625,-0.011497349918229755,2.2063333333333333,0.0936666666666666,7.5,1.3903888279197083
2013-07-31,HK_HangSeng,HKSAR,development,0.0506291445447555,0.04,3.3327223783574667e-05,0.050595817320971924,0.005574595597309099,2.2063333333333333,0.0936666666666666,7.5,1.3903888279197083
2013-07-31,US_SPY,U.S.,development,0.0503862142307172,0.04,3.3327223783574667e-05,0.050352887006933626,0.015475321022575768,2.2063333333333333,0.0936666666666666,7.5,1.3903888279197083
2013-08-31,CN_CSI300,Chinese mainland,development,0.053659145003321,3.4406,0.0028229227071832064,0.050836222296137795,-0.007444880084345357,2.489692082111437,0.0925806451612903,7.5,1.7157935271568725
2013-08-31,HK_HangSeng,HKSAR,development,-0.0069834475407741,0.04,3.3327223783574667e-05,-0.007016774764557675,0.008287753304127283,2.489692082111437,0.0925806451612903,7.5,1.7157935271568725
2013-08-31,US_SPY,U.S.,development,-0.0304514577556558,0.04,3.3327223783574667e-05,-0.030484784979439374,0.018697618112817522,2.489692082111437,0.0925806451612903,7.5,1.7157935271568725
2013-09-30,CN_CSI300,Chinese mainland,development,0.040289593570522,3.6066,0.0029569338276072,0.0373326597429148,0.0016470218610694146,2.654369501466276,0.0829032258064516,7.3,1.885471805415806
2013-09-30,HK_HangSeng,HKSAR,development,0.0506257075577956,0.03,2.4996563158685703e-05,0.050600710994636915,0.009044040905470688,2.654369501466276,0.0829032258064516,7.3,1.885471805415806
2013-09-30,US_SPY,U.S.,development,0.0311561293627606,0.03,2.4996563158685703e-05,0.031131132799601915,0.014102879597623007,2.654369501466276,0.0829032258064516,7.3,1.885471805415806
2013-10-31,CN_CSI300,Chinese mainland,development,-0.0147699830612015,3.5338,0.0028981869346937916,-0.01766816999589529,0.0016615205089770362,2.7295,0.08,7.2,1.538809488600279
2013-10-31,HK_HangSeng,HKSAR,development,0.0150442661458214,0.02,1.6665139084048874e-05,0.015027601006737352,0.007652659546472522,2.7295,0.08,7.2,1.538809488600279
2013-10-31,US_SPY,U.S.,development,0.0452663811550957,0.02,1.6665139084048874e-05,0.04524971601601165,0.014617125445114365,2.7295,0.08,7.2,1.538809488600279
2013-11-30,CN_CSI300,Chinese mainland,development,0.0271051738513428,3.8256,0.003133430835609907,0.023971743015732894,0.0017789896243285122,2.5288123167155425,0.0870967741935483,7.2,1.0947341081747997
2013-11-30,HK_HangSeng,HKSAR,development,0.0286684949904341,0.04,3.3327223783574667e-05,0.028635167766650524,0.0057673112045246175,2.5288123167155425,0.0870967741935483,7.2,1.0947341081747997
2013-11-30,US_SPY,U.S.,development,0.0292069468976334,0.04,3.3327223783574667e-05,0.029173619673849824,0.019925376728208304,2.5288123167155425,0.0870967741935483,7.2,1.0947341081747997
2013-12-31,CN_CSI300,Chinese mainland,development,-0.045682375653989,4.2787,0.0034975134565147226,-0.04917988911050372,0.008336693550980878,2.634087719298245,0.0843333333333333,7.2,0.8767991434911471
2013-12-31,HK_HangSeng,HKSAR,development,-0.024367669193186,0.06,4.99862552685304e-05,-0.02441765544845453,0.006678266578222539,2.634087719298245,0.0843333333333333,7.2,0.8767991434911471
2013-12-31,US_SPY,U.S.,development,0.0255962727230656,0.06,4.99862552685304e-05,0.02554628646779707,0.02189384388710704,2.634087719298245,0.0843333333333333,7.2,0.8767991434911471
2014-01-31,CN_CSI300,Chinese mainland,development,-0.0563107659362822,4.6113,0.003763848086027588,-0.06007461402230979,-0.009297287404779418,2.816743471582181,0.0851612903225806,6.9,1.2328701961954458
2014-01-31,HK_HangSeng,HKSAR,development,-0.0560764435637075,0.07,5.831462642125196e-05,-0.05613475819012875,0.0023121464417633166,2.816743471582181,0.0851612903225806,6.9,1.2328701961954458
2014-01-31,US_SPY,U.S.,development,-0.0358846217811628,0.07,5.831462642125196e-05,-0.03594293640758405,0.023287028738338916,2.816743471582181,0.0851612903225806,6.9,1.2328701961954458
2014-02-28,CN_CSI300,Chinese mainland,development,-0.0107180890105995,3.6419,0.0029854059939822264,-0.013703495004581727,-0.019358709280590664,2.786482334869431,0.0716129032258064,6.7,1.5128383667573295
2014-02-28,HK_HangSeng,HKSAR,development,0.0357291620039426,0.02,1.6665139084048874e-05,0.03571249686485855,-0.006216854804394029,2.786482334869431,0.0716129032258064,6.7,1.5128383667573295
2014-02-28,US_SPY,U.S.,development,0.0445101996578163,0.02,1.6665139084048874e-05,0.04449353451873225,0.01613499851538856,2.786482334869431,0.0716129032258064,6.7,1.5128383667573295
2014-03-31,CN_CSI300,Chinese mainland,development,-0.0151068586788376,3.1218,0.0025650029959163323,-0.01767186167475393,-0.019893238521458256,2.6430451127819548,0.0664285714285714,6.6,1.557758795574915
2014-03-31,HK_HangSeng,HKSAR,development,-0.0304949415912325,0.05,4.165712110459907e-05,-0.0305365987123371,-0.0007071936239250789,2.6430451127819548,0.0664285714285714,6.6,1.557758795574915
2014-03-31,US_SPY,U.S.,development,0.0082612800765575,0.05,4.165712110459907e-05,0.0082196229554529,0.01879115839357561,2.6430451127819548,0.0664285714285714,6.6,1.557758795574915
2014-04-30,CN_CSI300,Chinese mainland,development,0.0057422294109015,2.9172,0.002399089508977159,0.003343139901924341,-0.015431187531865146,2.645268817204301,0.0780645161290322,6.7,1.1204746347724948
2014-04-30,HK_HangSeng,HKSAR,development,-0.0007718113374188,0.05,4.165712110459907e-05,-0.0008134684585233991,-0.000593859571631335,2.645268817204301,0.0780645161290322,6.7,1.1204746347724948
2014-04-30,US_SPY,U.S.,development,0.0069274954284619,0.05,4.165712110459907e-05,0.006885838307357301,0.016378086779716503,2.645268817204301,0.0780645161290322,6.7,1.1204746347724948
2014-05-31,CN_CSI300,Chinese mainland,development,-0.0010196704567277,3.0979,0.002545637668337264,-0.003565308125064964,-0.013358747433192835,2.614904761904762,0.0903333333333333,6.7,1.6126949139408042
2014-05-31,HK_HangSeng,HKSAR,development,0.0419243822485366,0.03,2.4996563158685703e-05,0.04189938568537791,-0.002275443896287714,2.614904761904762,0.0903333333333333,6.7,1.6126949139408042
2014-05-31,US_SPY,U.S.,development,0.0229414425661911,0.03,2.4996563158685703e-05,0.022916446003032415,0.015370892352305996,2.614904761904762,0.0903333333333333,6.7,1.6126949139408042
2014-06-30,CN_CSI300,Chinese mainland,development,0.0040077988104965,2.919,0.0024005504762221186,0.001607248334274381,-0.018724669245457758,2.471950844854071,0.0870967741935483,6.2,2.015125303606169
2014-06-30,HK_HangSeng,HKSAR,development,0.0047142824940333,0.04,3.3327223783574667e-05,0.004680955270249725,0.0024932328731687285,2.471950844854071,0.0870967741935483,6.2,2.015125303606169
2014-06-30,US_SPY,U.S.,development,0.0204346878017149,0.04,3.3327223783574667e-05,0.020401360577931325,0.01533945079262064,2.471950844854071,0.0870967741935483,6.2,2.015125303606169
2014-07-31,CN_CSI300,Chinese mainland,development,0.0820459183063713,3.1555,0.0025923019287013016,0.07945361637767,-0.004297519599607024,2.502904761904762,0.0956666666666666,6.3,2.166947687079812
2014-07-31,HK_HangSeng,HKSAR,development,0.0653499736497327,0.04,3.3327223783574667e-05,0.06531664642594913,0.00901940661129012,2.502904761904762,0.0956666666666666,6.3,2.166947687079812
2014-07-31,US_SPY,U.S.,development,-0.013528749308052,0.04,3.3327223783574667e-05,-0.013562076531835575,0.018161893578306405,2.502904761904762,0.0956666666666666,6.3,2.166947687079812
2014-08-31,CN_CSI300,Chinese mainland,development,-0.0051018124796708,3.5832,0.00293805502544231,-0.00803986750511311,0.0028901076446287387,2.451304985337244,0.0909677419354838,6.1,2.0589816945944195
2014-08-31,HK_HangSeng,HKSAR,development,-0.000597551052877,0.03,2.4996563158685703e-05,-0.0006225476160356857,0.01024614237003822,2.451304985337244,0.0909677419354838,6.1,2.0589816945944195
2014-08-31,US_SPY,U.S.,development,0.038704666356172,0.03,2.4996563158685703e-05,0.038679669793013315,0.012835646616742307,2.451304985337244,0.0909677419354838,6.1,2.0589816945944195
2014-09-30,CN_CSI300,Chinese mainland,development,0.0470721315734401,3.5117,0.002880345564183706,0.04419178600925639,-0.00201623317214217,2.331935483870968,0.0880645161290322,6.2,1.9742378703305972
2014-09-30,HK_HangSeng,HKSAR,development,-0.0759285819512705,0.03,2.4996563158685703e-05,-0.07595357851442919,0.010778994632415053,2.331935483870968,0.0880645161290322,6.2,1.9742378703305972
2014-09-30,US_SPY,U.S.,development,-0.0138923976028415,0.03,2.4996563158685703e-05,-0.013917394166000185,0.018599351181113364,2.331935483870968,0.0880645161290322,6.2,1.9742378703305972
2014-10-31,CN_CSI300,Chinese mainland,development,0.0231211817677916,3.6612,0.0030009691706189834,0.020120212597172615,-0.0014446393166137044,2.445952380952381,0.0883333333333333,6.1,1.7150983482969062
2014-10-31,HK_HangSeng,HKSAR,development,0.0453969469199719,0.02,1.6665139084048874e-05,0.04538028178088785,0.00023280383999287868,2.445952380952381,0.0883333333333333,6.1,1.7150983482969062
2014-10-31,US_SPY,U.S.,development,0.0232782198378309,0.02,1.6665139084048874e-05,0.023261554698746852,0.014845307267313188,2.445952380952381,0.0883333333333333,6.1,1.7150983482969062
2014-11-30,CN_CSI300,Chinese mainland,development,0.1131512599871467,3.3819,0.002775487253350528,0.11037577273379617,0.0017043925661419544,2.215058651026393,0.0890322580645161,5.9,1.6840509711232077
2014-11-30,HK_HangSeng,HKSAR,development,-0.0004422721921581,0.01,8.332951413336787e-06,-0.0004506051435714368,0.0027621939045054202,2.215058651026393,0.0890322580645161,5.9,1.6840509711232077
2014-11-30,US_SPY,U.S.,development,0.0271009461284288,0.01,8.332951413336787e-06,0.027092613177015463,0.013012960490874456,2.215058651026393,0.0890322580645161,5.9,1.6840509711232077
2014-12-31,CN_CSI300,Chinese mainland,development,0.2295838442164868,3.1082,0.0025539838998176467,0.22702986031666916,0.008904728375980562,2.2335555555555557,0.092,5.7,1.6095417021513292
2014-12-31,HK_HangSeng,HKSAR,development,-0.016070535506607,0.02,1.6665139084048874e-05,-0.01608720064569105,0.000338379495320257,2.2335555555555557,0.092,5.7,1.6095417021513292
2014-12-31,US_SPY,U.S.,development,-0.002539773209425,0.02,1.6665139084048874e-05,-0.0025564383485090487,0.012839543282804925,2.2335555555555557,0.092,5.7,1.6095417021513292
2015-01-31,CN_CSI300,Chinese mainland,development,-0.0285089843344916,3.3322,0.002735305391743159,-0.031244289726234758,0.031922207494911634,2.084692082111437,0.1225806451612903,5.8,1.231524989320798
2015-01-31,HK_HangSeng,HKSAR,development,0.0375006543007891,0.04,3.3327223783574667e-05,0.03746732707700553,0.0010325840622172138,2.084692082111437,0.1225806451612903,5.8,1.231524989320798
2015-01-31,US_SPY,U.S.,development,-0.0300770346792296,0.04,3.3327223783574667e-05,-0.030110361903013173,0.01049764954811275,2.084692082111437,0.1225806451612903,5.8,1.231524989320798
2015-02-28,CN_CSI300,Chinese mainland,development,0.0395214715347105,3.1847,0.00261594899364348,0.03690552254106702,0.03432473451958455,1.766661290322581,0.1148387096774193,5.6,0.6531213919623191
2015-02-28,HK_HangSeng,HKSAR,development,0.012821424478826,0.02,1.6665139084048874e-05,0.01280475933974195,0.008832757834478405,1.766661290322581,0.1148387096774193,5.6,0.6531213919623191
2015-02-28,US_SPY,U.S.,development,0.0546818359522474,0.02,1.6665139084048874e-05,0.05466517081316335,0.010983697423493656,1.766661290322581,0.1148387096774193,5.6,0.6531213919623191
2015-03-31,CN_CSI300,Chinese mainland,development,0.1256523357857286,3.0991,0.0025466100841571304,0.12310572570157147,0.03854215264838862,1.864548872180451,0.1107142857142857,5.7,-0.2299309782054281
2015-03-31,HK_HangSeng,HKSAR,development,0.0031212832867169,0.02,1.6665139084048874e-05,0.0031046181476328512,0.006923779707385353,1.864548872180451,0.1107142857142857,5.7,-0.2299309782054281
2015-03-31,US_SPY,U.S.,development,-0.0158300416510224,0.02,1.6665139084048874e-05,-0.015846706790106448,0.011831333781362913,1.864548872180451,0.1107142857142857,5.7,-0.2299309782054281
2015-04-30,CN_CSI300,Chinese mainland,development,0.1591083263559998,3.2673,0.0026828078301164293,0.15642551852588338,0.0502736182630824,1.929824046920821,0.1129032258064516,5.5,-0.0870314629352053
2015-04-30,HK_HangSeng,HKSAR,development,0.1220396936190884,0.03,2.4996563158685703e-05,0.12201469705592971,0.009727214445716182,1.929824046920821,0.1129032258064516,5.5,-0.0870314629352053
2015-04-30,US_SPY,U.S.,development,0.009785387192239,0.03,2.4996563158685703e-05,0.009760390629080315,0.009825806302566303,1.929824046920821,0.1129032258064516,5.5,-0.0870314629352053
2015-05-31,CN_CSI300,Chinese mainland,development,0.0189647337458627,2.7044,0.0022262054288668676,0.01673852831699583,0.06303048314841232,1.8103333333333331,0.1246666666666666,5.4,-0.0220312844238734
2015-05-31,HK_HangSeng,HKSAR,development,-0.0255178138343055,0.01,8.332951413336787e-06,-0.025526146785718837,0.01996289490525394,1.8103333333333331,0.1246666666666666,5.4,-0.0220312844238734
2015-05-31,US_SPY,U.S.,development,0.0127746299295683,0.01,8.332951413336787e-06,0.012766296978154963,0.010065352329376552,1.8103333333333331,0.1246666666666666,5.4,-0.0220312844238734
2015-06-30,CN_CSI300,Chinese mainland,development,-0.0790268691788167,2.0038,0.0016546909514445485,-0.08068156013026125,0.06472246951858406,2.0742741935483875,0.1232258064516129,5.4,-0.1040309893939106
2015-06-30,HK_HangSeng,HKSAR,development,-0.0437583455796328,0.01,8.332951413336787e-06,-0.043766678531046134,0.014344100532662546,2.0742741935483875,0.1232258064516129,5.4,-0.1040309893939106
2015-06-30,US_SPY,U.S.,development,-0.0205215925170731,0.01,8.332951413336787e-06,-0.020529925468486438,0.009219506577303431,2.0742741935483875,0.1232258064516129,5.4,-0.1040309893939106
2015-07-31,CN_CSI300,Chinese mainland,development,-0.1586731495322553,1.9197,0.001585844652657098,-0.1602589941849124,0.057865068813206084,2.234636363636364,0.129,5.6,0.0350332182442958
2015-07-31,HK_HangSeng,HKSAR,development,-0.0634469804070452,0.01,8.332951413336787e-06,-0.06345531335845854,0.010306797715887892,2.234636363636364,0.129,5.6,0.0350332182442958
2015-07-31,US_SPY,U.S.,development,0.022338022746549,0.01,8.332951413336787e-06,0.022329689795135662,0.005808566073435284,2.234636363636364,0.129,5.6,0.0350332182442958
2015-08-31,CN_CSI300,Chinese mainland,development,-0.12550066420952,2.212,0.0018249049258194372,-0.12732556913533943,0.03788901793299088,2.1942228739002934,0.1303225806451612,5.3,0.1795718097550525
2015-08-31,HK_HangSeng,HKSAR,development,-0.1282645407931273,0.08,6.66422347088691e-05,-0.12833118302783617,-0.0004241989328127478,2.1942228739002934,0.1303225806451612,5.3,0.1795718097550525
2015-08-31,US_SPY,U.S.,development,-0.0628865366672632,0.08,6.66422347088691e-05,-0.06295317890197207,0.008799546600682889,2.1942228739002934,0.1303225806451612,5.3,0.1795718097550525
2015-09-30,CN_CSI300,Chinese mainland,development,-0.0498132505690396,2.2608,0.0018647554003354827,-0.05167800596937508,0.02794854279713869,2.029078341013825,0.1380645161290322,5.2,0.2256861110409458
2015-09-30,HK_HangSeng,HKSAR,development,-0.0387790719678946,0.08,6.66422347088691e-05,-0.03884571420260347,-0.011066585217129455,2.029078341013825,0.1380645161290322,5.2,0.2256861110409458
2015-09-30,US_SPY,U.S.,development,-0.0258470860056707,0.08,6.66422347088691e-05,-0.025913728240379567,0.0003301425427674395,2.029078341013825,0.1380645161290322,5.2,0.2256861110409458
2015-10-31,CN_CSI300,Chinese mainland,development,0.098380750739647,2.2139,0.001826456807449528,0.09655429393219747,0.019959393465586065,2.036857142857143,0.136,5.1,0.2413037985344868
2015-10-31,HK_HangSeng,HKSAR,development,0.0825434667685645,0.0,0.0,0.0825434667685645,-0.007974263191143978,2.036857142857143,0.136,5.1,0.2413037985344868
2015-10-31,US_SPY,U.S.,development,0.0816349861699734,0.0,0.0,0.0816349861699734,-0.0006695519634308424,2.036857142857143,0.136,5.1,0.2413037985344868
2015-11-30,CN_CSI300,Chinese mainland,development,0.009106476713951,2.3564,0.0019427726334591,0.0071637040804918995,0.026328900243504805,1.9464516129032257,0.1235483870967742,5.0,0.00884296163417
2015-11-30,HK_HangSeng,HKSAR,development,-0.0288402694165803,0.08,6.66422347088691e-05,-0.02890691165128917,-0.00487733110883759,1.9464516129032257,0.1235483870967742,5.0,0.00884296163417
2015-11-30,US_SPY,U.S.,development,0.0036484058630552,0.08,6.66422347088691e-05,0.003581763628346331,0.004194900659171371,1.9464516129032257,0.1235483870967742,5.0,0.00884296163417
2015-12-31,CN_CSI300,Chinese mainland,development,0.0451168066455274,2.5701,0.0021169276402994708,0.04299987900522793,0.017727894522396117,2.1454912280701754,0.1176666666666666,5.0,0.127616560670507
2015-12-31,HK_HangSeng,HKSAR,development,-0.0037357364792143,0.22,0.0001831487316386049,-0.003918885210852905,-0.007248689984480735,2.1454912280701754,0.1176666666666666,5.0,0.127616560670507
2015-12-31,US_SPY,U.S.,development,-0.017433959210483,0.22,0.0001831487316386049,-0.017617107942121606,0.002235663196782276,2.1454912280701754,0.1176666666666666,5.0,0.127616560670507
2016-01-31,CN_CSI300,Chinese mainland,development,-0.2361974267670543,2.2507,0.0018565090894973046,-0.2380539358565516,0.0023920627464426806,2.00208211143695,0.2406451612903225,5.1,0.4363182169185187
2016-01-31,HK_HangSeng,HKSAR,development,-0.1073830969720432,0.16,0.0001332356553898073,-0.107516332627433,-0.006234663698244223,2.00208211143695,0.2406451612903225,5.1,0.4363182169185187
2016-01-31,US_SPY,U.S.,development,-0.0510681579575589,0.16,0.0001332356553898073,-0.05120139361294871,0.0009806073973145629,2.00208211143695,0.2406451612903225,5.1,0.4363182169185187
2016-02-29,CN_CSI300,Chinese mainland,development,-0.0235674316291829,2.2276,0.001837645908100205,-0.025405077537283105,-0.014842074431083723,1.7423599320882852,0.3429032258064516,5.0,0.6387247515364791
2016-02-29,HK_HangSeng,HKSAR,development,-0.0294481447956833,0.33,0.0002745849373302356,-0.029722729733013535,-0.018316635340280767,1.7423599320882852,0.3429032258064516,5.0,0.6387247515364791
2016-02-29,US_SPY,U.S.,development,-0.0008264525850449,0.33,0.0002745849373302356,-0.0011010375223751356,-0.0007769785785133985,1.7423599320882852,0.3429032258064516,5.0,0.6387247515364791
2016-03-31,CN_CSI300,Chinese mainland,development,0.1118765800181096,2.1012,0.001734359956885978,0.11014222006122362,-0.0200346244376129,1.404327586206897,0.3751724137931034,4.8,1.2375025026943876
2016-03-31,HK_HangSeng,HKSAR,development,0.0835193978675992,0.33,0.0002745849373302356,0.08324481293026896,-0.02186059276301039,1.404327586206897,0.3751724137931034,4.8,1.2375025026943876
2016-03-31,US_SPY,U.S.,development,0.0651002388190846,0.33,0.0002745849373302356,0.06482565388175436,-0.0054241626064749394,1.404327586206897,0.3751724137931034,4.8,1.2375025026943876
2016-04-30,CN_CSI300,Chinese mainland,development,-0.0192449985242415,2.0187,0.0016668830264627843,-0.020911881550704284,-0.021114916574308557,1.52683284457478,0.362258064516129,4.9,0.8472775790126619
2016-04-30,HK_HangSeng,HKSAR,development,0.0138781166926467,0.21,0.00017483178814159395,0.013703284904505106,-0.015182243197790714,1.52683284457478,0.362258064516129,4.9,0.8472775790126619
2016-04-30,US_SPY,U.S.,development,0.0039337502307645,0.21,0.00017483178814159395,0.003758918442622906,0.0012985341161801279,1.52683284457478,0.362258064516129,4.9,0.8472775790126619
2016-05-31,CN_CSI300,Chinese mainland,development,0.0040497596569206,2.194,0.0018102015772509805,0.00223955807966962,-0.03589303324735753,1.4399047619047618,0.3653333333333333,5.0,0.8916160965521946
2016-05-31,HK_HangSeng,HKSAR,development,-0.0120320486696936,0.22,0.0001831487316386049,-0.012215197401332204,-0.02420819421040943,1.4399047619047618,0.3653333333333333,5.0,0.8916160965521946
2016-05-31,US_SPY,U.S.,development,0.0168679830446638,0.22,0.0001831487316386049,0.016684834313025195,0.0007984114339753438,1.4399047619047618,0.3653333333333333,5.0,0.8916160965521946
2016-06-30,CN_CSI300,Chinese mainland,development,-0.0049466533907729,2.1896,0.001806607064302801,-0.006753260455075701,-0.03710128076713471,1.4410291858678954,0.3651612903225806,5.1,1.1726257503534845
2016-06-30,HK_HangSeng,HKSAR,development,-0.0009959612714798,0.34,0.00028289276228066207,-0.0012788540337604621,-0.023098948428377206,1.4410291858678954,0.3651612903225806,5.1,1.1726257503534845
2016-06-30,US_SPY,U.S.,development,0.0034700676575258,0.34,0.00028289276228066207,0.003187174895245138,0.0011249562118811965,1.4410291858678954,0.3651612903225806,5.1,1.1726257503534845
2016-07-31,CN_CSI300,Chinese mainland,development,0.0157320576742616,2.1978,0.0018133058151774684,0.01391875185908413,-0.030940589127535913,1.266424242424243,0.3776666666666666,4.8,1.0784764621246223
2016-07-31,HK_HangSeng,HKSAR,development,0.0514102203110962,0.26,0.00021640890030050208,0.051193811410795695,-0.01955829638693674,1.266424242424243,0.3776666666666666,4.8,1.0784764621246223
2016-07-31,US_SPY,U.S.,development,0.0358218722291407,0.26,0.00021640890030050208,0.035605463328840195,0.0031013812421921607,1.266424242424243,0.3776666666666666,4.8,1.0784764621246223
2016-08-31,CN_CSI300,Chinese mainland,development,0.0379302387294124,2.1463,0.001771226219384081,0.036159012510028316,-0.016425776957202872,1.1123870967741936,0.3916129032258065,4.9,1.0792865347959424
2016-08-31,HK_HangSeng,HKSAR,development,0.0483960743941533,0.28,0.00023303442347044623,0.04816303997068285,-0.010004202656165551,1.1123870967741936,0.3916129032258065,4.9,1.0792865347959424
2016-08-31,US_SPY,U.S.,development,0.0011968314875581,0.28,0.00023303442347044623,0.0009637970640876538,0.004207695703334205,1.1123870967741936,0.3916129032258065,4.9,1.0792865347959424
2016-09-30,CN_CSI300,Chinese mainland,development,-0.0226447018265787,2.0054,0.001656000245790823,-0.024300702072369524,-0.002802061820088891,1.1597475455820478,0.3967741935483871,4.8,0.8683633430518256
2016-09-30,HK_HangSeng,HKSAR,development,0.013842521891016,0.33,0.0002745849373302356,0.013567936953685765,0.0047036492603777,1.1597475455820478,0.3967741935483871,4.8,0.8683633430518256
2016-09-30,US_SPY,U.S.,development,5.801177657094314e-05,0.33,0.0002745849373302356,-0.00021657316075929245,0.009534110367172515,1.1597475455820478,0.3967741935483871,4.8,0.8683633430518256
2016-10-31,CN_CSI300,Chinese mainland,development,0.0251926956481565,2.0482,0.0016910168842221296,0.02350167876393437,-0.0005206198286717617,1.2341428571428572,0.3963333333333333,4.9,1.0553158595656864
2016-10-31,HK_HangSeng,HKSAR,development,-0.0156870219718925,0.29,0.00024134604527370485,-0.015928368017166204,0.009071453523401803,1.2341428571428572,0.3963333333333333,4.9,1.0553158595656864
2016-10-31,US_SPY,U.S.,development,-0.017489155204978,0.29,0.00024134604527370485,-0.017730501250251704,0.011675539957140872,1.2341428571428572,0.3963333333333333,4.9,1.0553158595656864
2016-11-30,CN_CSI300,Chinese mainland,development,0.0587051819095414,2.0229,0.0016703194238492092,0.05703486248569219,-0.006608337759360354,1.368048387096774,0.3964516129032258,5.0,1.5486446201652182
2016-11-30,HK_HangSeng,HKSAR,development,-0.0063322997963108,0.34,0.00028289276228066207,-0.006615192558591462,0.0008654672912575776,1.368048387096774,0.3964516129032258,5.0,1.5486446201652182
2016-11-30,US_SPY,U.S.,development,0.0361762968584722,0.34,0.00028289276228066207,0.03589340409619154,0.003395082672122112,1.368048387096774,0.3964516129032258,5.0,1.5486446201652182
2016-12-31,CN_CSI300,Chinese mainland,development,-0.0665892374564016,2.2976,0.0018947950500747268,-0.06848403250647633,-0.0024524078922603296,1.7353333333333336,0.4066666666666666,4.9,1.685924966243646
2016-12-31,HK_HangSeng,HKSAR,development,-0.0352437980554185,0.48,0.0003991226892567923,-0.035642920744675295,0.0027231105489823864,1.7353333333333336,0.4066666666666666,4.9,1.685924966243646
2016-12-31,US_SPY,U.S.,development,0.0200687108347956,0.48,0.0003991226892567923,0.01966958814553881,0.006087719377775879,1.7353333333333336,0.4066666666666666,4.9,1.685924966243646
2017-01-31,CN_CSI300,Chinese mainland,development,0.0232556120634779,2.6474,0.0021798414380695963,0.021075770625408302,-0.011742733851569017,1.9519047619047616,0.54,4.7,1.6843334719788938
2017-01-31,HK_HangSeng,HKSAR,development,0.0599905852778821,0.51,0.0004240097874610438,0.059566575490421055,7.944092116385418e-05,1.9519047619047616,0.54,4.7,1.6843334719788938
2017-01-31,US_SPY,U.S.,development,0.0177365098750277,0.51,0.0004240097874610438,0.017312500087566657,0.00919494405174758,1.9519047619047616,0.54,4.7,1.6843334719788938
2017-02-28,CN_CSI300,Chinese mainland,development,0.0189604219330004,2.4821,0.002045252280486576,0.016915169652513825,0.009851408355260974,1.7828225806451614,0.6496774193548387,4.7,2.0507989115119862
2017-02-28,HK_HangSeng,HKSAR,development,0.016133640527677,0.52,0.00043230397371596396,0.015701336553961037,0.014003016597651692,1.7828225806451614,0.6496774193548387,4.7,2.0507989115119862
2017-02-28,US_SPY,U.S.,development,0.0385393467009489,0.52,0.00043230397371596396,0.038107042727232934,0.014904435193457195,1.7828225806451614,0.6496774193548387,4.7,2.0507989115119862
2017-03-31,CN_CSI300,Chinese mainland,development,0.0009379261520763,2.5965,0.0021384192563196347,-0.0012004931042433348,0.013378095621077385,1.7621616541353382,0.6567857142857143,4.7,2.510393348257112
2017-03-31,HK_HangSeng,HKSAR,development,0.0155004730351748,0.53,0.00044059740363810995,0.01505987563153669,0.01778835545489957,1.7621616541353382,0.6567857142857143,4.7,2.510393348257112
2017-03-31,US_SPY,U.S.,development,0.0012492115425422,0.53,0.00044059740363810995,0.0008086141389040901,0.018171775214257866,1.7621616541353382,0.6567857142857143,4.7,2.510393348257112
2017-04-30,CN_CSI300,Chinese mainland,development,-0.0047275241039574,2.8815,0.0023701088185041908,-0.007097632922461591,0.004099536190621806,1.6956100981767182,0.7861290322580645,4.6,2.8103616813294208
2017-04-30,HK_HangSeng,HKSAR,development,0.0206686981633446,0.76,0.0006311378751067132,0.020037560288237888,0.012106277346671884,1.6956100981767182,0.7861290322580645,4.6,2.8103616813294208
2017-04-30,US_SPY,U.S.,development,0.0098773687402227,0.76,0.0006311378751067132,0.009246230865115987,0.012837021902353677,1.6956100981767182,0.7861290322580645,4.6,2.8103616813294208
2017-05-31,CN_CSI300,Chinese mainland,development,0.015327816485648,2.9392,0.0024169441691950233,0.012910872316452977,0.0052507235763086975,1.4013684210526316,0.896,4.4,2.44119623655914
2017-05-31,HK_HangSeng,HKSAR,development,0.041597375903045,0.8,0.0006642346436225299,0.04093314125942247,0.012634133628649616,1.4013684210526316,0.896,4.4,2.44119623655914
2017-05-31,US_SPY,U.S.,development,0.0140140461145596,0.8,0.0006642346436225299,0.01334981147093707,0.013294297937561435,1.4013684210526316,0.896,4.4,2.44119623655914
2017-06-30,CN_CSI300,Chinese mainland,development,0.0485927362940472,3.2054,0.0026327087798259097,0.04596002751422129,0.006139999762707311,1.396217008797654,0.9074193548387096,4.4,2.176223471915395
2017-06-30,HK_HangSeng,HKSAR,development,0.0040419781515552,0.98,0.0008130212763268752,0.0032289568752283246,0.017063161850379174,1.396217008797654,0.9074193548387096,4.4,2.176223471915395
2017-06-30,US_SPY,U.S.,development,0.0063547814664204,0.98,0.0008130212763268752,0.005541760190093525,0.013016379367387422,1.396217008797654,0.9074193548387096,4.4,2.176223471915395
2017-07-31,CN_CSI300,Chinese mainland,development,0.0191965833669929,3.1397,0.002579504040611802,0.0166170793263811,0.010532773760148726,1.146818181818182,1.04,4.4,1.856343166761976
2017-07-31,HK_HangSeng,HKSAR,development,0.0587643959727266,1.03,0.0008543077507923158,0.05791008822193428,0.01743881275946157,1.146818181818182,1.04,4.4,1.856343166761976
2017-07-31,US_SPY,U.S.,development,0.0203458948306103,1.03,0.0008543077507923158,0.019491587079817983,0.013212594808624788,1.146818181818182,1.04,4.4,1.856343166761976
2017-08-31,CN_CSI300,Chinese mainland,development,0.0222814629490475,2.9485,0.0024244907691770567,0.019856972179870442,0.010757634382423472,1.1673548387096775,1.1506451612903223,4.3,1.640565809959127
2017-08-31,HK_HangSeng,HKSAR,development,0.0233781813968434,1.07,0.0008873234469353175,0.022490857949908082,0.01799850249372312,1.1673548387096775,1.1506451612903223,4.3,1.640565809959127
2017-08-31,US_SPY,U.S.,development,0.0029133400071188,1.07,0.0008873234469353175,0.0020260165601834823,0.01186977178787294,1.1673548387096775,1.1506451612903223,4.3,1.640565809959127
2017-09-30,CN_CSI300,Chinese mainland,development,0.0037630992140584,3.0032,0.0024688651172757314,0.0012942340967826687,0.009399131021576983,1.0520336605890603,1.1570967741935485,4.3,1.7251073506566073
2017-09-30,HK_HangSeng,HKSAR,development,-0.014984629237734,1.01,0.0008377954090970086,-0.015822424646831007,0.01585915399199189,1.0520336605890603,1.1570967741935485,4.3,1.7251073506566073
2017-09-30,US_SPY,U.S.,development,0.0199489465812288,1.01,0.0008377954090970086,0.01911115117213179,0.011958290079214258,1.0520336605890603,1.1570967741935485,4.3,1.7251073506566073
2017-10-31,CN_CSI300,Chinese mainland,development,0.0434124588628623,3.161,0.0025967564681361743,0.04081570239472613,0.011532042369006333,1.0486666666666669,1.153333333333333,4.4,1.92812155729698
2017-10-31,HK_HangSeng,HKSAR,development,0.024776904203783,1.06,0.0008790706459502751,0.023897833557832725,0.013409957191948825,1.0486666666666669,1.153333333333333,4.4,1.92812155729698
2017-10-31,US_SPY,U.S.,development,0.0232909898506141,1.06,0.0008790706459502751,0.022411919204663826,0.01356893377362185,1.0486666666666669,1.153333333333333,4.4,1.92812155729698
2017-11-30,CN_CSI300,Chinese mainland,development,-0.0001547520102125,3.4831,0.002857251547796258,-0.0030120035580087578,0.012974877671572313,1.206129032258065,1.1538709677419354,4.3,2.1805652303711787
2017-11-30,HK_HangSeng,HKSAR,development,0.0324571741241275,1.15,0.0009533189220309879,0.03150385520209651,0.016728807323198733,1.206129032258065,1.1538709677419354,4.3,2.1805652303711787
2017-11-30,US_SPY,U.S.,development,0.0301080506757536,1.15,0.0009533189220309879,0.029154731753722612,0.01691413547819814,1.206129032258065,1.1538709677419354,4.3,2.1805652303711787
2017-12-31,CN_CSI300,Chinese mainland,development,0.0061590723444044,3.8997,0.0031930724232234198,0.00296599992118098,0.007970972167930567,1.1963333333333337,1.157,4.2,2.020757753132485
2017-12-31,HK_HangSeng,HKSAR,development,0.0251060467122847,1.27,0.0010522224777222977,0.024053824234562402,0.0199053946365894,1.1963333333333337,1.157,4.2,2.020757753132485
2017-12-31,US_SPY,U.S.,development,0.0120550241634784,1.27,0.0010522224777222977,0.011002801685756102,0.016352579449659066,1.1963333333333337,1.157,4.2,2.020757753132485
2018-01-31,CN_CSI300,Chinese mainland,development,0.059017334714321,3.8294,0.0031364903275963307,0.05588084438672467,0.013925141536902011,1.1008870967741933,1.3016129032258066,4.2,2.172493864295566
2018-01-31,HK_HangSeng,HKSAR,development,0.0945868818823019,1.39,0.0011510186621450647,0.09343586322015683,0.024880123384859208,1.1008870967741933,1.3016129032258066,4.2,2.172493864295566
2018-01-31,US_SPY,U.S.,development,0.0548280179650344,1.39,0.0011510186621450647,0.053676999302889335,0.015630347244677174,1.1008870967741933,1.3016129032258066,4.2,2.172493864295566
2018-02-28,CN_CSI300,Chinese mainland,development,-0.0608076409722695,3.3266,0.0027307767475630573,-0.06353841771983255,0.016825564350345042,1.1692933947772657,1.414516129032258,4.1,2.129930719552253
2018-02-28,HK_HangSeng,HKSAR,development,-0.064120030780403,1.46,0.0012086002819180486,-0.06532863106232105,0.027702564029003854,1.1692933947772657,1.414516129032258,4.1,2.129930719552253
2018-02-28,US_SPY,U.S.,development,-0.0370377491300955,1.46,0.0012086002819180486,-0.03824634941201355,0.0186607221792874,1.1692933947772657,1.414516129032258,4.1,2.129930719552253
2018-03-31,CN_CSI300,Chinese mainland,development,-0.0315951018071718,3.2024,0.0026302800162461004,-0.0342253818234179,0.010121098735982841,1.4414473684210525,1.4175,4.0,2.151318868063945
2018-03-31,HK_HangSeng,HKSAR,development,-0.0246603652017132,1.65,0.001364709877352599,-0.026025075079065797,0.020950066727647015,1.4414473684210525,1.4175,4.0,2.151318868063945
2018-03-31,US_SPY,U.S.,development,-0.027793230386143,1.65,0.001364709877352599,-0.0291579402634956,0.012297939501016856,1.4414473684210525,1.4175,4.0,2.151318868063945
2018-04-30,CN_CSI300,Chinese mainland,development,-0.0370030380637516,2.9613,0.0024348764655406363,-0.03943791452929224,0.007369024676051627,1.3362519201228875,1.5061290322580645,4.1,2.263468931091861
2018-04-30,HK_HangSeng,HKSAR,development,0.0234837350752918,1.73,0.0014303602255574255,0.022053374849734374,0.017526320835096806,1.3362519201228875,1.5061290322580645,4.1,2.263468931091861
2018-04-30,US_SPY,U.S.,development,0.005154907137248,1.73,0.0014303602255574255,0.003724546911690574,0.009800726634150214,1.3362519201228875,1.5061290322580645,4.1,2.263468931091861
2018-05-31,CN_CSI300,Chinese mainland,development,0.0120383607641709,2.6691,0.0021974950721592723,0.009840865692011628,0.00467400120881574,1.1767142857142858,1.6923333333333332,4.0,2.3309497646499366
2018-05-31,HK_HangSeng,HKSAR,development,-0.0110936274132473,1.87,0.001545134543319504,-0.012638761956566803,0.01769430538188818,1.1767142857142858,1.6923333333333332,4.0,2.3309497646499366
2018-05-31,US_SPY,U.S.,development,0.0240184392192901,1.87,0.001545134543319504,0.022473304675970595,0.009340586304698096,1.1767142857142858,1.6923333333333332,4.0,2.3309497646499366
2018-06-30,CN_CSI300,Chinese mainland,development,-0.079731985680663,2.89,0.0023770098189335176,-0.08210899549959652,0.004418167323445628,1.277727272727273,1.7,4.0,2.4709963021052994
2018-06-30,HK_HangSeng,HKSAR,development,-0.0509486721462248,1.93,0.0015942792801031391,-0.052542951426327936,0.013229980113889074,1.277727272727273,1.7,4.0,2.4709963021052994
2018-06-30,US_SPY,U.S.,development,0.005734293325128,1.93,0.0015942792801031391,0.004140014045024861,0.010100877405117557,1.277727272727273,1.7,4.0,2.4709963021052994
2018-07-31,CN_CSI300,Chinese mainland,validation,0.0019007950360947,3.0122,0.0024761641287713854,-0.0005753690926766854,-0.00625425126103919,1.092714285714286,1.8196666666666663,3.8,2.781921607842497
2018-07-31,HK_HangSeng,HKSAR,validation,-0.0129342009230413,1.93,0.0015942792801031391,-0.014528480203144439,0.008582321088759387,1.092714285714286,1.8196666666666663,3.8,2.781921607842497
2018-07-31,US_SPY,U.S.,validation,0.0363765767926675,1.93,0.0015942792801031391,0.03478229751256436,0.009984065226361836,1.092714285714286,1.8196666666666663,3.8,2.781921607842497
2018-08-31,CN_CSI300,Chinese mainland,validation,-0.0534732527331449,2.3032,0.0018993654327015275,-0.055372618165846425,-0.007686955295960672,0.9790476190476192,1.91,4.0,2.8075506935940187
2018-08-31,HK_HangSeng,HKSAR,validation,-0.0245962388202034,2.03,0.0016761282769228725,-0.026272367097126274,0.0025457737200028268,0.9790476190476192,1.91,4.0,2.8075506935940187
2018-08-31,US_SPY,U.S.,validation,0.0314209814309096,2.03,0.0016761282769228725,0.029744853153986728,0.01125829109575737,0.9790476190476192,1.91,4.0,2.8075506935940187
2018-09-30,CN_CSI300,Chinese mainland,validation,0.030817278022674,2.1205,0.0017501382552294054,0.029067139767444596,-0.01395608782477041,0.9742917251051896,1.9148387096774195,3.8,2.854124785561929
2018-09-30,HK_HangSeng,HKSAR,validation,-0.0035932694399569,2.11,0.0017415545459757986,-0.005334823985932699,-0.0015178283672500363,0.9742917251051896,1.9148387096774195,3.8,2.854124785561929
2018-09-30,US_SPY,U.S.,validation,0.00592790397185,2.11,0.0017415545459757986,0.004186349425874201,0.013568194145240972,0.9742917251051896,1.9148387096774195,3.8,2.854124785561929
2018-10-31,CN_CSI300,Chinese mainland,validation,-0.0865256045874378,2.2235,0.0018342974892651132,-0.08835990207670291,-0.011641679018881919,1.0495438596491224,1.9546666666666668,3.8,2.642923856874257
2018-10-31,HK_HangSeng,HKSAR,validation,-0.1065598961009453,2.19,0.0018069338440696026,-0.1083668299450149,-0.0006438616455085106,1.0495438596491224,1.9546666666666668,3.8,2.642923856874257
2018-10-31,US_SPY,U.S.,validation,-0.0716079263743738,2.19,0.0018069338440696026,-0.0734148602184434,0.01232446066638617,1.0495438596491224,1.9546666666666668,3.8,2.642923856874257
2018-11-30,CN_CSI300,Chinese mainland,validation,0.0059653919645423,2.3212,0.0019140543951980948,0.004051337569344205,-0.02240631272483434,0.9645307917888556,2.187741935483871,3.7,2.332055105808828
2018-11-30,HK_HangSeng,HKSAR,validation,0.059336344738746,2.34,0.0019293936717392768,0.057406951067006724,-0.01166591693741248,0.9645307917888556,2.187741935483871,3.7,2.332055105808828
2018-11-30,US_SPY,U.S.,validation,0.0183792634395247,2.34,0.0019293936717392768,0.016449869767785424,0.00433889571446057,0.9645307917888556,2.187741935483871,3.7,2.332055105808828
2018-12-31,CN_CSI300,Chinese mainland,validation,-0.0524238061985276,2.3685,0.001952642437014207,-0.05437644863554181,-0.02181770096422159,0.9193333333333328,2.197666666666667,3.8,2.492032470218053
2018-12-31,HK_HangSeng,HKSAR,validation,-0.0252552049422227,2.37,0.0019538658918776264,-0.027209070834100325,-0.009507325615336628,0.9193333333333328,2.197666666666667,3.8,2.492032470218053
2018-12-31,US_SPY,U.S.,validation,-0.0921682934094301,2.37,0.0019538658918776264,-0.09412215930130773,0.003280157215632471,0.9193333333333328,2.197666666666667,3.8,2.492032470218053
2019-01-31,CN_CSI300,Chinese mainland,validation,0.0615040528267982,2.6153,0.0021537208018194143,0.05935033202497879,-0.02659623834394849,0.5584380305602714,2.274193548387097,3.8,2.147328577667773
2019-01-31,HK_HangSeng,HKSAR,validation,0.0780035662107856,2.45,0.0020190930200914003,0.0759844731906942,-0.013779233537725187,0.5584380305602714,2.274193548387097,3.8,2.147328577667773
2019-01-31,US_SPY,U.S.,validation,0.0770219431921024,2.45,0.0020190930200914003,0.075002850172011,-0.005480256199956182,0.5584380305602714,2.274193548387097,3.8,2.147328577667773
2019-02-28,CN_CSI300,Chinese mainland,validation,0.1363599300872362,2.2051,0.0018192689227629621,0.13454066116447325,-0.026307114374093974,0.3138095238095242,2.4,3.9,2.0023809043401064
2019-02-28,HK_HangSeng,HKSAR,validation,0.0244183955228134,2.41,0.0019864852944315725,0.022431910228381827,-0.015233516040180408,0.3138095238095242,2.4,3.9,2.0023809043401064
2019-02-28,US_SPY,U.S.,validation,0.0319014529408328,2.41,0.0019864852944315725,0.029914967646401225,-0.003703101960862708,0.3138095238095242,2.4,3.9,2.0023809043401064
2019-03-31,CN_CSI300,Chinese mainland,validation,0.053838990271112,2.1346,0.0017616636779531625,0.052077326593158835,-0.009800524467068495,0.2763157894736845,2.4,4.0,1.4875893578291333
2019-03-31,HK_HangSeng,HKSAR,validation,0.0144991021934171,2.45,0.0020190930200914003,0.0124800091733257,-0.007920137599288501,0.2763157894736845,2.4,4.0,1.4875893578291333
2019-03-31,US_SPY,U.S.,validation,0.017938817358619,2.45,0.0020190930200914003,0.015919724338527598,0.001977007794005189,0.2763157894736845,2.4,4.0,1.4875893578291333
2019-04-30,CN_CSI300,Chinese mainland,validation,0.0104990335745878,2.1427,0.0017682840058868,0.008730749568701,-0.002608632099020435,0.1657910906298001,2.4051612903225807,3.8,1.5188615351321877
2019-04-30,HK_HangSeng,HKSAR,validation,0.0220517814620482,2.4,0.001978331538843303,0.020073449923204898,-0.0047113805782558775,0.1657910906298001,2.4051612903225807,3.8,1.5188615351321877
2019-04-30,US_SPY,U.S.,validation,0.040039878287688,2.4,0.001978331538843303,0.038061546748844696,0.005733479844173789,0.1657910906298001,2.4051612903225807,3.8,1.5188615351321877
2019-05-31,CN_CSI300,Chinese mainland,validation,-0.0751832136875663,2.2545,0.0018596117495031095,-0.0770428254370694,0.0014054232424790015,0.1087142857142851,2.423666666666667,3.8,1.8831863513063984
2019-05-31,HK_HangSeng,HKSAR,validation,-0.0989502575606433,2.43,0.0020027906163269105,-0.1009530481769702,-0.004876374322133333,0.1087142857142851,2.423666666666667,3.8,1.8831863513063984
2019-05-31,US_SPY,U.S.,validation,-0.0658955709437609,2.43,0.0020027906163269105,-0.06789836156008781,0.008594896497269966,0.1087142857142851,2.423666666666667,3.8,1.8831863513063984
2019-06-30,CN_CSI300,Chinese mainland,validation,0.0525379083858137,2.3996,0.001978005373437952,0.05055990301237575,-0.005834884351611085,0.004032258064516,2.390967741935484,3.7,2.000583470209061
2019-06-30,HK_HangSeng,HKSAR,validation,0.0592315782831907,2.35,0.001937551809032545,0.057294026474158155,-0.012235898173833616,0.004032258064516,2.390967741935484,3.7,2.000583470209061
2019-06-30,US_SPY,U.S.,validation,0.06727227692111,2.35,0.001937551809032545,0.06533472511207745,0.0010639243109317649,0.004032258064516,2.390967741935484,3.7,2.000583470209061
2019-07-31,CN_CSI300,Chinese mainland,validation,0.0025505988935066,2.187,0.001804482967237897,0.0007461159262687031,0.00522085719105327,-0.303666666666667,2.377666666666667,3.6,1.7959105553606136
2019-07-31,HK_HangSeng,HKSAR,validation,-0.0271630381823069,2.12,0.0017497295255153311,-0.02891276770782223,-0.003082816682126442,-0.303666666666667,2.377666666666667,3.6,1.7959105553606136
2019-07-31,US_SPY,U.S.,validation,0.015006342828383,2.12,0.0017497295255153311,0.013256613302867669,0.006163483566519481,-0.303666666666667,2.377666666666667,3.6,1.7959105553606136
2019-08-31,CN_CSI300,Chinese mainland,validation,-0.0093701364685205,2.31,0.0019049148747345424,-0.011275051343255042,0.005330980942632054,-0.3438123167155424,2.4029032258064515,3.6,1.671194894390049
2019-08-31,HK_HangSeng,HKSAR,validation,-0.0767825362655507,2.08,0.001717025203279432,-0.07849956146883014,-0.0042815073075162585,-0.3438123167155424,2.4029032258064515,3.6,1.671194894390049
2019-08-31,US_SPY,U.S.,validation,-0.0168855578662929,2.08,0.001717025203279432,-0.018602583069572333,0.004369676549044756,-0.3438123167155424,2.4029032258064515,3.6,1.671194894390049
2019-09-30,CN_CSI300,Chinese mainland,validation,0.0039242930694793,2.448,0.00201746291099969,0.0019068301584796096,0.009005778177848001,-0.4994428152492669,2.1258064516129034,3.7,1.826331335037068
2019-09-30,HK_HangSeng,HKSAR,validation,0.0141862796546288,1.99,0.0016433975062259965,0.012542882148402804,-0.008633773505158248,-0.4994428152492669,2.1258064516129034,3.7,1.826331335037068
2019-09-30,US_SPY,U.S.,validation,0.0192714171924901,1.99,0.0016433975062259965,0.017628019686264103,0.0003407235304148341,-0.4994428152492669,2.1258064516129034,3.7,1.826331335037068
2019-10-31,CN_CSI300,Chinese mainland,validation,0.0187558736037924,2.2846,0.0018841843490267074,0.016871689254765693,0.006742419043767586,-0.3435000000000001,2.043,3.6,1.7376412106666406
2019-10-31,HK_HangSeng,HKSAR,validation,0.0307370117531764,1.88,0.001553327175071395,0.029183684578105006,-0.007143964660630288,-0.3435000000000001,2.043,3.6,1.7376412106666406
2019-10-31,US_SPY,U.S.,validation,0.0218635791965446,1.88,0.001553327175071395,0.020310252021473206,0.0014608627187806592,-0.3435000000000001,2.043,3.6,1.7376412106666406
2019-11-30,CN_CSI300,Chinese mainland,validation,-0.0150558484489895,2.4819,0.0020450893176946483,-0.01710093776668415,0.01551171832138997,-0.1228592375366568,1.8296774193548384,3.5,1.6844977040391562
2019-11-30,HK_HangSeng,HKSAR,validation,-0.0210410274884758,1.54,0.0012743632726075482,-0.022315390761083347,0.004318578216296371,-0.1228592375366568,1.8296774193548384,3.5,1.6844977040391562
2019-11-30,US_SPY,U.S.,validation,0.0355587227482185,1.54,0.0012743632726075482,0.034284359475610954,0.00927128873877371,-0.1228592375366568,1.8296774193548384,3.5,1.6844977040391562
2019-12-31,CN_CSI300,Chinese mainland,validation,0.0676349948764265,2.4335,0.0020056437476074773,0.06562935112881903,0.013749028710054274,0.2587719298245612,1.5533333333333337,3.6,1.7339736996186297
2019-12-31,HK_HangSeng,HKSAR,validation,0.0676233685143437,1.59,0.0013154410275031392,0.06630792748684056,-0.0023249502693778023,0.2587719298245612,1.5533333333333337,3.6,1.7339736996186297
2019-12-31,US_SPY,U.S.,validation,0.0286413812720773,1.59,0.0013154410275031392,0.02732594024457416,0.010757496214425837,0.2587719298245612,1.5533333333333337,3.6,1.7339736996186297
2020-01-31,CN_CSI300,Chinese mainland,validation,-0.0228835931590332,2.0074,0.001657636837250731,-0.02454122999628393,0.023749512023751012,0.3118894009216588,1.550967741935484,3.6,2.092290394862917
2020-01-31,HK_HangSeng,HKSAR,validation,-0.068909351985507,1.55,0.0012825803067024744,-0.07019193229220948,0.005468132924033938,0.3118894009216588,1.550967741935484,3.6,2.092290394862917
2020-01-31,US_SPY,U.S.,validation,-0.000404095603864,1.55,0.0012825803067024744,-0.0016866759105664743,0.020878171176582663,0.3118894009216588,1.550967741935484,3.6,2.092290394862917
2020-02-29,CN_CSI300,Chinese mainland,validation,-0.0160754725314671,2.035,0.0016802187961761916,-0.01775569132764329,0.016758548521979114,0.2069738863287253,1.5506451612903225,3.6,2.3195274699624457
2020-02-29,HK_HangSeng,HKSAR,validation,-0.0069676960518023,1.55,0.0012825803067024744,-0.008250276358504775,-0.006713234199541368,0.2069738863287253,1.5506451612903225,3.6,2.3195274699624457
2020-02-29,US_SPY,U.S.,validation,-0.0824751411797635,1.55,0.0012825803067024744,-0.08375772148646597,0.014487377336367874,0.2069738863287253,1.5506451612903225,3.6,2.3195274699624457
2020-03-31,CN_CSI300,Chinese mainland,validation,-0.0666081477913049,1.7865,0.0014766972758848418,-0.06808484506718974,0.004067185814302738,-0.0788929219600724,1.583103448275862,3.6,2.599767976845202
2020-03-31,HK_HangSeng,HKSAR,validation,-0.1016872100091053,1.27,0.0010522224777222977,-0.1027394324868276,-0.009270083081781918,-0.0788929219600724,1.583103448275862,3.6,2.599767976845202
2020-03-31,US_SPY,U.S.,validation,-0.1333841856577109,1.27,0.0010522224777222977,-0.1344364081354332,0.005014653241962273,-0.0788929219600724,1.583103448275862,3.6,2.599767976845202
2020-04-30,CN_CSI300,Chinese mainland,validation,0.0596117371482289,1.4062,0.0011643479343435015,0.0584473892138854,-0.00594632849072631,0.2177419354838708,0.6522580645161291,3.5,2.34131667975952
2020-04-30,HK_HangSeng,HKSAR,validation,0.0431226411167102,0.11,9.162048384192545e-05,0.043031020632868275,-0.018871703220128027,0.2177419354838708,0.6522580645161291,3.5,2.34131667975952
2020-04-30,US_SPY,U.S.,validation,0.1195446513937987,0.11,9.162048384192545e-05,0.11945303090995678,-0.007515024464201128,0.2177419354838708,0.6522580645161291,3.5,2.34131667975952
2020-05-31,CN_CSI300,Chinese mainland,validation,-0.0117128183618557,0.8923,0.0007405595187364167,-0.012453377880592116,-0.0018032751869609433,0.6086190476190476,0.049,4.4,1.4940399642909163
2020-05-31,HK_HangSeng,HKSAR,validation,-0.0706991953498601,0.09,7.496908027748717e-05,-0.07077416443013759,-0.016958572327656077,0.6086190476190476,0.049,4.4,1.4940399642909163
2020-05-31,US_SPY,U.S.,validation,0.0465449215825204,0.09,7.496908027748717e-05,0.046469952502242916,-0.0007324007841084541,0.6086190476190476,0.049,4.4,1.4940399642909163
2020-06-30,CN_CSI300,Chinese mainland,validation,0.0739823599789293,1.4627,0.0012108205577654463,0.07277153942116385,0.0035791787760788307,0.624,0.05,14.8,0.3130472940411133
2020-06-30,HK_HangSeng,HKSAR,validation,0.0618792093387021,0.14,0.00011659187244639213,0.061762617466255706,-0.01444366534875336,0.624,0.05,14.8,0.3130472940411133
2020-06-30,US_SPY,U.S.,validation,0.0175787575310097,0.14,0.00011659187244639213,0.017462165658563306,0.008798292054419106,0.624,0.05,14.8,0.3130472940411133
2020-07-31,CN_CSI300,Chinese mainland,validation,0.1200422176721343,1.7385,0.0014373327935470748,0.11860488487858722,0.005430148476811172,0.650969696969697,0.0776666666666666,13.2,0.1982013035848551
2020-07-31,HK_HangSeng,HKSAR,validation,0.0068605510458574,0.16,0.0001332356553898073,0.0067273153904675925,-0.014071282766078564,0.650969696969697,0.0776666666666666,13.2,0.1982013035848551
2020-07-31,US_SPY,U.S.,validation,0.0572236438663527,0.16,0.0001332356553898073,0.057090408210962895,0.004808912099959594,0.650969696969697,0.0776666666666666,13.2,0.1982013035848551
2020-08-31,CN_CSI300,Chinese mainland,validation,0.0254806257955131,1.9799,0.0016351311259268364,0.023845494669586263,0.015251712556171049,0.5310557184750733,0.0925806451612903,11.0,0.7166562831830481
2020-08-31,HK_HangSeng,HKSAR,validation,0.0233755115110518,0.09,7.496908027748717e-05,0.023300542430774313,-0.01110127584122108,0.5310557184750733,0.0925806451612903,11.0,0.7166562831830481
2020-08-31,US_SPY,U.S.,validation,0.0674683119380175,0.09,7.496908027748717e-05,0.06739334285774001,0.008461728342300863,0.5310557184750733,0.0925806451612903,11.0,0.7166562831830481
2020-09-30,CN_CSI300,Chinese mainland,validation,-0.0486759732483168,2.2335,0.0018424641484453552,-0.05051843739676216,0.018178424723907825,0.5548387096774193,0.0951612903225806,10.2,0.9968647625897996
2020-09-30,HK_HangSeng,HKSAR,validation,-0.0706765150602315,0.11,9.162048384192545e-05,-0.07076813554407342,-0.002617933849587375,0.5548387096774193,0.0951612903225806,10.2,0.9968647625897996
2020-09-30,US_SPY,U.S.,validation,-0.0381621893827874,0.11,9.162048384192545e-05,-0.038253809866629324,0.015628055502910226,0.5548387096774193,0.0951612903225806,10.2,0.9968647625897996
2020-10-31,CN_CSI300,Chinese mainland,validation,0.02325498295213,2.3213,0.001914135993928756,0.021340846958201244,0.013809652427637676,0.5895238095238096,0.09,8.4,1.2810698495523851
2020-10-31,HK_HangSeng,HKSAR,validation,0.0272632924373716,0.1,8.329516327321151e-05,0.027179997274098387,-0.009560518657293727,0.5895238095238096,0.09,8.4,1.2810698495523851
2020-10-31,US_SPY,U.S.,validation,-0.0252498075301375,0.1,8.329516327321151e-05,-0.02533310269341071,0.01097123637350244,0.5895238095238096,0.09,8.4,1.2810698495523851
2020-11-30,CN_CSI300,Chinese mainland,validation,0.0548877449623343,2.662,0.0021917193748310915,0.052696025587503206,0.014182082236257306,0.6971428571428572,0.09,7.8,1.3910228912373812
2020-11-30,HK_HangSeng,HKSAR,validation,0.0886255978834302,0.09,7.496908027748717e-05,0.08855062880315272,-0.009727492599294278,0.6971428571428572,0.09,7.8,1.3910228912373812
2020-11-30,US_SPY,U.S.,validation,0.1032573451455141,0.09,7.496908027748717e-05,0.10318237606523661,0.007167623480595446,0.6971428571428572,0.09,7.8,1.3910228912373812
2020-12-31,CN_CSI300,Chinese mainland,validation,0.0493712831925758,2.8599,0.002352569806741478,0.04701871338583432,0.019998495849106252,0.7836666666666667,0.0863333333333333,6.9,1.2303863428671624
2020-12-31,HK_HangSeng,HKSAR,validation,0.0332155641603293,0.08,6.66422347088691e-05,0.03314892192562043,-0.0004886576356079401,0.7836666666666667,0.0863333333333333,6.9,1.2303863428671624
2020-12-31,US_SPY,U.S.,validation,0.0363784826612159,0.08,6.66422347088691e-05,0.03631184042650703,0.012909124863064251,0.7836666666666667,0.0863333333333333,6.9,1.2303863428671624
2021-01-31,CN_CSI300,Chinese mainland,validation,0.0266354230714238,2.2824,0.0018823885696241938,0.024753034501799605,0.018447609370524195,0.8436363636363636,0.09,6.7,1.1757452138405844
2021-01-31,HK_HangSeng,HKSAR,validation,0.0379252179584668,0.09,7.496908027748717e-05,0.037850248878189316,-0.0032519080990429505,0.8436363636363636,0.09,6.7,1.1757452138405844
2021-01-31,US_SPY,U.S.,validation,-0.0102426429011357,0.09,7.496908027748717e-05,-0.010317611981413188,0.013657949878225323,0.8436363636363636,0.09,6.7,1.1757452138405844
2021-02-28,CN_CSI300,Chinese mainland,validation,-0.00284412169953,2.5931,0.0021356516810941972,-0.004979773380624197,0.02255546474536449,0.9958913412563666,0.0851612903225806,6.7,1.3204191315779434
2021-02-28,HK_HangSeng,HKSAR,validation,0.0243271619036917,0.06,4.99862552685304e-05,0.02427717564842317,0.005751606998490283,0.9958913412563666,0.0851612903225806,6.7,1.3204191315779434
2021-02-28,US_SPY,U.S.,validation,0.0274258882339317,0.06,4.99862552685304e-05,0.02737590197866317,0.012938705205654764,0.9958913412563666,0.0851612903225806,6.7,1.3204191315779434
2021-03-31,CN_CSI300,Chinese mainland,validation,-0.0555552891883959,1.9879,0.0016416788156796702,-0.05719696800407557,0.02362012457428275,1.1821804511278196,0.0757142857142857,6.4,1.3738437137002402
2021-03-31,HK_HangSeng,HKSAR,validation,-0.0209866988508053,0.04,3.3327223783574667e-05,-0.021020026074588874,0.008462227999067611,1.1821804511278196,0.0757142857142857,6.4,1.3738437137002402
2021-03-31,US_SPY,U.S.,validation,0.0443987216957113,0.04,3.3327223783574667e-05,0.04436539447192773,0.022199840494415524,1.1821804511278196,0.0757142857142857,6.4,1.3738437137002402
2021-04-30,CN_CSI300,Chinese mainland,validation,0.0147724093964463,2.0245,0.0016716284935052173,0.013100780902941082,0.024527447662875596,1.5411921458625526,0.0696774193548387,6.2,1.6698167791706853
2021-04-30,HK_HangSeng,HKSAR,validation,0.0121371593558965,0.03,2.4996563158685703e-05,0.012112162792737814,0.01527217853342084,1.5411921458625526,0.0696774193548387,6.2,1.6698167791706853
2021-04-30,US_SPY,U.S.,validation,0.0515585543946865,0.03,2.4996563158685703e-05,0.05153355783152781,0.037099990711695605,1.5411921458625526,0.0696774193548387,6.2,1.6698167791706853
2021-05-31,CN_CSI300,Chinese mainland,validation,0.0398099064382133,1.9251,0.0015902667877831789,0.03821963965043012,0.02074856363696357,1.566,0.069,6.1,2.6678187820641908
2021-05-31,HK_HangSeng,HKSAR,validation,0.0147530111627869,0.01,8.332951413336787e-06,0.014744678211373563,0.012695607046743301,1.566,0.069,6.1,2.6678187820641908
2021-05-31,US_SPY,U.S.,validation,0.0065446703320395,0.01,8.332951413336787e-06,0.006536337380626163,0.03144003462182652,1.566,0.069,6.1,2.6678187820641908
2021-06-30,CN_CSI300,Chinese mainland,validation,-0.0203747049905196,1.8864,0.0015585700725537777,-0.02193327506307338,0.02497131509788209,1.5629354838709677,0.0580645161290322,6.1,4.133077115360573
2021-06-30,HK_HangSeng,HKSAR,validation,-0.0111713117252438,0.01,8.332951413336787e-06,-0.011179644676657137,0.019822177266869228,1.5629354838709677,0.0580645161290322,6.1,4.133077115360573
2021-06-30,US_SPY,U.S.,validation,0.0221794221192936,0.01,8.332951413336787e-06,0.022171089167880263,0.02811223336169179,1.5629354838709677,0.0580645161290322,6.1,4.133077115360573
2021-07-31,CN_CSI300,Chinese mainland,test,-0.0823307511305859,1.8831,0.0015558667412398641,-0.08388661787182576,0.01707924722419565,1.4410909090909092,0.078,5.8,4.918257089467626
2021-07-31,HK_HangSeng,HKSAR,test,-0.1047488351451821,0.05,4.165712110459907e-05,-0.1047904922662867,0.013743655421626493,1.4410909090909092,0.078,5.8,4.918257089467626
2021-07-31,US_SPY,U.S.,test,0.0241192836132908,0.05,4.165712110459907e-05,0.0240776264921862,0.02850464365413487,1.4410909090909092,0.078,5.8,4.918257089467626
2021-08-31,CN_CSI300,Chinese mainland,test,-0.0011563123248112,1.7614,0.0014561150550895796,-0.0026124273799007797,0.00020495532832790278,1.2205069124423964,0.0980645161290322,5.9,5.295632620349999
2021-08-31,HK_HangSeng,HKSAR,test,-0.0031650887375942,0.06,4.99862552685304e-05,-0.0032150749928627305,0.004450504783563636,1.2205069124423964,0.0980645161290322,5.9,5.295632620349999
2021-08-31,US_SPY,U.S.,test,0.0293257083673426,0.06,4.99862552685304e-05,0.02927572211207407,0.025753578510903482,1.2205069124423964,0.0980645161290322,5.9,5.295632620349999
2021-09-30,CN_CSI300,Chinese mainland,test,0.0125663487444178,2.0703,0.0017090926353962033,0.010857256109021596,-0.0019998715091293505,1.1909237536656891,0.092258064516129,5.4,5.245169381309234
2021-09-30,HK_HangSeng,HKSAR,test,-0.0516757178004532,0.04,3.3327223783574667e-05,-0.051709045024236774,0.002240869998260549,1.1909237536656891,0.092258064516129,5.4,5.245169381309234
2021-09-30,US_SPY,U.S.,test,-0.0477265603553229,0.04,3.3327223783574667e-05,-0.04775988757910647,0.022577110115431318,1.1909237536656891,0.092258064516129,5.4,5.245169381309234
2021-10-31,CN_CSI300,Chinese mainland,test,0.0086730670571206,1.9562,0.0016157308310793539,0.007057336226041246,0.0031147696163526285,1.2954285714285716,0.0793333333333333,5.1,5.152015301793966
2021-10-31,HK_HangSeng,HKSAR,test,0.0320969847114138,0.04,3.3327223783574667e-05,0.03206365748763022,0.0038291275415802697,1.2954285714285716,0.0793333333333333,5.1,5.152015301793966
2021-10-31,US_SPY,U.S.,test,0.0678115541201505,0.04,3.3327223783574667e-05,0.06777822689636692,0.02178493697272489,1.2954285714285716,0.0793333333333333,5.1,5.152015301793966
2021-11-30,CN_CSI300,Chinese mainland,test,-0.0157567320362854,2.2516,0.0018572439395772022,-0.017613975975862603,0.0019244770553392954,1.5034677419354838,0.0790322580645161,4.7,5.351215590949132
2021-11-30,HK_HangSeng,HKSAR,test,-0.0779056279021421,0.05,4.165712110459907e-05,-0.0779472850232467,0.004236099226041256,1.5034677419354838,0.0790322580645161,4.7,5.351215590949132
2021-11-30,US_SPY,U.S.,test,-0.0080673703123457,0.05,4.165712110459907e-05,-0.0081090274334503,0.02954421443853969,1.5034677419354838,0.0790322580645161,4.7,5.351215590949132
2021-12-31,CN_CSI300,Chinese mainland,test,0.02217355795797,2.2822,0.0018822253151955515,0.020291332642774447,-0.003934689741607856,1.4798333333333331,0.0796666666666666,4.5,6.235042390298062
2021-12-31,HK_HangSeng,HKSAR,test,-0.0033106492440406,0.05,4.165712110459907e-05,-0.003352306365145199,-0.009638726926158697,1.4798333333333331,0.0796666666666666,4.5,6.235042390298062
2021-12-31,US_SPY,U.S.,test,0.0452102330835471,0.05,4.165712110459907e-05,0.0451685759624425,0.020269930813649115,1.4798333333333331,0.0796666666666666,4.5,6.235042390298062
2022-01-31,CN_CSI300,Chinese mainland,test,-0.0792911908413778,2.0006,0.0016520723062734,-0.0809432631476512,-0.0061619714701961785,1.3853225806451612,0.0796774193548387,4.1,6.901970403700863
2022-01-31,HK_HangSeng,HKSAR,test,0.0171440828882545,0.06,4.99862552685304e-05,0.01709409663298597,-0.012680495950389165,1.3853225806451612,0.0796774193548387,4.1,6.901970403700863
2022-01-31,US_SPY,U.S.,test,-0.0541827778698902,0.06,4.99862552685304e-05,-0.05423276412515873,0.021007992108310405,1.3853225806451612,0.0796774193548387,4.1,6.901970403700863
2022-02-28,CN_CSI300,Chinese mainland,test,0.0039101589169465,1.7756,0.0014677597515773133,0.0024423991653691867,-0.014969996274317077,1.6846451612903226,0.0793548387096774,3.9,7.174340285065539
2022-02-28,HK_HangSeng,HKSAR,test,-0.0468422166017088,0.22,0.0001831487316386049,-0.047025365333347405,-0.014410175304156109,1.6846451612903226,0.0793548387096774,3.9,7.174340285065539
2022-02-28,US_SPY,U.S.,test,-0.0299615183653543,0.22,0.0001831487316386049,-0.030144667096992903,0.017348396096331608,1.6846451612903226,0.0793548387096774,3.9,7.174340285065539
2022-03-31,CN_CSI300,Chinese mainland,test,-0.081608143184205,1.9,0.001569710227413701,-0.08317785341161871,-0.014351481895484297,1.8542105263157893,0.08,4.0,7.558805726967832
2022-03-31,HK_HangSeng,HKSAR,test,-0.0320390641735226,0.35,0.0002911998282955075,-0.032330264001818106,-0.020352053719303657,1.8542105263157893,0.08,4.0,7.558805726967832
2022-03-31,US_SPY,U.S.,test,0.0369010861251037,0.35,0.0002911998282955075,0.03660988629680819,0.012555015340026938,1.8542105263157893,0.08,4.0,7.558805726967832
2022-04-30,CN_CSI300,Chinese mainland,test,-0.0501049105118571,1.9112,0.0015788834492778125,-0.05168379396113491,-0.016516555679446224,1.926858345021038,0.2009677419354839,3.9,7.937278766517819
2022-04-30,HK_HangSeng,HKSAR,test,-0.042129143482775,0.52,0.00043230397371596396,-0.042561447456490965,-0.02129457354657276,1.926858345021038,0.2009677419354839,3.9,7.937278766517819
2022-04-30,US_SPY,U.S.,test,-0.0918620603790634,0.52,0.00043230397371596396,-0.09229436435277937,0.01190872299210031,1.926858345021038,0.2009677419354839,3.9,7.937278766517819
2022-05-31,CN_CSI300,Chinese mainland,test,0.0185703975961804,1.8476,0.001526780372695713,0.017043617223484686,-0.021915270251452557,2.4175,0.33,3.7,8.572204966013853
2022-05-31,HK_HangSeng,HKSAR,test,0.0153308137431782,0.85,0.0007055886783371434,0.014625225064841057,-0.025850707734008493,2.4175,0.33,3.7,8.572204966013853
2022-05-31,US_SPY,U.S.,test,0.0022545908869453,0.85,0.0007055886783371434,0.0015490022086081566,-7.693718992528877e-05,2.4175,0.33,3.7,8.572204966013853
2022-06-30,CN_CSI300,Chinese mainland,test,0.0918241860065069,1.5996,0.0013233258356561972,0.0905008601708507,-0.023679938787031344,2.132611367127496,0.765483870967742,3.7,8.231750770777225
2022-06-30,HK_HangSeng,HKSAR,test,0.0205479194370941,1.16,0.0009615649919465508,0.019586354445147548,-0.0258606621628862,2.132611367127496,0.765483870967742,3.7,8.231750770777225
2022-06-30,US_SPY,U.S.,test,-0.0860594754349879,1.16,0.0009615649919465508,-0.08702104042693445,-0.0004925484542601227,2.132611367127496,0.765483870967742,3.7,8.231750770777225
2022-07-31,CN_CSI300,Chinese mainland,test,-0.072800708824154,1.6006,0.0013241471305633912,-0.07412485595471739,-0.014310427517537671,1.9383333333333337,1.2049999999999998,3.6,8.538171195642065
2022-07-31,HK_HangSeng,HKSAR,test,-0.0811215317180096,1.72,0.001422156520640705,-0.08254368823865031,-0.02329682890273581,1.9383333333333337,1.2049999999999998,3.6,8.538171195642065
2022-07-31,US_SPY,U.S.,test,0.0880908421170403,1.72,0.001422156520640705,0.08666868559639959,-0.00959189258716135,1.9383333333333337,1.2049999999999998,3.6,8.538171195642065
2022-08-31,CN_CSI300,Chinese mainland,test,-0.0221273820727514,1.4988,0.0012405012662886072,-0.023367883339040007,-0.01349694735777864,1.2201935483870965,1.6758064516129034,3.6,8.979361103105798
2022-08-31,HK_HangSeng,HKSAR,test,-0.0100781009347645,2.41,0.0019864852944315725,-0.012064586229196072,-0.021442928567099447,1.2201935483870965,1.6758064516129034,3.6,8.979361103105798
2022-08-31,US_SPY,U.S.,test,-0.0416576863380644,2.41,0.0019864852944315725,-0.043644171632495975,-0.004375970995143567,1.2201935483870965,1.6758064516129034,3.6,8.979361103105798
2022-09-30,CN_CSI300,Chinese mainland,test,-0.0695255526998348,1.4704,0.0012171521580963685,-0.07074270485793117,-0.015226568687706908,0.5678260869565217,2.33,3.5,8.462576727730099
2022-09-30,HK_HangSeng,HKSAR,test,-0.1472133667560875,2.96,0.002433821722253038,-0.14964718847834055,-0.022180387836793894,0.5678260869565217,2.33,3.5,8.462576727730099
2022-09-30,US_SPY,U.S.,test,-0.0970020421211765,2.96,0.002433821722253038,-0.09943586384342953,-0.010452628807191071,0.5678260869565217,2.33,3.5,8.462576727730099
2022-10-31,CN_CSI300,Chinese mainland,test,-0.0810414830625774,1.6026,0.0013257896981484496,-0.08236727276072585,-0.022026565434952974,0.9640476190476192,2.555,3.6,8.222579178218826
2022-10-31,HK_HangSeng,HKSAR,test,-0.1592717552157037,3.33,0.0027335263083605454,-0.16200528152406424,-0.03034189979130254,0.9640476190476192,2.555,3.6,8.222579178218826
2022-10-31,US_SPY,U.S.,test,0.0781413173610445,3.33,0.0027335263083605454,0.07540779105268396,-0.014758960162551326,0.9640476190476192,2.555,3.6,8.222579178218826
2022-11-30,CN_CSI300,Chinese mainland,test,0.0936168486076667,1.6249,0.001344102319377427,0.09227274628828927,-0.02947861618385023,0.9035000000000002,3.08,3.5,8.192106896425821
2022-11-30,HK_HangSeng,HKSAR,test,0.2360485914996051,4.22,0.0034504276924163246,0.23259816380718878,-0.046514311375610407,0.9035000000000002,3.08,3.5,8.192106896425821
2022-11-30,US_SPY,U.S.,test,0.0541013631377076,4.22,0.0034504276924163246,0.05065093544529128,-0.014123163149524906,0.9035000000000002,3.08,3.5,8.192106896425821
2022-12-31,CN_CSI300,Chinese mainland,test,0.0048131598861225,2.0811,0.0017179247292113953,0.0030952351569111048,-0.020321389328504243,0.1109999999999993,3.78,3.6,7.758813957693
2022-12-31,HK_HangSeng,HKSAR,test,0.061729945575232,4.37,0.003570700804265803,0.0581592447709662,-0.02063552397307412,0.1109999999999993,3.78,3.6,7.758813957693
2022-12-31,US_SPY,U.S.,test,-0.0593555188154599,4.37,0.003570700804265803,-0.06292621961972569,-0.009226499576296442,0.1109999999999993,3.78,3.6,7.758813957693
2023-01-31,CN_CSI300,Chinese mainland,test,0.0710843745729619,2.0519,0.0016940433912824293,0.06939033118167948,-0.02175439745232619,-0.4880030721966211,4.104193548387097,3.6,7.122856456533988
2023-01-31,HK_HangSeng,HKSAR,test,0.0991072180665391,4.42,0.0036107566318024364,0.09549646143473667,-0.01550956137839817,-0.4880030721966211,4.104193548387097,3.6,7.122856456533988
2023-01-31,US_SPY,U.S.,test,0.0609890855894361,4.42,0.0036107566318024364,0.057378328957633666,-0.018234399208143792,-0.4880030721966211,4.104193548387097,3.6,7.122856456533988
2023-02-28,CN_CSI300,Chinese mainland,test,-0.0212496690508068,1.7856,0.0014759593483926192,-0.022725628399199418,-0.009226597924881964,-0.7985000000000002,4.33,3.5,6.404600402357152
2023-02-28,HK_HangSeng,HKSAR,test,-0.09887827693505,4.7,0.003834744881765939,-0.10271302181681594,-0.008976030978252279,-0.7985000000000002,4.33,3.5,6.404600402357152
2023-02-28,US_SPY,U.S.,test,-0.0254639729700469,4.7,0.003834744881765939,-0.029298717851812837,-0.008933474784577759,-0.7985000000000002,4.33,3.5,6.404600402357152
2023-03-31,CN_CSI300,Chinese mainland,test,-0.0045638281320741,2.0605,0.0017010775866777017,-0.006264905718751801,-0.01132393355526268,-0.8231578947368425,4.57,3.5,6.327178517960097
2023-03-31,HK_HangSeng,HKSAR,test,0.0305687055457344,4.88,0.0039784475501516425,0.026590257995582758,-0.013616669018541321,-0.8231578947368425,4.57,3.5,6.327178517960097
2023-03-31,US_SPY,U.S.,test,0.0364068506353758,4.88,0.0039784475501516425,0.032428403085224156,-0.008862979014146085,-0.8231578947368425,4.57,3.5,6.327178517960097
2023-04-30,CN_CSI300,Chinese mainland,test,-0.005405940378365,1.9006,0.0015702016734429058,-0.0069761420518079055,-0.004914521247523771,-0.9859887798036469,4.6490322580645165,3.6,5.957820738137087
2023-04-30,HK_HangSeng,HKSAR,test,-0.0250934164730072,4.85,0.003954512812942346,-0.029047929285949545,-0.008706625518757916,-0.9859887798036469,4.6490322580645165,3.6,5.957820738137087
2023-04-30,US_SPY,U.S.,test,0.0158488169671446,4.85,0.003954512812942346,0.011894304154202253,-0.009211435948444757,-0.9859887798036469,4.6490322580645165,3.6,5.957820738137087
2023-05-31,CN_CSI300,Chinese mainland,test,-0.0589237616306146,1.9541,0.001614011618244371,-0.06053777324885897,-0.0011888835884131877,-1.37,4.83,3.5,4.917719362889961
2023-05-31,HK_HangSeng,HKSAR,test,-0.087144081033939,5.1,0.004153777442692519,-0.09129785847663152,-0.007580499004546132,-1.37,4.83,3.5,4.917719362889961
2023-05-31,US_SPY,U.S.,test,0.004605426389534,5.1,0.004153777442692519,0.0004516489468414809,-0.0005290469061962879,-1.37,4.83,3.5,4.917719362889961
2023-06-30,CN_CSI300,Chinese mainland,test,0.0114934016059589,1.7101,0.0014140341245028054,0.010079367481456094,-0.007653999461108493,-1.4821700879765394,5.055806451612903,3.4,4.950079879124369
2023-06-30,HK_HangSeng,HKSAR,test,0.036728075233432,5.52,0.004487565969698792,0.03224050926373321,-0.01640742263300218,-1.4821700879765394,5.055806451612903,3.4,4.950079879124369
2023-06-30,US_SPY,U.S.,test,0.0627870115377984,5.52,0.004487565969698792,0.058299445568099614,-0.0006204930113435108,-1.4821700879765394,5.055806451612903,3.4,4.950079879124369
2023-07-31,CN_CSI300,Chinese mainland,test,0.0438350047471161,1.6535,0.001367583070643219,0.04246742167647288,-0.014355790518558042,-1.328238095238095,5.076333333333333,3.6,4.131851231385042
2023-07-31,HK_HangSeng,HKSAR,test,0.0596406372673854,5.43,0.004416142510483834,0.05522449475690157,-0.015352909731453375,-1.328238095238095,5.076333333333333,3.6,4.131851231385042
2023-07-31,US_SPY,U.S.,test,0.0322087934042958,5.43,0.004416142510483834,0.027792650893811964,0.011489547488242663,-1.328238095238095,5.076333333333333,3.6,4.131851231385042
2023-08-31,CN_CSI300,Chinese mainland,test,-0.0641256169033219,1.601,0.0013244756464514396,-0.06545009254977334,-0.00463976738262552,-1.2205000000000004,5.12,3.6,3.070617072997095
2023-08-31,HK_HangSeng,HKSAR,test,-0.0882962586055438,5.55,0.004511361380472367,-0.09280761998601617,-0.0038722278151573845,-1.2205000000000004,5.12,3.6,3.070617072997095
2023-08-31,US_SPY,U.S.,test,-0.0163853845460586,5.55,0.004511361380472367,-0.020896745926530968,0.006583211263027027,-1.2205000000000004,5.12,3.6,3.070617072997095
2023-09-30,CN_CSI300,Chinese mainland,test,-0.0203232035376856,1.7009,0.0014064853895146001,-0.0217296889272002,-0.00814661815018663,-1.1621739130434785,5.33,3.5,3.287749268428297
2023-09-30,HK_HangSeng,HKSAR,test,-0.0316342032497107,5.56,0.004519291806374559,-0.03615349505608526,-0.01060081396155906,-1.1621739130434785,5.33,3.5,3.287749268428297
2023-09-30,US_SPY,U.S.,test,-0.0485963719168625,5.56,0.004519291806374559,-0.05311566372323706,0.008478830071857445,-1.1621739130434785,5.33,3.5,3.287749268428297
2023-10-31,CN_CSI300,Chinese mainland,test,-0.0322279383120971,2.0009,0.0016523178074572265,-0.03388025611955433,-0.00406220015595905,-0.9510000000000004,5.33,3.7,3.722504803505289
2023-10-31,HK_HangSeng,HKSAR,test,-0.0399329662241534,5.55,0.004511361380472367,-0.044444327604625765,-0.0011430061763711182,-0.9510000000000004,5.33,3.7,3.722504803505289
2023-10-31,US_SPY,U.S.,test,-0.0219479102879649,5.55,0.004511361380472367,-0.026459271668437267,0.012338846748540152,-0.9510000000000004,5.33,3.7,3.722504803505289
2023-11-30,CN_CSI300,Chinese mainland,test,-0.021591765583274,2.2929,0.001890959016206173,-0.023482724599480174,-2.1615435861422477e-05,-0.5319047619047614,5.33,3.7,3.687206638119256
2023-11-30,HK_HangSeng,HKSAR,test,-0.0040754776411819,5.59,0.004543078952765622,-0.008618556593947523,0.008653739983582086,-0.5319047619047614,5.33,3.7,3.687206638119256
2023-11-30,US_SPY,U.S.,test,0.0874099064732005,5.59,0.004543078952765622,0.08286682752043488,0.003849924855113382,-0.5319047619047614,5.33,3.7,3.687206638119256
2023-12-31,CN_CSI300,Chinese mainland,test,-0.0187928404088388,2.3874,0.0019680567674933425,-0.020760897176332144,-0.009667904676508876,-0.8271428571428574,5.33,3.9,3.2512659098611785
2023-12-31,HK_HangSeng,HKSAR,test,0.000264577866643,5.45,0.004432019218941319,-0.004167441352298319,-0.011447653383179273,-0.8271428571428574,5.33,3.9,3.2512659098611785
2023-12-31,US_SPY,U.S.,test,0.0446437926993166,5.45,0.004432019218941319,0.04021177348037528,0.006534582528042014,-0.8271428571428574,5.33,3.9,3.2512659098611785
2024-01-31,CN_CSI300,Chinese mainland,test,-0.0649476075251218,1.8017,0.0014891591478867205,-0.06643676667300852,-0.011655915704279146,-1.3099999999999996,5.33,3.7,3.133346274591186
2024-01-31,HK_HangSeng,HKSAR,test,-0.0961207953959402,5.4,0.0043923222705009035,-0.10051311766644111,-0.016641543893451315,-1.3099999999999996,5.33,3.7,3.133346274591186
2024-01-31,US_SPY,U.S.,test,0.0158009585121474,5.4,0.0043923222705009035,0.011408636241646498,0.015129415286383764,-1.3099999999999996,5.33,3.7,3.133346274591186
2024-02-29,CN_CSI300,Chinese mainland,test,0.089410516231652,1.791,0.0014803868236328288,0.08793012940801917,-0.022974840525503148,-1.2719047619047616,5.33,3.8,3.3159099427102934
2024-02-29,HK_HangSeng,HKSAR,test,0.0641770867749862,5.42,0.004408203120921161,0.05976888365406503,-0.03297567548521613,-1.2719047619047616,5.33,3.8,3.3159099427102934
2024-02-29,US_SPY,U.S.,test,0.0508706306472985,5.42,0.004408203120921161,0.04646242752637734,0.011298607560051499,-1.2719047619047616,5.33,3.8,3.3159099427102934
2024-03-31,CN_CSI300,Chinese mainland,test,0.0060678765504889,1.6454,0.0013609335425375235,0.004706943007951376,-0.013753527374901599,-1.1224999999999996,5.33,3.7,3.0883429864855705
2024-03-31,HK_HangSeng,HKSAR,test,0.0018140927919017,5.45,0.004432019218941319,-0.0026179264270396185,-0.01943551669597605,-1.1224999999999996,5.33,3.7,3.0883429864855705
2024-03-31,US_SPY,U.S.,test,0.032178631882866,5.45,0.004432019218941319,0.027746612663924683,0.017612036341567345,-1.1224999999999996,5.33,3.7,3.0883429864855705
2024-04-30,CN_CSI300,Chinese mainland,test,0.0187379377449108,1.6414,0.0013576496457909926,0.017380288099119807,-0.012839206647676333,-1.1215000000000002,5.33,3.9,3.157074141648697
2024-04-30,HK_HangSeng,HKSAR,test,0.0712517578703266,5.46,0.004439956538087042,0.06681180133223956,-0.02186953206452791,-1.1215000000000002,5.33,3.9,3.157074141648697
2024-04-30,US_SPY,U.S.,test,-0.0411548118020661,5.46,0.004439956538087042,-0.04559476834015314,0.01722188713979239,-1.1215000000000002,5.33,3.9,3.157074141648697
2024-05-31,CN_CSI300,Chinese mainland,test,-0.006812093193826,1.5342,0.0012695970529315037,-0.008081690246757504,-0.010809504135099022,-0.790909090909091,5.33,3.9,3.4868349120836584
2024-05-31,HK_HangSeng,HKSAR,test,0.0176654578289827,5.46,0.004439956538087042,0.013225501290895659,-0.013881221179678821,-0.790909090909091,5.33,3.9,3.4868349120836584
2024-05-31,US_SPY,U.S.,test,0.0493419467413653,5.46,0.004439956538087042,0.04490199020327826,0.012431131098596108,-0.790909090909091,5.33,3.9,3.4868349120836584
2024-06-30,CN_CSI300,Chinese mainland,test,-0.0335922109906974,1.5428,0.0012766641169255077,-0.03486887510762291,-0.006438163884923901,-0.8477272727272727,5.33,3.9,3.3607951262196734
2024-06-30,HK_HangSeng,HKSAR,test,-0.0201692849769923,5.46,0.004439956538087042,-0.02460924151507934,-0.005170941199051558,-0.8477272727272727,5.33,3.9,3.3607951262196734
2024-06-30,US_SPY,U.S.,test,0.0346720149471551,5.46,0.004439956538087042,0.030232058409068056,0.016135326203299175,-0.8477272727272727,5.33,3.9,3.3607951262196734
2024-07-31,CN_CSI300,Chinese mainland,test,-0.0056723029832763,1.4411,0.001193056834302375,-0.0068653598175786755,-0.010183850767347152,-1.0247368421052636,5.33,3.9,3.244278584003113
2024-07-31,HK_HangSeng,HKSAR,test,-0.0213342681551989,5.48,0.004455829106839726,-0.025790097262038625,-0.00990842043061927,-1.0247368421052636,5.33,3.9,3.244278584003113
2024-07-31,US_SPY,U.S.,test,0.0120363875539499,5.48,0.004455829106839726,0.007580558447110175,0.013796377273379878,-1.0247368421052636,5.33,3.9,3.244278584003113
2024-08-31,CN_CSI300,Chinese mainland,test,-0.035680526734751,1.4032,0.0011618796978765111,-0.03684240643262751,-0.014294915891851447,-1.081363636363636,5.33,4.1,2.9702579486470926
2024-08-31,HK_HangSeng,HKSAR,test,0.0364831723781264,5.41,0.004400263040968744,0.032082909337157656,-0.01665963643219762,-1.081363636363636,5.33,4.1,2.9702579486470926
2024-08-31,US_SPY,U.S.,test,0.0230969387315846,5.41,0.004400263040968744,0.018696675690615856,0.012112036236154727,-1.081363636363636,5.33,4.1,2.9702579486470926
2024-09-30,CN_CSI300,Chinese mainland,test,0.1903515206044268,1.4709,0.0012175632857465146,0.1891339573186803,-0.011910942048755964,-1.4590909090909094,5.33,4.2,2.9414757935583014
2024-09-30,HK_HangSeng,HKSAR,test,0.161103593027672,5.21,0.004241316266458295,0.1568622767612137,-0.006252092321933136,-1.4590909090909094,5.33,4.2,2.9414757935583014
2024-09-30,US_SPY,U.S.,test,0.0207868906077361,5.21,0.004241316266458295,0.016545574341277805,0.01541148803758363,-1.4590909090909094,5.33,4.2,2.9414757935583014
2024-10-31,CN_CSI300,Chinese mainland,test,-0.0320704596066949,1.3986,0.0011580949386169603,-0.03322855454531186,0.005661028471734078,-1.4065,5.13,4.2,2.607144490692037
2024-10-31,HK_HangSeng,HKSAR,test,-0.0393937413548961,4.73,0.0038587110455146068,-0.04325245240041071,0.009832555329508443,-1.4065,5.13,4.2,2.607144490692037
2024-10-31,US_SPY,U.S.,test,-0.0089635929713161,4.73,0.0038587110455146068,-0.012822304016830707,0.02121659120962653,-1.4065,5.13,4.2,2.607144490692037
2024-11-30,CN_CSI300,Chinese mainland,test,0.0065423499344454,1.4066,0.0011646770274817975,0.005377672906963602,0.005715336936254284,-0.7345454545454553,4.83,4.1,2.4264830315416708
2024-11-30,HK_HangSeng,HKSAR,test,-0.044984916039823,4.64,0.003786793663815624,-0.04877170970363862,0.009931878263193033,-0.7345454545454553,4.83,4.1,2.4264830315416708
2024-11-30,US_SPY,U.S.,test,0.0579230232994705,4.64,0.003786793663815624,0.05413622963565488,0.022353005180593744,-0.7345454545454553,4.83,4.1,2.4264830315416708
2024-12-31,CN_CSI300,Chinese mainland,test,0.0046691859255929,1.37,0.001134560077404645,0.0035346258481882553,0.008120370061791265,-0.2825438596491239,4.638333333333334,4.1,2.578844053871343
2024-12-31,HK_HangSeng,HKSAR,test,0.0322359468180142,4.58,0.0037388172355212745,0.028497129582492925,0.006585782170718772,-0.2825438596491239,4.638333333333334,4.1,2.578844053871343
2024-12-31,US_SPY,U.S.,test,-0.0243542411237953,4.58,0.0037388172355212745,-0.028093058359316574,0.019958788690195416,-0.2825438596491239,4.638333333333334,4.1,2.578844053871343
2025-01-31,CN_CSI300,Chinese mainland,test,-0.0304022775315768,0.9091,0.0007544449180083568,-0.031156722449585155,0.010144996980501298,-0.0837327188940086,4.47516129032258,4.2,2.719472461284833
2025-01-31,HK_HangSeng,HKSAR,test,0.008199619778443,4.37,0.003570700804265803,0.0046289189741771965,0.009307829748618044,-0.0837327188940086,4.47516129032258,4.2,2.719472461284833
2025-01-31,US_SPY,U.S.,test,0.0265021468903245,4.37,0.003570700804265803,0.022931446086058696,0.014266719370221092,-0.0837327188940086,4.47516129032258,4.2,2.719472461284833
2025-02-28,CN_CSI300,Chinese mainland,test,0.0189362786065068,1.3775,0.0011407323954768511,0.01779554621102995,0.01308500066578658,0.2990476190476183,4.33,4.1,2.870690967509981
2025-02-28,HK_HangSeng,HKSAR,test,0.1260147942389373,4.31,0.003522610585598107,0.12249218365333919,0.018069666135336237,0.2990476190476183,4.33,4.1,2.870690967509981
2025-02-28,US_SPY,U.S.,test,-0.0127761063166786,4.31,0.003522610585598107,-0.01629871690227671,0.01522695352392211,0.2990476190476183,4.33,4.1,2.870690967509981
2025-03-31,CN_CSI300,Chinese mainland,test,-0.0007046093053055,1.6096,0.0013315384513001849,-0.0020361477566056847,0.007240452066037476,0.121052631578947,4.33,4.0,2.9909783078999608
2025-03-31,HK_HangSeng,HKSAR,test,0.0077402158485053,4.32,0.003530627382636986,0.004209588465868314,0.023296607801942416,0.121052631578947,4.33,4.0,2.9909783078999608
2025-03-31,US_SPY,U.S.,test,-0.0573318169012679,4.32,0.003530627382636986,-0.06086244428390489,0.009996858154867604,0.121052631578947,4.33,4.0,2.9909783078999608
2025-04-30,CN_CSI300,Chinese mainland,test,-0.0304912180476151,1.52,0.0012579269787644787,-0.03174914502637958,0.006678527835657721,-0.0495238095238095,4.33,4.2,2.8015834477613355
2025-04-30,HK_HangSeng,HKSAR,test,-0.0442243702604265,4.32,0.003530627382636986,-0.047754997643063485,0.023865567376351413,-0.0495238095238095,4.33,4.2,2.8015834477613355
2025-04-30,US_SPY,U.S.,test,-0.0087079717623081,4.32,0.003530627382636986,-0.012238599144945086,0.002612770075881808,-0.0495238095238095,4.33,4.2,2.8015834477613355
2025-05-31,CN_CSI300,Chinese mainland,test,0.018306076974019,1.4659,0.0012134519256752352,0.017092625048343763,0.002584408408532773,-0.0509523809523813,4.33,4.2,2.381981462805549
2025-05-31,HK_HangSeng,HKSAR,test,0.0515586775696341,4.31,0.003522610585598107,0.048036066984035994,0.014318334128409488,-0.0509523809523813,4.33,4.2,2.381981462805549
2025-05-31,US_SPY,U.S.,test,0.0609493235976659,4.31,0.003522610585598107,0.057426713012067795,0.005392450842149146,-0.0509523809523813,4.33,4.2,2.381981462805549
2025-06-30,CN_CSI300,Chinese mainland,test,0.0246530435474205,1.4462,0.0011972513594458167,0.023455792187974684,0.004682268016457879,0.093809523809524,4.33,4.2,2.32538823025783
2025-06-30,HK_HangSeng,HKSAR,test,0.0330467535849567,4.36,0.0035626875279843873,0.029484066056972312,0.01721921460283785,0.093809523809524,4.33,4.2,2.32538823025783
2025-06-30,US_SPY,U.S.,test,0.0501094126196388,4.36,0.0035626875279843873,0.04654672509165441,0.006436177742881607,0.093809523809524,4.33,4.2,2.32538823025783
2025-07-31,CN_CSI300,Chinese mainland,test,0.0348302173018186,1.3222,0.0010952119982041708,0.03373500530361443,0.009542656957757679,0.0534999999999996,4.33,4.3,2.3772651073680877
2025-07-31,HK_HangSeng,HKSAR,test,0.0287067326152339,4.41,0.003602746873047291,0.02510398574218661,0.021726990233842156,0.0534999999999996,4.33,4.3,2.3772651073680877
2025-07-31,US_SPY,U.S.,test,0.0227704235174011,4.41,0.003602746873047291,0.019167676644353808,0.007795733299763803,0.0534999999999996,4.33,4.3,2.3772651073680877
2025-08-31,CN_CSI300,Chinese mainland,test,0.0983416159632675,1.3274,0.0010994933671575335,0.09724212259610997,0.012926020717857103,0.0618181818181815,4.33,4.1,2.680453865910226
2025-08-31,HK_HangSeng,HKSAR,test,0.012208106223662,4.41,0.003602746873047291,0.008605359350614709,0.02596816381752759,0.0618181818181815,4.33,4.1,2.680453865910226
2025-08-31,US_SPY,U.S.,test,0.0203117937675791,4.41,0.003602746873047291,0.016709046894531808,0.00876132648286744,0.0618181818181815,4.33,4.1,2.680453865910226
2025-09-30,CN_CSI300,Chinese mainland,test,0.0315059246271491,1.3513,0.0011191686077565155,0.030386756019392586,0.024099731470251896,-0.0652380952380955,4.33,4.3,2.742618052167134
2025-09-30,HK_HangSeng,HKSAR,test,0.06849711556975,4.23,0.003458450834976645,0.06503866473477335,0.024011701318649017,-0.0652380952380955,4.33,4.3,2.742618052167134
2025-09-30,US_SPY,U.S.,test,0.0350006047668527,4.23,0.003458450834976645,0.03154215393187605,0.008595690749860435,-0.0652380952380955,4.33,4.3,2.742618052167134
2025-10-31,CN_CSI300,Chinese mainland,test,-4.309713231620549e-06,1.3385,0.0011086317694124492,-0.0011129414826440698,0.010870798028644586,-0.1041904761904763,4.224666666666667,4.3,2.9385917430316155
2025-10-31,HK_HangSeng,HKSAR,test,-0.0359731886471372,4.02,0.003289816470036566,-0.03926300511717377,0.016359733649778982,-0.1041904761904763,4.224666666666667,4.3,2.9385917430316155
2025-10-31,US_SPY,U.S.,test,0.0235577186723583,4.02,0.003289816470036566,0.020267902202321733,0.009845405715743624,-0.1041904761904763,4.224666666666667,4.3,2.9385917430316155
2025-11-30,CN_CSI300,Chinese mainland,test,-0.0248743916584039,1.2885,0.0010674605506075796,-0.02594185220901148,0.013547099117200234,-0.0262463343108505,4.088064516129032,4.4,3.022571584713329
2025-11-30,HK_HangSeng,HKSAR,test,-0.0018452344258115,3.89,0.003185267308280393,-0.005030501734091893,0.016692187590048726,-0.0262463343108505,4.088064516129032,4.4,3.022571584713329
2025-11-30,US_SPY,U.S.,test,0.0019481061213619,3.89,0.003185267308280393,-0.001237161186918493,0.012602922900672995,-0.0262463343108505,4.088064516129032,4.4,3.022571584713329
2025-12-31,CN_CSI300,Chinese mainland,test,0.0225595483435867,1.3987,0.0011581772176656457,0.021401371125921054,0.010937138690868977,0.2175555555555548,3.8763333333333336,4.4,3.022571584713329
2025-12-31,HK_HangSeng,HKSAR,test,-0.0088699005219705,3.88,0.0031772200986699417,-0.012047120620640442,0.020337288254177622,0.2175555555555548,3.8763333333333336,4.4,3.022571584713329
2025-12-31,US_SPY,U.S.,test,0.0007971851219306,3.88,0.0031772200986699417,-0.002380034976739342,0.007988473665458547,0.2175555555555548,3.8763333333333336,4.4,3.022571584713329
2026-01-31,CN_CSI300,Chinese mainland,test,0.0163666268383,1.2657,0.0010486802898992398,0.015317946548400761,0.012426034130680044,0.4225366568914959,3.720645161290322,4.5,2.6964439164939518
2026-01-31,HK_HangSeng,HKSAR,test,0.0662878692899457,3.67,0.0030080644524299593,0.06327980483751575,0.01695860073724984,0.4225366568914959,3.720645161290322,4.5,2.6964439164939518
2026-01-31,US_SPY,U.S.,test,0.0146302725456681,3.67,0.0030080644524299593,0.011622208093238141,0.010131225614006648,0.4225366568914959,3.720645161290322,4.5,2.6964439164939518
2026-02-28,CN_CSI300,Chinese mainland,test,0.0009153668637083,1.3546,0.0011218849386069873,-0.00020651807489868734,0.016298923213845535,0.5734999999999997,3.64,4.4,2.653304114557753
2026-02-28,HK_HangSeng,HKSAR,test,-0.0280137996278213,3.67,0.0030080644524299593,-0.03102186408025126,0.021846174559194718,0.5734999999999997,3.64,4.4,2.653304114557753
2026-02-28,US_SPY,U.S.,test,-0.0086796052770496,3.67,0.0030080644524299593,-0.01168766972947956,0.009188789114604934,0.5734999999999997,3.64,4.4,2.653304114557753
2026-03-31,CN_CSI300,Chinese mainland,test,-0.0569105706828185,1.2765,0.0010575766859735047,-0.057968147368792,0.014798751190018151,0.4857894736842101,3.64,4.3,2.391201432150014
2026-03-31,HK_HangSeng,HKSAR,test,-0.0716933041066667,3.67,0.0030080644524299593,-0.07470136855909666,0.009053337248062182,0.4857894736842101,3.64,4.3,2.391201432150014
2026-03-31,US_SPY,U.S.,test,-0.0506404198128001,3.67,0.0030080644524299593,-0.053648484265230056,0.009573043045671364,0.4857894736842101,3.64,4.3,2.391201432150014
2026-04-30,CN_CSI300,Chinese mainland,test,0.0772223440488542,1.1401,0.0009451545766578917,0.0762771894721963,0.010137751222335957,0.605909090909091,3.64,4.4,2.4340041103732224
2026-04-30,HK_HangSeng,HKSAR,test,0.0390990225166625,3.7,0.003032248764614831,0.03606677375204767,0.0024774241626484353,0.605909090909091,3.64,4.4,2.4340041103732224
2026-04-30,US_SPY,U.S.,test,0.0998930142547349,3.7,0.003032248764614831,0.09686076549012007,0.010174206380560935,0.605909090909091,3.64,4.4,2.4340041103732224
2026-05-31,CN_CSI300,Chinese mainland,test,0.0174880712497831,1.081,0.0008964006635485688,0.016591670586234532,0.019139945763883948,0.6790909090909092,3.64,4.3,3.2859577528651984
2026-05-31,HK_HangSeng,HKSAR,test,-0.023319395177074,3.68,0.0030161266025487965,-0.026335521779622798,0.009462571778907698,0.6790909090909092,3.64,4.3,3.2859577528651984
2026-05-31,US_SPY,U.S.,test,0.0512877597578622,3.68,0.0030161266025487965,0.0482716331553134,0.019265820100149697,0.6790909090909092,3.64,4.3,3.2859577528651984
2026-06-30,CN_CSI300,Chinese mainland,test,0.0176896792857199,1.0605,0.0008794833037777394,0.01681019598194216,0.01909819955870818,0.8562580645161288,3.627741935483871,4.3,3.7792458367415622
2026-06-30,HK_HangSeng,HKSAR,test,-0.0958372400802254,3.69,0.003024188039900011,-0.09886142812012541,0.003264939381936132,0.8562580645161288,3.627741935483871,4.3,3.7792458367415622
2026-06-30,US_SPY,U.S.,test,-0.0103459011890754,3.69,0.003024188039900011,-0.013370089228975411,0.018502896778753497,0.8562580645161288,3.627741935483871,4.3,3.7792458367415622
