forecast_date,0005.HK,1299.HK,0939.HK,0388.HK,2318.HK,1398.HK,3988.HK,3968.HK,2628.HK,2388.HK,0011.HK,0002.HK,0003.HK,2688.HK,0006.HK,0836.HK,1038.HK,0016.HK,1109.HK,0823.HK,1113.HK,0688.HK,1997.HK,0960.HK,0012.HK,0017.HK,1209.HK,0101.HK,6098.HK,2007.HK,0700.HK,9988.HK,3690.HK,0941.HK,9618.HK,1211.HK,1810.HK,0883.HK,2269.HK,0669.HK,0857.HK,0027.HK,2020.HK,0001.HK,9999.HK,0386.HK,2331.HK,9888.HK,9633.HK,2319.HK,1928.HK,1088.HK,0291.HK,0981.HK,2899.HK,2313.HK,0066.HK,0992.HK,0175.HK,0267.HK,6618.HK,6690.HK,1093.HK,2382.HK,6862.HK,9961.HK,1177.HK,0762.HK,0968.HK,1876.HK,0288.HK,0241.HK,1929.HK,0868.HK,0322.HK,1044.HK,1378.HK,0881.HK,0316.HK,3692.HK
2023-07-07,0.0125000000,0.0125000000,0.0125000000,0.0125000000,0.0125000000,0.0125000000,0.0125000000,0.0125000000,0.0125000000,0.0125000000,0.0125000000,0.0125000000,0.0125000000,0.0125000000,0.0125000000,0.0125000000,0.0125000000,0.0125000000,0.0125000000,0.0125000000,0.0125000000,0.0125000000,0.0125000000,0.0125000000,0.0125000000,0.0125000000,0.0125000000,0.0125000000,0.0125000000,0.0125000000,0.0125000000,0.0125000000,0.0125000000,0.0125000000,0.0125000000,0.0125000000,0.0125000000,0.0125000000,0.0125000000,0.0125000000,0.0125000000,0.0125000000,0.0125000000,0.0125000000,0.0125000000,0.0125000000,0.0125000000,0.0125000000,0.0125000000,0.0125000000,0.0125000000,0.0125000000,0.0125000000,0.0125000000,0.0125000000,0.0125000000,0.0125000000,0.0125000000,0.0125000000,0.0125000000,0.0125000000,0.0125000000,0.0125000000,0.0125000000,0.0125000000,0.0125000000,0.0125000000,0.0125000000,0.0125000000,0.0125000000,0.0125000000,0.0125000000,0.0125000000,0.0125000000,0.0125000000,0.0125000000,0.0125000000,0.0125000000,0.0125000000,0.0125000000
2023-07-14,0.0125000000,0.0125000000,0.0125000000,0.0125000000,0.0125000000,0.0125000000,0.0125000000,0.0125000000,0.0125000000,0.0125000000,0.0125000000,0.0125000000,0.0125000000,0.0125000000,0.0125000000,0.0125000000,0.0125000000,0.0125000000,0.0125000000,0.0125000000,0.0125000000,0.0125000000,0.0125000000,0.0125000000,0.0125000000,0.0125000000,0.0125000000,0.0125000000,0.0125000000,0.0125000000,0.0125000000,0.0125000000,0.0125000000,0.0125000000,0.0125000000,0.0125000000,0.0125000000,0.0125000000,0.0125000000,0.0125000000,0.0125000000,0.0125000000,0.0125000000,0.0125000000,0.0125000000,0.0125000000,0.0125000000,0.0125000000,0.0125000000,0.0125000000,0.0125000000,0.0125000000,0.0125000000,0.0125000000,0.0125000000,0.0125000000,0.0125000000,0.0125000000,0.0125000000,0.0125000000,0.0125000000,0.0125000000,0.0125000000,0.0125000000,0.0125000000,0.0125000000,0.0125000000,0.0125000000,0.0125000000,0.0125000000,0.0125000000,0.0125000000,0.0125000000,0.0125000000,0.0125000000,0.0125000000,0.0125000000,0.0125000000,0.0125000000,0.0125000000
2023-07-21,0.0125000000,0.0125000000,0.0125000000,0.0125000000,0.0125000000,0.0125000000,0.0125000000,0.0125000000,0.0125000000,0.0125000000,0.0125000000,0.0125000000,0.0125000000,0.0125000000,0.0125000000,0.0125000000,0.0125000000,0.0125000000,0.0125000000,0.0125000000,0.0125000000,0.0125000000,0.0125000000,0.0125000000,0.0125000000,0.0125000000,0.0125000000,0.0125000000,0.0125000000,0.0125000000,0.0125000000,0.0125000000,0.0125000000,0.0125000000,0.0125000000,0.0125000000,0.0125000000,0.0125000000,0.0125000000,0.0125000000,0.0125000000,0.0125000000,0.0125000000,0.0125000000,0.0125000000,0.0125000000,0.0125000000,0.0125000000,0.0125000000,0.0125000000,0.0125000000,0.0125000000,0.0125000000,0.0125000000,0.0125000000,0.0125000000,0.0125000000,0.0125000000,0.0125000000,0.0125000000,0.0125000000,0.0125000000,0.0125000000,0.0125000000,0.0125000000,0.0125000000,0.0125000000,0.0125000000,0.0125000000,0.0125000000,0.0125000000,0.0125000000,0.0125000000,0.0125000000,0.0125000000,0.0125000000,0.0125000000,0.0125000000,0.0125000000,0.0125000000
2023-07-28,0.0125000000,0.0125000000,0.0125000000,0.0125000000,0.0125000000,0.0125000000,0.0125000000,0.0125000000,0.0125000000,0.0125000000,0.0125000000,0.0125000000,0.0125000000,0.0125000000,0.0125000000,0.0125000000,0.0125000000,0.0125000000,0.0125000000,0.0125000000,0.0125000000,0.0125000000,0.0125000000,0.0125000000,0.0125000000,0.0125000000,0.0125000000,0.0125000000,0.0125000000,0.0125000000,0.0125000000,0.0125000000,0.0125000000,0.0125000000,0.0125000000,0.0125000000,0.0125000000,0.0125000000,0.0125000000,0.0125000000,0.0125000000,0.0125000000,0.0125000000,0.0125000000,0.0125000000,0.0125000000,0.0125000000,0.0125000000,0.0125000000,0.0125000000,0.0125000000,0.0125000000,0.0125000000,0.0125000000,0.0125000000,0.0125000000,0.0125000000,0.0125000000,0.0125000000,0.0125000000,0.0125000000,0.0125000000,0.0125000000,0.0125000000,0.0125000000,0.0125000000,0.0125000000,0.0125000000,0.0125000000,0.0125000000,0.0125000000,0.0125000000,0.0125000000,0.0125000000,0.0125000000,0.0125000000,0.0125000000,0.0125000000,0.0125000000,0.0125000000
2023-08-04,0.0125000000,0.0125000000,0.0125000000,0.0125000000,0.0125000000,0.0125000000,0.0125000000,0.0125000000,0.0125000000,0.0125000000,0.0125000000,0.0125000000,0.0125000000,0.0125000000,0.0125000000,0.0125000000,0.0125000000,0.0125000000,0.0125000000,0.0125000000,0.0125000000,0.0125000000,0.0125000000,0.0125000000,0.0125000000,0.0125000000,0.0125000000,0.0125000000,0.0125000000,0.0125000000,0.0125000000,0.0125000000,0.0125000000,0.0125000000,0.0125000000,0.0125000000,0.0125000000,0.0125000000,0.0125000000,0.0125000000,0.0125000000,0.0125000000,0.0125000000,0.0125000000,0.0125000000,0.0125000000,0.0125000000,0.0125000000,0.0125000000,0.0125000000,0.0125000000,0.0125000000,0.0125000000,0.0125000000,0.0125000000,0.0125000000,0.0125000000,0.0125000000,0.0125000000,0.0125000000,0.0125000000,0.0125000000,0.0125000000,0.0125000000,0.0125000000,0.0125000000,0.0125000000,0.0125000000,0.0125000000,0.0125000000,0.0125000000,0.0125000000,0.0125000000,0.0125000000,0.0125000000,0.0125000000,0.0125000000,0.0125000000,0.0125000000,0.0125000000
2023-08-11,0.0125000000,0.0125000000,0.0125000000,0.0125000000,0.0125000000,0.0125000000,0.0125000000,0.0125000000,0.0125000000,0.0125000000,0.0125000000,0.0125000000,0.0125000000,0.0125000000,0.0125000000,0.0125000000,0.0125000000,0.0125000000,0.0125000000,0.0125000000,0.0125000000,0.0125000000,0.0125000000,0.0125000000,0.0125000000,0.0125000000,0.0125000000,0.0125000000,0.0125000000,0.0125000000,0.0125000000,0.0125000000,0.0125000000,0.0125000000,0.0125000000,0.0125000000,0.0125000000,0.0125000000,0.0125000000,0.0125000000,0.0125000000,0.0125000000,0.0125000000,0.0125000000,0.0125000000,0.0125000000,0.0125000000,0.0125000000,0.0125000000,0.0125000000,0.0125000000,0.0125000000,0.0125000000,0.0125000000,0.0125000000,0.0125000000,0.0125000000,0.0125000000,0.0125000000,0.0125000000,0.0125000000,0.0125000000,0.0125000000,0.0125000000,0.0125000000,0.0125000000,0.0125000000,0.0125000000,0.0125000000,0.0125000000,0.0125000000,0.0125000000,0.0125000000,0.0125000000,0.0125000000,0.0125000000,0.0125000000,0.0125000000,0.0125000000,0.0125000000
2023-08-18,0.0125000000,0.0125000000,0.0125000000,0.0125000000,0.0125000000,0.0125000000,0.0125000000,0.0125000000,0.0125000000,0.0125000000,0.0125000000,0.0125000000,0.0125000000,0.0125000000,0.0125000000,0.0125000000,0.0125000000,0.0125000000,0.0125000000,0.0125000000,0.0125000000,0.0125000000,0.0125000000,0.0125000000,0.0125000000,0.0125000000,0.0125000000,0.0125000000,0.0125000000,0.0125000000,0.0125000000,0.0125000000,0.0125000000,0.0125000000,0.0125000000,0.0125000000,0.0125000000,0.0125000000,0.0125000000,0.0125000000,0.0125000000,0.0125000000,0.0125000000,0.0125000000,0.0125000000,0.0125000000,0.0125000000,0.0125000000,0.0125000000,0.0125000000,0.0125000000,0.0125000000,0.0125000000,0.0125000000,0.0125000000,0.0125000000,0.0125000000,0.0125000000,0.0125000000,0.0125000000,0.0125000000,0.0125000000,0.0125000000,0.0125000000,0.0125000000,0.0125000000,0.0125000000,0.0125000000,0.0125000000,0.0125000000,0.0125000000,0.0125000000,0.0125000000,0.0125000000,0.0125000000,0.0125000000,0.0125000000,0.0125000000,0.0125000000,0.0125000000
2023-08-25,0.0125000000,0.0125000000,0.0125000000,0.0125000000,0.0125000000,0.0125000000,0.0125000000,0.0125000000,0.0125000000,0.0125000000,0.0125000000,0.0125000000,0.0125000000,0.0125000000,0.0125000000,0.0125000000,0.0125000000,0.0125000000,0.0125000000,0.0125000000,0.0125000000,0.0125000000,0.0125000000,0.0125000000,0.0125000000,0.0125000000,0.0125000000,0.0125000000,0.0125000000,0.0125000000,0.0125000000,0.0125000000,0.0125000000,0.0125000000,0.0125000000,0.0125000000,0.0125000000,0.0125000000,0.0125000000,0.0125000000,0.0125000000,0.0125000000,0.0125000000,0.0125000000,0.0125000000,0.0125000000,0.0125000000,0.0125000000,0.0125000000,0.0125000000,0.0125000000,0.0125000000,0.0125000000,0.0125000000,0.0125000000,0.0125000000,0.0125000000,0.0125000000,0.0125000000,0.0125000000,0.0125000000,0.0125000000,0.0125000000,0.0125000000,0.0125000000,0.0125000000,0.0125000000,0.0125000000,0.0125000000,0.0125000000,0.0125000000,0.0125000000,0.0125000000,0.0125000000,0.0125000000,0.0125000000,0.0125000000,0.0125000000,0.0125000000,0.0125000000
2023-09-01,0.0125000000,0.0125000000,0.0125000000,0.0125000000,0.0125000000,0.0125000000,0.0125000000,0.0125000000,0.0125000000,0.0125000000,0.0125000000,0.0125000000,0.0125000000,0.0125000000,0.0125000000,0.0125000000,0.0125000000,0.0125000000,0.0125000000,0.0125000000,0.0125000000,0.0125000000,0.0125000000,0.0125000000,0.0125000000,0.0125000000,0.0125000000,0.0125000000,0.0125000000,0.0125000000,0.0125000000,0.0125000000,0.0125000000,0.0125000000,0.0125000000,0.0125000000,0.0125000000,0.0125000000,0.0125000000,0.0125000000,0.0125000000,0.0125000000,0.0125000000,0.0125000000,0.0125000000,0.0125000000,0.0125000000,0.0125000000,0.0125000000,0.0125000000,0.0125000000,0.0125000000,0.0125000000,0.0125000000,0.0125000000,0.0125000000,0.0125000000,0.0125000000,0.0125000000,0.0125000000,0.0125000000,0.0125000000,0.0125000000,0.0125000000,0.0125000000,0.0125000000,0.0125000000,0.0125000000,0.0125000000,0.0125000000,0.0125000000,0.0125000000,0.0125000000,0.0125000000,0.0125000000,0.0125000000,0.0125000000,0.0125000000,0.0125000000,0.0125000000
2023-09-08,0.0125000000,0.0125000000,0.0125000000,0.0125000000,0.0125000000,0.0125000000,0.0125000000,0.0125000000,0.0125000000,0.0125000000,0.0125000000,0.0125000000,0.0125000000,0.0125000000,0.0125000000,0.0125000000,0.0125000000,0.0125000000,0.0125000000,0.0125000000,0.0125000000,0.0125000000,0.0125000000,0.0125000000,0.0125000000,0.0125000000,0.0125000000,0.0125000000,0.0125000000,0.0125000000,0.0125000000,0.0125000000,0.0125000000,0.0125000000,0.0125000000,0.0125000000,0.0125000000,0.0125000000,0.0125000000,0.0125000000,0.0125000000,0.0125000000,0.0125000000,0.0125000000,0.0125000000,0.0125000000,0.0125000000,0.0125000000,0.0125000000,0.0125000000,0.0125000000,0.0125000000,0.0125000000,0.0125000000,0.0125000000,0.0125000000,0.0125000000,0.0125000000,0.0125000000,0.0125000000,0.0125000000,0.0125000000,0.0125000000,0.0125000000,0.0125000000,0.0125000000,0.0125000000,0.0125000000,0.0125000000,0.0125000000,0.0125000000,0.0125000000,0.0125000000,0.0125000000,0.0125000000,0.0125000000,0.0125000000,0.0125000000,0.0125000000,0.0125000000
2023-09-15,0.0125000000,0.0125000000,0.0125000000,0.0125000000,0.0125000000,0.0125000000,0.0125000000,0.0125000000,0.0125000000,0.0125000000,0.0125000000,0.0125000000,0.0125000000,0.0125000000,0.0125000000,0.0125000000,0.0125000000,0.0125000000,0.0125000000,0.0125000000,0.0125000000,0.0125000000,0.0125000000,0.0125000000,0.0125000000,0.0125000000,0.0125000000,0.0125000000,0.0125000000,0.0125000000,0.0125000000,0.0125000000,0.0125000000,0.0125000000,0.0125000000,0.0125000000,0.0125000000,0.0125000000,0.0125000000,0.0125000000,0.0125000000,0.0125000000,0.0125000000,0.0125000000,0.0125000000,0.0125000000,0.0125000000,0.0125000000,0.0125000000,0.0125000000,0.0125000000,0.0125000000,0.0125000000,0.0125000000,0.0125000000,0.0125000000,0.0125000000,0.0125000000,0.0125000000,0.0125000000,0.0125000000,0.0125000000,0.0125000000,0.0125000000,0.0125000000,0.0125000000,0.0125000000,0.0125000000,0.0125000000,0.0125000000,0.0125000000,0.0125000000,0.0125000000,0.0125000000,0.0125000000,0.0125000000,0.0125000000,0.0125000000,0.0125000000,0.0125000000
2023-09-22,0.0125000000,0.0125000000,0.0125000000,0.0125000000,0.0125000000,0.0125000000,0.0125000000,0.0125000000,0.0125000000,0.0125000000,0.0125000000,0.0125000000,0.0125000000,0.0125000000,0.0125000000,0.0125000000,0.0125000000,0.0125000000,0.0125000000,0.0125000000,0.0125000000,0.0125000000,0.0125000000,0.0125000000,0.0125000000,0.0125000000,0.0125000000,0.0125000000,0.0125000000,0.0125000000,0.0125000000,0.0125000000,0.0125000000,0.0125000000,0.0125000000,0.0125000000,0.0125000000,0.0125000000,0.0125000000,0.0125000000,0.0125000000,0.0125000000,0.0125000000,0.0125000000,0.0125000000,0.0125000000,0.0125000000,0.0125000000,0.0125000000,0.0125000000,0.0125000000,0.0125000000,0.0125000000,0.0125000000,0.0125000000,0.0125000000,0.0125000000,0.0125000000,0.0125000000,0.0125000000,0.0125000000,0.0125000000,0.0125000000,0.0125000000,0.0125000000,0.0125000000,0.0125000000,0.0125000000,0.0125000000,0.0125000000,0.0125000000,0.0125000000,0.0125000000,0.0125000000,0.0125000000,0.0125000000,0.0125000000,0.0125000000,0.0125000000,0.0125000000
2023-09-29,0.0125000000,0.0125000000,0.0125000000,0.0125000000,0.0125000000,0.0125000000,0.0125000000,0.0125000000,0.0125000000,0.0125000000,0.0125000000,0.0125000000,0.0125000000,0.0125000000,0.0125000000,0.0125000000,0.0125000000,0.0125000000,0.0125000000,0.0125000000,0.0125000000,0.0125000000,0.0125000000,0.0125000000,0.0125000000,0.0125000000,0.0125000000,0.0125000000,0.0125000000,0.0125000000,0.0125000000,0.0125000000,0.0125000000,0.0125000000,0.0125000000,0.0125000000,0.0125000000,0.0125000000,0.0125000000,0.0125000000,0.0125000000,0.0125000000,0.0125000000,0.0125000000,0.0125000000,0.0125000000,0.0125000000,0.0125000000,0.0125000000,0.0125000000,0.0125000000,0.0125000000,0.0125000000,0.0125000000,0.0125000000,0.0125000000,0.0125000000,0.0125000000,0.0125000000,0.0125000000,0.0125000000,0.0125000000,0.0125000000,0.0125000000,0.0125000000,0.0125000000,0.0125000000,0.0125000000,0.0125000000,0.0125000000,0.0125000000,0.0125000000,0.0125000000,0.0125000000,0.0125000000,0.0125000000,0.0125000000,0.0125000000,0.0125000000,0.0125000000
2023-10-06,0.0125000000,0.0125000000,0.0125000000,0.0125000000,0.0125000000,0.0125000000,0.0125000000,0.0125000000,0.0125000000,0.0125000000,0.0125000000,0.0125000000,0.0125000000,0.0125000000,0.0125000000,0.0125000000,0.0125000000,0.0125000000,0.0125000000,0.0125000000,0.0125000000,0.0125000000,0.0125000000,0.0125000000,0.0125000000,0.0125000000,0.0125000000,0.0125000000,0.0125000000,0.0125000000,0.0125000000,0.0125000000,0.0125000000,0.0125000000,0.0125000000,0.0125000000,0.0125000000,0.0125000000,0.0125000000,0.0125000000,0.0125000000,0.0125000000,0.0125000000,0.0125000000,0.0125000000,0.0125000000,0.0125000000,0.0125000000,0.0125000000,0.0125000000,0.0125000000,0.0125000000,0.0125000000,0.0125000000,0.0125000000,0.0125000000,0.0125000000,0.0125000000,0.0125000000,0.0125000000,0.0125000000,0.0125000000,0.0125000000,0.0125000000,0.0125000000,0.0125000000,0.0125000000,0.0125000000,0.0125000000,0.0125000000,0.0125000000,0.0125000000,0.0125000000,0.0125000000,0.0125000000,0.0125000000,0.0125000000,0.0125000000,0.0125000000,0.0125000000
2023-10-13,0.0125000000,0.0125000000,0.0125000000,0.0125000000,0.0125000000,0.0125000000,0.0125000000,0.0125000000,0.0125000000,0.0125000000,0.0125000000,0.0125000000,0.0125000000,0.0125000000,0.0125000000,0.0125000000,0.0125000000,0.0125000000,0.0125000000,0.0125000000,0.0125000000,0.0125000000,0.0125000000,0.0125000000,0.0125000000,0.0125000000,0.0125000000,0.0125000000,0.0125000000,0.0125000000,0.0125000000,0.0125000000,0.0125000000,0.0125000000,0.0125000000,0.0125000000,0.0125000000,0.0125000000,0.0125000000,0.0125000000,0.0125000000,0.0125000000,0.0125000000,0.0125000000,0.0125000000,0.0125000000,0.0125000000,0.0125000000,0.0125000000,0.0125000000,0.0125000000,0.0125000000,0.0125000000,0.0125000000,0.0125000000,0.0125000000,0.0125000000,0.0125000000,0.0125000000,0.0125000000,0.0125000000,0.0125000000,0.0125000000,0.0125000000,0.0125000000,0.0125000000,0.0125000000,0.0125000000,0.0125000000,0.0125000000,0.0125000000,0.0125000000,0.0125000000,0.0125000000,0.0125000000,0.0125000000,0.0125000000,0.0125000000,0.0125000000,0.0125000000
2023-10-20,0.0125000000,0.0125000000,0.0125000000,0.0125000000,0.0125000000,0.0125000000,0.0125000000,0.0125000000,0.0125000000,0.0125000000,0.0125000000,0.0125000000,0.0125000000,0.0125000000,0.0125000000,0.0125000000,0.0125000000,0.0125000000,0.0125000000,0.0125000000,0.0125000000,0.0125000000,0.0125000000,0.0125000000,0.0125000000,0.0125000000,0.0125000000,0.0125000000,0.0125000000,0.0125000000,0.0125000000,0.0125000000,0.0125000000,0.0125000000,0.0125000000,0.0125000000,0.0125000000,0.0125000000,0.0125000000,0.0125000000,0.0125000000,0.0125000000,0.0125000000,0.0125000000,0.0125000000,0.0125000000,0.0125000000,0.0125000000,0.0125000000,0.0125000000,0.0125000000,0.0125000000,0.0125000000,0.0125000000,0.0125000000,0.0125000000,0.0125000000,0.0125000000,0.0125000000,0.0125000000,0.0125000000,0.0125000000,0.0125000000,0.0125000000,0.0125000000,0.0125000000,0.0125000000,0.0125000000,0.0125000000,0.0125000000,0.0125000000,0.0125000000,0.0125000000,0.0125000000,0.0125000000,0.0125000000,0.0125000000,0.0125000000,0.0125000000,0.0125000000
2023-10-27,0.0125000000,0.0125000000,0.0125000000,0.0125000000,0.0125000000,0.0125000000,0.0125000000,0.0125000000,0.0125000000,0.0125000000,0.0125000000,0.0125000000,0.0125000000,0.0125000000,0.0125000000,0.0125000000,0.0125000000,0.0125000000,0.0125000000,0.0125000000,0.0125000000,0.0125000000,0.0125000000,0.0125000000,0.0125000000,0.0125000000,0.0125000000,0.0125000000,0.0125000000,0.0125000000,0.0125000000,0.0125000000,0.0125000000,0.0125000000,0.0125000000,0.0125000000,0.0125000000,0.0125000000,0.0125000000,0.0125000000,0.0125000000,0.0125000000,0.0125000000,0.0125000000,0.0125000000,0.0125000000,0.0125000000,0.0125000000,0.0125000000,0.0125000000,0.0125000000,0.0125000000,0.0125000000,0.0125000000,0.0125000000,0.0125000000,0.0125000000,0.0125000000,0.0125000000,0.0125000000,0.0125000000,0.0125000000,0.0125000000,0.0125000000,0.0125000000,0.0125000000,0.0125000000,0.0125000000,0.0125000000,0.0125000000,0.0125000000,0.0125000000,0.0125000000,0.0125000000,0.0125000000,0.0125000000,0.0125000000,0.0125000000,0.0125000000,0.0125000000
2023-11-03,0.0125000000,0.0125000000,0.0125000000,0.0125000000,0.0125000000,0.0125000000,0.0125000000,0.0125000000,0.0125000000,0.0125000000,0.0125000000,0.0125000000,0.0125000000,0.0125000000,0.0125000000,0.0125000000,0.0125000000,0.0125000000,0.0125000000,0.0125000000,0.0125000000,0.0125000000,0.0125000000,0.0125000000,0.0125000000,0.0125000000,0.0125000000,0.0125000000,0.0125000000,0.0125000000,0.0125000000,0.0125000000,0.0125000000,0.0125000000,0.0125000000,0.0125000000,0.0125000000,0.0125000000,0.0125000000,0.0125000000,0.0125000000,0.0125000000,0.0125000000,0.0125000000,0.0125000000,0.0125000000,0.0125000000,0.0125000000,0.0125000000,0.0125000000,0.0125000000,0.0125000000,0.0125000000,0.0125000000,0.0125000000,0.0125000000,0.0125000000,0.0125000000,0.0125000000,0.0125000000,0.0125000000,0.0125000000,0.0125000000,0.0125000000,0.0125000000,0.0125000000,0.0125000000,0.0125000000,0.0125000000,0.0125000000,0.0125000000,0.0125000000,0.0125000000,0.0125000000,0.0125000000,0.0125000000,0.0125000000,0.0125000000,0.0125000000,0.0125000000
2023-11-10,0.0125000000,0.0125000000,0.0125000000,0.0125000000,0.0125000000,0.0125000000,0.0125000000,0.0125000000,0.0125000000,0.0125000000,0.0125000000,0.0125000000,0.0125000000,0.0125000000,0.0125000000,0.0125000000,0.0125000000,0.0125000000,0.0125000000,0.0125000000,0.0125000000,0.0125000000,0.0125000000,0.0125000000,0.0125000000,0.0125000000,0.0125000000,0.0125000000,0.0125000000,0.0125000000,0.0125000000,0.0125000000,0.0125000000,0.0125000000,0.0125000000,0.0125000000,0.0125000000,0.0125000000,0.0125000000,0.0125000000,0.0125000000,0.0125000000,0.0125000000,0.0125000000,0.0125000000,0.0125000000,0.0125000000,0.0125000000,0.0125000000,0.0125000000,0.0125000000,0.0125000000,0.0125000000,0.0125000000,0.0125000000,0.0125000000,0.0125000000,0.0125000000,0.0125000000,0.0125000000,0.0125000000,0.0125000000,0.0125000000,0.0125000000,0.0125000000,0.0125000000,0.0125000000,0.0125000000,0.0125000000,0.0125000000,0.0125000000,0.0125000000,0.0125000000,0.0125000000,0.0125000000,0.0125000000,0.0125000000,0.0125000000,0.0125000000,0.0125000000
2023-11-17,0.0125000000,0.0125000000,0.0125000000,0.0125000000,0.0125000000,0.0125000000,0.0125000000,0.0125000000,0.0125000000,0.0125000000,0.0125000000,0.0125000000,0.0125000000,0.0125000000,0.0125000000,0.0125000000,0.0125000000,0.0125000000,0.0125000000,0.0125000000,0.0125000000,0.0125000000,0.0125000000,0.0125000000,0.0125000000,0.0125000000,0.0125000000,0.0125000000,0.0125000000,0.0125000000,0.0125000000,0.0125000000,0.0125000000,0.0125000000,0.0125000000,0.0125000000,0.0125000000,0.0125000000,0.0125000000,0.0125000000,0.0125000000,0.0125000000,0.0125000000,0.0125000000,0.0125000000,0.0125000000,0.0125000000,0.0125000000,0.0125000000,0.0125000000,0.0125000000,0.0125000000,0.0125000000,0.0125000000,0.0125000000,0.0125000000,0.0125000000,0.0125000000,0.0125000000,0.0125000000,0.0125000000,0.0125000000,0.0125000000,0.0125000000,0.0125000000,0.0125000000,0.0125000000,0.0125000000,0.0125000000,0.0125000000,0.0125000000,0.0125000000,0.0125000000,0.0125000000,0.0125000000,0.0125000000,0.0125000000,0.0125000000,0.0125000000,0.0125000000
2023-11-24,0.0125000000,0.0125000000,0.0125000000,0.0125000000,0.0125000000,0.0125000000,0.0125000000,0.0125000000,0.0125000000,0.0125000000,0.0125000000,0.0125000000,0.0125000000,0.0125000000,0.0125000000,0.0125000000,0.0125000000,0.0125000000,0.0125000000,0.0125000000,0.0125000000,0.0125000000,0.0125000000,0.0125000000,0.0125000000,0.0125000000,0.0125000000,0.0125000000,0.0125000000,0.0125000000,0.0125000000,0.0125000000,0.0125000000,0.0125000000,0.0125000000,0.0125000000,0.0125000000,0.0125000000,0.0125000000,0.0125000000,0.0125000000,0.0125000000,0.0125000000,0.0125000000,0.0125000000,0.0125000000,0.0125000000,0.0125000000,0.0125000000,0.0125000000,0.0125000000,0.0125000000,0.0125000000,0.0125000000,0.0125000000,0.0125000000,0.0125000000,0.0125000000,0.0125000000,0.0125000000,0.0125000000,0.0125000000,0.0125000000,0.0125000000,0.0125000000,0.0125000000,0.0125000000,0.0125000000,0.0125000000,0.0125000000,0.0125000000,0.0125000000,0.0125000000,0.0125000000,0.0125000000,0.0125000000,0.0125000000,0.0125000000,0.0125000000,0.0125000000
2023-12-01,0.0125000000,0.0125000000,0.0125000000,0.0125000000,0.0125000000,0.0125000000,0.0125000000,0.0125000000,0.0125000000,0.0125000000,0.0125000000,0.0125000000,0.0125000000,0.0125000000,0.0125000000,0.0125000000,0.0125000000,0.0125000000,0.0125000000,0.0125000000,0.0125000000,0.0125000000,0.0125000000,0.0125000000,0.0125000000,0.0125000000,0.0125000000,0.0125000000,0.0125000000,0.0125000000,0.0125000000,0.0125000000,0.0125000000,0.0125000000,0.0125000000,0.0125000000,0.0125000000,0.0125000000,0.0125000000,0.0125000000,0.0125000000,0.0125000000,0.0125000000,0.0125000000,0.0125000000,0.0125000000,0.0125000000,0.0125000000,0.0125000000,0.0125000000,0.0125000000,0.0125000000,0.0125000000,0.0125000000,0.0125000000,0.0125000000,0.0125000000,0.0125000000,0.0125000000,0.0125000000,0.0125000000,0.0125000000,0.0125000000,0.0125000000,0.0125000000,0.0125000000,0.0125000000,0.0125000000,0.0125000000,0.0125000000,0.0125000000,0.0125000000,0.0125000000,0.0125000000,0.0125000000,0.0125000000,0.0125000000,0.0125000000,0.0125000000,0.0125000000
2023-12-08,0.0125000000,0.0125000000,0.0125000000,0.0125000000,0.0125000000,0.0125000000,0.0125000000,0.0125000000,0.0125000000,0.0125000000,0.0125000000,0.0125000000,0.0125000000,0.0125000000,0.0125000000,0.0125000000,0.0125000000,0.0125000000,0.0125000000,0.0125000000,0.0125000000,0.0125000000,0.0125000000,0.0125000000,0.0125000000,0.0125000000,0.0125000000,0.0125000000,0.0125000000,0.0125000000,0.0125000000,0.0125000000,0.0125000000,0.0125000000,0.0125000000,0.0125000000,0.0125000000,0.0125000000,0.0125000000,0.0125000000,0.0125000000,0.0125000000,0.0125000000,0.0125000000,0.0125000000,0.0125000000,0.0125000000,0.0125000000,0.0125000000,0.0125000000,0.0125000000,0.0125000000,0.0125000000,0.0125000000,0.0125000000,0.0125000000,0.0125000000,0.0125000000,0.0125000000,0.0125000000,0.0125000000,0.0125000000,0.0125000000,0.0125000000,0.0125000000,0.0125000000,0.0125000000,0.0125000000,0.0125000000,0.0125000000,0.0125000000,0.0125000000,0.0125000000,0.0125000000,0.0125000000,0.0125000000,0.0125000000,0.0125000000,0.0125000000,0.0125000000
2023-12-15,0.0125000000,0.0125000000,0.0125000000,0.0125000000,0.0125000000,0.0125000000,0.0125000000,0.0125000000,0.0125000000,0.0125000000,0.0125000000,0.0125000000,0.0125000000,0.0125000000,0.0125000000,0.0125000000,0.0125000000,0.0125000000,0.0125000000,0.0125000000,0.0125000000,0.0125000000,0.0125000000,0.0125000000,0.0125000000,0.0125000000,0.0125000000,0.0125000000,0.0125000000,0.0125000000,0.0125000000,0.0125000000,0.0125000000,0.0125000000,0.0125000000,0.0125000000,0.0125000000,0.0125000000,0.0125000000,0.0125000000,0.0125000000,0.0125000000,0.0125000000,0.0125000000,0.0125000000,0.0125000000,0.0125000000,0.0125000000,0.0125000000,0.0125000000,0.0125000000,0.0125000000,0.0125000000,0.0125000000,0.0125000000,0.0125000000,0.0125000000,0.0125000000,0.0125000000,0.0125000000,0.0125000000,0.0125000000,0.0125000000,0.0125000000,0.0125000000,0.0125000000,0.0125000000,0.0125000000,0.0125000000,0.0125000000,0.0125000000,0.0125000000,0.0125000000,0.0125000000,0.0125000000,0.0125000000,0.0125000000,0.0125000000,0.0125000000,0.0125000000
2023-12-22,0.0125000000,0.0125000000,0.0125000000,0.0125000000,0.0125000000,0.0125000000,0.0125000000,0.0125000000,0.0125000000,0.0125000000,0.0125000000,0.0125000000,0.0125000000,0.0125000000,0.0125000000,0.0125000000,0.0125000000,0.0125000000,0.0125000000,0.0125000000,0.0125000000,0.0125000000,0.0125000000,0.0125000000,0.0125000000,0.0125000000,0.0125000000,0.0125000000,0.0125000000,0.0125000000,0.0125000000,0.0125000000,0.0125000000,0.0125000000,0.0125000000,0.0125000000,0.0125000000,0.0125000000,0.0125000000,0.0125000000,0.0125000000,0.0125000000,0.0125000000,0.0125000000,0.0125000000,0.0125000000,0.0125000000,0.0125000000,0.0125000000,0.0125000000,0.0125000000,0.0125000000,0.0125000000,0.0125000000,0.0125000000,0.0125000000,0.0125000000,0.0125000000,0.0125000000,0.0125000000,0.0125000000,0.0125000000,0.0125000000,0.0125000000,0.0125000000,0.0125000000,0.0125000000,0.0125000000,0.0125000000,0.0125000000,0.0125000000,0.0125000000,0.0125000000,0.0125000000,0.0125000000,0.0125000000,0.0125000000,0.0125000000,0.0125000000,0.0125000000
2023-12-29,0.0125000000,0.0125000000,0.0125000000,0.0125000000,0.0125000000,0.0125000000,0.0125000000,0.0125000000,0.0125000000,0.0125000000,0.0125000000,0.0125000000,0.0125000000,0.0125000000,0.0125000000,0.0125000000,0.0125000000,0.0125000000,0.0125000000,0.0125000000,0.0125000000,0.0125000000,0.0125000000,0.0125000000,0.0125000000,0.0125000000,0.0125000000,0.0125000000,0.0125000000,0.0125000000,0.0125000000,0.0125000000,0.0125000000,0.0125000000,0.0125000000,0.0125000000,0.0125000000,0.0125000000,0.0125000000,0.0125000000,0.0125000000,0.0125000000,0.0125000000,0.0125000000,0.0125000000,0.0125000000,0.0125000000,0.0125000000,0.0125000000,0.0125000000,0.0125000000,0.0125000000,0.0125000000,0.0125000000,0.0125000000,0.0125000000,0.0125000000,0.0125000000,0.0125000000,0.0125000000,0.0125000000,0.0125000000,0.0125000000,0.0125000000,0.0125000000,0.0125000000,0.0125000000,0.0125000000,0.0125000000,0.0125000000,0.0125000000,0.0125000000,0.0125000000,0.0125000000,0.0125000000,0.0125000000,0.0125000000,0.0125000000,0.0125000000,0.0125000000
2024-01-05,0.0125000000,0.0125000000,0.0125000000,0.0125000000,0.0125000000,0.0125000000,0.0125000000,0.0125000000,0.0125000000,0.0125000000,0.0125000000,0.0125000000,0.0125000000,0.0125000000,0.0125000000,0.0125000000,0.0125000000,0.0125000000,0.0125000000,0.0125000000,0.0125000000,0.0125000000,0.0125000000,0.0125000000,0.0125000000,0.0125000000,0.0125000000,0.0125000000,0.0125000000,0.0125000000,0.0125000000,0.0125000000,0.0125000000,0.0125000000,0.0125000000,0.0125000000,0.0125000000,0.0125000000,0.0125000000,0.0125000000,0.0125000000,0.0125000000,0.0125000000,0.0125000000,0.0125000000,0.0125000000,0.0125000000,0.0125000000,0.0125000000,0.0125000000,0.0125000000,0.0125000000,0.0125000000,0.0125000000,0.0125000000,0.0125000000,0.0125000000,0.0125000000,0.0125000000,0.0125000000,0.0125000000,0.0125000000,0.0125000000,0.0125000000,0.0125000000,0.0125000000,0.0125000000,0.0125000000,0.0125000000,0.0125000000,0.0125000000,0.0125000000,0.0125000000,0.0125000000,0.0125000000,0.0125000000,0.0125000000,0.0125000000,0.0125000000,0.0125000000
2024-01-12,0.0125000000,0.0125000000,0.0125000000,0.0125000000,0.0125000000,0.0125000000,0.0125000000,0.0125000000,0.0125000000,0.0125000000,0.0125000000,0.0125000000,0.0125000000,0.0125000000,0.0125000000,0.0125000000,0.0125000000,0.0125000000,0.0125000000,0.0125000000,0.0125000000,0.0125000000,0.0125000000,0.0125000000,0.0125000000,0.0125000000,0.0125000000,0.0125000000,0.0125000000,0.0125000000,0.0125000000,0.0125000000,0.0125000000,0.0125000000,0.0125000000,0.0125000000,0.0125000000,0.0125000000,0.0125000000,0.0125000000,0.0125000000,0.0125000000,0.0125000000,0.0125000000,0.0125000000,0.0125000000,0.0125000000,0.0125000000,0.0125000000,0.0125000000,0.0125000000,0.0125000000,0.0125000000,0.0125000000,0.0125000000,0.0125000000,0.0125000000,0.0125000000,0.0125000000,0.0125000000,0.0125000000,0.0125000000,0.0125000000,0.0125000000,0.0125000000,0.0125000000,0.0125000000,0.0125000000,0.0125000000,0.0125000000,0.0125000000,0.0125000000,0.0125000000,0.0125000000,0.0125000000,0.0125000000,0.0125000000,0.0125000000,0.0125000000,0.0125000000
2024-01-19,0.0125000000,0.0125000000,0.0125000000,0.0125000000,0.0125000000,0.0125000000,0.0125000000,0.0125000000,0.0125000000,0.0125000000,0.0125000000,0.0125000000,0.0125000000,0.0125000000,0.0125000000,0.0125000000,0.0125000000,0.0125000000,0.0125000000,0.0125000000,0.0125000000,0.0125000000,0.0125000000,0.0125000000,0.0125000000,0.0125000000,0.0125000000,0.0125000000,0.0125000000,0.0125000000,0.0125000000,0.0125000000,0.0125000000,0.0125000000,0.0125000000,0.0125000000,0.0125000000,0.0125000000,0.0125000000,0.0125000000,0.0125000000,0.0125000000,0.0125000000,0.0125000000,0.0125000000,0.0125000000,0.0125000000,0.0125000000,0.0125000000,0.0125000000,0.0125000000,0.0125000000,0.0125000000,0.0125000000,0.0125000000,0.0125000000,0.0125000000,0.0125000000,0.0125000000,0.0125000000,0.0125000000,0.0125000000,0.0125000000,0.0125000000,0.0125000000,0.0125000000,0.0125000000,0.0125000000,0.0125000000,0.0125000000,0.0125000000,0.0125000000,0.0125000000,0.0125000000,0.0125000000,0.0125000000,0.0125000000,0.0125000000,0.0125000000,0.0125000000
2024-01-26,0.0125000000,0.0125000000,0.0125000000,0.0125000000,0.0125000000,0.0125000000,0.0125000000,0.0125000000,0.0125000000,0.0125000000,0.0125000000,0.0125000000,0.0125000000,0.0125000000,0.0125000000,0.0125000000,0.0125000000,0.0125000000,0.0125000000,0.0125000000,0.0125000000,0.0125000000,0.0125000000,0.0125000000,0.0125000000,0.0125000000,0.0125000000,0.0125000000,0.0125000000,0.0125000000,0.0125000000,0.0125000000,0.0125000000,0.0125000000,0.0125000000,0.0125000000,0.0125000000,0.0125000000,0.0125000000,0.0125000000,0.0125000000,0.0125000000,0.0125000000,0.0125000000,0.0125000000,0.0125000000,0.0125000000,0.0125000000,0.0125000000,0.0125000000,0.0125000000,0.0125000000,0.0125000000,0.0125000000,0.0125000000,0.0125000000,0.0125000000,0.0125000000,0.0125000000,0.0125000000,0.0125000000,0.0125000000,0.0125000000,0.0125000000,0.0125000000,0.0125000000,0.0125000000,0.0125000000,0.0125000000,0.0125000000,0.0125000000,0.0125000000,0.0125000000,0.0125000000,0.0125000000,0.0125000000,0.0125000000,0.0125000000,0.0125000000,0.0125000000
2024-02-02,0.0125000000,0.0125000000,0.0125000000,0.0125000000,0.0125000000,0.0125000000,0.0125000000,0.0125000000,0.0125000000,0.0125000000,0.0125000000,0.0125000000,0.0125000000,0.0125000000,0.0125000000,0.0125000000,0.0125000000,0.0125000000,0.0125000000,0.0125000000,0.0125000000,0.0125000000,0.0125000000,0.0125000000,0.0125000000,0.0125000000,0.0125000000,0.0125000000,0.0125000000,0.0125000000,0.0125000000,0.0125000000,0.0125000000,0.0125000000,0.0125000000,0.0125000000,0.0125000000,0.0125000000,0.0125000000,0.0125000000,0.0125000000,0.0125000000,0.0125000000,0.0125000000,0.0125000000,0.0125000000,0.0125000000,0.0125000000,0.0125000000,0.0125000000,0.0125000000,0.0125000000,0.0125000000,0.0125000000,0.0125000000,0.0125000000,0.0125000000,0.0125000000,0.0125000000,0.0125000000,0.0125000000,0.0125000000,0.0125000000,0.0125000000,0.0125000000,0.0125000000,0.0125000000,0.0125000000,0.0125000000,0.0125000000,0.0125000000,0.0125000000,0.0125000000,0.0125000000,0.0125000000,0.0125000000,0.0125000000,0.0125000000,0.0125000000,0.0125000000
2024-02-09,0.0125000000,0.0125000000,0.0125000000,0.0125000000,0.0125000000,0.0125000000,0.0125000000,0.0125000000,0.0125000000,0.0125000000,0.0125000000,0.0125000000,0.0125000000,0.0125000000,0.0125000000,0.0125000000,0.0125000000,0.0125000000,0.0125000000,0.0125000000,0.0125000000,0.0125000000,0.0125000000,0.0125000000,0.0125000000,0.0125000000,0.0125000000,0.0125000000,0.0125000000,0.0125000000,0.0125000000,0.0125000000,0.0125000000,0.0125000000,0.0125000000,0.0125000000,0.0125000000,0.0125000000,0.0125000000,0.0125000000,0.0125000000,0.0125000000,0.0125000000,0.0125000000,0.0125000000,0.0125000000,0.0125000000,0.0125000000,0.0125000000,0.0125000000,0.0125000000,0.0125000000,0.0125000000,0.0125000000,0.0125000000,0.0125000000,0.0125000000,0.0125000000,0.0125000000,0.0125000000,0.0125000000,0.0125000000,0.0125000000,0.0125000000,0.0125000000,0.0125000000,0.0125000000,0.0125000000,0.0125000000,0.0125000000,0.0125000000,0.0125000000,0.0125000000,0.0125000000,0.0125000000,0.0125000000,0.0125000000,0.0125000000,0.0125000000,0.0125000000
2024-02-16,0.0125000000,0.0125000000,0.0125000000,0.0125000000,0.0125000000,0.0125000000,0.0125000000,0.0125000000,0.0125000000,0.0125000000,0.0125000000,0.0125000000,0.0125000000,0.0125000000,0.0125000000,0.0125000000,0.0125000000,0.0125000000,0.0125000000,0.0125000000,0.0125000000,0.0125000000,0.0125000000,0.0125000000,0.0125000000,0.0125000000,0.0125000000,0.0125000000,0.0125000000,0.0125000000,0.0125000000,0.0125000000,0.0125000000,0.0125000000,0.0125000000,0.0125000000,0.0125000000,0.0125000000,0.0125000000,0.0125000000,0.0125000000,0.0125000000,0.0125000000,0.0125000000,0.0125000000,0.0125000000,0.0125000000,0.0125000000,0.0125000000,0.0125000000,0.0125000000,0.0125000000,0.0125000000,0.0125000000,0.0125000000,0.0125000000,0.0125000000,0.0125000000,0.0125000000,0.0125000000,0.0125000000,0.0125000000,0.0125000000,0.0125000000,0.0125000000,0.0125000000,0.0125000000,0.0125000000,0.0125000000,0.0125000000,0.0125000000,0.0125000000,0.0125000000,0.0125000000,0.0125000000,0.0125000000,0.0125000000,0.0125000000,0.0125000000,0.0125000000
2024-02-23,0.0125000000,0.0125000000,0.0125000000,0.0125000000,0.0125000000,0.0125000000,0.0125000000,0.0125000000,0.0125000000,0.0125000000,0.0125000000,0.0125000000,0.0125000000,0.0125000000,0.0125000000,0.0125000000,0.0125000000,0.0125000000,0.0125000000,0.0125000000,0.0125000000,0.0125000000,0.0125000000,0.0125000000,0.0125000000,0.0125000000,0.0125000000,0.0125000000,0.0125000000,0.0125000000,0.0125000000,0.0125000000,0.0125000000,0.0125000000,0.0125000000,0.0125000000,0.0125000000,0.0125000000,0.0125000000,0.0125000000,0.0125000000,0.0125000000,0.0125000000,0.0125000000,0.0125000000,0.0125000000,0.0125000000,0.0125000000,0.0125000000,0.0125000000,0.0125000000,0.0125000000,0.0125000000,0.0125000000,0.0125000000,0.0125000000,0.0125000000,0.0125000000,0.0125000000,0.0125000000,0.0125000000,0.0125000000,0.0125000000,0.0125000000,0.0125000000,0.0125000000,0.0125000000,0.0125000000,0.0125000000,0.0125000000,0.0125000000,0.0125000000,0.0125000000,0.0125000000,0.0125000000,0.0125000000,0.0125000000,0.0125000000,0.0125000000,0.0125000000
2024-03-01,0.0125000000,0.0125000000,0.0125000000,0.0125000000,0.0125000000,0.0125000000,0.0125000000,0.0125000000,0.0125000000,0.0125000000,0.0125000000,0.0125000000,0.0125000000,0.0125000000,0.0125000000,0.0125000000,0.0125000000,0.0125000000,0.0125000000,0.0125000000,0.0125000000,0.0125000000,0.0125000000,0.0125000000,0.0125000000,0.0125000000,0.0125000000,0.0125000000,0.0125000000,0.0125000000,0.0125000000,0.0125000000,0.0125000000,0.0125000000,0.0125000000,0.0125000000,0.0125000000,0.0125000000,0.0125000000,0.0125000000,0.0125000000,0.0125000000,0.0125000000,0.0125000000,0.0125000000,0.0125000000,0.0125000000,0.0125000000,0.0125000000,0.0125000000,0.0125000000,0.0125000000,0.0125000000,0.0125000000,0.0125000000,0.0125000000,0.0125000000,0.0125000000,0.0125000000,0.0125000000,0.0125000000,0.0125000000,0.0125000000,0.0125000000,0.0125000000,0.0125000000,0.0125000000,0.0125000000,0.0125000000,0.0125000000,0.0125000000,0.0125000000,0.0125000000,0.0125000000,0.0125000000,0.0125000000,0.0125000000,0.0125000000,0.0125000000,0.0125000000
2024-03-08,0.0125000000,0.0125000000,0.0125000000,0.0125000000,0.0125000000,0.0125000000,0.0125000000,0.0125000000,0.0125000000,0.0125000000,0.0125000000,0.0125000000,0.0125000000,0.0125000000,0.0125000000,0.0125000000,0.0125000000,0.0125000000,0.0125000000,0.0125000000,0.0125000000,0.0125000000,0.0125000000,0.0125000000,0.0125000000,0.0125000000,0.0125000000,0.0125000000,0.0125000000,0.0125000000,0.0125000000,0.0125000000,0.0125000000,0.0125000000,0.0125000000,0.0125000000,0.0125000000,0.0125000000,0.0125000000,0.0125000000,0.0125000000,0.0125000000,0.0125000000,0.0125000000,0.0125000000,0.0125000000,0.0125000000,0.0125000000,0.0125000000,0.0125000000,0.0125000000,0.0125000000,0.0125000000,0.0125000000,0.0125000000,0.0125000000,0.0125000000,0.0125000000,0.0125000000,0.0125000000,0.0125000000,0.0125000000,0.0125000000,0.0125000000,0.0125000000,0.0125000000,0.0125000000,0.0125000000,0.0125000000,0.0125000000,0.0125000000,0.0125000000,0.0125000000,0.0125000000,0.0125000000,0.0125000000,0.0125000000,0.0125000000,0.0125000000,0.0125000000
2024-03-15,0.0125000000,0.0125000000,0.0125000000,0.0125000000,0.0125000000,0.0125000000,0.0125000000,0.0125000000,0.0125000000,0.0125000000,0.0125000000,0.0125000000,0.0125000000,0.0125000000,0.0125000000,0.0125000000,0.0125000000,0.0125000000,0.0125000000,0.0125000000,0.0125000000,0.0125000000,0.0125000000,0.0125000000,0.0125000000,0.0125000000,0.0125000000,0.0125000000,0.0125000000,0.0125000000,0.0125000000,0.0125000000,0.0125000000,0.0125000000,0.0125000000,0.0125000000,0.0125000000,0.0125000000,0.0125000000,0.0125000000,0.0125000000,0.0125000000,0.0125000000,0.0125000000,0.0125000000,0.0125000000,0.0125000000,0.0125000000,0.0125000000,0.0125000000,0.0125000000,0.0125000000,0.0125000000,0.0125000000,0.0125000000,0.0125000000,0.0125000000,0.0125000000,0.0125000000,0.0125000000,0.0125000000,0.0125000000,0.0125000000,0.0125000000,0.0125000000,0.0125000000,0.0125000000,0.0125000000,0.0125000000,0.0125000000,0.0125000000,0.0125000000,0.0125000000,0.0125000000,0.0125000000,0.0125000000,0.0125000000,0.0125000000,0.0125000000,0.0125000000
2024-03-22,0.0125000000,0.0125000000,0.0125000000,0.0125000000,0.0125000000,0.0125000000,0.0125000000,0.0125000000,0.0125000000,0.0125000000,0.0125000000,0.0125000000,0.0125000000,0.0125000000,0.0125000000,0.0125000000,0.0125000000,0.0125000000,0.0125000000,0.0125000000,0.0125000000,0.0125000000,0.0125000000,0.0125000000,0.0125000000,0.0125000000,0.0125000000,0.0125000000,0.0125000000,0.0125000000,0.0125000000,0.0125000000,0.0125000000,0.0125000000,0.0125000000,0.0125000000,0.0125000000,0.0125000000,0.0125000000,0.0125000000,0.0125000000,0.0125000000,0.0125000000,0.0125000000,0.0125000000,0.0125000000,0.0125000000,0.0125000000,0.0125000000,0.0125000000,0.0125000000,0.0125000000,0.0125000000,0.0125000000,0.0125000000,0.0125000000,0.0125000000,0.0125000000,0.0125000000,0.0125000000,0.0125000000,0.0125000000,0.0125000000,0.0125000000,0.0125000000,0.0125000000,0.0125000000,0.0125000000,0.0125000000,0.0125000000,0.0125000000,0.0125000000,0.0125000000,0.0125000000,0.0125000000,0.0125000000,0.0125000000,0.0125000000,0.0125000000,0.0125000000
2024-03-29,0.0125000000,0.0125000000,0.0125000000,0.0125000000,0.0125000000,0.0125000000,0.0125000000,0.0125000000,0.0125000000,0.0125000000,0.0125000000,0.0125000000,0.0125000000,0.0125000000,0.0125000000,0.0125000000,0.0125000000,0.0125000000,0.0125000000,0.0125000000,0.0125000000,0.0125000000,0.0125000000,0.0125000000,0.0125000000,0.0125000000,0.0125000000,0.0125000000,0.0125000000,0.0125000000,0.0125000000,0.0125000000,0.0125000000,0.0125000000,0.0125000000,0.0125000000,0.0125000000,0.0125000000,0.0125000000,0.0125000000,0.0125000000,0.0125000000,0.0125000000,0.0125000000,0.0125000000,0.0125000000,0.0125000000,0.0125000000,0.0125000000,0.0125000000,0.0125000000,0.0125000000,0.0125000000,0.0125000000,0.0125000000,0.0125000000,0.0125000000,0.0125000000,0.0125000000,0.0125000000,0.0125000000,0.0125000000,0.0125000000,0.0125000000,0.0125000000,0.0125000000,0.0125000000,0.0125000000,0.0125000000,0.0125000000,0.0125000000,0.0125000000,0.0125000000,0.0125000000,0.0125000000,0.0125000000,0.0125000000,0.0125000000,0.0125000000,0.0125000000
2024-04-05,0.0125000000,0.0125000000,0.0125000000,0.0125000000,0.0125000000,0.0125000000,0.0125000000,0.0125000000,0.0125000000,0.0125000000,0.0125000000,0.0125000000,0.0125000000,0.0125000000,0.0125000000,0.0125000000,0.0125000000,0.0125000000,0.0125000000,0.0125000000,0.0125000000,0.0125000000,0.0125000000,0.0125000000,0.0125000000,0.0125000000,0.0125000000,0.0125000000,0.0125000000,0.0125000000,0.0125000000,0.0125000000,0.0125000000,0.0125000000,0.0125000000,0.0125000000,0.0125000000,0.0125000000,0.0125000000,0.0125000000,0.0125000000,0.0125000000,0.0125000000,0.0125000000,0.0125000000,0.0125000000,0.0125000000,0.0125000000,0.0125000000,0.0125000000,0.0125000000,0.0125000000,0.0125000000,0.0125000000,0.0125000000,0.0125000000,0.0125000000,0.0125000000,0.0125000000,0.0125000000,0.0125000000,0.0125000000,0.0125000000,0.0125000000,0.0125000000,0.0125000000,0.0125000000,0.0125000000,0.0125000000,0.0125000000,0.0125000000,0.0125000000,0.0125000000,0.0125000000,0.0125000000,0.0125000000,0.0125000000,0.0125000000,0.0125000000,0.0125000000
2024-04-12,0.0125000000,0.0125000000,0.0125000000,0.0125000000,0.0125000000,0.0125000000,0.0125000000,0.0125000000,0.0125000000,0.0125000000,0.0125000000,0.0125000000,0.0125000000,0.0125000000,0.0125000000,0.0125000000,0.0125000000,0.0125000000,0.0125000000,0.0125000000,0.0125000000,0.0125000000,0.0125000000,0.0125000000,0.0125000000,0.0125000000,0.0125000000,0.0125000000,0.0125000000,0.0125000000,0.0125000000,0.0125000000,0.0125000000,0.0125000000,0.0125000000,0.0125000000,0.0125000000,0.0125000000,0.0125000000,0.0125000000,0.0125000000,0.0125000000,0.0125000000,0.0125000000,0.0125000000,0.0125000000,0.0125000000,0.0125000000,0.0125000000,0.0125000000,0.0125000000,0.0125000000,0.0125000000,0.0125000000,0.0125000000,0.0125000000,0.0125000000,0.0125000000,0.0125000000,0.0125000000,0.0125000000,0.0125000000,0.0125000000,0.0125000000,0.0125000000,0.0125000000,0.0125000000,0.0125000000,0.0125000000,0.0125000000,0.0125000000,0.0125000000,0.0125000000,0.0125000000,0.0125000000,0.0125000000,0.0125000000,0.0125000000,0.0125000000,0.0125000000
2024-04-19,0.0125000000,0.0125000000,0.0125000000,0.0125000000,0.0125000000,0.0125000000,0.0125000000,0.0125000000,0.0125000000,0.0125000000,0.0125000000,0.0125000000,0.0125000000,0.0125000000,0.0125000000,0.0125000000,0.0125000000,0.0125000000,0.0125000000,0.0125000000,0.0125000000,0.0125000000,0.0125000000,0.0125000000,0.0125000000,0.0125000000,0.0125000000,0.0125000000,0.0125000000,0.0125000000,0.0125000000,0.0125000000,0.0125000000,0.0125000000,0.0125000000,0.0125000000,0.0125000000,0.0125000000,0.0125000000,0.0125000000,0.0125000000,0.0125000000,0.0125000000,0.0125000000,0.0125000000,0.0125000000,0.0125000000,0.0125000000,0.0125000000,0.0125000000,0.0125000000,0.0125000000,0.0125000000,0.0125000000,0.0125000000,0.0125000000,0.0125000000,0.0125000000,0.0125000000,0.0125000000,0.0125000000,0.0125000000,0.0125000000,0.0125000000,0.0125000000,0.0125000000,0.0125000000,0.0125000000,0.0125000000,0.0125000000,0.0125000000,0.0125000000,0.0125000000,0.0125000000,0.0125000000,0.0125000000,0.0125000000,0.0125000000,0.0125000000,0.0125000000
2024-04-26,0.0125000000,0.0125000000,0.0125000000,0.0125000000,0.0125000000,0.0125000000,0.0125000000,0.0125000000,0.0125000000,0.0125000000,0.0125000000,0.0125000000,0.0125000000,0.0125000000,0.0125000000,0.0125000000,0.0125000000,0.0125000000,0.0125000000,0.0125000000,0.0125000000,0.0125000000,0.0125000000,0.0125000000,0.0125000000,0.0125000000,0.0125000000,0.0125000000,0.0125000000,0.0125000000,0.0125000000,0.0125000000,0.0125000000,0.0125000000,0.0125000000,0.0125000000,0.0125000000,0.0125000000,0.0125000000,0.0125000000,0.0125000000,0.0125000000,0.0125000000,0.0125000000,0.0125000000,0.0125000000,0.0125000000,0.0125000000,0.0125000000,0.0125000000,0.0125000000,0.0125000000,0.0125000000,0.0125000000,0.0125000000,0.0125000000,0.0125000000,0.0125000000,0.0125000000,0.0125000000,0.0125000000,0.0125000000,0.0125000000,0.0125000000,0.0125000000,0.0125000000,0.0125000000,0.0125000000,0.0125000000,0.0125000000,0.0125000000,0.0125000000,0.0125000000,0.0125000000,0.0125000000,0.0125000000,0.0125000000,0.0125000000,0.0125000000,0.0125000000
2024-05-03,0.0125000000,0.0125000000,0.0125000000,0.0125000000,0.0125000000,0.0125000000,0.0125000000,0.0125000000,0.0125000000,0.0125000000,0.0125000000,0.0125000000,0.0125000000,0.0125000000,0.0125000000,0.0125000000,0.0125000000,0.0125000000,0.0125000000,0.0125000000,0.0125000000,0.0125000000,0.0125000000,0.0125000000,0.0125000000,0.0125000000,0.0125000000,0.0125000000,0.0125000000,0.0125000000,0.0125000000,0.0125000000,0.0125000000,0.0125000000,0.0125000000,0.0125000000,0.0125000000,0.0125000000,0.0125000000,0.0125000000,0.0125000000,0.0125000000,0.0125000000,0.0125000000,0.0125000000,0.0125000000,0.0125000000,0.0125000000,0.0125000000,0.0125000000,0.0125000000,0.0125000000,0.0125000000,0.0125000000,0.0125000000,0.0125000000,0.0125000000,0.0125000000,0.0125000000,0.0125000000,0.0125000000,0.0125000000,0.0125000000,0.0125000000,0.0125000000,0.0125000000,0.0125000000,0.0125000000,0.0125000000,0.0125000000,0.0125000000,0.0125000000,0.0125000000,0.0125000000,0.0125000000,0.0125000000,0.0125000000,0.0125000000,0.0125000000,0.0125000000
2024-05-10,0.0125000000,0.0125000000,0.0125000000,0.0125000000,0.0125000000,0.0125000000,0.0125000000,0.0125000000,0.0125000000,0.0125000000,0.0125000000,0.0125000000,0.0125000000,0.0125000000,0.0125000000,0.0125000000,0.0125000000,0.0125000000,0.0125000000,0.0125000000,0.0125000000,0.0125000000,0.0125000000,0.0125000000,0.0125000000,0.0125000000,0.0125000000,0.0125000000,0.0125000000,0.0125000000,0.0125000000,0.0125000000,0.0125000000,0.0125000000,0.0125000000,0.0125000000,0.0125000000,0.0125000000,0.0125000000,0.0125000000,0.0125000000,0.0125000000,0.0125000000,0.0125000000,0.0125000000,0.0125000000,0.0125000000,0.0125000000,0.0125000000,0.0125000000,0.0125000000,0.0125000000,0.0125000000,0.0125000000,0.0125000000,0.0125000000,0.0125000000,0.0125000000,0.0125000000,0.0125000000,0.0125000000,0.0125000000,0.0125000000,0.0125000000,0.0125000000,0.0125000000,0.0125000000,0.0125000000,0.0125000000,0.0125000000,0.0125000000,0.0125000000,0.0125000000,0.0125000000,0.0125000000,0.0125000000,0.0125000000,0.0125000000,0.0125000000,0.0125000000
2024-05-17,0.0125000000,0.0125000000,0.0125000000,0.0125000000,0.0125000000,0.0125000000,0.0125000000,0.0125000000,0.0125000000,0.0125000000,0.0125000000,0.0125000000,0.0125000000,0.0125000000,0.0125000000,0.0125000000,0.0125000000,0.0125000000,0.0125000000,0.0125000000,0.0125000000,0.0125000000,0.0125000000,0.0125000000,0.0125000000,0.0125000000,0.0125000000,0.0125000000,0.0125000000,0.0125000000,0.0125000000,0.0125000000,0.0125000000,0.0125000000,0.0125000000,0.0125000000,0.0125000000,0.0125000000,0.0125000000,0.0125000000,0.0125000000,0.0125000000,0.0125000000,0.0125000000,0.0125000000,0.0125000000,0.0125000000,0.0125000000,0.0125000000,0.0125000000,0.0125000000,0.0125000000,0.0125000000,0.0125000000,0.0125000000,0.0125000000,0.0125000000,0.0125000000,0.0125000000,0.0125000000,0.0125000000,0.0125000000,0.0125000000,0.0125000000,0.0125000000,0.0125000000,0.0125000000,0.0125000000,0.0125000000,0.0125000000,0.0125000000,0.0125000000,0.0125000000,0.0125000000,0.0125000000,0.0125000000,0.0125000000,0.0125000000,0.0125000000,0.0125000000
2024-05-24,0.0125000000,0.0125000000,0.0125000000,0.0125000000,0.0125000000,0.0125000000,0.0125000000,0.0125000000,0.0125000000,0.0125000000,0.0125000000,0.0125000000,0.0125000000,0.0125000000,0.0125000000,0.0125000000,0.0125000000,0.0125000000,0.0125000000,0.0125000000,0.0125000000,0.0125000000,0.0125000000,0.0125000000,0.0125000000,0.0125000000,0.0125000000,0.0125000000,0.0125000000,0.0125000000,0.0125000000,0.0125000000,0.0125000000,0.0125000000,0.0125000000,0.0125000000,0.0125000000,0.0125000000,0.0125000000,0.0125000000,0.0125000000,0.0125000000,0.0125000000,0.0125000000,0.0125000000,0.0125000000,0.0125000000,0.0125000000,0.0125000000,0.0125000000,0.0125000000,0.0125000000,0.0125000000,0.0125000000,0.0125000000,0.0125000000,0.0125000000,0.0125000000,0.0125000000,0.0125000000,0.0125000000,0.0125000000,0.0125000000,0.0125000000,0.0125000000,0.0125000000,0.0125000000,0.0125000000,0.0125000000,0.0125000000,0.0125000000,0.0125000000,0.0125000000,0.0125000000,0.0125000000,0.0125000000,0.0125000000,0.0125000000,0.0125000000,0.0125000000
2024-05-31,0.0125000000,0.0125000000,0.0125000000,0.0125000000,0.0125000000,0.0125000000,0.0125000000,0.0125000000,0.0125000000,0.0125000000,0.0125000000,0.0125000000,0.0125000000,0.0125000000,0.0125000000,0.0125000000,0.0125000000,0.0125000000,0.0125000000,0.0125000000,0.0125000000,0.0125000000,0.0125000000,0.0125000000,0.0125000000,0.0125000000,0.0125000000,0.0125000000,0.0125000000,0.0125000000,0.0125000000,0.0125000000,0.0125000000,0.0125000000,0.0125000000,0.0125000000,0.0125000000,0.0125000000,0.0125000000,0.0125000000,0.0125000000,0.0125000000,0.0125000000,0.0125000000,0.0125000000,0.0125000000,0.0125000000,0.0125000000,0.0125000000,0.0125000000,0.0125000000,0.0125000000,0.0125000000,0.0125000000,0.0125000000,0.0125000000,0.0125000000,0.0125000000,0.0125000000,0.0125000000,0.0125000000,0.0125000000,0.0125000000,0.0125000000,0.0125000000,0.0125000000,0.0125000000,0.0125000000,0.0125000000,0.0125000000,0.0125000000,0.0125000000,0.0125000000,0.0125000000,0.0125000000,0.0125000000,0.0125000000,0.0125000000,0.0125000000,0.0125000000
2024-06-07,0.0125000000,0.0125000000,0.0125000000,0.0125000000,0.0125000000,0.0125000000,0.0125000000,0.0125000000,0.0125000000,0.0125000000,0.0125000000,0.0125000000,0.0125000000,0.0125000000,0.0125000000,0.0125000000,0.0125000000,0.0125000000,0.0125000000,0.0125000000,0.0125000000,0.0125000000,0.0125000000,0.0125000000,0.0125000000,0.0125000000,0.0125000000,0.0125000000,0.0125000000,0.0125000000,0.0125000000,0.0125000000,0.0125000000,0.0125000000,0.0125000000,0.0125000000,0.0125000000,0.0125000000,0.0125000000,0.0125000000,0.0125000000,0.0125000000,0.0125000000,0.0125000000,0.0125000000,0.0125000000,0.0125000000,0.0125000000,0.0125000000,0.0125000000,0.0125000000,0.0125000000,0.0125000000,0.0125000000,0.0125000000,0.0125000000,0.0125000000,0.0125000000,0.0125000000,0.0125000000,0.0125000000,0.0125000000,0.0125000000,0.0125000000,0.0125000000,0.0125000000,0.0125000000,0.0125000000,0.0125000000,0.0125000000,0.0125000000,0.0125000000,0.0125000000,0.0125000000,0.0125000000,0.0125000000,0.0125000000,0.0125000000,0.0125000000,0.0125000000
2024-06-14,0.0125000000,0.0125000000,0.0125000000,0.0125000000,0.0125000000,0.0125000000,0.0125000000,0.0125000000,0.0125000000,0.0125000000,0.0125000000,0.0125000000,0.0125000000,0.0125000000,0.0125000000,0.0125000000,0.0125000000,0.0125000000,0.0125000000,0.0125000000,0.0125000000,0.0125000000,0.0125000000,0.0125000000,0.0125000000,0.0125000000,0.0125000000,0.0125000000,0.0125000000,0.0125000000,0.0125000000,0.0125000000,0.0125000000,0.0125000000,0.0125000000,0.0125000000,0.0125000000,0.0125000000,0.0125000000,0.0125000000,0.0125000000,0.0125000000,0.0125000000,0.0125000000,0.0125000000,0.0125000000,0.0125000000,0.0125000000,0.0125000000,0.0125000000,0.0125000000,0.0125000000,0.0125000000,0.0125000000,0.0125000000,0.0125000000,0.0125000000,0.0125000000,0.0125000000,0.0125000000,0.0125000000,0.0125000000,0.0125000000,0.0125000000,0.0125000000,0.0125000000,0.0125000000,0.0125000000,0.0125000000,0.0125000000,0.0125000000,0.0125000000,0.0125000000,0.0125000000,0.0125000000,0.0125000000,0.0125000000,0.0125000000,0.0125000000,0.0125000000
2024-06-21,0.0125000000,0.0125000000,0.0125000000,0.0125000000,0.0125000000,0.0125000000,0.0125000000,0.0125000000,0.0125000000,0.0125000000,0.0125000000,0.0125000000,0.0125000000,0.0125000000,0.0125000000,0.0125000000,0.0125000000,0.0125000000,0.0125000000,0.0125000000,0.0125000000,0.0125000000,0.0125000000,0.0125000000,0.0125000000,0.0125000000,0.0125000000,0.0125000000,0.0125000000,0.0125000000,0.0125000000,0.0125000000,0.0125000000,0.0125000000,0.0125000000,0.0125000000,0.0125000000,0.0125000000,0.0125000000,0.0125000000,0.0125000000,0.0125000000,0.0125000000,0.0125000000,0.0125000000,0.0125000000,0.0125000000,0.0125000000,0.0125000000,0.0125000000,0.0125000000,0.0125000000,0.0125000000,0.0125000000,0.0125000000,0.0125000000,0.0125000000,0.0125000000,0.0125000000,0.0125000000,0.0125000000,0.0125000000,0.0125000000,0.0125000000,0.0125000000,0.0125000000,0.0125000000,0.0125000000,0.0125000000,0.0125000000,0.0125000000,0.0125000000,0.0125000000,0.0125000000,0.0125000000,0.0125000000,0.0125000000,0.0125000000,0.0125000000,0.0125000000
2024-06-28,0.0125000000,0.0125000000,0.0125000000,0.0125000000,0.0125000000,0.0125000000,0.0125000000,0.0125000000,0.0125000000,0.0125000000,0.0125000000,0.0125000000,0.0125000000,0.0125000000,0.0125000000,0.0125000000,0.0125000000,0.0125000000,0.0125000000,0.0125000000,0.0125000000,0.0125000000,0.0125000000,0.0125000000,0.0125000000,0.0125000000,0.0125000000,0.0125000000,0.0125000000,0.0125000000,0.0125000000,0.0125000000,0.0125000000,0.0125000000,0.0125000000,0.0125000000,0.0125000000,0.0125000000,0.0125000000,0.0125000000,0.0125000000,0.0125000000,0.0125000000,0.0125000000,0.0125000000,0.0125000000,0.0125000000,0.0125000000,0.0125000000,0.0125000000,0.0125000000,0.0125000000,0.0125000000,0.0125000000,0.0125000000,0.0125000000,0.0125000000,0.0125000000,0.0125000000,0.0125000000,0.0125000000,0.0125000000,0.0125000000,0.0125000000,0.0125000000,0.0125000000,0.0125000000,0.0125000000,0.0125000000,0.0125000000,0.0125000000,0.0125000000,0.0125000000,0.0125000000,0.0125000000,0.0125000000,0.0125000000,0.0125000000,0.0125000000,0.0125000000
2024-07-05,0.0125000000,0.0125000000,0.0125000000,0.0125000000,0.0125000000,0.0125000000,0.0125000000,0.0125000000,0.0125000000,0.0125000000,0.0125000000,0.0125000000,0.0125000000,0.0125000000,0.0125000000,0.0125000000,0.0125000000,0.0125000000,0.0125000000,0.0125000000,0.0125000000,0.0125000000,0.0125000000,0.0125000000,0.0125000000,0.0125000000,0.0125000000,0.0125000000,0.0125000000,0.0125000000,0.0125000000,0.0125000000,0.0125000000,0.0125000000,0.0125000000,0.0125000000,0.0125000000,0.0125000000,0.0125000000,0.0125000000,0.0125000000,0.0125000000,0.0125000000,0.0125000000,0.0125000000,0.0125000000,0.0125000000,0.0125000000,0.0125000000,0.0125000000,0.0125000000,0.0125000000,0.0125000000,0.0125000000,0.0125000000,0.0125000000,0.0125000000,0.0125000000,0.0125000000,0.0125000000,0.0125000000,0.0125000000,0.0125000000,0.0125000000,0.0125000000,0.0125000000,0.0125000000,0.0125000000,0.0125000000,0.0125000000,0.0125000000,0.0125000000,0.0125000000,0.0125000000,0.0125000000,0.0125000000,0.0125000000,0.0125000000,0.0125000000,0.0125000000
2024-07-12,0.0125000000,0.0125000000,0.0125000000,0.0125000000,0.0125000000,0.0125000000,0.0125000000,0.0125000000,0.0125000000,0.0125000000,0.0125000000,0.0125000000,0.0125000000,0.0125000000,0.0125000000,0.0125000000,0.0125000000,0.0125000000,0.0125000000,0.0125000000,0.0125000000,0.0125000000,0.0125000000,0.0125000000,0.0125000000,0.0125000000,0.0125000000,0.0125000000,0.0125000000,0.0125000000,0.0125000000,0.0125000000,0.0125000000,0.0125000000,0.0125000000,0.0125000000,0.0125000000,0.0125000000,0.0125000000,0.0125000000,0.0125000000,0.0125000000,0.0125000000,0.0125000000,0.0125000000,0.0125000000,0.0125000000,0.0125000000,0.0125000000,0.0125000000,0.0125000000,0.0125000000,0.0125000000,0.0125000000,0.0125000000,0.0125000000,0.0125000000,0.0125000000,0.0125000000,0.0125000000,0.0125000000,0.0125000000,0.0125000000,0.0125000000,0.0125000000,0.0125000000,0.0125000000,0.0125000000,0.0125000000,0.0125000000,0.0125000000,0.0125000000,0.0125000000,0.0125000000,0.0125000000,0.0125000000,0.0125000000,0.0125000000,0.0125000000,0.0125000000
2024-07-19,0.0125000000,0.0125000000,0.0125000000,0.0125000000,0.0125000000,0.0125000000,0.0125000000,0.0125000000,0.0125000000,0.0125000000,0.0125000000,0.0125000000,0.0125000000,0.0125000000,0.0125000000,0.0125000000,0.0125000000,0.0125000000,0.0125000000,0.0125000000,0.0125000000,0.0125000000,0.0125000000,0.0125000000,0.0125000000,0.0125000000,0.0125000000,0.0125000000,0.0125000000,0.0125000000,0.0125000000,0.0125000000,0.0125000000,0.0125000000,0.0125000000,0.0125000000,0.0125000000,0.0125000000,0.0125000000,0.0125000000,0.0125000000,0.0125000000,0.0125000000,0.0125000000,0.0125000000,0.0125000000,0.0125000000,0.0125000000,0.0125000000,0.0125000000,0.0125000000,0.0125000000,0.0125000000,0.0125000000,0.0125000000,0.0125000000,0.0125000000,0.0125000000,0.0125000000,0.0125000000,0.0125000000,0.0125000000,0.0125000000,0.0125000000,0.0125000000,0.0125000000,0.0125000000,0.0125000000,0.0125000000,0.0125000000,0.0125000000,0.0125000000,0.0125000000,0.0125000000,0.0125000000,0.0125000000,0.0125000000,0.0125000000,0.0125000000,0.0125000000
2024-07-26,0.0125000000,0.0125000000,0.0125000000,0.0125000000,0.0125000000,0.0125000000,0.0125000000,0.0125000000,0.0125000000,0.0125000000,0.0125000000,0.0125000000,0.0125000000,0.0125000000,0.0125000000,0.0125000000,0.0125000000,0.0125000000,0.0125000000,0.0125000000,0.0125000000,0.0125000000,0.0125000000,0.0125000000,0.0125000000,0.0125000000,0.0125000000,0.0125000000,0.0125000000,0.0125000000,0.0125000000,0.0125000000,0.0125000000,0.0125000000,0.0125000000,0.0125000000,0.0125000000,0.0125000000,0.0125000000,0.0125000000,0.0125000000,0.0125000000,0.0125000000,0.0125000000,0.0125000000,0.0125000000,0.0125000000,0.0125000000,0.0125000000,0.0125000000,0.0125000000,0.0125000000,0.0125000000,0.0125000000,0.0125000000,0.0125000000,0.0125000000,0.0125000000,0.0125000000,0.0125000000,0.0125000000,0.0125000000,0.0125000000,0.0125000000,0.0125000000,0.0125000000,0.0125000000,0.0125000000,0.0125000000,0.0125000000,0.0125000000,0.0125000000,0.0125000000,0.0125000000,0.0125000000,0.0125000000,0.0125000000,0.0125000000,0.0125000000,0.0125000000
2024-08-02,0.0125000000,0.0125000000,0.0125000000,0.0125000000,0.0125000000,0.0125000000,0.0125000000,0.0125000000,0.0125000000,0.0125000000,0.0125000000,0.0125000000,0.0125000000,0.0125000000,0.0125000000,0.0125000000,0.0125000000,0.0125000000,0.0125000000,0.0125000000,0.0125000000,0.0125000000,0.0125000000,0.0125000000,0.0125000000,0.0125000000,0.0125000000,0.0125000000,0.0125000000,0.0125000000,0.0125000000,0.0125000000,0.0125000000,0.0125000000,0.0125000000,0.0125000000,0.0125000000,0.0125000000,0.0125000000,0.0125000000,0.0125000000,0.0125000000,0.0125000000,0.0125000000,0.0125000000,0.0125000000,0.0125000000,0.0125000000,0.0125000000,0.0125000000,0.0125000000,0.0125000000,0.0125000000,0.0125000000,0.0125000000,0.0125000000,0.0125000000,0.0125000000,0.0125000000,0.0125000000,0.0125000000,0.0125000000,0.0125000000,0.0125000000,0.0125000000,0.0125000000,0.0125000000,0.0125000000,0.0125000000,0.0125000000,0.0125000000,0.0125000000,0.0125000000,0.0125000000,0.0125000000,0.0125000000,0.0125000000,0.0125000000,0.0125000000,0.0125000000
2024-08-09,0.0125000000,0.0125000000,0.0125000000,0.0125000000,0.0125000000,0.0125000000,0.0125000000,0.0125000000,0.0125000000,0.0125000000,0.0125000000,0.0125000000,0.0125000000,0.0125000000,0.0125000000,0.0125000000,0.0125000000,0.0125000000,0.0125000000,0.0125000000,0.0125000000,0.0125000000,0.0125000000,0.0125000000,0.0125000000,0.0125000000,0.0125000000,0.0125000000,0.0125000000,0.0125000000,0.0125000000,0.0125000000,0.0125000000,0.0125000000,0.0125000000,0.0125000000,0.0125000000,0.0125000000,0.0125000000,0.0125000000,0.0125000000,0.0125000000,0.0125000000,0.0125000000,0.0125000000,0.0125000000,0.0125000000,0.0125000000,0.0125000000,0.0125000000,0.0125000000,0.0125000000,0.0125000000,0.0125000000,0.0125000000,0.0125000000,0.0125000000,0.0125000000,0.0125000000,0.0125000000,0.0125000000,0.0125000000,0.0125000000,0.0125000000,0.0125000000,0.0125000000,0.0125000000,0.0125000000,0.0125000000,0.0125000000,0.0125000000,0.0125000000,0.0125000000,0.0125000000,0.0125000000,0.0125000000,0.0125000000,0.0125000000,0.0125000000,0.0125000000
2024-08-16,0.0125000000,0.0125000000,0.0125000000,0.0125000000,0.0125000000,0.0125000000,0.0125000000,0.0125000000,0.0125000000,0.0125000000,0.0125000000,0.0125000000,0.0125000000,0.0125000000,0.0125000000,0.0125000000,0.0125000000,0.0125000000,0.0125000000,0.0125000000,0.0125000000,0.0125000000,0.0125000000,0.0125000000,0.0125000000,0.0125000000,0.0125000000,0.0125000000,0.0125000000,0.0125000000,0.0125000000,0.0125000000,0.0125000000,0.0125000000,0.0125000000,0.0125000000,0.0125000000,0.0125000000,0.0125000000,0.0125000000,0.0125000000,0.0125000000,0.0125000000,0.0125000000,0.0125000000,0.0125000000,0.0125000000,0.0125000000,0.0125000000,0.0125000000,0.0125000000,0.0125000000,0.0125000000,0.0125000000,0.0125000000,0.0125000000,0.0125000000,0.0125000000,0.0125000000,0.0125000000,0.0125000000,0.0125000000,0.0125000000,0.0125000000,0.0125000000,0.0125000000,0.0125000000,0.0125000000,0.0125000000,0.0125000000,0.0125000000,0.0125000000,0.0125000000,0.0125000000,0.0125000000,0.0125000000,0.0125000000,0.0125000000,0.0125000000,0.0125000000
2024-08-23,0.0125000000,0.0125000000,0.0125000000,0.0125000000,0.0125000000,0.0125000000,0.0125000000,0.0125000000,0.0125000000,0.0125000000,0.0125000000,0.0125000000,0.0125000000,0.0125000000,0.0125000000,0.0125000000,0.0125000000,0.0125000000,0.0125000000,0.0125000000,0.0125000000,0.0125000000,0.0125000000,0.0125000000,0.0125000000,0.0125000000,0.0125000000,0.0125000000,0.0125000000,0.0125000000,0.0125000000,0.0125000000,0.0125000000,0.0125000000,0.0125000000,0.0125000000,0.0125000000,0.0125000000,0.0125000000,0.0125000000,0.0125000000,0.0125000000,0.0125000000,0.0125000000,0.0125000000,0.0125000000,0.0125000000,0.0125000000,0.0125000000,0.0125000000,0.0125000000,0.0125000000,0.0125000000,0.0125000000,0.0125000000,0.0125000000,0.0125000000,0.0125000000,0.0125000000,0.0125000000,0.0125000000,0.0125000000,0.0125000000,0.0125000000,0.0125000000,0.0125000000,0.0125000000,0.0125000000,0.0125000000,0.0125000000,0.0125000000,0.0125000000,0.0125000000,0.0125000000,0.0125000000,0.0125000000,0.0125000000,0.0125000000,0.0125000000,0.0125000000
2024-08-30,0.0125000000,0.0125000000,0.0125000000,0.0125000000,0.0125000000,0.0125000000,0.0125000000,0.0125000000,0.0125000000,0.0125000000,0.0125000000,0.0125000000,0.0125000000,0.0125000000,0.0125000000,0.0125000000,0.0125000000,0.0125000000,0.0125000000,0.0125000000,0.0125000000,0.0125000000,0.0125000000,0.0125000000,0.0125000000,0.0125000000,0.0125000000,0.0125000000,0.0125000000,0.0125000000,0.0125000000,0.0125000000,0.0125000000,0.0125000000,0.0125000000,0.0125000000,0.0125000000,0.0125000000,0.0125000000,0.0125000000,0.0125000000,0.0125000000,0.0125000000,0.0125000000,0.0125000000,0.0125000000,0.0125000000,0.0125000000,0.0125000000,0.0125000000,0.0125000000,0.0125000000,0.0125000000,0.0125000000,0.0125000000,0.0125000000,0.0125000000,0.0125000000,0.0125000000,0.0125000000,0.0125000000,0.0125000000,0.0125000000,0.0125000000,0.0125000000,0.0125000000,0.0125000000,0.0125000000,0.0125000000,0.0125000000,0.0125000000,0.0125000000,0.0125000000,0.0125000000,0.0125000000,0.0125000000,0.0125000000,0.0125000000,0.0125000000,0.0125000000
2024-09-06,0.0125000000,0.0125000000,0.0125000000,0.0125000000,0.0125000000,0.0125000000,0.0125000000,0.0125000000,0.0125000000,0.0125000000,0.0125000000,0.0125000000,0.0125000000,0.0125000000,0.0125000000,0.0125000000,0.0125000000,0.0125000000,0.0125000000,0.0125000000,0.0125000000,0.0125000000,0.0125000000,0.0125000000,0.0125000000,0.0125000000,0.0125000000,0.0125000000,0.0125000000,0.0125000000,0.0125000000,0.0125000000,0.0125000000,0.0125000000,0.0125000000,0.0125000000,0.0125000000,0.0125000000,0.0125000000,0.0125000000,0.0125000000,0.0125000000,0.0125000000,0.0125000000,0.0125000000,0.0125000000,0.0125000000,0.0125000000,0.0125000000,0.0125000000,0.0125000000,0.0125000000,0.0125000000,0.0125000000,0.0125000000,0.0125000000,0.0125000000,0.0125000000,0.0125000000,0.0125000000,0.0125000000,0.0125000000,0.0125000000,0.0125000000,0.0125000000,0.0125000000,0.0125000000,0.0125000000,0.0125000000,0.0125000000,0.0125000000,0.0125000000,0.0125000000,0.0125000000,0.0125000000,0.0125000000,0.0125000000,0.0125000000,0.0125000000,0.0125000000
2024-09-13,0.0125000000,0.0125000000,0.0125000000,0.0125000000,0.0125000000,0.0125000000,0.0125000000,0.0125000000,0.0125000000,0.0125000000,0.0125000000,0.0125000000,0.0125000000,0.0125000000,0.0125000000,0.0125000000,0.0125000000,0.0125000000,0.0125000000,0.0125000000,0.0125000000,0.0125000000,0.0125000000,0.0125000000,0.0125000000,0.0125000000,0.0125000000,0.0125000000,0.0125000000,0.0125000000,0.0125000000,0.0125000000,0.0125000000,0.0125000000,0.0125000000,0.0125000000,0.0125000000,0.0125000000,0.0125000000,0.0125000000,0.0125000000,0.0125000000,0.0125000000,0.0125000000,0.0125000000,0.0125000000,0.0125000000,0.0125000000,0.0125000000,0.0125000000,0.0125000000,0.0125000000,0.0125000000,0.0125000000,0.0125000000,0.0125000000,0.0125000000,0.0125000000,0.0125000000,0.0125000000,0.0125000000,0.0125000000,0.0125000000,0.0125000000,0.0125000000,0.0125000000,0.0125000000,0.0125000000,0.0125000000,0.0125000000,0.0125000000,0.0125000000,0.0125000000,0.0125000000,0.0125000000,0.0125000000,0.0125000000,0.0125000000,0.0125000000,0.0125000000
2024-09-20,0.0125000000,0.0125000000,0.0125000000,0.0125000000,0.0125000000,0.0125000000,0.0125000000,0.0125000000,0.0125000000,0.0125000000,0.0125000000,0.0125000000,0.0125000000,0.0125000000,0.0125000000,0.0125000000,0.0125000000,0.0125000000,0.0125000000,0.0125000000,0.0125000000,0.0125000000,0.0125000000,0.0125000000,0.0125000000,0.0125000000,0.0125000000,0.0125000000,0.0125000000,0.0125000000,0.0125000000,0.0125000000,0.0125000000,0.0125000000,0.0125000000,0.0125000000,0.0125000000,0.0125000000,0.0125000000,0.0125000000,0.0125000000,0.0125000000,0.0125000000,0.0125000000,0.0125000000,0.0125000000,0.0125000000,0.0125000000,0.0125000000,0.0125000000,0.0125000000,0.0125000000,0.0125000000,0.0125000000,0.0125000000,0.0125000000,0.0125000000,0.0125000000,0.0125000000,0.0125000000,0.0125000000,0.0125000000,0.0125000000,0.0125000000,0.0125000000,0.0125000000,0.0125000000,0.0125000000,0.0125000000,0.0125000000,0.0125000000,0.0125000000,0.0125000000,0.0125000000,0.0125000000,0.0125000000,0.0125000000,0.0125000000,0.0125000000,0.0125000000
2024-09-27,0.0125000000,0.0125000000,0.0125000000,0.0125000000,0.0125000000,0.0125000000,0.0125000000,0.0125000000,0.0125000000,0.0125000000,0.0125000000,0.0125000000,0.0125000000,0.0125000000,0.0125000000,0.0125000000,0.0125000000,0.0125000000,0.0125000000,0.0125000000,0.0125000000,0.0125000000,0.0125000000,0.0125000000,0.0125000000,0.0125000000,0.0125000000,0.0125000000,0.0125000000,0.0125000000,0.0125000000,0.0125000000,0.0125000000,0.0125000000,0.0125000000,0.0125000000,0.0125000000,0.0125000000,0.0125000000,0.0125000000,0.0125000000,0.0125000000,0.0125000000,0.0125000000,0.0125000000,0.0125000000,0.0125000000,0.0125000000,0.0125000000,0.0125000000,0.0125000000,0.0125000000,0.0125000000,0.0125000000,0.0125000000,0.0125000000,0.0125000000,0.0125000000,0.0125000000,0.0125000000,0.0125000000,0.0125000000,0.0125000000,0.0125000000,0.0125000000,0.0125000000,0.0125000000,0.0125000000,0.0125000000,0.0125000000,0.0125000000,0.0125000000,0.0125000000,0.0125000000,0.0125000000,0.0125000000,0.0125000000,0.0125000000,0.0125000000,0.0125000000
2024-10-04,0.0125000000,0.0125000000,0.0125000000,0.0125000000,0.0125000000,0.0125000000,0.0125000000,0.0125000000,0.0125000000,0.0125000000,0.0125000000,0.0125000000,0.0125000000,0.0125000000,0.0125000000,0.0125000000,0.0125000000,0.0125000000,0.0125000000,0.0125000000,0.0125000000,0.0125000000,0.0125000000,0.0125000000,0.0125000000,0.0125000000,0.0125000000,0.0125000000,0.0125000000,0.0125000000,0.0125000000,0.0125000000,0.0125000000,0.0125000000,0.0125000000,0.0125000000,0.0125000000,0.0125000000,0.0125000000,0.0125000000,0.0125000000,0.0125000000,0.0125000000,0.0125000000,0.0125000000,0.0125000000,0.0125000000,0.0125000000,0.0125000000,0.0125000000,0.0125000000,0.0125000000,0.0125000000,0.0125000000,0.0125000000,0.0125000000,0.0125000000,0.0125000000,0.0125000000,0.0125000000,0.0125000000,0.0125000000,0.0125000000,0.0125000000,0.0125000000,0.0125000000,0.0125000000,0.0125000000,0.0125000000,0.0125000000,0.0125000000,0.0125000000,0.0125000000,0.0125000000,0.0125000000,0.0125000000,0.0125000000,0.0125000000,0.0125000000,0.0125000000
2024-10-11,0.0125000000,0.0125000000,0.0125000000,0.0125000000,0.0125000000,0.0125000000,0.0125000000,0.0125000000,0.0125000000,0.0125000000,0.0125000000,0.0125000000,0.0125000000,0.0125000000,0.0125000000,0.0125000000,0.0125000000,0.0125000000,0.0125000000,0.0125000000,0.0125000000,0.0125000000,0.0125000000,0.0125000000,0.0125000000,0.0125000000,0.0125000000,0.0125000000,0.0125000000,0.0125000000,0.0125000000,0.0125000000,0.0125000000,0.0125000000,0.0125000000,0.0125000000,0.0125000000,0.0125000000,0.0125000000,0.0125000000,0.0125000000,0.0125000000,0.0125000000,0.0125000000,0.0125000000,0.0125000000,0.0125000000,0.0125000000,0.0125000000,0.0125000000,0.0125000000,0.0125000000,0.0125000000,0.0125000000,0.0125000000,0.0125000000,0.0125000000,0.0125000000,0.0125000000,0.0125000000,0.0125000000,0.0125000000,0.0125000000,0.0125000000,0.0125000000,0.0125000000,0.0125000000,0.0125000000,0.0125000000,0.0125000000,0.0125000000,0.0125000000,0.0125000000,0.0125000000,0.0125000000,0.0125000000,0.0125000000,0.0125000000,0.0125000000,0.0125000000
2024-10-18,0.0125000000,0.0125000000,0.0125000000,0.0125000000,0.0125000000,0.0125000000,0.0125000000,0.0125000000,0.0125000000,0.0125000000,0.0125000000,0.0125000000,0.0125000000,0.0125000000,0.0125000000,0.0125000000,0.0125000000,0.0125000000,0.0125000000,0.0125000000,0.0125000000,0.0125000000,0.0125000000,0.0125000000,0.0125000000,0.0125000000,0.0125000000,0.0125000000,0.0125000000,0.0125000000,0.0125000000,0.0125000000,0.0125000000,0.0125000000,0.0125000000,0.0125000000,0.0125000000,0.0125000000,0.0125000000,0.0125000000,0.0125000000,0.0125000000,0.0125000000,0.0125000000,0.0125000000,0.0125000000,0.0125000000,0.0125000000,0.0125000000,0.0125000000,0.0125000000,0.0125000000,0.0125000000,0.0125000000,0.0125000000,0.0125000000,0.0125000000,0.0125000000,0.0125000000,0.0125000000,0.0125000000,0.0125000000,0.0125000000,0.0125000000,0.0125000000,0.0125000000,0.0125000000,0.0125000000,0.0125000000,0.0125000000,0.0125000000,0.0125000000,0.0125000000,0.0125000000,0.0125000000,0.0125000000,0.0125000000,0.0125000000,0.0125000000,0.0125000000
2024-10-25,0.0125000000,0.0125000000,0.0125000000,0.0125000000,0.0125000000,0.0125000000,0.0125000000,0.0125000000,0.0125000000,0.0125000000,0.0125000000,0.0125000000,0.0125000000,0.0125000000,0.0125000000,0.0125000000,0.0125000000,0.0125000000,0.0125000000,0.0125000000,0.0125000000,0.0125000000,0.0125000000,0.0125000000,0.0125000000,0.0125000000,0.0125000000,0.0125000000,0.0125000000,0.0125000000,0.0125000000,0.0125000000,0.0125000000,0.0125000000,0.0125000000,0.0125000000,0.0125000000,0.0125000000,0.0125000000,0.0125000000,0.0125000000,0.0125000000,0.0125000000,0.0125000000,0.0125000000,0.0125000000,0.0125000000,0.0125000000,0.0125000000,0.0125000000,0.0125000000,0.0125000000,0.0125000000,0.0125000000,0.0125000000,0.0125000000,0.0125000000,0.0125000000,0.0125000000,0.0125000000,0.0125000000,0.0125000000,0.0125000000,0.0125000000,0.0125000000,0.0125000000,0.0125000000,0.0125000000,0.0125000000,0.0125000000,0.0125000000,0.0125000000,0.0125000000,0.0125000000,0.0125000000,0.0125000000,0.0125000000,0.0125000000,0.0125000000,0.0125000000
2024-11-01,0.0125000000,0.0125000000,0.0125000000,0.0125000000,0.0125000000,0.0125000000,0.0125000000,0.0125000000,0.0125000000,0.0125000000,0.0125000000,0.0125000000,0.0125000000,0.0125000000,0.0125000000,0.0125000000,0.0125000000,0.0125000000,0.0125000000,0.0125000000,0.0125000000,0.0125000000,0.0125000000,0.0125000000,0.0125000000,0.0125000000,0.0125000000,0.0125000000,0.0125000000,0.0125000000,0.0125000000,0.0125000000,0.0125000000,0.0125000000,0.0125000000,0.0125000000,0.0125000000,0.0125000000,0.0125000000,0.0125000000,0.0125000000,0.0125000000,0.0125000000,0.0125000000,0.0125000000,0.0125000000,0.0125000000,0.0125000000,0.0125000000,0.0125000000,0.0125000000,0.0125000000,0.0125000000,0.0125000000,0.0125000000,0.0125000000,0.0125000000,0.0125000000,0.0125000000,0.0125000000,0.0125000000,0.0125000000,0.0125000000,0.0125000000,0.0125000000,0.0125000000,0.0125000000,0.0125000000,0.0125000000,0.0125000000,0.0125000000,0.0125000000,0.0125000000,0.0125000000,0.0125000000,0.0125000000,0.0125000000,0.0125000000,0.0125000000,0.0125000000
2024-11-08,0.0125000000,0.0125000000,0.0125000000,0.0125000000,0.0125000000,0.0125000000,0.0125000000,0.0125000000,0.0125000000,0.0125000000,0.0125000000,0.0125000000,0.0125000000,0.0125000000,0.0125000000,0.0125000000,0.0125000000,0.0125000000,0.0125000000,0.0125000000,0.0125000000,0.0125000000,0.0125000000,0.0125000000,0.0125000000,0.0125000000,0.0125000000,0.0125000000,0.0125000000,0.0125000000,0.0125000000,0.0125000000,0.0125000000,0.0125000000,0.0125000000,0.0125000000,0.0125000000,0.0125000000,0.0125000000,0.0125000000,0.0125000000,0.0125000000,0.0125000000,0.0125000000,0.0125000000,0.0125000000,0.0125000000,0.0125000000,0.0125000000,0.0125000000,0.0125000000,0.0125000000,0.0125000000,0.0125000000,0.0125000000,0.0125000000,0.0125000000,0.0125000000,0.0125000000,0.0125000000,0.0125000000,0.0125000000,0.0125000000,0.0125000000,0.0125000000,0.0125000000,0.0125000000,0.0125000000,0.0125000000,0.0125000000,0.0125000000,0.0125000000,0.0125000000,0.0125000000,0.0125000000,0.0125000000,0.0125000000,0.0125000000,0.0125000000,0.0125000000
2024-11-15,0.0125000000,0.0125000000,0.0125000000,0.0125000000,0.0125000000,0.0125000000,0.0125000000,0.0125000000,0.0125000000,0.0125000000,0.0125000000,0.0125000000,0.0125000000,0.0125000000,0.0125000000,0.0125000000,0.0125000000,0.0125000000,0.0125000000,0.0125000000,0.0125000000,0.0125000000,0.0125000000,0.0125000000,0.0125000000,0.0125000000,0.0125000000,0.0125000000,0.0125000000,0.0125000000,0.0125000000,0.0125000000,0.0125000000,0.0125000000,0.0125000000,0.0125000000,0.0125000000,0.0125000000,0.0125000000,0.0125000000,0.0125000000,0.0125000000,0.0125000000,0.0125000000,0.0125000000,0.0125000000,0.0125000000,0.0125000000,0.0125000000,0.0125000000,0.0125000000,0.0125000000,0.0125000000,0.0125000000,0.0125000000,0.0125000000,0.0125000000,0.0125000000,0.0125000000,0.0125000000,0.0125000000,0.0125000000,0.0125000000,0.0125000000,0.0125000000,0.0125000000,0.0125000000,0.0125000000,0.0125000000,0.0125000000,0.0125000000,0.0125000000,0.0125000000,0.0125000000,0.0125000000,0.0125000000,0.0125000000,0.0125000000,0.0125000000,0.0125000000
2024-11-22,0.0125000000,0.0125000000,0.0125000000,0.0125000000,0.0125000000,0.0125000000,0.0125000000,0.0125000000,0.0125000000,0.0125000000,0.0125000000,0.0125000000,0.0125000000,0.0125000000,0.0125000000,0.0125000000,0.0125000000,0.0125000000,0.0125000000,0.0125000000,0.0125000000,0.0125000000,0.0125000000,0.0125000000,0.0125000000,0.0125000000,0.0125000000,0.0125000000,0.0125000000,0.0125000000,0.0125000000,0.0125000000,0.0125000000,0.0125000000,0.0125000000,0.0125000000,0.0125000000,0.0125000000,0.0125000000,0.0125000000,0.0125000000,0.0125000000,0.0125000000,0.0125000000,0.0125000000,0.0125000000,0.0125000000,0.0125000000,0.0125000000,0.0125000000,0.0125000000,0.0125000000,0.0125000000,0.0125000000,0.0125000000,0.0125000000,0.0125000000,0.0125000000,0.0125000000,0.0125000000,0.0125000000,0.0125000000,0.0125000000,0.0125000000,0.0125000000,0.0125000000,0.0125000000,0.0125000000,0.0125000000,0.0125000000,0.0125000000,0.0125000000,0.0125000000,0.0125000000,0.0125000000,0.0125000000,0.0125000000,0.0125000000,0.0125000000,0.0125000000
2024-11-29,0.0125000000,0.0125000000,0.0125000000,0.0125000000,0.0125000000,0.0125000000,0.0125000000,0.0125000000,0.0125000000,0.0125000000,0.0125000000,0.0125000000,0.0125000000,0.0125000000,0.0125000000,0.0125000000,0.0125000000,0.0125000000,0.0125000000,0.0125000000,0.0125000000,0.0125000000,0.0125000000,0.0125000000,0.0125000000,0.0125000000,0.0125000000,0.0125000000,0.0125000000,0.0125000000,0.0125000000,0.0125000000,0.0125000000,0.0125000000,0.0125000000,0.0125000000,0.0125000000,0.0125000000,0.0125000000,0.0125000000,0.0125000000,0.0125000000,0.0125000000,0.0125000000,0.0125000000,0.0125000000,0.0125000000,0.0125000000,0.0125000000,0.0125000000,0.0125000000,0.0125000000,0.0125000000,0.0125000000,0.0125000000,0.0125000000,0.0125000000,0.0125000000,0.0125000000,0.0125000000,0.0125000000,0.0125000000,0.0125000000,0.0125000000,0.0125000000,0.0125000000,0.0125000000,0.0125000000,0.0125000000,0.0125000000,0.0125000000,0.0125000000,0.0125000000,0.0125000000,0.0125000000,0.0125000000,0.0125000000,0.0125000000,0.0125000000,0.0125000000
2024-12-06,0.0125000000,0.0125000000,0.0125000000,0.0125000000,0.0125000000,0.0125000000,0.0125000000,0.0125000000,0.0125000000,0.0125000000,0.0125000000,0.0125000000,0.0125000000,0.0125000000,0.0125000000,0.0125000000,0.0125000000,0.0125000000,0.0125000000,0.0125000000,0.0125000000,0.0125000000,0.0125000000,0.0125000000,0.0125000000,0.0125000000,0.0125000000,0.0125000000,0.0125000000,0.0125000000,0.0125000000,0.0125000000,0.0125000000,0.0125000000,0.0125000000,0.0125000000,0.0125000000,0.0125000000,0.0125000000,0.0125000000,0.0125000000,0.0125000000,0.0125000000,0.0125000000,0.0125000000,0.0125000000,0.0125000000,0.0125000000,0.0125000000,0.0125000000,0.0125000000,0.0125000000,0.0125000000,0.0125000000,0.0125000000,0.0125000000,0.0125000000,0.0125000000,0.0125000000,0.0125000000,0.0125000000,0.0125000000,0.0125000000,0.0125000000,0.0125000000,0.0125000000,0.0125000000,0.0125000000,0.0125000000,0.0125000000,0.0125000000,0.0125000000,0.0125000000,0.0125000000,0.0125000000,0.0125000000,0.0125000000,0.0125000000,0.0125000000,0.0125000000
2024-12-13,0.0125000000,0.0125000000,0.0125000000,0.0125000000,0.0125000000,0.0125000000,0.0125000000,0.0125000000,0.0125000000,0.0125000000,0.0125000000,0.0125000000,0.0125000000,0.0125000000,0.0125000000,0.0125000000,0.0125000000,0.0125000000,0.0125000000,0.0125000000,0.0125000000,0.0125000000,0.0125000000,0.0125000000,0.0125000000,0.0125000000,0.0125000000,0.0125000000,0.0125000000,0.0125000000,0.0125000000,0.0125000000,0.0125000000,0.0125000000,0.0125000000,0.0125000000,0.0125000000,0.0125000000,0.0125000000,0.0125000000,0.0125000000,0.0125000000,0.0125000000,0.0125000000,0.0125000000,0.0125000000,0.0125000000,0.0125000000,0.0125000000,0.0125000000,0.0125000000,0.0125000000,0.0125000000,0.0125000000,0.0125000000,0.0125000000,0.0125000000,0.0125000000,0.0125000000,0.0125000000,0.0125000000,0.0125000000,0.0125000000,0.0125000000,0.0125000000,0.0125000000,0.0125000000,0.0125000000,0.0125000000,0.0125000000,0.0125000000,0.0125000000,0.0125000000,0.0125000000,0.0125000000,0.0125000000,0.0125000000,0.0125000000,0.0125000000,0.0125000000
2024-12-20,0.0125000000,0.0125000000,0.0125000000,0.0125000000,0.0125000000,0.0125000000,0.0125000000,0.0125000000,0.0125000000,0.0125000000,0.0125000000,0.0125000000,0.0125000000,0.0125000000,0.0125000000,0.0125000000,0.0125000000,0.0125000000,0.0125000000,0.0125000000,0.0125000000,0.0125000000,0.0125000000,0.0125000000,0.0125000000,0.0125000000,0.0125000000,0.0125000000,0.0125000000,0.0125000000,0.0125000000,0.0125000000,0.0125000000,0.0125000000,0.0125000000,0.0125000000,0.0125000000,0.0125000000,0.0125000000,0.0125000000,0.0125000000,0.0125000000,0.0125000000,0.0125000000,0.0125000000,0.0125000000,0.0125000000,0.0125000000,0.0125000000,0.0125000000,0.0125000000,0.0125000000,0.0125000000,0.0125000000,0.0125000000,0.0125000000,0.0125000000,0.0125000000,0.0125000000,0.0125000000,0.0125000000,0.0125000000,0.0125000000,0.0125000000,0.0125000000,0.0125000000,0.0125000000,0.0125000000,0.0125000000,0.0125000000,0.0125000000,0.0125000000,0.0125000000,0.0125000000,0.0125000000,0.0125000000,0.0125000000,0.0125000000,0.0125000000,0.0125000000
2024-12-27,0.0125000000,0.0125000000,0.0125000000,0.0125000000,0.0125000000,0.0125000000,0.0125000000,0.0125000000,0.0125000000,0.0125000000,0.0125000000,0.0125000000,0.0125000000,0.0125000000,0.0125000000,0.0125000000,0.0125000000,0.0125000000,0.0125000000,0.0125000000,0.0125000000,0.0125000000,0.0125000000,0.0125000000,0.0125000000,0.0125000000,0.0125000000,0.0125000000,0.0125000000,0.0125000000,0.0125000000,0.0125000000,0.0125000000,0.0125000000,0.0125000000,0.0125000000,0.0125000000,0.0125000000,0.0125000000,0.0125000000,0.0125000000,0.0125000000,0.0125000000,0.0125000000,0.0125000000,0.0125000000,0.0125000000,0.0125000000,0.0125000000,0.0125000000,0.0125000000,0.0125000000,0.0125000000,0.0125000000,0.0125000000,0.0125000000,0.0125000000,0.0125000000,0.0125000000,0.0125000000,0.0125000000,0.0125000000,0.0125000000,0.0125000000,0.0125000000,0.0125000000,0.0125000000,0.0125000000,0.0125000000,0.0125000000,0.0125000000,0.0125000000,0.0125000000,0.0125000000,0.0125000000,0.0125000000,0.0125000000,0.0125000000,0.0125000000,0.0125000000
2025-01-03,0.0125000000,0.0125000000,0.0125000000,0.0125000000,0.0125000000,0.0125000000,0.0125000000,0.0125000000,0.0125000000,0.0125000000,0.0125000000,0.0125000000,0.0125000000,0.0125000000,0.0125000000,0.0125000000,0.0125000000,0.0125000000,0.0125000000,0.0125000000,0.0125000000,0.0125000000,0.0125000000,0.0125000000,0.0125000000,0.0125000000,0.0125000000,0.0125000000,0.0125000000,0.0125000000,0.0125000000,0.0125000000,0.0125000000,0.0125000000,0.0125000000,0.0125000000,0.0125000000,0.0125000000,0.0125000000,0.0125000000,0.0125000000,0.0125000000,0.0125000000,0.0125000000,0.0125000000,0.0125000000,0.0125000000,0.0125000000,0.0125000000,0.0125000000,0.0125000000,0.0125000000,0.0125000000,0.0125000000,0.0125000000,0.0125000000,0.0125000000,0.0125000000,0.0125000000,0.0125000000,0.0125000000,0.0125000000,0.0125000000,0.0125000000,0.0125000000,0.0125000000,0.0125000000,0.0125000000,0.0125000000,0.0125000000,0.0125000000,0.0125000000,0.0125000000,0.0125000000,0.0125000000,0.0125000000,0.0125000000,0.0125000000,0.0125000000,0.0125000000
2025-01-10,0.0125000000,0.0125000000,0.0125000000,0.0125000000,0.0125000000,0.0125000000,0.0125000000,0.0125000000,0.0125000000,0.0125000000,0.0125000000,0.0125000000,0.0125000000,0.0125000000,0.0125000000,0.0125000000,0.0125000000,0.0125000000,0.0125000000,0.0125000000,0.0125000000,0.0125000000,0.0125000000,0.0125000000,0.0125000000,0.0125000000,0.0125000000,0.0125000000,0.0125000000,0.0125000000,0.0125000000,0.0125000000,0.0125000000,0.0125000000,0.0125000000,0.0125000000,0.0125000000,0.0125000000,0.0125000000,0.0125000000,0.0125000000,0.0125000000,0.0125000000,0.0125000000,0.0125000000,0.0125000000,0.0125000000,0.0125000000,0.0125000000,0.0125000000,0.0125000000,0.0125000000,0.0125000000,0.0125000000,0.0125000000,0.0125000000,0.0125000000,0.0125000000,0.0125000000,0.0125000000,0.0125000000,0.0125000000,0.0125000000,0.0125000000,0.0125000000,0.0125000000,0.0125000000,0.0125000000,0.0125000000,0.0125000000,0.0125000000,0.0125000000,0.0125000000,0.0125000000,0.0125000000,0.0125000000,0.0125000000,0.0125000000,0.0125000000,0.0125000000
2025-01-17,0.0125000000,0.0125000000,0.0125000000,0.0125000000,0.0125000000,0.0125000000,0.0125000000,0.0125000000,0.0125000000,0.0125000000,0.0125000000,0.0125000000,0.0125000000,0.0125000000,0.0125000000,0.0125000000,0.0125000000,0.0125000000,0.0125000000,0.0125000000,0.0125000000,0.0125000000,0.0125000000,0.0125000000,0.0125000000,0.0125000000,0.0125000000,0.0125000000,0.0125000000,0.0125000000,0.0125000000,0.0125000000,0.0125000000,0.0125000000,0.0125000000,0.0125000000,0.0125000000,0.0125000000,0.0125000000,0.0125000000,0.0125000000,0.0125000000,0.0125000000,0.0125000000,0.0125000000,0.0125000000,0.0125000000,0.0125000000,0.0125000000,0.0125000000,0.0125000000,0.0125000000,0.0125000000,0.0125000000,0.0125000000,0.0125000000,0.0125000000,0.0125000000,0.0125000000,0.0125000000,0.0125000000,0.0125000000,0.0125000000,0.0125000000,0.0125000000,0.0125000000,0.0125000000,0.0125000000,0.0125000000,0.0125000000,0.0125000000,0.0125000000,0.0125000000,0.0125000000,0.0125000000,0.0125000000,0.0125000000,0.0125000000,0.0125000000,0.0125000000
2025-01-24,0.0125000000,0.0125000000,0.0125000000,0.0125000000,0.0125000000,0.0125000000,0.0125000000,0.0125000000,0.0125000000,0.0125000000,0.0125000000,0.0125000000,0.0125000000,0.0125000000,0.0125000000,0.0125000000,0.0125000000,0.0125000000,0.0125000000,0.0125000000,0.0125000000,0.0125000000,0.0125000000,0.0125000000,0.0125000000,0.0125000000,0.0125000000,0.0125000000,0.0125000000,0.0125000000,0.0125000000,0.0125000000,0.0125000000,0.0125000000,0.0125000000,0.0125000000,0.0125000000,0.0125000000,0.0125000000,0.0125000000,0.0125000000,0.0125000000,0.0125000000,0.0125000000,0.0125000000,0.0125000000,0.0125000000,0.0125000000,0.0125000000,0.0125000000,0.0125000000,0.0125000000,0.0125000000,0.0125000000,0.0125000000,0.0125000000,0.0125000000,0.0125000000,0.0125000000,0.0125000000,0.0125000000,0.0125000000,0.0125000000,0.0125000000,0.0125000000,0.0125000000,0.0125000000,0.0125000000,0.0125000000,0.0125000000,0.0125000000,0.0125000000,0.0125000000,0.0125000000,0.0125000000,0.0125000000,0.0125000000,0.0125000000,0.0125000000,0.0125000000
2025-01-31,0.0125000000,0.0125000000,0.0125000000,0.0125000000,0.0125000000,0.0125000000,0.0125000000,0.0125000000,0.0125000000,0.0125000000,0.0125000000,0.0125000000,0.0125000000,0.0125000000,0.0125000000,0.0125000000,0.0125000000,0.0125000000,0.0125000000,0.0125000000,0.0125000000,0.0125000000,0.0125000000,0.0125000000,0.0125000000,0.0125000000,0.0125000000,0.0125000000,0.0125000000,0.0125000000,0.0125000000,0.0125000000,0.0125000000,0.0125000000,0.0125000000,0.0125000000,0.0125000000,0.0125000000,0.0125000000,0.0125000000,0.0125000000,0.0125000000,0.0125000000,0.0125000000,0.0125000000,0.0125000000,0.0125000000,0.0125000000,0.0125000000,0.0125000000,0.0125000000,0.0125000000,0.0125000000,0.0125000000,0.0125000000,0.0125000000,0.0125000000,0.0125000000,0.0125000000,0.0125000000,0.0125000000,0.0125000000,0.0125000000,0.0125000000,0.0125000000,0.0125000000,0.0125000000,0.0125000000,0.0125000000,0.0125000000,0.0125000000,0.0125000000,0.0125000000,0.0125000000,0.0125000000,0.0125000000,0.0125000000,0.0125000000,0.0125000000,0.0125000000
2025-02-07,0.0125000000,0.0125000000,0.0125000000,0.0125000000,0.0125000000,0.0125000000,0.0125000000,0.0125000000,0.0125000000,0.0125000000,0.0125000000,0.0125000000,0.0125000000,0.0125000000,0.0125000000,0.0125000000,0.0125000000,0.0125000000,0.0125000000,0.0125000000,0.0125000000,0.0125000000,0.0125000000,0.0125000000,0.0125000000,0.0125000000,0.0125000000,0.0125000000,0.0125000000,0.0125000000,0.0125000000,0.0125000000,0.0125000000,0.0125000000,0.0125000000,0.0125000000,0.0125000000,0.0125000000,0.0125000000,0.0125000000,0.0125000000,0.0125000000,0.0125000000,0.0125000000,0.0125000000,0.0125000000,0.0125000000,0.0125000000,0.0125000000,0.0125000000,0.0125000000,0.0125000000,0.0125000000,0.0125000000,0.0125000000,0.0125000000,0.0125000000,0.0125000000,0.0125000000,0.0125000000,0.0125000000,0.0125000000,0.0125000000,0.0125000000,0.0125000000,0.0125000000,0.0125000000,0.0125000000,0.0125000000,0.0125000000,0.0125000000,0.0125000000,0.0125000000,0.0125000000,0.0125000000,0.0125000000,0.0125000000,0.0125000000,0.0125000000,0.0125000000
2025-02-14,0.0125000000,0.0125000000,0.0125000000,0.0125000000,0.0125000000,0.0125000000,0.0125000000,0.0125000000,0.0125000000,0.0125000000,0.0125000000,0.0125000000,0.0125000000,0.0125000000,0.0125000000,0.0125000000,0.0125000000,0.0125000000,0.0125000000,0.0125000000,0.0125000000,0.0125000000,0.0125000000,0.0125000000,0.0125000000,0.0125000000,0.0125000000,0.0125000000,0.0125000000,0.0125000000,0.0125000000,0.0125000000,0.0125000000,0.0125000000,0.0125000000,0.0125000000,0.0125000000,0.0125000000,0.0125000000,0.0125000000,0.0125000000,0.0125000000,0.0125000000,0.0125000000,0.0125000000,0.0125000000,0.0125000000,0.0125000000,0.0125000000,0.0125000000,0.0125000000,0.0125000000,0.0125000000,0.0125000000,0.0125000000,0.0125000000,0.0125000000,0.0125000000,0.0125000000,0.0125000000,0.0125000000,0.0125000000,0.0125000000,0.0125000000,0.0125000000,0.0125000000,0.0125000000,0.0125000000,0.0125000000,0.0125000000,0.0125000000,0.0125000000,0.0125000000,0.0125000000,0.0125000000,0.0125000000,0.0125000000,0.0125000000,0.0125000000,0.0125000000
2025-02-21,0.0125000000,0.0125000000,0.0125000000,0.0125000000,0.0125000000,0.0125000000,0.0125000000,0.0125000000,0.0125000000,0.0125000000,0.0125000000,0.0125000000,0.0125000000,0.0125000000,0.0125000000,0.0125000000,0.0125000000,0.0125000000,0.0125000000,0.0125000000,0.0125000000,0.0125000000,0.0125000000,0.0125000000,0.0125000000,0.0125000000,0.0125000000,0.0125000000,0.0125000000,0.0125000000,0.0125000000,0.0125000000,0.0125000000,0.0125000000,0.0125000000,0.0125000000,0.0125000000,0.0125000000,0.0125000000,0.0125000000,0.0125000000,0.0125000000,0.0125000000,0.0125000000,0.0125000000,0.0125000000,0.0125000000,0.0125000000,0.0125000000,0.0125000000,0.0125000000,0.0125000000,0.0125000000,0.0125000000,0.0125000000,0.0125000000,0.0125000000,0.0125000000,0.0125000000,0.0125000000,0.0125000000,0.0125000000,0.0125000000,0.0125000000,0.0125000000,0.0125000000,0.0125000000,0.0125000000,0.0125000000,0.0125000000,0.0125000000,0.0125000000,0.0125000000,0.0125000000,0.0125000000,0.0125000000,0.0125000000,0.0125000000,0.0125000000,0.0125000000
2025-02-28,0.0125000000,0.0125000000,0.0125000000,0.0125000000,0.0125000000,0.0125000000,0.0125000000,0.0125000000,0.0125000000,0.0125000000,0.0125000000,0.0125000000,0.0125000000,0.0125000000,0.0125000000,0.0125000000,0.0125000000,0.0125000000,0.0125000000,0.0125000000,0.0125000000,0.0125000000,0.0125000000,0.0125000000,0.0125000000,0.0125000000,0.0125000000,0.0125000000,0.0125000000,0.0125000000,0.0125000000,0.0125000000,0.0125000000,0.0125000000,0.0125000000,0.0125000000,0.0125000000,0.0125000000,0.0125000000,0.0125000000,0.0125000000,0.0125000000,0.0125000000,0.0125000000,0.0125000000,0.0125000000,0.0125000000,0.0125000000,0.0125000000,0.0125000000,0.0125000000,0.0125000000,0.0125000000,0.0125000000,0.0125000000,0.0125000000,0.0125000000,0.0125000000,0.0125000000,0.0125000000,0.0125000000,0.0125000000,0.0125000000,0.0125000000,0.0125000000,0.0125000000,0.0125000000,0.0125000000,0.0125000000,0.0125000000,0.0125000000,0.0125000000,0.0125000000,0.0125000000,0.0125000000,0.0125000000,0.0125000000,0.0125000000,0.0125000000,0.0125000000
2025-03-07,0.0125000000,0.0125000000,0.0125000000,0.0125000000,0.0125000000,0.0125000000,0.0125000000,0.0125000000,0.0125000000,0.0125000000,0.0125000000,0.0125000000,0.0125000000,0.0125000000,0.0125000000,0.0125000000,0.0125000000,0.0125000000,0.0125000000,0.0125000000,0.0125000000,0.0125000000,0.0125000000,0.0125000000,0.0125000000,0.0125000000,0.0125000000,0.0125000000,0.0125000000,0.0125000000,0.0125000000,0.0125000000,0.0125000000,0.0125000000,0.0125000000,0.0125000000,0.0125000000,0.0125000000,0.0125000000,0.0125000000,0.0125000000,0.0125000000,0.0125000000,0.0125000000,0.0125000000,0.0125000000,0.0125000000,0.0125000000,0.0125000000,0.0125000000,0.0125000000,0.0125000000,0.0125000000,0.0125000000,0.0125000000,0.0125000000,0.0125000000,0.0125000000,0.0125000000,0.0125000000,0.0125000000,0.0125000000,0.0125000000,0.0125000000,0.0125000000,0.0125000000,0.0125000000,0.0125000000,0.0125000000,0.0125000000,0.0125000000,0.0125000000,0.0125000000,0.0125000000,0.0125000000,0.0125000000,0.0125000000,0.0125000000,0.0125000000,0.0125000000
2025-03-14,0.0125000000,0.0125000000,0.0125000000,0.0125000000,0.0125000000,0.0125000000,0.0125000000,0.0125000000,0.0125000000,0.0125000000,0.0125000000,0.0125000000,0.0125000000,0.0125000000,0.0125000000,0.0125000000,0.0125000000,0.0125000000,0.0125000000,0.0125000000,0.0125000000,0.0125000000,0.0125000000,0.0125000000,0.0125000000,0.0125000000,0.0125000000,0.0125000000,0.0125000000,0.0125000000,0.0125000000,0.0125000000,0.0125000000,0.0125000000,0.0125000000,0.0125000000,0.0125000000,0.0125000000,0.0125000000,0.0125000000,0.0125000000,0.0125000000,0.0125000000,0.0125000000,0.0125000000,0.0125000000,0.0125000000,0.0125000000,0.0125000000,0.0125000000,0.0125000000,0.0125000000,0.0125000000,0.0125000000,0.0125000000,0.0125000000,0.0125000000,0.0125000000,0.0125000000,0.0125000000,0.0125000000,0.0125000000,0.0125000000,0.0125000000,0.0125000000,0.0125000000,0.0125000000,0.0125000000,0.0125000000,0.0125000000,0.0125000000,0.0125000000,0.0125000000,0.0125000000,0.0125000000,0.0125000000,0.0125000000,0.0125000000,0.0125000000,0.0125000000
2025-03-21,0.0125000000,0.0125000000,0.0125000000,0.0125000000,0.0125000000,0.0125000000,0.0125000000,0.0125000000,0.0125000000,0.0125000000,0.0125000000,0.0125000000,0.0125000000,0.0125000000,0.0125000000,0.0125000000,0.0125000000,0.0125000000,0.0125000000,0.0125000000,0.0125000000,0.0125000000,0.0125000000,0.0125000000,0.0125000000,0.0125000000,0.0125000000,0.0125000000,0.0125000000,0.0125000000,0.0125000000,0.0125000000,0.0125000000,0.0125000000,0.0125000000,0.0125000000,0.0125000000,0.0125000000,0.0125000000,0.0125000000,0.0125000000,0.0125000000,0.0125000000,0.0125000000,0.0125000000,0.0125000000,0.0125000000,0.0125000000,0.0125000000,0.0125000000,0.0125000000,0.0125000000,0.0125000000,0.0125000000,0.0125000000,0.0125000000,0.0125000000,0.0125000000,0.0125000000,0.0125000000,0.0125000000,0.0125000000,0.0125000000,0.0125000000,0.0125000000,0.0125000000,0.0125000000,0.0125000000,0.0125000000,0.0125000000,0.0125000000,0.0125000000,0.0125000000,0.0125000000,0.0125000000,0.0125000000,0.0125000000,0.0125000000,0.0125000000,0.0125000000
2025-03-28,0.0125000000,0.0125000000,0.0125000000,0.0125000000,0.0125000000,0.0125000000,0.0125000000,0.0125000000,0.0125000000,0.0125000000,0.0125000000,0.0125000000,0.0125000000,0.0125000000,0.0125000000,0.0125000000,0.0125000000,0.0125000000,0.0125000000,0.0125000000,0.0125000000,0.0125000000,0.0125000000,0.0125000000,0.0125000000,0.0125000000,0.0125000000,0.0125000000,0.0125000000,0.0125000000,0.0125000000,0.0125000000,0.0125000000,0.0125000000,0.0125000000,0.0125000000,0.0125000000,0.0125000000,0.0125000000,0.0125000000,0.0125000000,0.0125000000,0.0125000000,0.0125000000,0.0125000000,0.0125000000,0.0125000000,0.0125000000,0.0125000000,0.0125000000,0.0125000000,0.0125000000,0.0125000000,0.0125000000,0.0125000000,0.0125000000,0.0125000000,0.0125000000,0.0125000000,0.0125000000,0.0125000000,0.0125000000,0.0125000000,0.0125000000,0.0125000000,0.0125000000,0.0125000000,0.0125000000,0.0125000000,0.0125000000,0.0125000000,0.0125000000,0.0125000000,0.0125000000,0.0125000000,0.0125000000,0.0125000000,0.0125000000,0.0125000000,0.0125000000
2025-04-04,0.0125000000,0.0125000000,0.0125000000,0.0125000000,0.0125000000,0.0125000000,0.0125000000,0.0125000000,0.0125000000,0.0125000000,0.0125000000,0.0125000000,0.0125000000,0.0125000000,0.0125000000,0.0125000000,0.0125000000,0.0125000000,0.0125000000,0.0125000000,0.0125000000,0.0125000000,0.0125000000,0.0125000000,0.0125000000,0.0125000000,0.0125000000,0.0125000000,0.0125000000,0.0125000000,0.0125000000,0.0125000000,0.0125000000,0.0125000000,0.0125000000,0.0125000000,0.0125000000,0.0125000000,0.0125000000,0.0125000000,0.0125000000,0.0125000000,0.0125000000,0.0125000000,0.0125000000,0.0125000000,0.0125000000,0.0125000000,0.0125000000,0.0125000000,0.0125000000,0.0125000000,0.0125000000,0.0125000000,0.0125000000,0.0125000000,0.0125000000,0.0125000000,0.0125000000,0.0125000000,0.0125000000,0.0125000000,0.0125000000,0.0125000000,0.0125000000,0.0125000000,0.0125000000,0.0125000000,0.0125000000,0.0125000000,0.0125000000,0.0125000000,0.0125000000,0.0125000000,0.0125000000,0.0125000000,0.0125000000,0.0125000000,0.0125000000,0.0125000000
2025-04-11,0.0125000000,0.0125000000,0.0125000000,0.0125000000,0.0125000000,0.0125000000,0.0125000000,0.0125000000,0.0125000000,0.0125000000,0.0125000000,0.0125000000,0.0125000000,0.0125000000,0.0125000000,0.0125000000,0.0125000000,0.0125000000,0.0125000000,0.0125000000,0.0125000000,0.0125000000,0.0125000000,0.0125000000,0.0125000000,0.0125000000,0.0125000000,0.0125000000,0.0125000000,0.0125000000,0.0125000000,0.0125000000,0.0125000000,0.0125000000,0.0125000000,0.0125000000,0.0125000000,0.0125000000,0.0125000000,0.0125000000,0.0125000000,0.0125000000,0.0125000000,0.0125000000,0.0125000000,0.0125000000,0.0125000000,0.0125000000,0.0125000000,0.0125000000,0.0125000000,0.0125000000,0.0125000000,0.0125000000,0.0125000000,0.0125000000,0.0125000000,0.0125000000,0.0125000000,0.0125000000,0.0125000000,0.0125000000,0.0125000000,0.0125000000,0.0125000000,0.0125000000,0.0125000000,0.0125000000,0.0125000000,0.0125000000,0.0125000000,0.0125000000,0.0125000000,0.0125000000,0.0125000000,0.0125000000,0.0125000000,0.0125000000,0.0125000000,0.0125000000
2025-04-18,0.0125000000,0.0125000000,0.0125000000,0.0125000000,0.0125000000,0.0125000000,0.0125000000,0.0125000000,0.0125000000,0.0125000000,0.0125000000,0.0125000000,0.0125000000,0.0125000000,0.0125000000,0.0125000000,0.0125000000,0.0125000000,0.0125000000,0.0125000000,0.0125000000,0.0125000000,0.0125000000,0.0125000000,0.0125000000,0.0125000000,0.0125000000,0.0125000000,0.0125000000,0.0125000000,0.0125000000,0.0125000000,0.0125000000,0.0125000000,0.0125000000,0.0125000000,0.0125000000,0.0125000000,0.0125000000,0.0125000000,0.0125000000,0.0125000000,0.0125000000,0.0125000000,0.0125000000,0.0125000000,0.0125000000,0.0125000000,0.0125000000,0.0125000000,0.0125000000,0.0125000000,0.0125000000,0.0125000000,0.0125000000,0.0125000000,0.0125000000,0.0125000000,0.0125000000,0.0125000000,0.0125000000,0.0125000000,0.0125000000,0.0125000000,0.0125000000,0.0125000000,0.0125000000,0.0125000000,0.0125000000,0.0125000000,0.0125000000,0.0125000000,0.0125000000,0.0125000000,0.0125000000,0.0125000000,0.0125000000,0.0125000000,0.0125000000,0.0125000000
2025-04-25,0.0125000000,0.0125000000,0.0125000000,0.0125000000,0.0125000000,0.0125000000,0.0125000000,0.0125000000,0.0125000000,0.0125000000,0.0125000000,0.0125000000,0.0125000000,0.0125000000,0.0125000000,0.0125000000,0.0125000000,0.0125000000,0.0125000000,0.0125000000,0.0125000000,0.0125000000,0.0125000000,0.0125000000,0.0125000000,0.0125000000,0.0125000000,0.0125000000,0.0125000000,0.0125000000,0.0125000000,0.0125000000,0.0125000000,0.0125000000,0.0125000000,0.0125000000,0.0125000000,0.0125000000,0.0125000000,0.0125000000,0.0125000000,0.0125000000,0.0125000000,0.0125000000,0.0125000000,0.0125000000,0.0125000000,0.0125000000,0.0125000000,0.0125000000,0.0125000000,0.0125000000,0.0125000000,0.0125000000,0.0125000000,0.0125000000,0.0125000000,0.0125000000,0.0125000000,0.0125000000,0.0125000000,0.0125000000,0.0125000000,0.0125000000,0.0125000000,0.0125000000,0.0125000000,0.0125000000,0.0125000000,0.0125000000,0.0125000000,0.0125000000,0.0125000000,0.0125000000,0.0125000000,0.0125000000,0.0125000000,0.0125000000,0.0125000000,0.0125000000
2025-05-02,0.0125000000,0.0125000000,0.0125000000,0.0125000000,0.0125000000,0.0125000000,0.0125000000,0.0125000000,0.0125000000,0.0125000000,0.0125000000,0.0125000000,0.0125000000,0.0125000000,0.0125000000,0.0125000000,0.0125000000,0.0125000000,0.0125000000,0.0125000000,0.0125000000,0.0125000000,0.0125000000,0.0125000000,0.0125000000,0.0125000000,0.0125000000,0.0125000000,0.0125000000,0.0125000000,0.0125000000,0.0125000000,0.0125000000,0.0125000000,0.0125000000,0.0125000000,0.0125000000,0.0125000000,0.0125000000,0.0125000000,0.0125000000,0.0125000000,0.0125000000,0.0125000000,0.0125000000,0.0125000000,0.0125000000,0.0125000000,0.0125000000,0.0125000000,0.0125000000,0.0125000000,0.0125000000,0.0125000000,0.0125000000,0.0125000000,0.0125000000,0.0125000000,0.0125000000,0.0125000000,0.0125000000,0.0125000000,0.0125000000,0.0125000000,0.0125000000,0.0125000000,0.0125000000,0.0125000000,0.0125000000,0.0125000000,0.0125000000,0.0125000000,0.0125000000,0.0125000000,0.0125000000,0.0125000000,0.0125000000,0.0125000000,0.0125000000,0.0125000000
2025-05-09,0.0125000000,0.0125000000,0.0125000000,0.0125000000,0.0125000000,0.0125000000,0.0125000000,0.0125000000,0.0125000000,0.0125000000,0.0125000000,0.0125000000,0.0125000000,0.0125000000,0.0125000000,0.0125000000,0.0125000000,0.0125000000,0.0125000000,0.0125000000,0.0125000000,0.0125000000,0.0125000000,0.0125000000,0.0125000000,0.0125000000,0.0125000000,0.0125000000,0.0125000000,0.0125000000,0.0125000000,0.0125000000,0.0125000000,0.0125000000,0.0125000000,0.0125000000,0.0125000000,0.0125000000,0.0125000000,0.0125000000,0.0125000000,0.0125000000,0.0125000000,0.0125000000,0.0125000000,0.0125000000,0.0125000000,0.0125000000,0.0125000000,0.0125000000,0.0125000000,0.0125000000,0.0125000000,0.0125000000,0.0125000000,0.0125000000,0.0125000000,0.0125000000,0.0125000000,0.0125000000,0.0125000000,0.0125000000,0.0125000000,0.0125000000,0.0125000000,0.0125000000,0.0125000000,0.0125000000,0.0125000000,0.0125000000,0.0125000000,0.0125000000,0.0125000000,0.0125000000,0.0125000000,0.0125000000,0.0125000000,0.0125000000,0.0125000000,0.0125000000
2025-05-16,0.0125000000,0.0125000000,0.0125000000,0.0125000000,0.0125000000,0.0125000000,0.0125000000,0.0125000000,0.0125000000,0.0125000000,0.0125000000,0.0125000000,0.0125000000,0.0125000000,0.0125000000,0.0125000000,0.0125000000,0.0125000000,0.0125000000,0.0125000000,0.0125000000,0.0125000000,0.0125000000,0.0125000000,0.0125000000,0.0125000000,0.0125000000,0.0125000000,0.0125000000,0.0125000000,0.0125000000,0.0125000000,0.0125000000,0.0125000000,0.0125000000,0.0125000000,0.0125000000,0.0125000000,0.0125000000,0.0125000000,0.0125000000,0.0125000000,0.0125000000,0.0125000000,0.0125000000,0.0125000000,0.0125000000,0.0125000000,0.0125000000,0.0125000000,0.0125000000,0.0125000000,0.0125000000,0.0125000000,0.0125000000,0.0125000000,0.0125000000,0.0125000000,0.0125000000,0.0125000000,0.0125000000,0.0125000000,0.0125000000,0.0125000000,0.0125000000,0.0125000000,0.0125000000,0.0125000000,0.0125000000,0.0125000000,0.0125000000,0.0125000000,0.0125000000,0.0125000000,0.0125000000,0.0125000000,0.0125000000,0.0125000000,0.0125000000,0.0125000000
2025-05-23,0.0125000000,0.0125000000,0.0125000000,0.0125000000,0.0125000000,0.0125000000,0.0125000000,0.0125000000,0.0125000000,0.0125000000,0.0125000000,0.0125000000,0.0125000000,0.0125000000,0.0125000000,0.0125000000,0.0125000000,0.0125000000,0.0125000000,0.0125000000,0.0125000000,0.0125000000,0.0125000000,0.0125000000,0.0125000000,0.0125000000,0.0125000000,0.0125000000,0.0125000000,0.0125000000,0.0125000000,0.0125000000,0.0125000000,0.0125000000,0.0125000000,0.0125000000,0.0125000000,0.0125000000,0.0125000000,0.0125000000,0.0125000000,0.0125000000,0.0125000000,0.0125000000,0.0125000000,0.0125000000,0.0125000000,0.0125000000,0.0125000000,0.0125000000,0.0125000000,0.0125000000,0.0125000000,0.0125000000,0.0125000000,0.0125000000,0.0125000000,0.0125000000,0.0125000000,0.0125000000,0.0125000000,0.0125000000,0.0125000000,0.0125000000,0.0125000000,0.0125000000,0.0125000000,0.0125000000,0.0125000000,0.0125000000,0.0125000000,0.0125000000,0.0125000000,0.0125000000,0.0125000000,0.0125000000,0.0125000000,0.0125000000,0.0125000000,0.0125000000
2025-05-30,0.0125000000,0.0125000000,0.0125000000,0.0125000000,0.0125000000,0.0125000000,0.0125000000,0.0125000000,0.0125000000,0.0125000000,0.0125000000,0.0125000000,0.0125000000,0.0125000000,0.0125000000,0.0125000000,0.0125000000,0.0125000000,0.0125000000,0.0125000000,0.0125000000,0.0125000000,0.0125000000,0.0125000000,0.0125000000,0.0125000000,0.0125000000,0.0125000000,0.0125000000,0.0125000000,0.0125000000,0.0125000000,0.0125000000,0.0125000000,0.0125000000,0.0125000000,0.0125000000,0.0125000000,0.0125000000,0.0125000000,0.0125000000,0.0125000000,0.0125000000,0.0125000000,0.0125000000,0.0125000000,0.0125000000,0.0125000000,0.0125000000,0.0125000000,0.0125000000,0.0125000000,0.0125000000,0.0125000000,0.0125000000,0.0125000000,0.0125000000,0.0125000000,0.0125000000,0.0125000000,0.0125000000,0.0125000000,0.0125000000,0.0125000000,0.0125000000,0.0125000000,0.0125000000,0.0125000000,0.0125000000,0.0125000000,0.0125000000,0.0125000000,0.0125000000,0.0125000000,0.0125000000,0.0125000000,0.0125000000,0.0125000000,0.0125000000,0.0125000000
2025-06-06,0.0125000000,0.0125000000,0.0125000000,0.0125000000,0.0125000000,0.0125000000,0.0125000000,0.0125000000,0.0125000000,0.0125000000,0.0125000000,0.0125000000,0.0125000000,0.0125000000,0.0125000000,0.0125000000,0.0125000000,0.0125000000,0.0125000000,0.0125000000,0.0125000000,0.0125000000,0.0125000000,0.0125000000,0.0125000000,0.0125000000,0.0125000000,0.0125000000,0.0125000000,0.0125000000,0.0125000000,0.0125000000,0.0125000000,0.0125000000,0.0125000000,0.0125000000,0.0125000000,0.0125000000,0.0125000000,0.0125000000,0.0125000000,0.0125000000,0.0125000000,0.0125000000,0.0125000000,0.0125000000,0.0125000000,0.0125000000,0.0125000000,0.0125000000,0.0125000000,0.0125000000,0.0125000000,0.0125000000,0.0125000000,0.0125000000,0.0125000000,0.0125000000,0.0125000000,0.0125000000,0.0125000000,0.0125000000,0.0125000000,0.0125000000,0.0125000000,0.0125000000,0.0125000000,0.0125000000,0.0125000000,0.0125000000,0.0125000000,0.0125000000,0.0125000000,0.0125000000,0.0125000000,0.0125000000,0.0125000000,0.0125000000,0.0125000000,0.0125000000
2025-06-13,0.0125000000,0.0125000000,0.0125000000,0.0125000000,0.0125000000,0.0125000000,0.0125000000,0.0125000000,0.0125000000,0.0125000000,0.0125000000,0.0125000000,0.0125000000,0.0125000000,0.0125000000,0.0125000000,0.0125000000,0.0125000000,0.0125000000,0.0125000000,0.0125000000,0.0125000000,0.0125000000,0.0125000000,0.0125000000,0.0125000000,0.0125000000,0.0125000000,0.0125000000,0.0125000000,0.0125000000,0.0125000000,0.0125000000,0.0125000000,0.0125000000,0.0125000000,0.0125000000,0.0125000000,0.0125000000,0.0125000000,0.0125000000,0.0125000000,0.0125000000,0.0125000000,0.0125000000,0.0125000000,0.0125000000,0.0125000000,0.0125000000,0.0125000000,0.0125000000,0.0125000000,0.0125000000,0.0125000000,0.0125000000,0.0125000000,0.0125000000,0.0125000000,0.0125000000,0.0125000000,0.0125000000,0.0125000000,0.0125000000,0.0125000000,0.0125000000,0.0125000000,0.0125000000,0.0125000000,0.0125000000,0.0125000000,0.0125000000,0.0125000000,0.0125000000,0.0125000000,0.0125000000,0.0125000000,0.0125000000,0.0125000000,0.0125000000,0.0125000000
2025-06-20,0.0125000000,0.0125000000,0.0125000000,0.0125000000,0.0125000000,0.0125000000,0.0125000000,0.0125000000,0.0125000000,0.0125000000,0.0125000000,0.0125000000,0.0125000000,0.0125000000,0.0125000000,0.0125000000,0.0125000000,0.0125000000,0.0125000000,0.0125000000,0.0125000000,0.0125000000,0.0125000000,0.0125000000,0.0125000000,0.0125000000,0.0125000000,0.0125000000,0.0125000000,0.0125000000,0.0125000000,0.0125000000,0.0125000000,0.0125000000,0.0125000000,0.0125000000,0.0125000000,0.0125000000,0.0125000000,0.0125000000,0.0125000000,0.0125000000,0.0125000000,0.0125000000,0.0125000000,0.0125000000,0.0125000000,0.0125000000,0.0125000000,0.0125000000,0.0125000000,0.0125000000,0.0125000000,0.0125000000,0.0125000000,0.0125000000,0.0125000000,0.0125000000,0.0125000000,0.0125000000,0.0125000000,0.0125000000,0.0125000000,0.0125000000,0.0125000000,0.0125000000,0.0125000000,0.0125000000,0.0125000000,0.0125000000,0.0125000000,0.0125000000,0.0125000000,0.0125000000,0.0125000000,0.0125000000,0.0125000000,0.0125000000,0.0125000000,0.0125000000
2025-06-27,0.0125000000,0.0125000000,0.0125000000,0.0125000000,0.0125000000,0.0125000000,0.0125000000,0.0125000000,0.0125000000,0.0125000000,0.0125000000,0.0125000000,0.0125000000,0.0125000000,0.0125000000,0.0125000000,0.0125000000,0.0125000000,0.0125000000,0.0125000000,0.0125000000,0.0125000000,0.0125000000,0.0125000000,0.0125000000,0.0125000000,0.0125000000,0.0125000000,0.0125000000,0.0125000000,0.0125000000,0.0125000000,0.0125000000,0.0125000000,0.0125000000,0.0125000000,0.0125000000,0.0125000000,0.0125000000,0.0125000000,0.0125000000,0.0125000000,0.0125000000,0.0125000000,0.0125000000,0.0125000000,0.0125000000,0.0125000000,0.0125000000,0.0125000000,0.0125000000,0.0125000000,0.0125000000,0.0125000000,0.0125000000,0.0125000000,0.0125000000,0.0125000000,0.0125000000,0.0125000000,0.0125000000,0.0125000000,0.0125000000,0.0125000000,0.0125000000,0.0125000000,0.0125000000,0.0125000000,0.0125000000,0.0125000000,0.0125000000,0.0125000000,0.0125000000,0.0125000000,0.0125000000,0.0125000000,0.0125000000,0.0125000000,0.0125000000,0.0125000000
2025-07-04,0.0125000000,0.0125000000,0.0125000000,0.0125000000,0.0125000000,0.0125000000,0.0125000000,0.0125000000,0.0125000000,0.0125000000,0.0125000000,0.0125000000,0.0125000000,0.0125000000,0.0125000000,0.0125000000,0.0125000000,0.0125000000,0.0125000000,0.0125000000,0.0125000000,0.0125000000,0.0125000000,0.0125000000,0.0125000000,0.0125000000,0.0125000000,0.0125000000,0.0125000000,0.0125000000,0.0125000000,0.0125000000,0.0125000000,0.0125000000,0.0125000000,0.0125000000,0.0125000000,0.0125000000,0.0125000000,0.0125000000,0.0125000000,0.0125000000,0.0125000000,0.0125000000,0.0125000000,0.0125000000,0.0125000000,0.0125000000,0.0125000000,0.0125000000,0.0125000000,0.0125000000,0.0125000000,0.0125000000,0.0125000000,0.0125000000,0.0125000000,0.0125000000,0.0125000000,0.0125000000,0.0125000000,0.0125000000,0.0125000000,0.0125000000,0.0125000000,0.0125000000,0.0125000000,0.0125000000,0.0125000000,0.0125000000,0.0125000000,0.0125000000,0.0125000000,0.0125000000,0.0125000000,0.0125000000,0.0125000000,0.0125000000,0.0125000000,0.0125000000
2025-07-11,0.0125000000,0.0125000000,0.0125000000,0.0125000000,0.0125000000,0.0125000000,0.0125000000,0.0125000000,0.0125000000,0.0125000000,0.0125000000,0.0125000000,0.0125000000,0.0125000000,0.0125000000,0.0125000000,0.0125000000,0.0125000000,0.0125000000,0.0125000000,0.0125000000,0.0125000000,0.0125000000,0.0125000000,0.0125000000,0.0125000000,0.0125000000,0.0125000000,0.0125000000,0.0125000000,0.0125000000,0.0125000000,0.0125000000,0.0125000000,0.0125000000,0.0125000000,0.0125000000,0.0125000000,0.0125000000,0.0125000000,0.0125000000,0.0125000000,0.0125000000,0.0125000000,0.0125000000,0.0125000000,0.0125000000,0.0125000000,0.0125000000,0.0125000000,0.0125000000,0.0125000000,0.0125000000,0.0125000000,0.0125000000,0.0125000000,0.0125000000,0.0125000000,0.0125000000,0.0125000000,0.0125000000,0.0125000000,0.0125000000,0.0125000000,0.0125000000,0.0125000000,0.0125000000,0.0125000000,0.0125000000,0.0125000000,0.0125000000,0.0125000000,0.0125000000,0.0125000000,0.0125000000,0.0125000000,0.0125000000,0.0125000000,0.0125000000,0.0125000000
2025-07-18,0.0125000000,0.0125000000,0.0125000000,0.0125000000,0.0125000000,0.0125000000,0.0125000000,0.0125000000,0.0125000000,0.0125000000,0.0125000000,0.0125000000,0.0125000000,0.0125000000,0.0125000000,0.0125000000,0.0125000000,0.0125000000,0.0125000000,0.0125000000,0.0125000000,0.0125000000,0.0125000000,0.0125000000,0.0125000000,0.0125000000,0.0125000000,0.0125000000,0.0125000000,0.0125000000,0.0125000000,0.0125000000,0.0125000000,0.0125000000,0.0125000000,0.0125000000,0.0125000000,0.0125000000,0.0125000000,0.0125000000,0.0125000000,0.0125000000,0.0125000000,0.0125000000,0.0125000000,0.0125000000,0.0125000000,0.0125000000,0.0125000000,0.0125000000,0.0125000000,0.0125000000,0.0125000000,0.0125000000,0.0125000000,0.0125000000,0.0125000000,0.0125000000,0.0125000000,0.0125000000,0.0125000000,0.0125000000,0.0125000000,0.0125000000,0.0125000000,0.0125000000,0.0125000000,0.0125000000,0.0125000000,0.0125000000,0.0125000000,0.0125000000,0.0125000000,0.0125000000,0.0125000000,0.0125000000,0.0125000000,0.0125000000,0.0125000000,0.0125000000
2025-07-25,0.0125000000,0.0125000000,0.0125000000,0.0125000000,0.0125000000,0.0125000000,0.0125000000,0.0125000000,0.0125000000,0.0125000000,0.0125000000,0.0125000000,0.0125000000,0.0125000000,0.0125000000,0.0125000000,0.0125000000,0.0125000000,0.0125000000,0.0125000000,0.0125000000,0.0125000000,0.0125000000,0.0125000000,0.0125000000,0.0125000000,0.0125000000,0.0125000000,0.0125000000,0.0125000000,0.0125000000,0.0125000000,0.0125000000,0.0125000000,0.0125000000,0.0125000000,0.0125000000,0.0125000000,0.0125000000,0.0125000000,0.0125000000,0.0125000000,0.0125000000,0.0125000000,0.0125000000,0.0125000000,0.0125000000,0.0125000000,0.0125000000,0.0125000000,0.0125000000,0.0125000000,0.0125000000,0.0125000000,0.0125000000,0.0125000000,0.0125000000,0.0125000000,0.0125000000,0.0125000000,0.0125000000,0.0125000000,0.0125000000,0.0125000000,0.0125000000,0.0125000000,0.0125000000,0.0125000000,0.0125000000,0.0125000000,0.0125000000,0.0125000000,0.0125000000,0.0125000000,0.0125000000,0.0125000000,0.0125000000,0.0125000000,0.0125000000,0.0125000000
2025-08-01,0.0125000000,0.0125000000,0.0125000000,0.0125000000,0.0125000000,0.0125000000,0.0125000000,0.0125000000,0.0125000000,0.0125000000,0.0125000000,0.0125000000,0.0125000000,0.0125000000,0.0125000000,0.0125000000,0.0125000000,0.0125000000,0.0125000000,0.0125000000,0.0125000000,0.0125000000,0.0125000000,0.0125000000,0.0125000000,0.0125000000,0.0125000000,0.0125000000,0.0125000000,0.0125000000,0.0125000000,0.0125000000,0.0125000000,0.0125000000,0.0125000000,0.0125000000,0.0125000000,0.0125000000,0.0125000000,0.0125000000,0.0125000000,0.0125000000,0.0125000000,0.0125000000,0.0125000000,0.0125000000,0.0125000000,0.0125000000,0.0125000000,0.0125000000,0.0125000000,0.0125000000,0.0125000000,0.0125000000,0.0125000000,0.0125000000,0.0125000000,0.0125000000,0.0125000000,0.0125000000,0.0125000000,0.0125000000,0.0125000000,0.0125000000,0.0125000000,0.0125000000,0.0125000000,0.0125000000,0.0125000000,0.0125000000,0.0125000000,0.0125000000,0.0125000000,0.0125000000,0.0125000000,0.0125000000,0.0125000000,0.0125000000,0.0125000000,0.0125000000
2025-08-08,0.0125000000,0.0125000000,0.0125000000,0.0125000000,0.0125000000,0.0125000000,0.0125000000,0.0125000000,0.0125000000,0.0125000000,0.0125000000,0.0125000000,0.0125000000,0.0125000000,0.0125000000,0.0125000000,0.0125000000,0.0125000000,0.0125000000,0.0125000000,0.0125000000,0.0125000000,0.0125000000,0.0125000000,0.0125000000,0.0125000000,0.0125000000,0.0125000000,0.0125000000,0.0125000000,0.0125000000,0.0125000000,0.0125000000,0.0125000000,0.0125000000,0.0125000000,0.0125000000,0.0125000000,0.0125000000,0.0125000000,0.0125000000,0.0125000000,0.0125000000,0.0125000000,0.0125000000,0.0125000000,0.0125000000,0.0125000000,0.0125000000,0.0125000000,0.0125000000,0.0125000000,0.0125000000,0.0125000000,0.0125000000,0.0125000000,0.0125000000,0.0125000000,0.0125000000,0.0125000000,0.0125000000,0.0125000000,0.0125000000,0.0125000000,0.0125000000,0.0125000000,0.0125000000,0.0125000000,0.0125000000,0.0125000000,0.0125000000,0.0125000000,0.0125000000,0.0125000000,0.0125000000,0.0125000000,0.0125000000,0.0125000000,0.0125000000,0.0125000000
2025-08-15,0.0125000000,0.0125000000,0.0125000000,0.0125000000,0.0125000000,0.0125000000,0.0125000000,0.0125000000,0.0125000000,0.0125000000,0.0125000000,0.0125000000,0.0125000000,0.0125000000,0.0125000000,0.0125000000,0.0125000000,0.0125000000,0.0125000000,0.0125000000,0.0125000000,0.0125000000,0.0125000000,0.0125000000,0.0125000000,0.0125000000,0.0125000000,0.0125000000,0.0125000000,0.0125000000,0.0125000000,0.0125000000,0.0125000000,0.0125000000,0.0125000000,0.0125000000,0.0125000000,0.0125000000,0.0125000000,0.0125000000,0.0125000000,0.0125000000,0.0125000000,0.0125000000,0.0125000000,0.0125000000,0.0125000000,0.0125000000,0.0125000000,0.0125000000,0.0125000000,0.0125000000,0.0125000000,0.0125000000,0.0125000000,0.0125000000,0.0125000000,0.0125000000,0.0125000000,0.0125000000,0.0125000000,0.0125000000,0.0125000000,0.0125000000,0.0125000000,0.0125000000,0.0125000000,0.0125000000,0.0125000000,0.0125000000,0.0125000000,0.0125000000,0.0125000000,0.0125000000,0.0125000000,0.0125000000,0.0125000000,0.0125000000,0.0125000000,0.0125000000
2025-08-22,0.0125000000,0.0125000000,0.0125000000,0.0125000000,0.0125000000,0.0125000000,0.0125000000,0.0125000000,0.0125000000,0.0125000000,0.0125000000,0.0125000000,0.0125000000,0.0125000000,0.0125000000,0.0125000000,0.0125000000,0.0125000000,0.0125000000,0.0125000000,0.0125000000,0.0125000000,0.0125000000,0.0125000000,0.0125000000,0.0125000000,0.0125000000,0.0125000000,0.0125000000,0.0125000000,0.0125000000,0.0125000000,0.0125000000,0.0125000000,0.0125000000,0.0125000000,0.0125000000,0.0125000000,0.0125000000,0.0125000000,0.0125000000,0.0125000000,0.0125000000,0.0125000000,0.0125000000,0.0125000000,0.0125000000,0.0125000000,0.0125000000,0.0125000000,0.0125000000,0.0125000000,0.0125000000,0.0125000000,0.0125000000,0.0125000000,0.0125000000,0.0125000000,0.0125000000,0.0125000000,0.0125000000,0.0125000000,0.0125000000,0.0125000000,0.0125000000,0.0125000000,0.0125000000,0.0125000000,0.0125000000,0.0125000000,0.0125000000,0.0125000000,0.0125000000,0.0125000000,0.0125000000,0.0125000000,0.0125000000,0.0125000000,0.0125000000,0.0125000000
2025-08-29,0.0125000000,0.0125000000,0.0125000000,0.0125000000,0.0125000000,0.0125000000,0.0125000000,0.0125000000,0.0125000000,0.0125000000,0.0125000000,0.0125000000,0.0125000000,0.0125000000,0.0125000000,0.0125000000,0.0125000000,0.0125000000,0.0125000000,0.0125000000,0.0125000000,0.0125000000,0.0125000000,0.0125000000,0.0125000000,0.0125000000,0.0125000000,0.0125000000,0.0125000000,0.0125000000,0.0125000000,0.0125000000,0.0125000000,0.0125000000,0.0125000000,0.0125000000,0.0125000000,0.0125000000,0.0125000000,0.0125000000,0.0125000000,0.0125000000,0.0125000000,0.0125000000,0.0125000000,0.0125000000,0.0125000000,0.0125000000,0.0125000000,0.0125000000,0.0125000000,0.0125000000,0.0125000000,0.0125000000,0.0125000000,0.0125000000,0.0125000000,0.0125000000,0.0125000000,0.0125000000,0.0125000000,0.0125000000,0.0125000000,0.0125000000,0.0125000000,0.0125000000,0.0125000000,0.0125000000,0.0125000000,0.0125000000,0.0125000000,0.0125000000,0.0125000000,0.0125000000,0.0125000000,0.0125000000,0.0125000000,0.0125000000,0.0125000000,0.0125000000
2025-09-05,0.0125000000,0.0125000000,0.0125000000,0.0125000000,0.0125000000,0.0125000000,0.0125000000,0.0125000000,0.0125000000,0.0125000000,0.0125000000,0.0125000000,0.0125000000,0.0125000000,0.0125000000,0.0125000000,0.0125000000,0.0125000000,0.0125000000,0.0125000000,0.0125000000,0.0125000000,0.0125000000,0.0125000000,0.0125000000,0.0125000000,0.0125000000,0.0125000000,0.0125000000,0.0125000000,0.0125000000,0.0125000000,0.0125000000,0.0125000000,0.0125000000,0.0125000000,0.0125000000,0.0125000000,0.0125000000,0.0125000000,0.0125000000,0.0125000000,0.0125000000,0.0125000000,0.0125000000,0.0125000000,0.0125000000,0.0125000000,0.0125000000,0.0125000000,0.0125000000,0.0125000000,0.0125000000,0.0125000000,0.0125000000,0.0125000000,0.0125000000,0.0125000000,0.0125000000,0.0125000000,0.0125000000,0.0125000000,0.0125000000,0.0125000000,0.0125000000,0.0125000000,0.0125000000,0.0125000000,0.0125000000,0.0125000000,0.0125000000,0.0125000000,0.0125000000,0.0125000000,0.0125000000,0.0125000000,0.0125000000,0.0125000000,0.0125000000,0.0125000000
2025-09-12,0.0125000000,0.0125000000,0.0125000000,0.0125000000,0.0125000000,0.0125000000,0.0125000000,0.0125000000,0.0125000000,0.0125000000,0.0125000000,0.0125000000,0.0125000000,0.0125000000,0.0125000000,0.0125000000,0.0125000000,0.0125000000,0.0125000000,0.0125000000,0.0125000000,0.0125000000,0.0125000000,0.0125000000,0.0125000000,0.0125000000,0.0125000000,0.0125000000,0.0125000000,0.0125000000,0.0125000000,0.0125000000,0.0125000000,0.0125000000,0.0125000000,0.0125000000,0.0125000000,0.0125000000,0.0125000000,0.0125000000,0.0125000000,0.0125000000,0.0125000000,0.0125000000,0.0125000000,0.0125000000,0.0125000000,0.0125000000,0.0125000000,0.0125000000,0.0125000000,0.0125000000,0.0125000000,0.0125000000,0.0125000000,0.0125000000,0.0125000000,0.0125000000,0.0125000000,0.0125000000,0.0125000000,0.0125000000,0.0125000000,0.0125000000,0.0125000000,0.0125000000,0.0125000000,0.0125000000,0.0125000000,0.0125000000,0.0125000000,0.0125000000,0.0125000000,0.0125000000,0.0125000000,0.0125000000,0.0125000000,0.0125000000,0.0125000000,0.0125000000
2025-09-19,0.0125000000,0.0125000000,0.0125000000,0.0125000000,0.0125000000,0.0125000000,0.0125000000,0.0125000000,0.0125000000,0.0125000000,0.0125000000,0.0125000000,0.0125000000,0.0125000000,0.0125000000,0.0125000000,0.0125000000,0.0125000000,0.0125000000,0.0125000000,0.0125000000,0.0125000000,0.0125000000,0.0125000000,0.0125000000,0.0125000000,0.0125000000,0.0125000000,0.0125000000,0.0125000000,0.0125000000,0.0125000000,0.0125000000,0.0125000000,0.0125000000,0.0125000000,0.0125000000,0.0125000000,0.0125000000,0.0125000000,0.0125000000,0.0125000000,0.0125000000,0.0125000000,0.0125000000,0.0125000000,0.0125000000,0.0125000000,0.0125000000,0.0125000000,0.0125000000,0.0125000000,0.0125000000,0.0125000000,0.0125000000,0.0125000000,0.0125000000,0.0125000000,0.0125000000,0.0125000000,0.0125000000,0.0125000000,0.0125000000,0.0125000000,0.0125000000,0.0125000000,0.0125000000,0.0125000000,0.0125000000,0.0125000000,0.0125000000,0.0125000000,0.0125000000,0.0125000000,0.0125000000,0.0125000000,0.0125000000,0.0125000000,0.0125000000,0.0125000000
2025-09-26,0.0125000000,0.0125000000,0.0125000000,0.0125000000,0.0125000000,0.0125000000,0.0125000000,0.0125000000,0.0125000000,0.0125000000,0.0125000000,0.0125000000,0.0125000000,0.0125000000,0.0125000000,0.0125000000,0.0125000000,0.0125000000,0.0125000000,0.0125000000,0.0125000000,0.0125000000,0.0125000000,0.0125000000,0.0125000000,0.0125000000,0.0125000000,0.0125000000,0.0125000000,0.0125000000,0.0125000000,0.0125000000,0.0125000000,0.0125000000,0.0125000000,0.0125000000,0.0125000000,0.0125000000,0.0125000000,0.0125000000,0.0125000000,0.0125000000,0.0125000000,0.0125000000,0.0125000000,0.0125000000,0.0125000000,0.0125000000,0.0125000000,0.0125000000,0.0125000000,0.0125000000,0.0125000000,0.0125000000,0.0125000000,0.0125000000,0.0125000000,0.0125000000,0.0125000000,0.0125000000,0.0125000000,0.0125000000,0.0125000000,0.0125000000,0.0125000000,0.0125000000,0.0125000000,0.0125000000,0.0125000000,0.0125000000,0.0125000000,0.0125000000,0.0125000000,0.0125000000,0.0125000000,0.0125000000,0.0125000000,0.0125000000,0.0125000000,0.0125000000
2025-10-03,0.0125000000,0.0125000000,0.0125000000,0.0125000000,0.0125000000,0.0125000000,0.0125000000,0.0125000000,0.0125000000,0.0125000000,0.0125000000,0.0125000000,0.0125000000,0.0125000000,0.0125000000,0.0125000000,0.0125000000,0.0125000000,0.0125000000,0.0125000000,0.0125000000,0.0125000000,0.0125000000,0.0125000000,0.0125000000,0.0125000000,0.0125000000,0.0125000000,0.0125000000,0.0125000000,0.0125000000,0.0125000000,0.0125000000,0.0125000000,0.0125000000,0.0125000000,0.0125000000,0.0125000000,0.0125000000,0.0125000000,0.0125000000,0.0125000000,0.0125000000,0.0125000000,0.0125000000,0.0125000000,0.0125000000,0.0125000000,0.0125000000,0.0125000000,0.0125000000,0.0125000000,0.0125000000,0.0125000000,0.0125000000,0.0125000000,0.0125000000,0.0125000000,0.0125000000,0.0125000000,0.0125000000,0.0125000000,0.0125000000,0.0125000000,0.0125000000,0.0125000000,0.0125000000,0.0125000000,0.0125000000,0.0125000000,0.0125000000,0.0125000000,0.0125000000,0.0125000000,0.0125000000,0.0125000000,0.0125000000,0.0125000000,0.0125000000,0.0125000000
2025-10-10,0.0125000000,0.0125000000,0.0125000000,0.0125000000,0.0125000000,0.0125000000,0.0125000000,0.0125000000,0.0125000000,0.0125000000,0.0125000000,0.0125000000,0.0125000000,0.0125000000,0.0125000000,0.0125000000,0.0125000000,0.0125000000,0.0125000000,0.0125000000,0.0125000000,0.0125000000,0.0125000000,0.0125000000,0.0125000000,0.0125000000,0.0125000000,0.0125000000,0.0125000000,0.0125000000,0.0125000000,0.0125000000,0.0125000000,0.0125000000,0.0125000000,0.0125000000,0.0125000000,0.0125000000,0.0125000000,0.0125000000,0.0125000000,0.0125000000,0.0125000000,0.0125000000,0.0125000000,0.0125000000,0.0125000000,0.0125000000,0.0125000000,0.0125000000,0.0125000000,0.0125000000,0.0125000000,0.0125000000,0.0125000000,0.0125000000,0.0125000000,0.0125000000,0.0125000000,0.0125000000,0.0125000000,0.0125000000,0.0125000000,0.0125000000,0.0125000000,0.0125000000,0.0125000000,0.0125000000,0.0125000000,0.0125000000,0.0125000000,0.0125000000,0.0125000000,0.0125000000,0.0125000000,0.0125000000,0.0125000000,0.0125000000,0.0125000000,0.0125000000
2025-10-17,0.0125000000,0.0125000000,0.0125000000,0.0125000000,0.0125000000,0.0125000000,0.0125000000,0.0125000000,0.0125000000,0.0125000000,0.0125000000,0.0125000000,0.0125000000,0.0125000000,0.0125000000,0.0125000000,0.0125000000,0.0125000000,0.0125000000,0.0125000000,0.0125000000,0.0125000000,0.0125000000,0.0125000000,0.0125000000,0.0125000000,0.0125000000,0.0125000000,0.0125000000,0.0125000000,0.0125000000,0.0125000000,0.0125000000,0.0125000000,0.0125000000,0.0125000000,0.0125000000,0.0125000000,0.0125000000,0.0125000000,0.0125000000,0.0125000000,0.0125000000,0.0125000000,0.0125000000,0.0125000000,0.0125000000,0.0125000000,0.0125000000,0.0125000000,0.0125000000,0.0125000000,0.0125000000,0.0125000000,0.0125000000,0.0125000000,0.0125000000,0.0125000000,0.0125000000,0.0125000000,0.0125000000,0.0125000000,0.0125000000,0.0125000000,0.0125000000,0.0125000000,0.0125000000,0.0125000000,0.0125000000,0.0125000000,0.0125000000,0.0125000000,0.0125000000,0.0125000000,0.0125000000,0.0125000000,0.0125000000,0.0125000000,0.0125000000,0.0125000000
2025-10-24,0.0125000000,0.0125000000,0.0125000000,0.0125000000,0.0125000000,0.0125000000,0.0125000000,0.0125000000,0.0125000000,0.0125000000,0.0125000000,0.0125000000,0.0125000000,0.0125000000,0.0125000000,0.0125000000,0.0125000000,0.0125000000,0.0125000000,0.0125000000,0.0125000000,0.0125000000,0.0125000000,0.0125000000,0.0125000000,0.0125000000,0.0125000000,0.0125000000,0.0125000000,0.0125000000,0.0125000000,0.0125000000,0.0125000000,0.0125000000,0.0125000000,0.0125000000,0.0125000000,0.0125000000,0.0125000000,0.0125000000,0.0125000000,0.0125000000,0.0125000000,0.0125000000,0.0125000000,0.0125000000,0.0125000000,0.0125000000,0.0125000000,0.0125000000,0.0125000000,0.0125000000,0.0125000000,0.0125000000,0.0125000000,0.0125000000,0.0125000000,0.0125000000,0.0125000000,0.0125000000,0.0125000000,0.0125000000,0.0125000000,0.0125000000,0.0125000000,0.0125000000,0.0125000000,0.0125000000,0.0125000000,0.0125000000,0.0125000000,0.0125000000,0.0125000000,0.0125000000,0.0125000000,0.0125000000,0.0125000000,0.0125000000,0.0125000000,0.0125000000
2025-10-31,0.0125000000,0.0125000000,0.0125000000,0.0125000000,0.0125000000,0.0125000000,0.0125000000,0.0125000000,0.0125000000,0.0125000000,0.0125000000,0.0125000000,0.0125000000,0.0125000000,0.0125000000,0.0125000000,0.0125000000,0.0125000000,0.0125000000,0.0125000000,0.0125000000,0.0125000000,0.0125000000,0.0125000000,0.0125000000,0.0125000000,0.0125000000,0.0125000000,0.0125000000,0.0125000000,0.0125000000,0.0125000000,0.0125000000,0.0125000000,0.0125000000,0.0125000000,0.0125000000,0.0125000000,0.0125000000,0.0125000000,0.0125000000,0.0125000000,0.0125000000,0.0125000000,0.0125000000,0.0125000000,0.0125000000,0.0125000000,0.0125000000,0.0125000000,0.0125000000,0.0125000000,0.0125000000,0.0125000000,0.0125000000,0.0125000000,0.0125000000,0.0125000000,0.0125000000,0.0125000000,0.0125000000,0.0125000000,0.0125000000,0.0125000000,0.0125000000,0.0125000000,0.0125000000,0.0125000000,0.0125000000,0.0125000000,0.0125000000,0.0125000000,0.0125000000,0.0125000000,0.0125000000,0.0125000000,0.0125000000,0.0125000000,0.0125000000,0.0125000000
2025-11-07,0.0125000000,0.0125000000,0.0125000000,0.0125000000,0.0125000000,0.0125000000,0.0125000000,0.0125000000,0.0125000000,0.0125000000,0.0125000000,0.0125000000,0.0125000000,0.0125000000,0.0125000000,0.0125000000,0.0125000000,0.0125000000,0.0125000000,0.0125000000,0.0125000000,0.0125000000,0.0125000000,0.0125000000,0.0125000000,0.0125000000,0.0125000000,0.0125000000,0.0125000000,0.0125000000,0.0125000000,0.0125000000,0.0125000000,0.0125000000,0.0125000000,0.0125000000,0.0125000000,0.0125000000,0.0125000000,0.0125000000,0.0125000000,0.0125000000,0.0125000000,0.0125000000,0.0125000000,0.0125000000,0.0125000000,0.0125000000,0.0125000000,0.0125000000,0.0125000000,0.0125000000,0.0125000000,0.0125000000,0.0125000000,0.0125000000,0.0125000000,0.0125000000,0.0125000000,0.0125000000,0.0125000000,0.0125000000,0.0125000000,0.0125000000,0.0125000000,0.0125000000,0.0125000000,0.0125000000,0.0125000000,0.0125000000,0.0125000000,0.0125000000,0.0125000000,0.0125000000,0.0125000000,0.0125000000,0.0125000000,0.0125000000,0.0125000000,0.0125000000
2025-11-14,0.0125000000,0.0125000000,0.0125000000,0.0125000000,0.0125000000,0.0125000000,0.0125000000,0.0125000000,0.0125000000,0.0125000000,0.0125000000,0.0125000000,0.0125000000,0.0125000000,0.0125000000,0.0125000000,0.0125000000,0.0125000000,0.0125000000,0.0125000000,0.0125000000,0.0125000000,0.0125000000,0.0125000000,0.0125000000,0.0125000000,0.0125000000,0.0125000000,0.0125000000,0.0125000000,0.0125000000,0.0125000000,0.0125000000,0.0125000000,0.0125000000,0.0125000000,0.0125000000,0.0125000000,0.0125000000,0.0125000000,0.0125000000,0.0125000000,0.0125000000,0.0125000000,0.0125000000,0.0125000000,0.0125000000,0.0125000000,0.0125000000,0.0125000000,0.0125000000,0.0125000000,0.0125000000,0.0125000000,0.0125000000,0.0125000000,0.0125000000,0.0125000000,0.0125000000,0.0125000000,0.0125000000,0.0125000000,0.0125000000,0.0125000000,0.0125000000,0.0125000000,0.0125000000,0.0125000000,0.0125000000,0.0125000000,0.0125000000,0.0125000000,0.0125000000,0.0125000000,0.0125000000,0.0125000000,0.0125000000,0.0125000000,0.0125000000,0.0125000000
2025-11-21,0.0125000000,0.0125000000,0.0125000000,0.0125000000,0.0125000000,0.0125000000,0.0125000000,0.0125000000,0.0125000000,0.0125000000,0.0125000000,0.0125000000,0.0125000000,0.0125000000,0.0125000000,0.0125000000,0.0125000000,0.0125000000,0.0125000000,0.0125000000,0.0125000000,0.0125000000,0.0125000000,0.0125000000,0.0125000000,0.0125000000,0.0125000000,0.0125000000,0.0125000000,0.0125000000,0.0125000000,0.0125000000,0.0125000000,0.0125000000,0.0125000000,0.0125000000,0.0125000000,0.0125000000,0.0125000000,0.0125000000,0.0125000000,0.0125000000,0.0125000000,0.0125000000,0.0125000000,0.0125000000,0.0125000000,0.0125000000,0.0125000000,0.0125000000,0.0125000000,0.0125000000,0.0125000000,0.0125000000,0.0125000000,0.0125000000,0.0125000000,0.0125000000,0.0125000000,0.0125000000,0.0125000000,0.0125000000,0.0125000000,0.0125000000,0.0125000000,0.0125000000,0.0125000000,0.0125000000,0.0125000000,0.0125000000,0.0125000000,0.0125000000,0.0125000000,0.0125000000,0.0125000000,0.0125000000,0.0125000000,0.0125000000,0.0125000000,0.0125000000
2025-11-28,0.0125000000,0.0125000000,0.0125000000,0.0125000000,0.0125000000,0.0125000000,0.0125000000,0.0125000000,0.0125000000,0.0125000000,0.0125000000,0.0125000000,0.0125000000,0.0125000000,0.0125000000,0.0125000000,0.0125000000,0.0125000000,0.0125000000,0.0125000000,0.0125000000,0.0125000000,0.0125000000,0.0125000000,0.0125000000,0.0125000000,0.0125000000,0.0125000000,0.0125000000,0.0125000000,0.0125000000,0.0125000000,0.0125000000,0.0125000000,0.0125000000,0.0125000000,0.0125000000,0.0125000000,0.0125000000,0.0125000000,0.0125000000,0.0125000000,0.0125000000,0.0125000000,0.0125000000,0.0125000000,0.0125000000,0.0125000000,0.0125000000,0.0125000000,0.0125000000,0.0125000000,0.0125000000,0.0125000000,0.0125000000,0.0125000000,0.0125000000,0.0125000000,0.0125000000,0.0125000000,0.0125000000,0.0125000000,0.0125000000,0.0125000000,0.0125000000,0.0125000000,0.0125000000,0.0125000000,0.0125000000,0.0125000000,0.0125000000,0.0125000000,0.0125000000,0.0125000000,0.0125000000,0.0125000000,0.0125000000,0.0125000000,0.0125000000,0.0125000000
2025-12-05,0.0125000000,0.0125000000,0.0125000000,0.0125000000,0.0125000000,0.0125000000,0.0125000000,0.0125000000,0.0125000000,0.0125000000,0.0125000000,0.0125000000,0.0125000000,0.0125000000,0.0125000000,0.0125000000,0.0125000000,0.0125000000,0.0125000000,0.0125000000,0.0125000000,0.0125000000,0.0125000000,0.0125000000,0.0125000000,0.0125000000,0.0125000000,0.0125000000,0.0125000000,0.0125000000,0.0125000000,0.0125000000,0.0125000000,0.0125000000,0.0125000000,0.0125000000,0.0125000000,0.0125000000,0.0125000000,0.0125000000,0.0125000000,0.0125000000,0.0125000000,0.0125000000,0.0125000000,0.0125000000,0.0125000000,0.0125000000,0.0125000000,0.0125000000,0.0125000000,0.0125000000,0.0125000000,0.0125000000,0.0125000000,0.0125000000,0.0125000000,0.0125000000,0.0125000000,0.0125000000,0.0125000000,0.0125000000,0.0125000000,0.0125000000,0.0125000000,0.0125000000,0.0125000000,0.0125000000,0.0125000000,0.0125000000,0.0125000000,0.0125000000,0.0125000000,0.0125000000,0.0125000000,0.0125000000,0.0125000000,0.0125000000,0.0125000000,0.0125000000
2025-12-12,0.0125000000,0.0125000000,0.0125000000,0.0125000000,0.0125000000,0.0125000000,0.0125000000,0.0125000000,0.0125000000,0.0125000000,0.0125000000,0.0125000000,0.0125000000,0.0125000000,0.0125000000,0.0125000000,0.0125000000,0.0125000000,0.0125000000,0.0125000000,0.0125000000,0.0125000000,0.0125000000,0.0125000000,0.0125000000,0.0125000000,0.0125000000,0.0125000000,0.0125000000,0.0125000000,0.0125000000,0.0125000000,0.0125000000,0.0125000000,0.0125000000,0.0125000000,0.0125000000,0.0125000000,0.0125000000,0.0125000000,0.0125000000,0.0125000000,0.0125000000,0.0125000000,0.0125000000,0.0125000000,0.0125000000,0.0125000000,0.0125000000,0.0125000000,0.0125000000,0.0125000000,0.0125000000,0.0125000000,0.0125000000,0.0125000000,0.0125000000,0.0125000000,0.0125000000,0.0125000000,0.0125000000,0.0125000000,0.0125000000,0.0125000000,0.0125000000,0.0125000000,0.0125000000,0.0125000000,0.0125000000,0.0125000000,0.0125000000,0.0125000000,0.0125000000,0.0125000000,0.0125000000,0.0125000000,0.0125000000,0.0125000000,0.0125000000,0.0125000000
2025-12-19,0.0125000000,0.0125000000,0.0125000000,0.0125000000,0.0125000000,0.0125000000,0.0125000000,0.0125000000,0.0125000000,0.0125000000,0.0125000000,0.0125000000,0.0125000000,0.0125000000,0.0125000000,0.0125000000,0.0125000000,0.0125000000,0.0125000000,0.0125000000,0.0125000000,0.0125000000,0.0125000000,0.0125000000,0.0125000000,0.0125000000,0.0125000000,0.0125000000,0.0125000000,0.0125000000,0.0125000000,0.0125000000,0.0125000000,0.0125000000,0.0125000000,0.0125000000,0.0125000000,0.0125000000,0.0125000000,0.0125000000,0.0125000000,0.0125000000,0.0125000000,0.0125000000,0.0125000000,0.0125000000,0.0125000000,0.0125000000,0.0125000000,0.0125000000,0.0125000000,0.0125000000,0.0125000000,0.0125000000,0.0125000000,0.0125000000,0.0125000000,0.0125000000,0.0125000000,0.0125000000,0.0125000000,0.0125000000,0.0125000000,0.0125000000,0.0125000000,0.0125000000,0.0125000000,0.0125000000,0.0125000000,0.0125000000,0.0125000000,0.0125000000,0.0125000000,0.0125000000,0.0125000000,0.0125000000,0.0125000000,0.0125000000,0.0125000000,0.0125000000
2025-12-26,0.0125000000,0.0125000000,0.0125000000,0.0125000000,0.0125000000,0.0125000000,0.0125000000,0.0125000000,0.0125000000,0.0125000000,0.0125000000,0.0125000000,0.0125000000,0.0125000000,0.0125000000,0.0125000000,0.0125000000,0.0125000000,0.0125000000,0.0125000000,0.0125000000,0.0125000000,0.0125000000,0.0125000000,0.0125000000,0.0125000000,0.0125000000,0.0125000000,0.0125000000,0.0125000000,0.0125000000,0.0125000000,0.0125000000,0.0125000000,0.0125000000,0.0125000000,0.0125000000,0.0125000000,0.0125000000,0.0125000000,0.0125000000,0.0125000000,0.0125000000,0.0125000000,0.0125000000,0.0125000000,0.0125000000,0.0125000000,0.0125000000,0.0125000000,0.0125000000,0.0125000000,0.0125000000,0.0125000000,0.0125000000,0.0125000000,0.0125000000,0.0125000000,0.0125000000,0.0125000000,0.0125000000,0.0125000000,0.0125000000,0.0125000000,0.0125000000,0.0125000000,0.0125000000,0.0125000000,0.0125000000,0.0125000000,0.0125000000,0.0125000000,0.0125000000,0.0125000000,0.0125000000,0.0125000000,0.0125000000,0.0125000000,0.0125000000,0.0125000000
2026-01-02,0.0125000000,0.0125000000,0.0125000000,0.0125000000,0.0125000000,0.0125000000,0.0125000000,0.0125000000,0.0125000000,0.0125000000,0.0125000000,0.0125000000,0.0125000000,0.0125000000,0.0125000000,0.0125000000,0.0125000000,0.0125000000,0.0125000000,0.0125000000,0.0125000000,0.0125000000,0.0125000000,0.0125000000,0.0125000000,0.0125000000,0.0125000000,0.0125000000,0.0125000000,0.0125000000,0.0125000000,0.0125000000,0.0125000000,0.0125000000,0.0125000000,0.0125000000,0.0125000000,0.0125000000,0.0125000000,0.0125000000,0.0125000000,0.0125000000,0.0125000000,0.0125000000,0.0125000000,0.0125000000,0.0125000000,0.0125000000,0.0125000000,0.0125000000,0.0125000000,0.0125000000,0.0125000000,0.0125000000,0.0125000000,0.0125000000,0.0125000000,0.0125000000,0.0125000000,0.0125000000,0.0125000000,0.0125000000,0.0125000000,0.0125000000,0.0125000000,0.0125000000,0.0125000000,0.0125000000,0.0125000000,0.0125000000,0.0125000000,0.0125000000,0.0125000000,0.0125000000,0.0125000000,0.0125000000,0.0125000000,0.0125000000,0.0125000000,0.0125000000
2026-01-09,0.0125000000,0.0125000000,0.0125000000,0.0125000000,0.0125000000,0.0125000000,0.0125000000,0.0125000000,0.0125000000,0.0125000000,0.0125000000,0.0125000000,0.0125000000,0.0125000000,0.0125000000,0.0125000000,0.0125000000,0.0125000000,0.0125000000,0.0125000000,0.0125000000,0.0125000000,0.0125000000,0.0125000000,0.0125000000,0.0125000000,0.0125000000,0.0125000000,0.0125000000,0.0125000000,0.0125000000,0.0125000000,0.0125000000,0.0125000000,0.0125000000,0.0125000000,0.0125000000,0.0125000000,0.0125000000,0.0125000000,0.0125000000,0.0125000000,0.0125000000,0.0125000000,0.0125000000,0.0125000000,0.0125000000,0.0125000000,0.0125000000,0.0125000000,0.0125000000,0.0125000000,0.0125000000,0.0125000000,0.0125000000,0.0125000000,0.0125000000,0.0125000000,0.0125000000,0.0125000000,0.0125000000,0.0125000000,0.0125000000,0.0125000000,0.0125000000,0.0125000000,0.0125000000,0.0125000000,0.0125000000,0.0125000000,0.0125000000,0.0125000000,0.0125000000,0.0125000000,0.0125000000,0.0125000000,0.0125000000,0.0125000000,0.0125000000,0.0125000000
2026-01-16,0.0125000000,0.0125000000,0.0125000000,0.0125000000,0.0125000000,0.0125000000,0.0125000000,0.0125000000,0.0125000000,0.0125000000,0.0125000000,0.0125000000,0.0125000000,0.0125000000,0.0125000000,0.0125000000,0.0125000000,0.0125000000,0.0125000000,0.0125000000,0.0125000000,0.0125000000,0.0125000000,0.0125000000,0.0125000000,0.0125000000,0.0125000000,0.0125000000,0.0125000000,0.0125000000,0.0125000000,0.0125000000,0.0125000000,0.0125000000,0.0125000000,0.0125000000,0.0125000000,0.0125000000,0.0125000000,0.0125000000,0.0125000000,0.0125000000,0.0125000000,0.0125000000,0.0125000000,0.0125000000,0.0125000000,0.0125000000,0.0125000000,0.0125000000,0.0125000000,0.0125000000,0.0125000000,0.0125000000,0.0125000000,0.0125000000,0.0125000000,0.0125000000,0.0125000000,0.0125000000,0.0125000000,0.0125000000,0.0125000000,0.0125000000,0.0125000000,0.0125000000,0.0125000000,0.0125000000,0.0125000000,0.0125000000,0.0125000000,0.0125000000,0.0125000000,0.0125000000,0.0125000000,0.0125000000,0.0125000000,0.0125000000,0.0125000000,0.0125000000
2026-01-23,0.0125000000,0.0125000000,0.0125000000,0.0125000000,0.0125000000,0.0125000000,0.0125000000,0.0125000000,0.0125000000,0.0125000000,0.0125000000,0.0125000000,0.0125000000,0.0125000000,0.0125000000,0.0125000000,0.0125000000,0.0125000000,0.0125000000,0.0125000000,0.0125000000,0.0125000000,0.0125000000,0.0125000000,0.0125000000,0.0125000000,0.0125000000,0.0125000000,0.0125000000,0.0125000000,0.0125000000,0.0125000000,0.0125000000,0.0125000000,0.0125000000,0.0125000000,0.0125000000,0.0125000000,0.0125000000,0.0125000000,0.0125000000,0.0125000000,0.0125000000,0.0125000000,0.0125000000,0.0125000000,0.0125000000,0.0125000000,0.0125000000,0.0125000000,0.0125000000,0.0125000000,0.0125000000,0.0125000000,0.0125000000,0.0125000000,0.0125000000,0.0125000000,0.0125000000,0.0125000000,0.0125000000,0.0125000000,0.0125000000,0.0125000000,0.0125000000,0.0125000000,0.0125000000,0.0125000000,0.0125000000,0.0125000000,0.0125000000,0.0125000000,0.0125000000,0.0125000000,0.0125000000,0.0125000000,0.0125000000,0.0125000000,0.0125000000,0.0125000000
2026-01-30,0.0125000000,0.0125000000,0.0125000000,0.0125000000,0.0125000000,0.0125000000,0.0125000000,0.0125000000,0.0125000000,0.0125000000,0.0125000000,0.0125000000,0.0125000000,0.0125000000,0.0125000000,0.0125000000,0.0125000000,0.0125000000,0.0125000000,0.0125000000,0.0125000000,0.0125000000,0.0125000000,0.0125000000,0.0125000000,0.0125000000,0.0125000000,0.0125000000,0.0125000000,0.0125000000,0.0125000000,0.0125000000,0.0125000000,0.0125000000,0.0125000000,0.0125000000,0.0125000000,0.0125000000,0.0125000000,0.0125000000,0.0125000000,0.0125000000,0.0125000000,0.0125000000,0.0125000000,0.0125000000,0.0125000000,0.0125000000,0.0125000000,0.0125000000,0.0125000000,0.0125000000,0.0125000000,0.0125000000,0.0125000000,0.0125000000,0.0125000000,0.0125000000,0.0125000000,0.0125000000,0.0125000000,0.0125000000,0.0125000000,0.0125000000,0.0125000000,0.0125000000,0.0125000000,0.0125000000,0.0125000000,0.0125000000,0.0125000000,0.0125000000,0.0125000000,0.0125000000,0.0125000000,0.0125000000,0.0125000000,0.0125000000,0.0125000000,0.0125000000
2026-02-06,0.0125000000,0.0125000000,0.0125000000,0.0125000000,0.0125000000,0.0125000000,0.0125000000,0.0125000000,0.0125000000,0.0125000000,0.0125000000,0.0125000000,0.0125000000,0.0125000000,0.0125000000,0.0125000000,0.0125000000,0.0125000000,0.0125000000,0.0125000000,0.0125000000,0.0125000000,0.0125000000,0.0125000000,0.0125000000,0.0125000000,0.0125000000,0.0125000000,0.0125000000,0.0125000000,0.0125000000,0.0125000000,0.0125000000,0.0125000000,0.0125000000,0.0125000000,0.0125000000,0.0125000000,0.0125000000,0.0125000000,0.0125000000,0.0125000000,0.0125000000,0.0125000000,0.0125000000,0.0125000000,0.0125000000,0.0125000000,0.0125000000,0.0125000000,0.0125000000,0.0125000000,0.0125000000,0.0125000000,0.0125000000,0.0125000000,0.0125000000,0.0125000000,0.0125000000,0.0125000000,0.0125000000,0.0125000000,0.0125000000,0.0125000000,0.0125000000,0.0125000000,0.0125000000,0.0125000000,0.0125000000,0.0125000000,0.0125000000,0.0125000000,0.0125000000,0.0125000000,0.0125000000,0.0125000000,0.0125000000,0.0125000000,0.0125000000,0.0125000000
2026-02-13,0.0125000000,0.0125000000,0.0125000000,0.0125000000,0.0125000000,0.0125000000,0.0125000000,0.0125000000,0.0125000000,0.0125000000,0.0125000000,0.0125000000,0.0125000000,0.0125000000,0.0125000000,0.0125000000,0.0125000000,0.0125000000,0.0125000000,0.0125000000,0.0125000000,0.0125000000,0.0125000000,0.0125000000,0.0125000000,0.0125000000,0.0125000000,0.0125000000,0.0125000000,0.0125000000,0.0125000000,0.0125000000,0.0125000000,0.0125000000,0.0125000000,0.0125000000,0.0125000000,0.0125000000,0.0125000000,0.0125000000,0.0125000000,0.0125000000,0.0125000000,0.0125000000,0.0125000000,0.0125000000,0.0125000000,0.0125000000,0.0125000000,0.0125000000,0.0125000000,0.0125000000,0.0125000000,0.0125000000,0.0125000000,0.0125000000,0.0125000000,0.0125000000,0.0125000000,0.0125000000,0.0125000000,0.0125000000,0.0125000000,0.0125000000,0.0125000000,0.0125000000,0.0125000000,0.0125000000,0.0125000000,0.0125000000,0.0125000000,0.0125000000,0.0125000000,0.0125000000,0.0125000000,0.0125000000,0.0125000000,0.0125000000,0.0125000000,0.0125000000
2026-02-20,0.0125000000,0.0125000000,0.0125000000,0.0125000000,0.0125000000,0.0125000000,0.0125000000,0.0125000000,0.0125000000,0.0125000000,0.0125000000,0.0125000000,0.0125000000,0.0125000000,0.0125000000,0.0125000000,0.0125000000,0.0125000000,0.0125000000,0.0125000000,0.0125000000,0.0125000000,0.0125000000,0.0125000000,0.0125000000,0.0125000000,0.0125000000,0.0125000000,0.0125000000,0.0125000000,0.0125000000,0.0125000000,0.0125000000,0.0125000000,0.0125000000,0.0125000000,0.0125000000,0.0125000000,0.0125000000,0.0125000000,0.0125000000,0.0125000000,0.0125000000,0.0125000000,0.0125000000,0.0125000000,0.0125000000,0.0125000000,0.0125000000,0.0125000000,0.0125000000,0.0125000000,0.0125000000,0.0125000000,0.0125000000,0.0125000000,0.0125000000,0.0125000000,0.0125000000,0.0125000000,0.0125000000,0.0125000000,0.0125000000,0.0125000000,0.0125000000,0.0125000000,0.0125000000,0.0125000000,0.0125000000,0.0125000000,0.0125000000,0.0125000000,0.0125000000,0.0125000000,0.0125000000,0.0125000000,0.0125000000,0.0125000000,0.0125000000,0.0125000000
2026-02-27,0.0125000000,0.0125000000,0.0125000000,0.0125000000,0.0125000000,0.0125000000,0.0125000000,0.0125000000,0.0125000000,0.0125000000,0.0125000000,0.0125000000,0.0125000000,0.0125000000,0.0125000000,0.0125000000,0.0125000000,0.0125000000,0.0125000000,0.0125000000,0.0125000000,0.0125000000,0.0125000000,0.0125000000,0.0125000000,0.0125000000,0.0125000000,0.0125000000,0.0125000000,0.0125000000,0.0125000000,0.0125000000,0.0125000000,0.0125000000,0.0125000000,0.0125000000,0.0125000000,0.0125000000,0.0125000000,0.0125000000,0.0125000000,0.0125000000,0.0125000000,0.0125000000,0.0125000000,0.0125000000,0.0125000000,0.0125000000,0.0125000000,0.0125000000,0.0125000000,0.0125000000,0.0125000000,0.0125000000,0.0125000000,0.0125000000,0.0125000000,0.0125000000,0.0125000000,0.0125000000,0.0125000000,0.0125000000,0.0125000000,0.0125000000,0.0125000000,0.0125000000,0.0125000000,0.0125000000,0.0125000000,0.0125000000,0.0125000000,0.0125000000,0.0125000000,0.0125000000,0.0125000000,0.0125000000,0.0125000000,0.0125000000,0.0125000000,0.0125000000
2026-03-06,0.0125000000,0.0125000000,0.0125000000,0.0125000000,0.0125000000,0.0125000000,0.0125000000,0.0125000000,0.0125000000,0.0125000000,0.0125000000,0.0125000000,0.0125000000,0.0125000000,0.0125000000,0.0125000000,0.0125000000,0.0125000000,0.0125000000,0.0125000000,0.0125000000,0.0125000000,0.0125000000,0.0125000000,0.0125000000,0.0125000000,0.0125000000,0.0125000000,0.0125000000,0.0125000000,0.0125000000,0.0125000000,0.0125000000,0.0125000000,0.0125000000,0.0125000000,0.0125000000,0.0125000000,0.0125000000,0.0125000000,0.0125000000,0.0125000000,0.0125000000,0.0125000000,0.0125000000,0.0125000000,0.0125000000,0.0125000000,0.0125000000,0.0125000000,0.0125000000,0.0125000000,0.0125000000,0.0125000000,0.0125000000,0.0125000000,0.0125000000,0.0125000000,0.0125000000,0.0125000000,0.0125000000,0.0125000000,0.0125000000,0.0125000000,0.0125000000,0.0125000000,0.0125000000,0.0125000000,0.0125000000,0.0125000000,0.0125000000,0.0125000000,0.0125000000,0.0125000000,0.0125000000,0.0125000000,0.0125000000,0.0125000000,0.0125000000,0.0125000000
2026-03-13,0.0125000000,0.0125000000,0.0125000000,0.0125000000,0.0125000000,0.0125000000,0.0125000000,0.0125000000,0.0125000000,0.0125000000,0.0125000000,0.0125000000,0.0125000000,0.0125000000,0.0125000000,0.0125000000,0.0125000000,0.0125000000,0.0125000000,0.0125000000,0.0125000000,0.0125000000,0.0125000000,0.0125000000,0.0125000000,0.0125000000,0.0125000000,0.0125000000,0.0125000000,0.0125000000,0.0125000000,0.0125000000,0.0125000000,0.0125000000,0.0125000000,0.0125000000,0.0125000000,0.0125000000,0.0125000000,0.0125000000,0.0125000000,0.0125000000,0.0125000000,0.0125000000,0.0125000000,0.0125000000,0.0125000000,0.0125000000,0.0125000000,0.0125000000,0.0125000000,0.0125000000,0.0125000000,0.0125000000,0.0125000000,0.0125000000,0.0125000000,0.0125000000,0.0125000000,0.0125000000,0.0125000000,0.0125000000,0.0125000000,0.0125000000,0.0125000000,0.0125000000,0.0125000000,0.0125000000,0.0125000000,0.0125000000,0.0125000000,0.0125000000,0.0125000000,0.0125000000,0.0125000000,0.0125000000,0.0125000000,0.0125000000,0.0125000000,0.0125000000
2026-03-20,0.0125000000,0.0125000000,0.0125000000,0.0125000000,0.0125000000,0.0125000000,0.0125000000,0.0125000000,0.0125000000,0.0125000000,0.0125000000,0.0125000000,0.0125000000,0.0125000000,0.0125000000,0.0125000000,0.0125000000,0.0125000000,0.0125000000,0.0125000000,0.0125000000,0.0125000000,0.0125000000,0.0125000000,0.0125000000,0.0125000000,0.0125000000,0.0125000000,0.0125000000,0.0125000000,0.0125000000,0.0125000000,0.0125000000,0.0125000000,0.0125000000,0.0125000000,0.0125000000,0.0125000000,0.0125000000,0.0125000000,0.0125000000,0.0125000000,0.0125000000,0.0125000000,0.0125000000,0.0125000000,0.0125000000,0.0125000000,0.0125000000,0.0125000000,0.0125000000,0.0125000000,0.0125000000,0.0125000000,0.0125000000,0.0125000000,0.0125000000,0.0125000000,0.0125000000,0.0125000000,0.0125000000,0.0125000000,0.0125000000,0.0125000000,0.0125000000,0.0125000000,0.0125000000,0.0125000000,0.0125000000,0.0125000000,0.0125000000,0.0125000000,0.0125000000,0.0125000000,0.0125000000,0.0125000000,0.0125000000,0.0125000000,0.0125000000,0.0125000000
2026-03-27,0.0125000000,0.0125000000,0.0125000000,0.0125000000,0.0125000000,0.0125000000,0.0125000000,0.0125000000,0.0125000000,0.0125000000,0.0125000000,0.0125000000,0.0125000000,0.0125000000,0.0125000000,0.0125000000,0.0125000000,0.0125000000,0.0125000000,0.0125000000,0.0125000000,0.0125000000,0.0125000000,0.0125000000,0.0125000000,0.0125000000,0.0125000000,0.0125000000,0.0125000000,0.0125000000,0.0125000000,0.0125000000,0.0125000000,0.0125000000,0.0125000000,0.0125000000,0.0125000000,0.0125000000,0.0125000000,0.0125000000,0.0125000000,0.0125000000,0.0125000000,0.0125000000,0.0125000000,0.0125000000,0.0125000000,0.0125000000,0.0125000000,0.0125000000,0.0125000000,0.0125000000,0.0125000000,0.0125000000,0.0125000000,0.0125000000,0.0125000000,0.0125000000,0.0125000000,0.0125000000,0.0125000000,0.0125000000,0.0125000000,0.0125000000,0.0125000000,0.0125000000,0.0125000000,0.0125000000,0.0125000000,0.0125000000,0.0125000000,0.0125000000,0.0125000000,0.0125000000,0.0125000000,0.0125000000,0.0125000000,0.0125000000,0.0125000000,0.0125000000
2026-04-03,0.0125000000,0.0125000000,0.0125000000,0.0125000000,0.0125000000,0.0125000000,0.0125000000,0.0125000000,0.0125000000,0.0125000000,0.0125000000,0.0125000000,0.0125000000,0.0125000000,0.0125000000,0.0125000000,0.0125000000,0.0125000000,0.0125000000,0.0125000000,0.0125000000,0.0125000000,0.0125000000,0.0125000000,0.0125000000,0.0125000000,0.0125000000,0.0125000000,0.0125000000,0.0125000000,0.0125000000,0.0125000000,0.0125000000,0.0125000000,0.0125000000,0.0125000000,0.0125000000,0.0125000000,0.0125000000,0.0125000000,0.0125000000,0.0125000000,0.0125000000,0.0125000000,0.0125000000,0.0125000000,0.0125000000,0.0125000000,0.0125000000,0.0125000000,0.0125000000,0.0125000000,0.0125000000,0.0125000000,0.0125000000,0.0125000000,0.0125000000,0.0125000000,0.0125000000,0.0125000000,0.0125000000,0.0125000000,0.0125000000,0.0125000000,0.0125000000,0.0125000000,0.0125000000,0.0125000000,0.0125000000,0.0125000000,0.0125000000,0.0125000000,0.0125000000,0.0125000000,0.0125000000,0.0125000000,0.0125000000,0.0125000000,0.0125000000,0.0125000000
2026-04-10,0.0125000000,0.0125000000,0.0125000000,0.0125000000,0.0125000000,0.0125000000,0.0125000000,0.0125000000,0.0125000000,0.0125000000,0.0125000000,0.0125000000,0.0125000000,0.0125000000,0.0125000000,0.0125000000,0.0125000000,0.0125000000,0.0125000000,0.0125000000,0.0125000000,0.0125000000,0.0125000000,0.0125000000,0.0125000000,0.0125000000,0.0125000000,0.0125000000,0.0125000000,0.0125000000,0.0125000000,0.0125000000,0.0125000000,0.0125000000,0.0125000000,0.0125000000,0.0125000000,0.0125000000,0.0125000000,0.0125000000,0.0125000000,0.0125000000,0.0125000000,0.0125000000,0.0125000000,0.0125000000,0.0125000000,0.0125000000,0.0125000000,0.0125000000,0.0125000000,0.0125000000,0.0125000000,0.0125000000,0.0125000000,0.0125000000,0.0125000000,0.0125000000,0.0125000000,0.0125000000,0.0125000000,0.0125000000,0.0125000000,0.0125000000,0.0125000000,0.0125000000,0.0125000000,0.0125000000,0.0125000000,0.0125000000,0.0125000000,0.0125000000,0.0125000000,0.0125000000,0.0125000000,0.0125000000,0.0125000000,0.0125000000,0.0125000000,0.0125000000
2026-04-17,0.0125000000,0.0125000000,0.0125000000,0.0125000000,0.0125000000,0.0125000000,0.0125000000,0.0125000000,0.0125000000,0.0125000000,0.0125000000,0.0125000000,0.0125000000,0.0125000000,0.0125000000,0.0125000000,0.0125000000,0.0125000000,0.0125000000,0.0125000000,0.0125000000,0.0125000000,0.0125000000,0.0125000000,0.0125000000,0.0125000000,0.0125000000,0.0125000000,0.0125000000,0.0125000000,0.0125000000,0.0125000000,0.0125000000,0.0125000000,0.0125000000,0.0125000000,0.0125000000,0.0125000000,0.0125000000,0.0125000000,0.0125000000,0.0125000000,0.0125000000,0.0125000000,0.0125000000,0.0125000000,0.0125000000,0.0125000000,0.0125000000,0.0125000000,0.0125000000,0.0125000000,0.0125000000,0.0125000000,0.0125000000,0.0125000000,0.0125000000,0.0125000000,0.0125000000,0.0125000000,0.0125000000,0.0125000000,0.0125000000,0.0125000000,0.0125000000,0.0125000000,0.0125000000,0.0125000000,0.0125000000,0.0125000000,0.0125000000,0.0125000000,0.0125000000,0.0125000000,0.0125000000,0.0125000000,0.0125000000,0.0125000000,0.0125000000,0.0125000000
2026-04-24,0.0125000000,0.0125000000,0.0125000000,0.0125000000,0.0125000000,0.0125000000,0.0125000000,0.0125000000,0.0125000000,0.0125000000,0.0125000000,0.0125000000,0.0125000000,0.0125000000,0.0125000000,0.0125000000,0.0125000000,0.0125000000,0.0125000000,0.0125000000,0.0125000000,0.0125000000,0.0125000000,0.0125000000,0.0125000000,0.0125000000,0.0125000000,0.0125000000,0.0125000000,0.0125000000,0.0125000000,0.0125000000,0.0125000000,0.0125000000,0.0125000000,0.0125000000,0.0125000000,0.0125000000,0.0125000000,0.0125000000,0.0125000000,0.0125000000,0.0125000000,0.0125000000,0.0125000000,0.0125000000,0.0125000000,0.0125000000,0.0125000000,0.0125000000,0.0125000000,0.0125000000,0.0125000000,0.0125000000,0.0125000000,0.0125000000,0.0125000000,0.0125000000,0.0125000000,0.0125000000,0.0125000000,0.0125000000,0.0125000000,0.0125000000,0.0125000000,0.0125000000,0.0125000000,0.0125000000,0.0125000000,0.0125000000,0.0125000000,0.0125000000,0.0125000000,0.0125000000,0.0125000000,0.0125000000,0.0125000000,0.0125000000,0.0125000000,0.0125000000
2026-05-01,0.0125000000,0.0125000000,0.0125000000,0.0125000000,0.0125000000,0.0125000000,0.0125000000,0.0125000000,0.0125000000,0.0125000000,0.0125000000,0.0125000000,0.0125000000,0.0125000000,0.0125000000,0.0125000000,0.0125000000,0.0125000000,0.0125000000,0.0125000000,0.0125000000,0.0125000000,0.0125000000,0.0125000000,0.0125000000,0.0125000000,0.0125000000,0.0125000000,0.0125000000,0.0125000000,0.0125000000,0.0125000000,0.0125000000,0.0125000000,0.0125000000,0.0125000000,0.0125000000,0.0125000000,0.0125000000,0.0125000000,0.0125000000,0.0125000000,0.0125000000,0.0125000000,0.0125000000,0.0125000000,0.0125000000,0.0125000000,0.0125000000,0.0125000000,0.0125000000,0.0125000000,0.0125000000,0.0125000000,0.0125000000,0.0125000000,0.0125000000,0.0125000000,0.0125000000,0.0125000000,0.0125000000,0.0125000000,0.0125000000,0.0125000000,0.0125000000,0.0125000000,0.0125000000,0.0125000000,0.0125000000,0.0125000000,0.0125000000,0.0125000000,0.0125000000,0.0125000000,0.0125000000,0.0125000000,0.0125000000,0.0125000000,0.0125000000,0.0125000000
2026-05-08,0.0125000000,0.0125000000,0.0125000000,0.0125000000,0.0125000000,0.0125000000,0.0125000000,0.0125000000,0.0125000000,0.0125000000,0.0125000000,0.0125000000,0.0125000000,0.0125000000,0.0125000000,0.0125000000,0.0125000000,0.0125000000,0.0125000000,0.0125000000,0.0125000000,0.0125000000,0.0125000000,0.0125000000,0.0125000000,0.0125000000,0.0125000000,0.0125000000,0.0125000000,0.0125000000,0.0125000000,0.0125000000,0.0125000000,0.0125000000,0.0125000000,0.0125000000,0.0125000000,0.0125000000,0.0125000000,0.0125000000,0.0125000000,0.0125000000,0.0125000000,0.0125000000,0.0125000000,0.0125000000,0.0125000000,0.0125000000,0.0125000000,0.0125000000,0.0125000000,0.0125000000,0.0125000000,0.0125000000,0.0125000000,0.0125000000,0.0125000000,0.0125000000,0.0125000000,0.0125000000,0.0125000000,0.0125000000,0.0125000000,0.0125000000,0.0125000000,0.0125000000,0.0125000000,0.0125000000,0.0125000000,0.0125000000,0.0125000000,0.0125000000,0.0125000000,0.0125000000,0.0125000000,0.0125000000,0.0125000000,0.0125000000,0.0125000000,0.0125000000
2026-05-15,0.0125000000,0.0125000000,0.0125000000,0.0125000000,0.0125000000,0.0125000000,0.0125000000,0.0125000000,0.0125000000,0.0125000000,0.0125000000,0.0125000000,0.0125000000,0.0125000000,0.0125000000,0.0125000000,0.0125000000,0.0125000000,0.0125000000,0.0125000000,0.0125000000,0.0125000000,0.0125000000,0.0125000000,0.0125000000,0.0125000000,0.0125000000,0.0125000000,0.0125000000,0.0125000000,0.0125000000,0.0125000000,0.0125000000,0.0125000000,0.0125000000,0.0125000000,0.0125000000,0.0125000000,0.0125000000,0.0125000000,0.0125000000,0.0125000000,0.0125000000,0.0125000000,0.0125000000,0.0125000000,0.0125000000,0.0125000000,0.0125000000,0.0125000000,0.0125000000,0.0125000000,0.0125000000,0.0125000000,0.0125000000,0.0125000000,0.0125000000,0.0125000000,0.0125000000,0.0125000000,0.0125000000,0.0125000000,0.0125000000,0.0125000000,0.0125000000,0.0125000000,0.0125000000,0.0125000000,0.0125000000,0.0125000000,0.0125000000,0.0125000000,0.0125000000,0.0125000000,0.0125000000,0.0125000000,0.0125000000,0.0125000000,0.0125000000,0.0125000000
2026-05-22,0.0125000000,0.0125000000,0.0125000000,0.0125000000,0.0125000000,0.0125000000,0.0125000000,0.0125000000,0.0125000000,0.0125000000,0.0125000000,0.0125000000,0.0125000000,0.0125000000,0.0125000000,0.0125000000,0.0125000000,0.0125000000,0.0125000000,0.0125000000,0.0125000000,0.0125000000,0.0125000000,0.0125000000,0.0125000000,0.0125000000,0.0125000000,0.0125000000,0.0125000000,0.0125000000,0.0125000000,0.0125000000,0.0125000000,0.0125000000,0.0125000000,0.0125000000,0.0125000000,0.0125000000,0.0125000000,0.0125000000,0.0125000000,0.0125000000,0.0125000000,0.0125000000,0.0125000000,0.0125000000,0.0125000000,0.0125000000,0.0125000000,0.0125000000,0.0125000000,0.0125000000,0.0125000000,0.0125000000,0.0125000000,0.0125000000,0.0125000000,0.0125000000,0.0125000000,0.0125000000,0.0125000000,0.0125000000,0.0125000000,0.0125000000,0.0125000000,0.0125000000,0.0125000000,0.0125000000,0.0125000000,0.0125000000,0.0125000000,0.0125000000,0.0125000000,0.0125000000,0.0125000000,0.0125000000,0.0125000000,0.0125000000,0.0125000000,0.0125000000
2026-05-29,0.0125000000,0.0125000000,0.0125000000,0.0125000000,0.0125000000,0.0125000000,0.0125000000,0.0125000000,0.0125000000,0.0125000000,0.0125000000,0.0125000000,0.0125000000,0.0125000000,0.0125000000,0.0125000000,0.0125000000,0.0125000000,0.0125000000,0.0125000000,0.0125000000,0.0125000000,0.0125000000,0.0125000000,0.0125000000,0.0125000000,0.0125000000,0.0125000000,0.0125000000,0.0125000000,0.0125000000,0.0125000000,0.0125000000,0.0125000000,0.0125000000,0.0125000000,0.0125000000,0.0125000000,0.0125000000,0.0125000000,0.0125000000,0.0125000000,0.0125000000,0.0125000000,0.0125000000,0.0125000000,0.0125000000,0.0125000000,0.0125000000,0.0125000000,0.0125000000,0.0125000000,0.0125000000,0.0125000000,0.0125000000,0.0125000000,0.0125000000,0.0125000000,0.0125000000,0.0125000000,0.0125000000,0.0125000000,0.0125000000,0.0125000000,0.0125000000,0.0125000000,0.0125000000,0.0125000000,0.0125000000,0.0125000000,0.0125000000,0.0125000000,0.0125000000,0.0125000000,0.0125000000,0.0125000000,0.0125000000,0.0125000000,0.0125000000,0.0125000000
2026-06-05,0.0125000000,0.0125000000,0.0125000000,0.0125000000,0.0125000000,0.0125000000,0.0125000000,0.0125000000,0.0125000000,0.0125000000,0.0125000000,0.0125000000,0.0125000000,0.0125000000,0.0125000000,0.0125000000,0.0125000000,0.0125000000,0.0125000000,0.0125000000,0.0125000000,0.0125000000,0.0125000000,0.0125000000,0.0125000000,0.0125000000,0.0125000000,0.0125000000,0.0125000000,0.0125000000,0.0125000000,0.0125000000,0.0125000000,0.0125000000,0.0125000000,0.0125000000,0.0125000000,0.0125000000,0.0125000000,0.0125000000,0.0125000000,0.0125000000,0.0125000000,0.0125000000,0.0125000000,0.0125000000,0.0125000000,0.0125000000,0.0125000000,0.0125000000,0.0125000000,0.0125000000,0.0125000000,0.0125000000,0.0125000000,0.0125000000,0.0125000000,0.0125000000,0.0125000000,0.0125000000,0.0125000000,0.0125000000,0.0125000000,0.0125000000,0.0125000000,0.0125000000,0.0125000000,0.0125000000,0.0125000000,0.0125000000,0.0125000000,0.0125000000,0.0125000000,0.0125000000,0.0125000000,0.0125000000,0.0125000000,0.0125000000,0.0125000000,0.0125000000
2026-06-12,0.0125000000,0.0125000000,0.0125000000,0.0125000000,0.0125000000,0.0125000000,0.0125000000,0.0125000000,0.0125000000,0.0125000000,0.0125000000,0.0125000000,0.0125000000,0.0125000000,0.0125000000,0.0125000000,0.0125000000,0.0125000000,0.0125000000,0.0125000000,0.0125000000,0.0125000000,0.0125000000,0.0125000000,0.0125000000,0.0125000000,0.0125000000,0.0125000000,0.0125000000,0.0125000000,0.0125000000,0.0125000000,0.0125000000,0.0125000000,0.0125000000,0.0125000000,0.0125000000,0.0125000000,0.0125000000,0.0125000000,0.0125000000,0.0125000000,0.0125000000,0.0125000000,0.0125000000,0.0125000000,0.0125000000,0.0125000000,0.0125000000,0.0125000000,0.0125000000,0.0125000000,0.0125000000,0.0125000000,0.0125000000,0.0125000000,0.0125000000,0.0125000000,0.0125000000,0.0125000000,0.0125000000,0.0125000000,0.0125000000,0.0125000000,0.0125000000,0.0125000000,0.0125000000,0.0125000000,0.0125000000,0.0125000000,0.0125000000,0.0125000000,0.0125000000,0.0125000000,0.0125000000,0.0125000000,0.0125000000,0.0125000000,0.0125000000,0.0125000000
2026-06-19,0.0125000000,0.0125000000,0.0125000000,0.0125000000,0.0125000000,0.0125000000,0.0125000000,0.0125000000,0.0125000000,0.0125000000,0.0125000000,0.0125000000,0.0125000000,0.0125000000,0.0125000000,0.0125000000,0.0125000000,0.0125000000,0.0125000000,0.0125000000,0.0125000000,0.0125000000,0.0125000000,0.0125000000,0.0125000000,0.0125000000,0.0125000000,0.0125000000,0.0125000000,0.0125000000,0.0125000000,0.0125000000,0.0125000000,0.0125000000,0.0125000000,0.0125000000,0.0125000000,0.0125000000,0.0125000000,0.0125000000,0.0125000000,0.0125000000,0.0125000000,0.0125000000,0.0125000000,0.0125000000,0.0125000000,0.0125000000,0.0125000000,0.0125000000,0.0125000000,0.0125000000,0.0125000000,0.0125000000,0.0125000000,0.0125000000,0.0125000000,0.0125000000,0.0125000000,0.0125000000,0.0125000000,0.0125000000,0.0125000000,0.0125000000,0.0125000000,0.0125000000,0.0125000000,0.0125000000,0.0125000000,0.0125000000,0.0125000000,0.0125000000,0.0125000000,0.0125000000,0.0125000000,0.0125000000,0.0125000000,0.0125000000,0.0125000000,0.0125000000
2026-06-26,0.0125000000,0.0125000000,0.0125000000,0.0125000000,0.0125000000,0.0125000000,0.0125000000,0.0125000000,0.0125000000,0.0125000000,0.0125000000,0.0125000000,0.0125000000,0.0125000000,0.0125000000,0.0125000000,0.0125000000,0.0125000000,0.0125000000,0.0125000000,0.0125000000,0.0125000000,0.0125000000,0.0125000000,0.0125000000,0.0125000000,0.0125000000,0.0125000000,0.0125000000,0.0125000000,0.0125000000,0.0125000000,0.0125000000,0.0125000000,0.0125000000,0.0125000000,0.0125000000,0.0125000000,0.0125000000,0.0125000000,0.0125000000,0.0125000000,0.0125000000,0.0125000000,0.0125000000,0.0125000000,0.0125000000,0.0125000000,0.0125000000,0.0125000000,0.0125000000,0.0125000000,0.0125000000,0.0125000000,0.0125000000,0.0125000000,0.0125000000,0.0125000000,0.0125000000,0.0125000000,0.0125000000,0.0125000000,0.0125000000,0.0125000000,0.0125000000,0.0125000000,0.0125000000,0.0125000000,0.0125000000,0.0125000000,0.0125000000,0.0125000000,0.0125000000,0.0125000000,0.0125000000,0.0125000000,0.0125000000,0.0125000000,0.0125000000,0.0125000000
