forecast_month,market,market_label,split,market_total_return,risk_free_yield_lag1_pct,risk_free_return,market_excess_return,benchmark_ma12_excess_return,term_spread_lag1,fed_funds_lag1,unemployment_lag2,inflation_lag2
2006-09-30,CN_CSI300,Chinese mainland,development,0.0471137035181348,1.882,0.0015537579057366161,0.045559945612398185,,-0.3699298737727909,5.2464516129032255,4.7,4.104669061056954
2006-09-30,HK_HangSeng,HKSAR,development,0.0086320769301995,5.05,0.004105520108576504,0.0045265568216229955,,-0.3699298737727909,5.2464516129032255,4.7,4.104669061056954
2006-09-30,US_SPY,U.S.,development,0.0266433179789578,5.05,0.004105520108576504,0.022537797870381297,,-0.3699298737727909,5.2464516129032255,4.7,4.104669061056954
2006-10-31,CN_CSI300,Chinese mainland,development,0.0426881749023015,1.769,0.0014612794240883738,0.04122689547821313,,-0.5356666666666667,5.254666666666666,4.7,3.926568077511483
2006-10-31,HK_HangSeng,HKSAR,development,0.0435728505419188,4.89,0.003978499665451763,0.03959435087646704,,-0.5356666666666667,5.254666666666666,4.7,3.926568077511483
2006-10-31,US_SPY,U.S.,development,0.0310303625682264,4.89,0.003978499665451763,0.027051862902774636,,-0.5356666666666667,5.254666666666666,4.7,3.926568077511483
2006-11-30,CN_CSI300,Chinese mainland,development,0.1575464308584253,1.75,0.0014457198612177504,0.15610071099720754,,-0.5161136712749617,5.245161290322581,4.5,2.012072434607637
2006-11-30,HK_HangSeng,HKSAR,development,0.0341260825267237,5.08,0.004129314902437312,0.02999676762428639,,-0.5161136712749617,5.245161290322581,4.5,2.012072434607637
2006-11-30,US_SPY,U.S.,development,0.0196902786090111,5.08,0.004129314902437312,0.01556096370657379,,-0.5161136712749617,5.245161290322581,4.5,2.012072434607637
2006-12-31,CN_CSI300,Chinese mainland,development,0.1744245481956809,1.94,0.001601184910317024,0.17282336328536388,,-0.6504285714285718,5.245666666666667,4.4,1.4063284781516971
2006-12-31,HK_HangSeng,HKSAR,development,0.0516099134076739,5.03,0.004089653137216053,0.047520260270457845,,-0.6504285714285718,5.245666666666667,4.4,1.4063284781516971
2006-12-31,US_SPY,U.S.,development,0.0132825408272809,5.03,0.004089653137216053,0.009192887690064848,,-0.6504285714285718,5.245666666666667,4.4,1.4063284781516971
2007-01-31,CN_CSI300,Chinese mainland,development,0.1558730982258156,1.99,0.001642048606194617,0.15423104961962097,,-0.6735645161290327,5.2380645161290325,4.5,1.9687026754164672
2007-01-31,HK_HangSeng,HKSAR,development,0.0070724120739917,5.02,0.0040817185184684876,0.0029906935555232125,,-0.6735645161290327,5.2380645161290325,4.5,1.9687026754164672
2007-01-31,US_SPY,U.S.,development,0.0149283736549952,5.02,0.0040817185184684876,0.010846655136526714,,-0.6735645161290327,5.2380645161290325,4.5,1.9687026754164672
2007-02-28,CN_CSI300,Chinese mainland,development,0.0646241974360615,1.93,0.0015930097660191709,0.06303118767004233,,-0.4888632872503837,5.248387096774193,4.4,2.5239777889954462
2007-02-28,HK_HangSeng,HKSAR,development,-0.0228849949462439,5.12,0.004161030729017418,-0.02704602567526132,,-0.4888632872503837,5.248387096774193,4.4,2.5239777889954462
2007-02-28,US_SPY,U.S.,development,-0.0198122029792013,5.12,0.004161030729017418,-0.02397323370821872,,-0.4888632872503837,5.248387096774193,4.4,2.5239777889954462
2007-03-31,CN_CSI300,Chinese mainland,development,0.089129333590856,1.92,0.0015848338196468206,0.08754449977120918,,-0.5362969924812022,5.258928571428571,4.6,2.075765178123423
2007-03-31,HK_HangSeng,HKSAR,development,0.0075747222923183,5.16,0.004192734489465758,0.0033819878028525418,,-0.5362969924812022,5.258928571428571,4.6,2.075765178123423
2007-03-31,US_SPY,U.S.,development,0.0115219249597018,5.16,0.004192734489465758,0.007329190470236042,,-0.5362969924812022,5.258928571428571,4.6,2.075765178123423
2007-04-30,CN_CSI300,Chinese mainland,development,0.2463071090697184,1.99,0.001642048606194617,0.24466506046352376,,-0.6922287390029327,5.256774193548387,4.5,2.420260782347028
2007-04-30,HK_HangSeng,HKSAR,development,0.0258265571572167,5.04,0.004097587000537448,0.021728970156679253,,-0.6922287390029327,5.256774193548387,4.5,2.420260782347028
2007-04-30,US_SPY,U.S.,development,0.0433426923352788,5.04,0.004097587000537448,0.03924510533474135,,-0.6922287390029327,5.256774193548387,4.5,2.420260782347028
2007-05-31,CN_CSI300,Chinese mainland,development,0.0987195416416764,2.06,0.0016992241373111688,0.09702031750436522,,-0.5558571428571426,5.249666666666667,4.4,2.798197295943927
2007-05-31,HK_HangSeng,HKSAR,development,0.0154075647638105,4.91,0.003994387812941901,0.0114131769508686,,-0.5558571428571426,5.249666666666667,4.4,2.798197295943927
2007-05-31,US_SPY,U.S.,development,0.0333577201571362,4.91,0.003994387812941901,0.0293633323441943,,-0.5558571428571426,5.249666666666667,4.4,2.798197295943927
2007-06-30,CN_CSI300,Chinese mainland,development,-0.0426141858045756,2.15,0.001772677939628308,-0.044386863744203905,,-0.5071847507331384,5.253548387096775,4.5,2.5929247633283525
2007-06-30,HK_HangSeng,HKSAR,development,0.0536952784094193,4.73,0.0038512853164135823,0.04984399309300572,,-0.5071847507331384,5.253548387096775,4.5,2.5929247633283525
2007-06-30,US_SPY,U.S.,development,-0.0147287858626556,4.73,0.0038512853164135823,-0.01858007117906918,,-0.5071847507331384,5.253548387096775,4.5,2.5929247633283525
2007-07-31,CN_CSI300,Chinese mainland,development,0.169770843205633,2.3,0.0018949572474574524,0.16787588595817554,,-0.1511428571428581,5.254,4.4,2.709885742672613
2007-07-31,HK_HangSeng,HKSAR,development,0.0628446155296931,4.82,0.003922867282160736,0.058921748247532366,,-0.1511428571428581,5.254,4.4,2.709885742672613
2007-07-31,US_SPY,U.S.,development,-0.0318109455336621,4.82,0.003922867282160736,-0.03573381281582284,,-0.1511428571428581,5.254,4.4,2.709885742672613
2007-08-31,CN_CSI300,Chinese mainland,development,0.1718304338710279,2.4682,0.0020318600460280723,0.16979857382499983,,-0.2541013824884786,5.258387096774193,4.6,2.692765113974227
2007-08-31,HK_HangSeng,HKSAR,development,0.0338898982544382,4.96,0.004034094933973962,0.02985580332046424,,-0.2541013824884786,5.258387096774193,4.6,2.692765113974227
2007-08-31,US_SPY,U.S.,development,0.0127517228752145,4.96,0.004034094933973962,0.008717627941240539,,-0.2541013824884786,5.258387096774193,4.6,2.692765113974227
2007-09-30,CN_CSI300,Chinese mainland,development,0.052229174589609,2.4673,0.0020311281084184293,0.05019804648119057,0.11295755220340964,-0.3474754558204775,5.022258064516129,4.7,2.317890586495808
2007-09-30,HK_HangSeng,HKSAR,development,0.1237068811236241,4.01,0.0032764051980791985,0.1204304759255449,0.022727356920374905,-0.3474754558204775,5.022258064516129,4.7,2.317890586495808
2007-09-30,US_SPY,U.S.,development,0.0379829666426791,4.01,0.0032764051980791985,0.034706561444599895,0.007629858807801898,-0.3474754558204775,5.022258064516129,4.7,2.317890586495808
2007-10-31,CN_CSI300,Chinese mainland,development,0.0191196975549345,2.8574,0.0023477814136309443,0.016771916141303553,0.11334406060914233,-0.4164210526315788,4.938,4.6,1.897448478900876
2007-10-31,HK_HangSeng,HKSAR,development,0.1441968770847523,3.82,0.0031240370342492997,0.141072840050503,0.03238601684570173,-0.4164210526315788,4.938,4.6,1.897448478900876
2007-10-31,US_SPY,U.S.,development,0.0134758102255609,3.82,0.0031240370342492997,0.0103517731913116,0.008643922438986781,-0.4164210526315788,4.938,4.6,1.897448478900876
2007-11-30,CN_CSI300,Chinese mainland,development,-0.1829630518369818,3.12,0.0025602643869033818,-0.18552331622388518,0.11130614566439985,-0.227756598240469,4.755483870967741,4.7,2.8338264299802685
2007-11-30,HK_HangSeng,HKSAR,development,-0.0903662030199985,3.94,0.0032203019660170355,-0.09358650498601553,0.04084255761020473,-0.227756598240469,4.755483870967741,4.7,2.8338264299802685
2007-11-30,US_SPY,U.S.,development,-0.03950288574796,3.94,0.0032203019660170355,-0.04272318771397704,0.007252248296364862,-0.227756598240469,4.755483870967741,4.7,2.8338264299802685
2007-12-31,CN_CSI300,Chinese mainland,development,0.1194110575784055,3.59,0.002939217840159941,0.11647183973824557,0.08283747672930881,-0.338166666666666,4.486666666666666,4.7,3.610698365527476
2007-12-31,HK_HangSeng,HKSAR,development,-0.0294393926000751,3.15,0.002584504460764122,-0.03202389706083922,0.03054395155934624,-0.338166666666666,4.486666666666666,4.7,3.610698365527476
2007-12-31,US_SPY,U.S.,development,-0.011324044352361,3.15,0.002584504460764122,-0.013908548813125123,0.0023952356779856263,-0.338166666666666,4.486666666666666,4.7,3.610698365527476
2008-01-31,CN_CSI300,Chinese mainland,development,-0.1444203490126323,3.29,0.0026975316692042263,-0.1471178806818365,0.07814151643371563,-0.1470161290322584,4.244516129032259,4.7,4.373267326732666
2008-01-31,HK_HangSeng,HKSAR,development,-0.1703757161640826,3.36,0.0027539878371833624,-0.17312970400126595,0.02391527178173815,-0.1470161290322584,4.244516129032259,4.7,4.373267326732666
2008-01-31,US_SPY,U.S.,development,-0.0623664827736947,3.36,0.0027539878371833624,-0.06512047061087806,0.00047011596938646184,-0.1470161290322584,4.244516129032259,4.7,4.373267326732666
2008-02-29,CN_CSI300,Chinese mainland,development,0.0116516199907987,3.196,0.0026216588848560264,0.009029961105942674,0.05302910557526083,-0.1960368663594471,3.9403225806451614,5.0,4.108813392417532
2008-02-29,HK_HangSeng,HKSAR,development,0.0366635397175443,1.96,0.0016175327933186103,0.03504600692422569,0.00923857198533905,-0.1960368663594471,3.9403225806451614,5.0,4.108813392417532
2008-02-29,US_SPY,U.S.,development,-0.0261821296198441,1.96,0.0016175327933186103,-0.02779966241316271,-0.005860477842897269,-0.1960368663594471,3.9403225806451614,5.0,4.108813392417532
2008-03-31,CN_CSI300,Chinese mainland,development,-0.2096270504171347,3.15,0.002584504460764122,-0.2122115548778988,0.04852900336158586,0.7568103448275862,2.9806896551724136,5.0,4.294695655165981
2008-03-31,HK_HangSeng,HKSAR,development,-0.0628627191738449,1.85,0.0015275797237269551,-0.06439029889757185,0.014412908035296301,0.7568103448275862,2.9806896551724136,5.0,4.294695655165981
2008-03-31,US_SPY,U.S.,development,-0.0089826948923388,1.85,0.0015275797237269551,-0.010510274616065754,-0.006179346901642602,0.7568103448275862,2.9806896551724136,5.0,4.294695655165981
2008-04-30,CN_CSI300,Chinese mainland,development,0.0435159273430976,3.0,0.0024632335201287,0.0410526938229689,0.023549332140826856,0.8996774193548389,2.6103225806451613,4.9,4.142959270611968
2008-04-30,HK_HangSeng,HKSAR,development,0.1197262857578849,1.38,0.0011421372546759944,0.1185841485032089,0.008765217476927602,0.8996774193548389,2.6103225806451613,4.9,4.142959270611968
2008-04-30,US_SPY,U.S.,development,0.046561017779064,1.38,0.0011421372546759944,0.045418880524388,-0.007665968992167752,0.8996774193548389,2.6103225806451613,4.9,4.142959270611968
2008-05-31,CN_CSI300,Chinese mainland,development,-0.0919456528021012,3.0588,0.002510792761791746,-0.09445644556389295,0.006581634920780618,1.3966666666666665,2.2783333333333333,5.1,3.9749035501344334
2008-05-31,HK_HangSeng,HKSAR,development,-0.0486183510051514,1.43,0.001183226616651079,-0.04980157762180248,0.016836482339138408,1.3966666666666665,2.2783333333333333,5.1,3.9749035501344334
2008-05-31,US_SPY,U.S.,development,0.0150037715737809,1.43,0.001183226616651079,0.01382054495712982,-0.007151487726363863,1.3966666666666665,2.2783333333333333,5.1,3.9749035501344334
2008-06-30,CN_CSI300,Chinese mainland,development,-0.2573824126392372,3.1674,0.0025985604735234698,-0.2599809731127607,-0.00937476200157423,1.901612903225807,1.9783870967741932,5.0,3.903760975988813
2008-06-30,HK_HangSeng,HKSAR,development,-0.1043554623375708,1.89,0.0015603011665085494,-0.10591576350407934,0.011735252791415816,1.901612903225807,1.9783870967741932,5.0,3.903760975988813
2008-06-30,US_SPY,U.S.,development,-0.0872759345669607,1.89,0.0015603011665085494,-0.08883623573346924,-0.008446720008619237,1.901612903225807,1.9783870967741932,5.0,3.903760975988813
2008-07-31,CN_CSI300,Chinese mainland,development,0.0047846895746666,3.31,0.0027136659061052226,0.0020710236685613772,-0.027340937782287297,2.098523809523809,2.001,5.4,4.088413823123993
2008-07-31,HK_HangSeng,HKSAR,development,0.0280654696915902,1.9,0.00156847952004898,0.02649699017154122,-0.0012447269250079399,2.098523809523809,2.001,5.4,4.088413823123993
2008-07-31,US_SPY,U.S.,development,-0.0090266416174555,1.9,0.00156847952004898,-0.01059512113750448,-0.014301400388152577,2.098523809523809,2.001,5.4,4.088413823123993
2008-08-31,CN_CSI300,Chinese mainland,development,-0.1594990793928463,3.3236,0.0027246354031760754,-0.16222371479602238,-0.04115800963975514,1.998049853372434,2.009677419354839,5.6,4.935966105947864
2008-08-31,HK_HangSeng,HKSAR,development,-0.0668177160022889,1.68,0.0013883700744256034,-0.06820608607671451,-0.003946790098007202,1.998049853372434,2.009677419354839,5.6,4.935966105947864
2008-08-31,US_SPY,U.S.,development,0.0153357050099067,1.68,0.0013883700744256034,0.013947334935481098,-0.012206509414959378,1.998049853372434,2.009677419354839,5.6,4.935966105947864
2008-09-30,CN_CSI300,Chinese mainland,development,-0.063870862060277,3.1661,0.0025975103935962185,-0.06646837245387323,-0.068826533691507,1.8892626728110595,1.996451612903226,5.8,5.497512078341837
2008-09-30,HK_HangSeng,HKSAR,development,-0.1656443374679703,1.72,0.0014211462138189598,-0.16706548368178925,-0.012118614214438763,1.8892626728110595,1.996451612903226,5.8,5.497512078341837
2008-09-30,US_SPY,U.S.,development,-0.0989079639636569,1.72,0.0014211462138189598,-0.10032911017747587,-0.011770700498772666,1.8892626728110595,1.996451612903226,5.8,5.497512078341837
2008-10-31,CN_CSI300,Chinese mainland,development,-0.2990884664310043,3.2211,0.002641925293762807,-0.30173039172476707,-0.07854873526942897,1.8745238095238093,1.8116666666666668,6.1,5.308017162091239
2008-10-31,HK_HangSeng,HKSAR,development,-0.2544550010961028,0.92,0.0007631614820638024,-0.2552181625781666,-0.036076610848383275,1.8745238095238093,1.8116666666666668,6.1,5.308017162091239
2008-10-31,US_SPY,U.S.,development,-0.1805468137069521,0.92,0.0007631614820638024,-0.1813099751890159,-0.023023673133945644,1.8745238095238093,1.8116666666666668,6.1,5.308017162091239
2008-11-30,CN_CSI300,Chinese mainland,development,0.0952522554524195,2.3942,0.001971657032347939,0.09328059842007155,-0.10509059425826821,2.844736070381232,0.9693548387096774,6.1,4.953319875136075
2008-11-30,HK_HangSeng,HKSAR,development,-0.005774503384762,0.46,0.0003824543611506072,-0.006156957745912607,-0.06910086106743907,2.844736070381232,0.9693548387096774,6.1,4.953319875136075
2008-11-30,US_SPY,U.S.,development,-0.0721477808246735,0.46,0.0003824543611506072,-0.07253023518582412,-0.038995485498972936,2.844736070381232,0.9693548387096774,6.1,4.953319875136075
2008-12-31,CN_CSI300,Chinese mainland,development,-0.0066892815586125,1.6,0.0013227790963575125,-0.008012060654970012,-0.08185693470460513,3.139,0.3876666666666667,6.5,3.7310578899565128
2008-12-31,HK_HangSeng,HKSAR,development,0.0353159607814195,0.01,8.332916694442362e-06,0.03530762786472506,-0.06181506546409716,3.139,0.3876666666666667,6.5,3.7310578899565128
2008-12-31,US_SPY,U.S.,development,0.0097485591023671,0.01,8.332916694442362e-06,0.009740226185672657,-0.041479406121626865,3.139,0.3876666666666667,6.5,3.7310578899565128
2009-01-31,CN_CSI300,Chinese mainland,development,0.111772150911996,0.9503,0.0007881775445451267,0.11098397336745086,-0.09223059307070643,2.261202346041056,0.1551612903225806,6.8,1.0999174706166848
2009-01-31,HK_HangSeng,HKSAR,development,-0.08023407366694,0.11,9.161628694174697e-05,-0.08032568995388176,-0.05620410505363347,2.261202346041056,0.1551612903225806,6.8,1.0999174706166848
2009-01-31,US_SPY,U.S.,development,-0.0856823997994133,0.11,9.161628694174697e-05,-0.08577401608635506,-0.039508674871727045,2.261202346041056,0.1551612903225806,6.8,1.0999174706166848
2009-02-28,CN_CSI300,Chinese mainland,development,0.0516796553821441,0.9097,0.0007546559614780958,0.050924999420666,-0.07072210523326582,2.363306451612903,0.1541935483870967,7.3,-0.022228002553859
2009-02-28,HK_HangSeng,HKSAR,development,-0.0357756495745942,0.24,0.00019976038331012444,-0.035975409957904325,-0.04847043721635145,2.363306451612903,0.1541935483870967,7.3,-0.022228002553859
2009-02-28,US_SPY,U.S.,development,-0.1136720100498802,0.24,0.00019976038331012444,-0.11387177043319033,-0.04122980366135013,2.363306451612903,0.1541935483870967,7.3,-0.022228002553859
2009-03-31,CN_CSI300,Chinese mainland,development,0.158367112421236,0.9012,0.0007476361886734338,0.15761947623256256,-0.06723085204037221,2.647857142857143,0.2221428571428571,7.8,-0.1135860190221271
2009-03-31,HK_HangSeng,HKSAR,development,0.0579562733006842,0.26,0.00021638548727216482,0.057739887813412036,-0.05438888862319563,2.647857142857143,0.2221428571428571,7.8,-0.1135860190221271
2009-03-31,US_SPY,U.S.,development,0.080022274541804,0.26,0.00021638548727216482,0.07980588905453183,-0.048402479329685756,2.647857142857143,0.2221428571428571,7.8,-0.1135860190221271
2009-04-30,CN_CSI300,Chinese mainland,development,0.04489012632148,0.8447,0.0007009603111817341,0.044189166010298264,-0.03641159944783375,2.638900293255132,0.1806451612903225,8.3,0.0084631406715107
2009-04-30,HK_HangSeng,HKSAR,development,0.1338883498899488,0.21,0.00017481650684551074,0.1337135333831033,-0.044211373063946964,2.638900293255132,0.1806451612903225,8.3,0.0084631406715107
2009-04-30,US_SPY,U.S.,development,0.0947152776604829,0.21,0.00017481650684551074,0.0945404611536374,-0.04087613235713597,2.638900293255132,0.1806451612903225,8.3,0.0084631406715107
2009-05-31,CN_CSI300,Chinese mainland,development,0.0508335882157791,0.8443,0.0007006297692748045,0.0501329584465043,-0.03615022676555631,2.776809523809524,0.1503333333333333,8.7,-0.4464787676623838
2009-05-31,HK_HangSeng,HKSAR,development,0.1576336001859442,0.14,0.00011658507614227845,0.1575170151098019,-0.04295059099062243,2.776809523809524,0.1503333333333333,8.7,-0.4464787676623838
2009-05-31,US_SPY,U.S.,development,0.0568088512708095,0.14,0.00011658507614227845,0.056692266194667225,-0.036782667304698514,2.776809523809524,0.1503333333333333,8.7,-0.4464787676623838
2009-06-30,CN_CSI300,Chinese mainland,development,0.1374918010018229,0.8495,0.000704926711802828,0.13678687429002007,-0.024101109764689876,3.11558064516129,0.1774193548387097,9.0,-0.5763244243767063
2009-06-30,HK_HangSeng,HKSAR,development,0.0113671265339547,0.14,0.00011658507614227845,0.011250541457812421,-0.025674041596322073,3.11558064516129,0.1774193548387097,9.0,-0.5763244243767063
2009-06-30,US_SPY,U.S.,development,-0.0006547782879895,0.14,0.00011658507614227845,-0.0007713633641317785,-0.033210023868237064,3.11558064516129,0.1774193548387097,9.0,-0.5763244243767063
2009-07-31,CN_CSI300,Chinese mainland,development,0.165028670367759,0.8882,0.0007368989216531434,0.16429177144610585,0.008962877518875187,3.5154848484848484,0.2063333333333333,9.4,-1.015761495855172
2009-07-31,HK_HangSeng,HKSAR,development,0.1128015374013209,0.19,0.0001581831069233544,0.11264335429439755,-0.015910182849497755,3.5154848484848484,0.2063333333333333,9.4,-1.015761495855172
2009-07-31,US_SPY,U.S.,development,0.0719537110076125,0.19,0.0001581831069233544,0.07179552790068915,-0.025871284504125607,3.5154848484848484,0.2063333333333333,9.4,-1.015761495855172
2009-08-31,CN_CSI300,Chinese mainland,development,-0.277273959649702,1.2697,0.0010514224144927082,-0.27832538206419466,0.022481273167003893,3.4064662756598243,0.1558064516129032,9.5,-1.2291746182109151
2009-08-31,HK_HangSeng,HKSAR,development,-0.0421498070783226,0.18,0.00014986516178161445,-0.04229967224010422,-0.008731319172593064,3.4064662756598243,0.1558064516129032,9.5,-1.2291746182109151
2009-08-31,US_SPY,U.S.,development,0.0362737423981371,0.18,0.00014986516178161445,0.03612387723635548,-0.01900539708427614,3.4064662756598243,0.1558064516129032,9.5,-1.2291746182109151
2009-09-30,CN_CSI300,Chinese mainland,development,0.0598388965671334,1.2802,0.0010600622607803026,0.0587788343063531,0.012806134227989536,3.426820276497696,0.1603225806451612,9.5,-1.958761003762277
2009-09-30,HK_HangSeng,HKSAR,development,0.0605434381088887,0.15,0.00012490634364465767,0.060418531765244046,-0.006572451352875539,3.426820276497696,0.1603225806451612,9.5,-1.958761003762277
2009-09-30,US_SPY,U.S.,development,0.0348430959892196,0.15,0.00012490634364465767,0.034718189645574944,-0.017157351892536605,3.426820276497696,0.1603225806451612,9.5,-1.958761003762277
2009-10-31,CN_CSI300,Chinese mainland,development,0.0877452108803034,1.29,0.0010681253092178693,0.08667708557108554,0.023243401458008395,3.2552380952380955,0.1466666666666666,9.6,-1.4838355663267633
2009-10-31,HK_HangSeng,HKSAR,development,0.0373564517134727,0.14,0.00011658507614227845,0.03723986663733043,0.012384549934377235,3.2552380952380955,0.1466666666666666,9.6,-1.4838355663267633
2009-10-31,US_SPY,U.S.,development,-0.0194124173429139,0.14,0.00011658507614227845,-0.01952900241905618,-0.005903410240615707,3.2552380952380955,0.1466666666666666,9.6,-1.4838355663267633
2009-11-30,CN_CSI300,Chinese mainland,development,0.0681354868923787,1.3007,0.0010769279508741323,0.06705855894150456,0.055610691232662775,3.2695545314900154,0.1180645161290322,9.8,-1.377942862886472
2009-11-30,HK_HangSeng,HKSAR,development,0.0031500589672219,0.05,4.165625347092066e-05,0.0031084027137509795,0.036756052369001986,3.2695545314900154,0.1180645161290322,9.8,-1.377942862886472
2009-11-30,US_SPY,U.S.,development,0.0597837269807053,0.05,4.165625347092066e-05,0.05974207072723438,0.0075783374902142694,3.2695545314900154,0.1180645161290322,9.8,-1.377942862886472
2009-12-31,CN_CSI300,Chinese mainland,development,0.0180636600441044,1.2171,0.0010081274102560886,0.017055532633848312,0.05342552127611553,3.283631578947369,0.119,10.0,-0.2239682942003384
2009-12-31,HK_HangSeng,HKSAR,development,0.0023344176848265,0.06,4.998500599730129e-05,0.0022844326788291985,0.03752816574064063,3.283631578947369,0.119,10.0,-0.2239682942003384
2009-12-31,US_SPY,U.S.,development,0.0189206635343115,0.06,4.998500599730129e-05,0.018870678528314196,0.01860102964963581,3.283631578947369,0.119,10.0,-0.2239682942003384
2010-01-31,CN_CSI300,Chinese mainland,development,-0.1097054023112917,1.2286,0.001017594969550893,-0.11072299728084259,0.05551448738351706,3.471935483870968,0.1180645161290322,9.9,1.9145871744709275
2010-01-31,HK_HangSeng,HKSAR,development,-0.0834168814493345,0.06,4.998500599730129e-05,-0.0834668664553318,0.03477623280848263,3.471935483870968,0.1180645161290322,9.9,1.9145871744709275
2010-01-31,US_SPY,U.S.,development,-0.0370191223036373,0.06,4.998500599730129e-05,-0.0370691073096346,0.019361900678189273,3.471935483870968,0.1180645161290322,9.9,1.9145871744709275
2010-02-28,CN_CSI300,Chinese mainland,development,0.0239024736291941,1.2659,0.001048295392214118,0.022854178236979984,0.03703890649615927,3.623157894736843,0.11,9.9,2.8141231232083674
2010-02-28,HK_HangSeng,HKSAR,development,0.0239000202786723,0.08,6.664001421369435e-05,0.023833380264458606,0.034514468100028464,3.623157894736843,0.11,9.9,2.8141231232083674
2010-02-28,US_SPY,U.S.,development,0.0307179560669146,0.08,6.664001421369435e-05,0.030651316052700904,0.023420643076249307,3.623157894736843,0.11,9.9,2.8141231232083674
2010-03-31,CN_CSI300,Chinese mainland,development,0.0192965995217484,1.3244,0.0010964220807623498,0.018200177440986048,0.03469967139751877,3.564624060150376,0.1264285714285714,9.8,2.621111388976716
2010-03-31,HK_HangSeng,HKSAR,development,0.0301422960497426,0.13,0.00010826297763500418,0.030034033072107596,0.03949853395189205,3.564624060150376,0.1264285714285714,9.8,2.621111388976716
2010-03-31,US_SPY,U.S.,development,0.0590984307860891,0.13,0.00010826297763500418,0.05899016780845409,0.03546423361674025,3.564624060150376,0.1264285714285714,9.8,2.621111388976716
2010-04-30,CN_CSI300,Chinese mainland,development,-0.0868317818986419,1.2112,0.0010032697231954762,-0.08783505162183737,0.02308139649822073,3.5628751753155683,0.164516129032258,9.8,2.151336357866529
2010-04-30,HK_HangSeng,HKSAR,development,-0.0061755156391889,0.16,0.00013322678030808566,-0.006308742419496986,0.03718971272345,3.5628751753155683,0.164516129032258,9.8,2.151336357866529
2010-04-30,US_SPY,U.S.,development,0.0153512845154768,0.16,0.00013322678030808566,0.015218057735168714,0.0337295901795671,3.5628751753155683,0.164516129032258,9.8,2.151336357866529
2010-05-31,CN_CSI300,Chinese mainland,development,-0.1007937332818897,1.3186,0.001091651786861595,-0.10188538506875129,0.012079378362209422,3.648484848484848,0.1983333333333333,9.9,2.2861714393279886
2010-05-31,HK_HangSeng,HKSAR,development,-0.0657577772521342,0.16,0.00013322678030808566,-0.06589100403244229,0.025521189739899978,3.648484848484848,0.1983333333333333,9.9,2.2861714393279886
2010-05-31,US_SPY,U.S.,development,-0.0827885503919105,0.16,0.00013322678030808566,-0.08292177717221859,0.02711938989469471,3.648484848484848,0.1983333333333333,9.9,2.2861714393279886
2010-06-30,CN_CSI300,Chinese mainland,development,-0.0788177647546861,1.709,0.0014121340605118104,-0.08022989881519792,-0.000588816930728543,3.2193548387096778,0.2006451612903226,9.9,2.2067707525304403
2010-06-30,HK_HangSeng,HKSAR,development,0.0182387941807178,0.16,0.00013322678030808566,0.018105567400409715,0.00690385481137963,3.2193548387096778,0.2006451612903226,9.9,2.2067707525304403
2010-06-30,US_SPY,U.S.,development,-0.0531274156504757,0.16,0.00013322678030808566,-0.05326064243078378,0.015484886280787558,3.2193548387096778,0.2006451612903226,9.9,2.2067707525304403
2010-07-31,CN_CSI300,Chinese mainland,development,0.1127054938539524,2.0883,0.001722328256703198,0.1109831655972492,-0.01867354802283004,3.027424242424242,0.1766666666666666,9.6,2.003548929218568
2010-07-31,HK_HangSeng,HKSAR,development,0.0437799047994733,0.18,0.00014986516178161445,0.04363003963769169,0.007475106973262739,3.027424242424242,0.1766666666666666,9.6,2.003548929218568
2010-07-31,US_SPY,U.S.,development,0.0660686061998978,0.18,0.00014986516178161445,0.06591874103811618,0.011110779691899893,3.027424242424242,0.1766666666666666,9.6,2.003548929218568
2010-08-31,CN_CSI300,Chinese mainland,development,0.0118988798287515,1.5064,0.001245972057759256,0.010652907770992245,-0.023115931843568093,2.828847926267281,0.1825806451612903,9.4,1.1215605940686268
2010-08-31,HK_HangSeng,HKSAR,development,-0.0237376657318453,0.15,0.00012490634364465767,-0.02386257207548996,0.0017239974185372497,2.828847926267281,0.1825806451612903,9.4,1.1215605940686268
2010-08-31,US_SPY,U.S.,development,-0.0460229664614404,0.15,0.00012490634364465767,-0.046147872805085054,0.010621047453352147,2.828847926267281,0.1825806451612903,9.4,1.1215605940686268
2010-09-30,CN_CSI300,Chinese mainland,development,0.0110915098248858,1.6862,0.0013934512203272011,0.009698058604558598,0.0009655923093641478,2.509281524926686,0.1893548387096774,9.4,1.3407784804821077
2010-09-30,HK_HangSeng,HKSAR,development,0.0849884836329497,0.14,0.00011658507614227845,0.08487189855680742,0.0032604224322551043,2.509281524926686,0.1893548387096774,9.4,1.3407784804821077
2010-09-30,US_SPY,U.S.,development,0.0857689517464086,0.14,0.00011658507614227845,0.08565236667026632,0.0037650682832321013,2.509281524926686,0.1893548387096774,9.4,1.3407784804821077
2010-10-31,CN_CSI300,Chinese mainland,development,0.1409681500570414,1.8546,0.0015313433435313036,0.1394368067135101,-0.0031244723324520603,2.452952380952381,0.1946666666666666,9.5,1.1501775395112546
2010-10-31,HK_HangSeng,HKSAR,development,0.0324815121406345,0.16,0.00013322678030808566,0.03234828536032642,0.005298202998218719,2.452952380952381,0.1946666666666666,9.5,1.1501775395112546
2010-10-31,US_SPY,U.S.,development,0.0374905165913066,0.16,0.00013322678030808566,0.03735728981099852,0.008009583035289716,2.452952380952381,0.1946666666666666,9.5,1.1501775395112546
2010-11-30,CN_CSI300,Chinese mainland,development,-0.0746060508732018,1.8794,0.0015516312353596122,-0.07615768210856141,0.0012721710960833198,2.3487096774193548,0.1912903225806451,9.5,1.1183122472331777
2010-11-30,HK_HangSeng,HKSAR,development,-0.0038317539141825,0.12,9.994004795684143e-05,-0.003931693962139341,0.004890571225135052,2.3487096774193548,0.1912903225806451,9.5,1.1183122472331777
2010-11-30,US_SPY,U.S.,development,0.0,0.12,9.994004795684143e-05,-9.994004795684143e-05,0.012750107387794274,2.3487096774193548,0.1912903225806451,9.5,1.1183122472331777
2010-12-31,CN_CSI300,Chinese mainland,development,-0.0027868020110801,2.7546,0.002264452936883747,-0.005051254947963847,-0.010662515658088845,2.5686666666666667,0.1943333333333333,9.4,1.1666951489314623
2010-12-31,HK_HangSeng,HKSAR,development,0.0011927426776328,0.17,0.00014154638629845646,0.0010511962913343435,0.0043038965021441914,2.5686666666666667,0.1943333333333333,9.4,1.1666951489314623
2010-12-31,US_SPY,U.S.,development,0.0647125878111278,0.17,0.00014154638629845646,0.06457104142482935,0.00776327315652834,2.5686666666666667,0.1943333333333333,9.4,1.1666951489314623
2011-01-31,CN_CSI300,Chinese mainland,development,-0.0166811017933135,3.0672,0.002517584723993385,-0.019198686517306884,-0.01250474795657319,3.107683284457478,0.1832258064516129,9.8,1.084544776600338
2011-01-31,HK_HangSeng,HKSAR,development,0.0177227491871878,0.12,9.994004795684143e-05,0.017622809139230956,0.004201126803186287,3.107683284457478,0.1832258064516129,9.8,1.084544776600338
2011-01-31,US_SPY,U.S.,development,0.0230327203112468,0.12,9.994004795684143e-05,0.022932780263289956,0.011571636731237936,3.107683284457478,0.1832258064516129,9.8,1.084544776600338
2011-02-28,CN_CSI300,Chinese mainland,development,0.0516416804730504,3.297,0.0027031790074545183,0.048938501465595884,-0.004877722059611882,3.225612903225806,0.1683870967741935,9.3,1.437793022217937
2011-02-28,HK_HangSeng,HKSAR,development,-0.0046732786888483,0.15,0.00012490634364465767,-0.004798185032492958,0.012625266436066518,3.225612903225806,0.1683870967741935,9.3,1.437793022217937
2011-02-28,US_SPY,U.S.,development,0.0341477431784813,0.15,0.00012490634364465767,0.034022836834836645,0.016571794028981648,3.225612903225806,0.1683870967741935,9.3,1.437793022217937
2011-03-31,CN_CSI300,Chinese mainland,development,-0.0050349410465084,2.6208,0.0021558712705546826,-0.007190812317063082,-0.0027040284572272233,3.41953007518797,0.1567857142857142,9.1,1.7007834915029774
2011-03-31,HK_HangSeng,HKSAR,development,0.0080870096262763,0.15,0.00012490634364465767,0.007962103282631644,0.010239302661320554,3.41953007518797,0.1567857142857142,9.1,1.7007834915029774
2011-03-31,US_SPY,U.S.,development,0.0001201704614919,0.15,0.00012490634364465767,-4.735882152757663e-06,0.016852754094159626,3.41953007518797,0.1567857142857142,9.1,1.7007834915029774
2011-04-30,CN_CSI300,Chinese mainland,development,-0.0095293590049809,2.6179,0.0021535162890947267,-0.011682875294075627,-0.004819944270397984,3.2756381486676016,0.1387096774193548,9.0,2.124898173333145
2011-04-30,HK_HangSeng,HKSAR,development,0.0081819651030734,0.09,7.496627023634109e-05,0.008106998832837059,0.008399975178864224,3.2756381486676016,0.1387096774193548,9.0,2.124898173333145
2011-04-30,US_SPY,U.S.,development,0.0285499187254805,0.09,7.496627023634109e-05,0.02847495245524416,0.011936512119942391,3.2756381486676016,0.1387096774193548,9.0,2.124898173333145
2011-05-31,CN_CSI300,Chinese mainland,development,-0.0617410645466609,2.5789,0.002121839381471083,-0.06386290392813199,0.001526070423582161,3.357,0.098,9.0,2.619241510354109
2011-05-31,HK_HangSeng,HKSAR,development,-0.0015475051221187,0.04,3.3326668443911285e-05,-0.0015808317905626112,0.009601286949892063,3.357,0.098,9.0,2.619241510354109
2011-05-31,US_SPY,U.S.,development,-0.0112777064312608,0.04,3.3326668443911285e-05,-0.011311033099704711,0.013041253346615345,3.357,0.098,9.0,2.619241510354109
2011-06-30,CN_CSI300,Chinese mainland,development,0.014069852407454,2.9062,0.0023873089757742304,0.01168254343167977,0.00469461051863377,3.0747004608294937,0.0938709677419354,9.1,3.0772344447868694
2011-06-30,HK_HangSeng,HKSAR,development,-0.0558291234822032,0.06,4.998500599730129e-05,-0.055879108488200505,0.014960467970048701,3.0747004608294937,0.0938709677419354,9.1,3.0772344447868694
2011-06-30,US_SPY,U.S.,development,-0.0170140000713967,0.06,4.998500599730129e-05,-0.017063985077394,0.01900881535265817,3.0747004608294937,0.0938709677419354,9.1,3.0772344447868694
2011-07-31,CN_CSI300,Chinese mainland,development,-0.0239399615287787,3.3902,0.002778332835974808,-0.02671829436475351,0.012353980705873575,2.910272727272727,0.092,9.0,3.4589718808965
2011-07-31,HK_HangSeng,HKSAR,development,0.001880105017614,0.03,2.4996250749831288e-05,0.0018551087668641688,0.008795078312664517,2.910272727272727,0.092,9.0,3.4589718808965
2011-07-31,US_SPY,U.S.,development,-0.0202071436969157,0.03,2.4996250749831288e-05,-0.02023213994766553,0.02202520346544065,2.910272727272727,0.092,9.0,3.4589718808965
2011-08-31,CN_CSI300,Chinese mainland,development,-0.0430735134073998,3.2995,0.0027051958212276806,-0.045778709228627486,0.0008788590423733511,2.9320322580645164,0.0709677419354838,9.1,3.502318150636041
2011-08-31,HK_HangSeng,HKSAR,development,-0.0887327976549965,0.1,8.329169442362776e-05,-0.08881608934942013,0.0053138340734288905,2.9320322580645164,0.0709677419354838,9.1,3.502318150636041
2011-08-31,US_SPY,U.S.,development,-0.0565447627956237,0.1,8.329169442362776e-05,-0.056628054490047326,0.014845963383292173,2.9320322580645164,0.0709677419354838,9.1,3.502318150636041
2011-09-30,CN_CSI300,Chinese mainland,development,-0.0978760130893441,3.6175,0.002961337374251339,-0.10083735046359543,-0.00382377570759496,2.207237026647966,0.0958064516129032,9.0,3.5798809769996165
2011-09-30,HK_HangSeng,HKSAR,development,-0.1546558558466522,0.02,1.6665000222188896e-05,-0.15467252084687438,-9.895903273195751e-05,2.207237026647966,0.0958064516129032,9.0,3.5798809769996165
2011-09-30,US_SPY,U.S.,development,-0.0719480910496823,0.02,1.6665000222188896e-05,-0.07196475604990449,0.013972614909545315,2.207237026647966,0.0958064516129032,9.0,3.5798809769996165
2011-10-31,CN_CSI300,Chinese mainland,development,0.0432007076781877,3.3724,0.0027639846575615184,0.04043672302062618,-0.013035059796607795,1.891238095238095,0.084,9.0,3.75499603070808
2011-10-31,HK_HangSeng,HKSAR,development,0.1214852339001844,0.02,1.6665000222188896e-05,0.12146856889996221,-0.020060993983038775,1.891238095238095,0.084,9.0,3.75499603070808
2011-10-31,US_SPY,U.S.,development,0.1035914457155122,0.02,1.6665000222188896e-05,0.10357478071529001,0.0008378546828644145,1.891238095238095,0.084,9.0,3.75499603070808
2011-11-30,CN_CSI300,Chinese mainland,development,-0.066651331285259,3.1207,0.0025608300689761595,-0.06921216135423516,-0.02128506677101479,2.0813548387096774,0.0706451612903226,9.0,3.812621692818685
2011-11-30,HK_HangSeng,HKSAR,development,-0.0991729073994704,0.01,8.332916694442362e-06,-0.09918124031616485,-0.012634303688069124,2.0813548387096774,0.0706451612903226,9.0,3.812621692818685
2011-11-30,US_SPY,U.S.,development,-0.0040720166324863,0.01,8.332916694442362e-06,-0.004080349549180742,0.0063559789248887055,2.0813548387096774,0.0706451612903226,9.0,3.812621692818685
2011-12-31,CN_CSI300,Chinese mainland,development,-0.0722609771397682,2.7057,0.002224785905569738,-0.07448576304533794,-0.020706273374820935,1.9325,0.081,8.8,3.5222681306640524
2011-12-31,HK_HangSeng,HKSAR,development,0.024438081398765,0.01,8.332916694442362e-06,0.024429748482070558,-0.020571765884237918,1.9325,0.081,8.8,3.5222681306640524
2011-12-31,US_SPY,U.S.,development,0.0103941819539672,0.01,8.332916694442362e-06,0.010385849037272757,0.006024278133120047,1.9325,0.081,8.8,3.5222681306640524
2012-01-31,CN_CSI300,Chinese mainland,development,0.0492906424349506,2.7403,0.002252854919915051,0.047037787515035547,-0.026492482382935445,1.906482334869432,0.0716129032258064,8.6,3.451432214581729
2012-01-31,HK_HangSeng,HKSAR,development,0.1008506513696474,0.02,1.6665000222188896e-05,0.10083398636942521,-0.018623553201676565,1.906482334869432,0.0716129032258064,8.6,3.451432214581729
2012-01-31,US_SPY,U.S.,development,0.045331620655757,0.02,1.6665000222188896e-05,0.04531495565553481,0.0015088454341569977,1.906482334869432,0.0716129032258064,8.6,3.451432214581729
2012-02-29,CN_CSI300,Chinese mainland,development,0.0666651934246029,2.9083,0.002389009536230428,0.06427618388837247,-0.020972776213573574,1.884564516129032,0.0819354838709677,8.5,3.062066838419386
2012-02-29,HK_HangSeng,HKSAR,development,0.0613252430251964,0.06,4.998500599730129e-05,0.0612752580191991,-0.011689288432493712,1.884564516129032,0.0819354838709677,8.5,3.062066838419386
2012-02-29,US_SPY,U.S.,development,0.0424894872430128,0.06,4.998500599730129e-05,0.042439502237015495,0.003374026716844069,1.884564516129032,0.0819354838709677,8.5,3.062066838419386
2012-03-31,CN_CSI300,Chinese mainland,development,-0.0704707257902983,2.9646,0.0024345878205371354,-0.07290531361083544,-0.019694636011675523,1.863706896551724,0.1037931034482758,8.3,3.0087663379855023
2012-03-31,HK_HangSeng,HKSAR,development,-0.0532614294738174,0.08,6.664001421369435e-05,-0.053328069488031093,-0.006183168178186039,1.863706896551724,0.1037931034482758,8.3,3.0087663379855023
2012-03-31,US_SPY,U.S.,development,0.0316574550874726,0.08,6.664001421369435e-05,0.03159081507325891,0.004075415500358973,1.863706896551724,0.1037931034482758,8.3,3.0087663379855023
2012-04-30,CN_CSI300,Chinese mainland,development,0.0674366759750295,2.7562,0.002265750516702774,0.06517092545832673,-0.02517084445282322,2.045953079178885,0.1267741935483871,8.3,2.898178442347388
2012-04-30,HK_HangSeng,HKSAR,development,0.0258661989546489,0.07,5.8312926189445166e-05,0.025807886028459456,-0.011290682575741265,2.045953079178885,0.1267741935483871,8.3,2.898178442347388
2012-04-30,US_SPY,U.S.,development,-0.0066980632902708,0.07,5.8312926189445166e-05,-0.006756376216460245,0.006708378079976612,2.045953079178885,0.1267741935483871,8.3,2.898178442347388
2012-05-31,CN_CSI300,Chinese mainland,development,0.0022365077216397,2.7637,0.0022718326527905925,-3.532493115089271e-05,-0.01876636105678969,1.9135238095238096,0.1393333333333333,8.2,2.5828752813320977
2012-05-31,HK_HangSeng,HKSAR,development,-0.1242512454613393,0.1,8.329169442362776e-05,-0.12433453715576293,-0.009815608642772733,1.9135238095238096,0.1393333333333333,8.2,2.5828752813320977
2012-05-31,US_SPY,U.S.,development,-0.0619349681879599,0.1,8.329169442362776e-05,-0.06201825988238353,0.003772434024001245,1.9135238095238096,0.1393333333333333,8.2,2.5828752813320977
2012-06-30,CN_CSI300,Chinese mainland,development,-0.0669436035000945,2.17,0.0017889922179367436,-0.06873259571803124,-0.013447396140374601,1.647375366568915,0.1558064516129032,8.2,2.2731633741348567
2012-06-30,HK_HangSeng,HKSAR,development,0.0426605530899895,0.07,5.8312926189445166e-05,0.042602240163800056,-0.02004508408987276,1.647375366568915,0.1558064516129032,8.2,2.2731633741348567
2012-06-30,US_SPY,U.S.,development,0.0397796311795612,0.07,5.8312926189445166e-05,0.03972131825337176,-0.00045316820788865626,1.647375366568915,0.1558064516129032,8.2,2.2731633741348567
2012-07-31,CN_CSI300,Chinese mainland,development,-0.0536949055774718,2.0991,0.0017311436880259855,-0.05542604926549779,-0.020148657736183854,1.460714285714286,0.1616666666666666,8.2,1.7379429374660749
2012-07-31,HK_HangSeng,HKSAR,development,0.0181128939194312,0.09,7.496627023634109e-05,0.01803792764919486,-0.011838305035539379,1.460714285714286,0.1616666666666666,8.2,1.7379429374660749
2012-07-31,US_SPY,U.S.,development,0.0117602910043101,0.09,7.496627023634109e-05,0.011685324734073759,0.0042789404030084905,1.460714285714286,0.1616666666666666,8.2,1.7379429374660749
2012-08-31,CN_CSI300,Chinese mainland,development,-0.0564521515937288,2.1992,0.0018128053301854736,-0.05826495692391428,-0.022540970644579206,1.370215053763441,0.1564516129032258,8.2,1.653870448297634
2012-08-31,HK_HangSeng,HKSAR,development,-0.0160006054968366,0.11,9.161628694174697e-05,-0.016092221783778348,-0.010489736795345156,1.370215053763441,0.1564516129032258,8.2,1.653870448297634
2012-08-31,US_SPY,U.S.,development,0.0247436976867367,0.11,9.161628694174697e-05,0.024652081399794953,0.006938729126486764,1.370215053763441,0.1564516129032258,8.2,1.653870448297634
2012-09-30,CN_CSI300,Chinese mainland,development,0.0392404245694271,2.5269,0.002079584765305408,0.037160839804121694,-0.02358149128585311,1.5460028050490884,0.132258064516129,8.2,1.4175114798464783
2012-09-30,HK_HangSeng,HKSAR,development,0.0673722563828924,0.09,7.496627023634109e-05,0.06729729011265606,-0.004429414498208341,1.5460028050490884,0.132258064516129,8.2,1.4175114798464783
2012-09-30,US_SPY,U.S.,development,0.0250351517099831,0.09,7.496627023634109e-05,0.02496018543974676,0.013712073783973622,1.5460028050490884,0.132258064516129,8.2,1.4175114798464783
2012-10-31,CN_CSI300,Chinese mainland,development,-0.0168388276618705,2.7201,0.0022364689561112524,-0.01907529661798175,-0.012081642096876682,1.5788245614035088,0.1443333333333333,8.1,1.6859349154821237
2012-10-31,HK_HangSeng,HKSAR,development,0.0377350762733854,0.1,8.329169442362776e-05,0.03765178457896177,0.014068069748419195,1.5788245614035088,0.1443333333333333,8.1,1.6859349154821237
2012-10-31,US_SPY,U.S.,development,-0.0183660042178424,0.1,8.329169442362776e-05,-0.018449295912266028,0.02178915224144456,1.5788245614035088,0.1443333333333333,8.1,1.6859349154821237
2012-11-30,CN_CSI300,Chinese mainland,development,-0.0524232092456786,2.7921,0.0022948596525806794,-0.05471806889825928,-0.017040977066760676,1.5878033794162827,0.1583870967741935,7.8,1.9497168982819613
2012-11-30,HK_HangSeng,HKSAR,development,0.0177953237661174,0.11,9.161628694174697e-05,0.017703707479175653,0.00708333772166916,1.5878033794162827,0.1583870967741935,7.8,1.9497168982819613
2012-11-30,US_SPY,U.S.,development,0.0056436342509069,0.11,9.161628694174697e-05,0.005552017963965153,0.011620479189148221,1.5878033794162827,0.1583870967741935,7.8,1.9497168982819613
2012-12-31,CN_CSI300,Chinese mainland,development,0.1647819138786195,2.8617,0.002351265128399145,0.16243064875022037,-0.015833136028762684,1.4933333333333332,0.1606666666666666,7.8,2.1556780595369363
2012-12-31,HK_HangSeng,HKSAR,development,0.028042428423765,0.08,6.664001421369435e-05,0.027975788409551304,0.016823750037947536,1.4933333333333332,0.1606666666666666,7.8,2.1556780595369363
2012-12-31,US_SPY,U.S.,development,0.0088947104877235,0.08,6.664001421369435e-05,0.008828070473509806,0.012423176481910379,1.4933333333333332,0.1606666666666666,7.8,2.1556780595369363
2013-01-31,CN_CSI300,Chinese mainland,development,0.062951817379381,2.7821,0.0022867522798267963,0.06066506509955421,0.003909898287533839,1.554483870967742,0.164516129032258,7.7,1.7960197033926262
2013-01-31,HK_HangSeng,HKSAR,development,0.046254913884864,0.05,4.165625347092066e-05,0.046213257631393084,0.017119253365237595,1.554483870967742,0.164516129032258,7.7,1.7960197033926262
2013-01-31,US_SPY,U.S.,development,0.0499230833889248,0.05,4.165625347092066e-05,0.04988142713545388,0.012293361601596801,1.554483870967742,0.164516129032258,7.7,1.7960197033926262
2013-02-28,CN_CSI300,Chinese mainland,development,-0.0050557828378181,2.7132,0.002230871032111431,-0.00728665386992953,0.005045504752910394,1.7721812596006146,0.1425806451612903,7.9,1.7595049796895523
2013-02-28,HK_HangSeng,HKSAR,development,-0.0303451226743476,0.07,5.8312926189445166e-05,-0.030403435600537047,0.012567525970401583,1.7721812596006146,0.1425806451612903,7.9,1.7595049796895523
2013-02-28,US_SPY,U.S.,development,0.0126779306069089,0.07,5.8312926189445166e-05,0.012619617680719454,0.012673900891590055,1.7721812596006146,0.1425806451612903,7.9,1.7595049796895523
2013-03-31,CN_CSI300,Chinese mainland,development,-0.0690040935090472,2.6874,0.0022099363317132125,-0.0712140298407604,-0.0009180650602814395,1.8392105263157896,0.145,8.0,1.684061762098299
2013-03-31,HK_HangSeng,HKSAR,development,-0.0318049868560201,0.11,9.161628694174697e-05,-0.031896603142961846,0.004927634835423573,1.8392105263157896,0.145,8.0,1.684061762098299
2013-03-31,US_SPY,U.S.,development,0.0372681028056041,0.11,9.161628694174697e-05,0.03717648651866236,0.010188910511898719,1.8392105263157896,0.145,8.0,1.684061762098299
2013-04-30,CN_CSI300,Chinese mainland,development,-0.0193313306434834,2.6658,0.0021924055602751415,-0.02152373620375854,-0.0007771247461085198,1.8139516129032256,0.1435483870967742,7.7,2.0181404902574807
2013-04-30,HK_HangSeng,HKSAR,development,0.0194238580637744,0.07,5.8312926189445166e-05,0.019365545137584955,0.006713590364179344,1.8139516129032256,0.1435483870967742,7.7,2.0181404902574807
2013-04-30,US_SPY,U.S.,development,0.0190304860627046,0.07,5.8312926189445166e-05,0.018972173136515155,0.010654383132349005,1.8139516129032256,0.1435483870967742,7.7,2.0181404902574807
2013-05-31,CN_CSI300,Chinese mainland,development,0.0629920067541034,2.6307,0.0021639101886687015,0.06082809656543469,-0.008001679884615625,1.6140909090909092,0.145,7.5,1.5187472411246183
2013-05-31,HK_HangSeng,HKSAR,development,-0.0152830784269948,0.05,4.165625347092066e-05,-0.01532473468046572,0.006176728623273135,1.6140909090909092,0.145,7.5,1.5187472411246183
2013-05-31,US_SPY,U.S.,development,0.0233354018403613,0.05,4.165625347092066e-05,0.023293745586890378,0.012798428911763624,1.6140909090909092,0.145,7.5,1.5187472411246183
2013-06-30,CN_CSI300,Chinese mainland,development,-0.1692332417789819,2.7771,0.002282698297647951,-0.17151594007662987,-0.002929728093233493,1.819149560117302,0.1090322580645161,7.6,1.138808047576867
2013-06-30,HK_HangSeng,HKSAR,development,-0.0735998023634234,0.04,3.3326668443911285e-05,-0.0736331290318673,0.015260878829547901,1.819149560117302,0.1090322580645161,7.6,1.138808047576867
2013-06-30,US_SPY,U.S.,development,-0.0134346256265143,0.04,3.3326668443911285e-05,-0.01346795229495821,0.01990776270086978,1.819149560117302,0.1090322580645161,7.6,1.138808047576867
2013-07-31,CN_CSI300,Chinese mainland,development,-0.0034686378281278,4.0691,0.003323742966576228,-0.006792380794704028,-0.01149500678978338,2.2063333333333333,0.0936666666666666,7.5,1.3903888279197083
2013-07-31,HK_HangSeng,HKSAR,development,0.0506291445447555,0.04,3.3326668443911285e-05,0.05059581787631159,0.005574598063242289,2.2063333333333333,0.0936666666666666,7.5,1.3903888279197083
2013-07-31,US_SPY,U.S.,development,0.0503862142307172,0.04,3.3326668443911285e-05,0.05035288756227329,0.015475323488508953,2.2063333333333333,0.0936666666666666,7.5,1.3903888279197083
2013-08-31,CN_CSI300,Chinese mainland,development,0.053659145003321,3.4406,0.0028189457435604305,0.05084019925976057,-0.007442201083883899,2.489692082111437,0.0925806451612903,7.5,1.7157935271568725
2013-08-31,HK_HangSeng,HKSAR,development,-0.0069834475407741,0.04,3.3326668443911285e-05,-0.007016774209218012,0.008287755582168682,2.489692082111437,0.0925806451612903,7.5,1.7157935271568725
2013-08-31,US_SPY,U.S.,development,-0.0304514577556558,0.04,3.3326668443911285e-05,-0.03048478442409971,0.01869762039085891,2.489692082111437,0.0925806451612903,7.5,1.7157935271568725
2013-09-30,CN_CSI300,Chinese mainland,development,0.040289593570522,3.6066,0.002952570697651744,0.03733702287287026,0.0016498952647556713,2.654369501466276,0.0829032258064516,7.3,1.885471805415806
2013-09-30,HK_HangSeng,HKSAR,development,0.0506257075577956,0.03,2.4996250749831288e-05,0.05060071130704577,0.009044042880048711,2.654369501466276,0.0829032258064516,7.3,1.885471805415806
2013-09-30,US_SPY,U.S.,development,0.0311561293627606,0.03,2.4996250749831288e-05,0.03113113311201077,0.014102881572201022,2.654369501466276,0.0829032258064516,7.3,1.885471805415806
2013-10-31,CN_CSI300,Chinese mainland,development,-0.0147699830612015,3.5338,0.002893995287770821,-0.01766397834897232,0.001664577187151385,2.7295,0.08,7.2,1.538809488600279
2013-10-31,HK_HangSeng,HKSAR,development,0.0150442661458214,0.02,1.6665000222188896e-05,0.015027601145599211,0.00765266131291452,2.7295,0.08,7.2,1.538809488600279
2013-10-31,US_SPY,U.S.,development,0.0452663811550957,0.02,1.6665000222188896e-05,0.04524971615487351,0.014617127211556358,2.7295,0.08,7.2,1.538809488600279
2013-11-30,CN_CSI300,Chinese mainland,development,0.0271051738513428,3.8256,0.0031285318722500065,0.023976641979092796,0.0017821870429021714,2.5288123167155425,0.0870967741935483,7.2,1.0947341081747997
2013-11-30,HK_HangSeng,HKSAR,development,0.0286684949904341,0.04,3.3326668443911285e-05,0.028635168321990187,0.00576731269346764,2.5288123167155425,0.0870967741935483,7.2,1.0947341081747997
2013-11-30,US_SPY,U.S.,development,0.0292069468976334,0.04,3.3326668443911285e-05,0.029173620229189488,0.01992537821715132,2.5288123167155425,0.0870967741935483,7.2,1.0947341081747997
2013-12-31,CN_CSI300,Chinese mainland,development,-0.045682375653989,4.2787,0.003491411380248823,-0.049173787034237824,0.008340079616014845,2.634087719298245,0.0843333333333333,7.2,0.8767991434911471
2013-12-31,HK_HangSeng,HKSAR,development,-0.024367669193186,0.06,4.998500599730129e-05,-0.024417654199183302,0.006678267763702184,2.634087719298245,0.0843333333333333,7.2,0.8767991434911471
2013-12-31,US_SPY,U.S.,development,0.0255962727230656,0.06,4.998500599730129e-05,0.025546287717068298,0.021893845072586682,2.634087719298245,0.0843333333333333,7.2,0.8767991434911471
2014-01-31,CN_CSI300,Chinese mainland,development,-0.0563107659362822,4.6113,0.003756782533381761,-0.060067548469663966,-0.00929362336602334,2.816743471582181,0.0851612903225806,6.9,1.2328701961954458
2014-01-31,HK_HangSeng,HKSAR,development,-0.0560764435637075,0.07,5.8312926189445166e-05,-0.05613475648989694,0.0023121475463076346,2.816743471582181,0.0851612903225806,6.9,1.2328701961954458
2014-01-31,US_SPY,U.S.,development,-0.0358846217811628,0.07,5.8312926189445166e-05,-0.03594293470735224,0.023287029842883222,2.816743471582181,0.0851612903225806,6.9,1.2328701961954458
2014-02-28,CN_CSI300,Chinese mainland,development,-0.0107180890105995,3.6419,0.0029809585189880996,-0.0136990475295876,-0.01935467449679152,2.786482334869431,0.0716129032258064,6.7,1.5128383667573295
2014-02-28,HK_HangSeng,HKSAR,development,0.0357291620039426,0.02,1.6665000222188896e-05,0.03571249700372041,-0.0062168536304665345,2.786482334869431,0.0716129032258064,6.7,1.5128383667573295
2014-02-28,US_SPY,U.S.,development,0.0445101996578163,0.02,1.6665000222188896e-05,0.04449353465759411,0.016134999689316042,2.786482334869431,0.0716129032258064,6.7,1.5128383667573295
2014-03-31,CN_CSI300,Chinese mainland,development,-0.0151068586788376,3.1218,0.0025617189901894644,-0.017668577669027064,-0.019889040635096358,2.6430451127819548,0.0664285714285714,6.6,1.557758795574915
2014-03-31,HK_HangSeng,HKSAR,development,-0.0304949415912325,0.05,4.165625347092066e-05,-0.030536597844703424,-0.0007071925801117469,2.6430451127819548,0.0664285714285714,6.6,1.557758795574915
2014-03-31,US_SPY,U.S.,development,0.0082612800765575,0.05,4.165625347092066e-05,0.008219623823086579,0.018791159437388932,2.6430451127819548,0.0664285714285714,6.6,1.557758795574915
2014-04-30,CN_CSI300,Chinese mainland,development,0.0057422294109015,2.9172,0.002396216288232769,0.003346013122668731,-0.015426919620785249,2.645268817204301,0.0780645161290322,6.7,1.1204746347724948
2014-04-30,HK_HangSeng,HKSAR,development,-0.0007718113374188,0.05,4.165625347092066e-05,-0.0008134675908897206,-0.0005938588052568783,2.645268817204301,0.0780645161290322,6.7,1.1204746347724948
2014-04-30,US_SPY,U.S.,development,0.0069274954284619,0.05,4.165625347092066e-05,0.0068858391749909795,0.016378087546090953,2.645268817204301,0.0780645161290322,6.7,1.1204746347724948
2014-05-31,CN_CSI300,Chinese mainland,development,-0.0010196704567277,3.0979,0.0025424030210984033,-0.003562073477826103,-0.013354440510249642,2.614904761904762,0.0903333333333333,6.7,1.6126949139408042
2014-05-31,HK_HangSeng,HKSAR,development,0.0419243822485366,0.03,2.4996250749831288e-05,0.04189938599778677,-0.0022754431992964346,2.614904761904762,0.0903333333333333,6.7,1.6126949139408042
2014-05-31,US_SPY,U.S.,development,0.0229414425661911,0.03,2.4996250749831288e-05,0.02291644631544127,0.01537089304929727,2.614904761904762,0.0903333333333333,6.7,1.6126949139408042
2014-06-30,CN_CSI300,Chinese mainland,development,0.0040077988104965,2.919,0.002397673757812987,0.0016101250526835125,-0.018720288013854707,2.471950844854071,0.0870967741935483,6.2,2.015125303606169
2014-06-30,HK_HangSeng,HKSAR,development,0.0047142824940333,0.04,3.3326668443911285e-05,0.004680955825589388,0.002493233523891273,2.471950844854071,0.0870967741935483,6.2,2.015125303606169
2014-06-30,US_SPY,U.S.,development,0.0204346878017149,0.04,3.3326668443911285e-05,0.020401361133270988,0.015339451443343177,2.471950844854071,0.0870967741935483,6.2,2.015125303606169
2014-07-31,CN_CSI300,Chinese mainland,development,0.0820459183063713,3.1555,0.002588947709571758,0.07945697059679954,-0.004293115919745259,2.502904761904762,0.0956666666666666,6.3,2.166947687079812
2014-07-31,HK_HangSeng,HKSAR,development,0.0653499736497327,0.04,3.3326668443911285e-05,0.06531664698128879,0.009019407262012663,2.502904761904762,0.0956666666666666,6.3,2.166947687079812
2014-07-31,US_SPY,U.S.,development,-0.013528749308052,0.04,3.3326668443911285e-05,-0.013562075976495912,0.018161894229028943,2.502904761904762,0.0956666666666666,6.3,2.166947687079812
2014-08-31,CN_CSI300,Chinese mainland,development,-0.0051018124796708,3.5832,0.0029337473771186774,-0.008035559856789477,0.0028943300295467046,2.451304985337244,0.0909677419354838,6.1,2.0589816945944195
2014-08-31,HK_HangSeng,HKSAR,development,-0.000597551052877,0.03,2.4996250749831288e-05,-0.0006225473036268312,0.010246143020760766,2.451304985337244,0.0909677419354838,6.1,2.0589816945944195
2014-08-31,US_SPY,U.S.,development,0.038704666356172,0.03,2.4996250749831288e-05,0.03867967010542217,0.012835647267464846,2.451304985337244,0.0909677419354838,6.1,2.0589816945944195
2014-09-30,CN_CSI300,Chinese mainland,development,0.0470721315734401,3.5117,0.0028762053172217295,0.04419592625621837,-0.0020119832301657994,2.331935483870968,0.0880645161290322,6.2,1.9742378703305972
2014-09-30,HK_HangSeng,HKSAR,development,-0.0759285819512705,0.03,2.4996250749831288e-05,-0.07595357820202034,0.010778995262893361,2.331935483870968,0.0880645161290322,6.2,1.9742378703305972
2014-09-30,US_SPY,U.S.,development,-0.0138923976028415,0.03,2.4996250749831288e-05,-0.013917393853591331,0.018599351811591665,2.331935483870968,0.0880645161290322,6.2,1.9742378703305972
2014-10-31,CN_CSI300,Chinese mainland,development,0.0231211817677916,3.6612,0.0029964752511351844,0.020124706516656415,-0.0014404079482201234,2.445952380952381,0.0883333333333333,6.1,1.7150983482969062
2014-10-31,HK_HangSeng,HKSAR,development,0.0453969469199719,0.02,1.6665000222188896e-05,0.04538028191974971,0.00023280447047118596,2.445952380952381,0.0883333333333333,6.1,1.7150983482969062
2014-10-31,US_SPY,U.S.,development,0.0232782198378309,0.02,1.6665000222188896e-05,0.023261554837608712,0.01484530789779149,2.445952380952381,0.0883333333333333,6.1,1.7150983482969062
2014-11-30,CN_CSI300,Chinese mainland,development,0.1131512599871467,3.3819,0.0027716427006321954,0.1103796172865145,0.0017086491239156046,2.215058651026393,0.0890322580645161,5.9,1.6840509711232077
2014-11-30,HK_HangSeng,HKSAR,development,-0.0004422721921581,0.01,8.332916694442362e-06,-0.00045060510885254235,0.002762194534983728,2.215058651026393,0.0890322580645161,5.9,1.6840509711232077
2014-11-30,US_SPY,U.S.,development,0.0271009461284288,0.01,8.332916694442362e-06,0.027092613211734357,0.01301296112135276,2.215058651026393,0.0890322580645161,5.9,1.6840509711232077
2014-12-31,CN_CSI300,Chinese mainland,development,0.2295838442164868,3.1082,0.0025507280253931086,0.2270331161910937,0.008908897066200747,2.2335555555555557,0.092,5.7,1.6095417021513292
2014-12-31,HK_HangSeng,HKSAR,development,-0.016070535506607,0.02,1.6665000222188896e-05,-0.01608720050682919,0.0003383800824135008,2.2335555555555557,0.092,5.7,1.6095417021513292
2014-12-31,US_SPY,U.S.,development,-0.002539773209425,0.02,1.6665000222188896e-05,-0.002556438209647189,0.012839543869898164,2.2335555555555557,0.092,5.7,1.6095417021513292
2015-01-31,CN_CSI300,Chinese mainland,development,-0.0285089843344916,3.3322,0.0027315712517424384,-0.031240555586234037,0.03192613900164504,2.084692082111437,0.1225806451612903,5.8,1.231524989320798
2015-01-31,HK_HangSeng,HKSAR,development,0.0375006543007891,0.04,3.3326668443911285e-05,0.03746732763234519,0.0010325845567763436,2.084692082111437,0.1225806451612903,5.8,1.231524989320798
2015-01-31,US_SPY,U.S.,development,-0.0300770346792296,0.04,3.3326668443911285e-05,-0.03011036134767351,0.010497650042671872,2.084692082111437,0.1225806451612903,5.8,1.231524989320798
2015-02-28,CN_CSI300,Chinese mainland,development,0.0395214715347105,3.1847,0.002612533354536499,0.036908938180174,0.03432838840859753,1.766661290322581,0.1148387096774193,5.6,0.6531213919623191
2015-02-28,HK_HangSeng,HKSAR,development,0.012821424478826,0.02,1.6665000222188896e-05,0.01280475947860381,0.008832758233629855,1.766661290322581,0.1148387096774193,5.6,0.6531213919623191
2015-02-28,US_SPY,U.S.,development,0.0546818359522474,0.02,1.6665000222188896e-05,0.05466517095202521,0.010983697822645104,1.766661290322581,0.1148387096774193,5.6,0.6531213919623191
2015-03-31,CN_CSI300,Chinese mainland,development,0.1256523357857286,3.0991,0.002543372967314897,0.1231089628184137,0.03854572055107767,1.864548872180451,0.1107142857142857,5.7,-0.2299309782054281
2015-03-31,HK_HangSeng,HKSAR,development,0.0031212832867169,0.02,1.6665000222188896e-05,0.003104618286494711,0.006923780106536805,1.864548872180451,0.1107142857142857,5.7,-0.2299309782054281
2015-03-31,US_SPY,U.S.,development,-0.0158300416510224,0.02,1.6665000222188896e-05,-0.015846706651244588,0.011831334180514361,1.864548872180451,0.1107142857142857,5.7,-0.2299309782054281
2015-04-30,CN_CSI300,Chinese mainland,development,0.1591083263559998,3.2673,0.0026792155247321397,0.15642911083126768,0.050277182258364396,1.929824046920821,0.1129032258064516,5.5,-0.0870314629352053
2015-04-30,HK_HangSeng,HKSAR,development,0.1220396936190884,0.03,2.4996250749831288e-05,0.12201469736833856,0.00972721478413665,1.929824046920821,0.1129032258064516,5.5,-0.0870314629352053
2015-04-30,US_SPY,U.S.,development,0.009785387192239,0.03,2.4996250749831288e-05,0.009760390941489169,0.009825806640986763,1.929824046920821,0.1129032258064516,5.5,-0.0870314629352053
2015-05-31,CN_CSI300,Chinese mainland,development,0.0189647337458627,2.7044,0.0022237311051160626,0.016741002640746638,0.0630341070674143,1.8103333333333331,0.1246666666666666,5.4,-0.0220312844238734
2015-05-31,HK_HangSeng,HKSAR,development,-0.0255178138343055,0.01,8.332916694442362e-06,-0.025526146750999942,0.019962895197405673,1.8103333333333331,0.1246666666666666,5.4,-0.0220312844238734
2015-05-31,US_SPY,U.S.,development,0.0127746299295683,0.01,8.332916694442362e-06,0.012766297012873858,0.010065352621528278,1.8103333333333331,0.1246666666666666,5.4,-0.0220312844238734
2015-06-30,CN_CSI300,Chinese mainland,development,-0.0790268691788167,2.0038,0.0016533234586828228,-0.08068019263749952,0.06472603007729537,2.0742741935483875,0.1232258064516129,5.4,-0.1040309893939106
2015-06-30,HK_HangSeng,HKSAR,development,-0.0437583455796328,0.01,8.332916694442362e-06,-0.04376667849632724,0.014344100801673447,2.0742741935483875,0.1232258064516129,5.4,-0.1040309893939106
2015-06-30,US_SPY,U.S.,development,-0.0205215925170731,0.01,8.332916694442362e-06,-0.020529925433767544,0.009219506846314326,2.0742741935483875,0.1232258064516129,5.4,-0.1040309893939106
2015-07-31,CN_CSI300,Chinese mainland,development,-0.1586731495322553,1.9197,0.0015845885288619536,-0.16025773806111726,0.05786850360311346,2.234636363636364,0.129,5.6,0.0350332182442958
2015-07-31,HK_HangSeng,HKSAR,development,-0.0634469804070452,0.01,8.332916694442362e-06,-0.06345531332373965,0.010306797941513728,2.234636363636364,0.129,5.6,0.0350332182442958
2015-07-31,US_SPY,U.S.,development,0.022338022746549,0.01,8.332916694442362e-06,0.022329689829854556,0.005808566299061116,2.234636363636364,0.129,5.6,0.0350332182442958
2015-08-31,CN_CSI300,Chinese mainland,development,-0.12550066420952,2.212,0.001823241809870157,-0.12732390601939014,0.03789227788162038,2.1942228739002934,0.1303225806451612,5.3,0.1795718097550525
2015-08-31,HK_HangSeng,HKSAR,development,-0.1282645407931273,0.08,6.664001421369435e-05,-0.128331180807341,-0.0004241987505719756,2.1942228739002934,0.1303225806451612,5.3,0.1795718097550525
2015-08-31,US_SPY,U.S.,development,-0.0628865366672632,0.08,6.664001421369435e-05,-0.06295317668147689,0.008799546782923657,2.1942228739002934,0.1303225806451612,5.3,0.1795718097550525
2015-09-30,CN_CSI300,Chinese mainland,development,-0.0498132505690396,2.2608,0.0018630189024113548,-0.05167626947145095,0.02795158236807033,2.029078341013825,0.1380645161290322,5.2,0.2256861110409458
2015-09-30,HK_HangSeng,HKSAR,development,-0.0387790719678946,0.08,6.664001421369435e-05,-0.038845711982108296,-0.01106658487588149,2.029078341013825,0.1380645161290322,5.2,0.2256861110409458
2015-09-30,US_SPY,U.S.,development,-0.0258470860056707,0.08,6.664001421369435e-05,-0.025913726019884394,0.0003301428840154011,2.029078341013825,0.1380645161290322,5.2,0.2256861110409458
2015-10-31,CN_CSI300,Chinese mainland,development,0.098380750739647,2.2139,0.0018247908634229399,0.09655595987622406,0.019962232724097886,2.036857142857143,0.136,5.1,0.2413037985344868
2015-10-31,HK_HangSeng,HKSAR,development,0.0825434667685645,0.0,0.0,0.0825434667685645,-0.00797426269088882,2.036857142857143,0.136,5.1,0.2413037985344868
2015-10-31,US_SPY,U.S.,development,0.0816349861699734,0.0,0.0,0.0816349861699734,-0.0006695514631756876,2.036857142857143,0.136,5.1,0.2413037985344868
2015-11-30,CN_CSI300,Chinese mainland,development,0.009106476713951,2.3564,0.0019408878913951234,0.007165588822555876,0.026331503837395187,1.9464516129032257,0.1235483870967742,5.0,0.00884296163417
2015-11-30,HK_HangSeng,HKSAR,development,-0.0288402694165803,0.08,6.664001421369435e-05,-0.028906909430793996,-0.0048773306201542535,1.9464516129032257,0.1235483870967742,5.0,0.00884296163417
2015-11-30,US_SPY,U.S.,development,0.0036484058630552,0.08,6.664001421369435e-05,0.003581765848841506,0.004194901147854704,1.9464516129032257,0.1235483870967742,5.0,0.00884296163417
2015-12-31,CN_CSI300,Chinese mainland,development,0.0451168066455274,2.5701,0.0021146901062244756,0.04300211653930292,0.01773033479873197,2.1454912280701754,0.1176666666666666,5.0,0.127616560670507
2015-12-31,HK_HangSeng,HKSAR,development,-0.0037357364792143,0.22,0.00018313196195726849,-0.003918868441171569,-0.007248689313649374,2.1454912280701754,0.1176666666666666,5.0,0.127616560670507
2015-12-31,US_SPY,U.S.,development,-0.017433959210483,0.22,0.00018313196195726849,-0.01761709117244027,0.0022356638676136326,2.1454912280701754,0.1176666666666666,5.0,0.127616560670507
2016-01-31,CN_CSI300,Chinese mainland,development,-0.2361974267670543,2.2507,0.0018547879064297014,-0.238052214673484,0.0023944181610827397,2.00208211143695,0.2406451612903225,5.1,0.4363182169185187
2016-01-31,HK_HangSeng,HKSAR,development,-0.1073830969720432,0.16,0.00013322678030808566,-0.10751632375235128,-0.006234661641511239,2.00208211143695,0.2406451612903225,5.1,0.4363182169185187
2016-01-31,US_SPY,U.S.,development,-0.0510681579575589,0.16,0.00013322678030808566,-0.051201384737866985,0.0009806094540475427,2.00208211143695,0.2406451612903225,5.1,0.4363182169185187
2016-02-29,CN_CSI300,Chinese mainland,development,-0.0235674316291829,2.2276,0.0018359595025532098,-0.02540339113173611,-0.014839886762854757,1.7423599320882852,0.3429032258064516,5.0,0.6387247515364791
2016-02-29,HK_HangSeng,HKSAR,development,-0.0294481447956833,0.33,0.00027454724578583595,-0.029722692041469136,-0.018316632590235943,1.7423599320882852,0.3429032258064516,5.0,0.6387247515364791
2016-02-29,US_SPY,U.S.,development,-0.0008264525850449,0.33,0.00027454724578583595,-0.0011009998308307359,-0.0007769758284685806,1.7423599320882852,0.3429032258064516,5.0,0.6387247515364791
2016-03-31,CN_CSI300,Chinese mainland,development,0.1118765800181096,2.1012,0.0017328576913845132,0.11014372232672509,-0.0200325808721806,1.404327586206897,0.3751724137931034,4.8,1.2375025026943876
2016-03-31,HK_HangSeng,HKSAR,development,0.0835193978675992,0.33,0.00027454724578583595,0.08324485062181336,-0.021860586883575357,1.404327586206897,0.3751724137931034,4.8,1.2375025026943876
2016-03-31,US_SPY,U.S.,development,0.0651002388190846,0.33,0.00027454724578583595,0.06482569157329876,-0.0054241567270399095,1.404327586206897,0.3751724137931034,4.8,1.2375025026943876
2016-04-30,CN_CSI300,Chinese mainland,development,-0.0192449985242415,2.0187,0.0016654953188342684,-0.020910493843075768,-0.021113017579821317,1.52683284457478,0.362258064516129,4.9,0.8472775790126619
2016-04-30,HK_HangSeng,HKSAR,development,0.0138781166926467,0.21,0.00017481650684551074,0.013703300185801189,-0.015182234188965471,1.52683284457478,0.362258064516129,4.9,0.8472775790126619
2016-04-30,US_SPY,U.S.,development,0.0039337502307645,0.21,0.00017481650684551074,0.0037589337239189893,0.0012985431250053705,1.52683284457478,0.362258064516129,4.9,0.8472775790126619
2016-05-31,CN_CSI300,Chinese mainland,development,0.0040497596569206,2.194,0.0018085651369361211,0.0022411945199844793,-0.03589131796934994,1.4399047619047618,0.3653333333333333,5.0,0.8916160965521946
2016-05-31,HK_HangSeng,HKSAR,development,-0.0120320486696936,0.22,0.00018313196195726849,-0.012215180631650868,-0.024208183954176916,1.4399047619047618,0.3653333333333333,5.0,0.8916160965521946
2016-05-31,US_SPY,U.S.,development,0.0168679830446638,0.22,0.00018313196195726849,0.016684851082706533,0.0007984216902078555,1.4399047619047618,0.3653333333333333,5.0,0.8916160965521946
2016-06-30,CN_CSI300,Chinese mainland,development,-0.0049466533907729,2.1896,0.001804977112586581,-0.006751630503359481,-0.037099635312746786,1.4410291858678954,0.3651612903225806,5.1,1.1726257503534845
2016-06-30,HK_HangSeng,HKSAR,development,-0.0009959612714798,0.34,0.0002828527556679623,-0.0012788140271477624,-0.02309893677756449,1.4410291858678954,0.3651612903225806,5.1,1.1726257503534845
2016-06-30,US_SPY,U.S.,development,0.0034700676575258,0.34,0.0002828527556679623,0.003187214901857838,0.001124967862693912,1.4410291858678954,0.3651612903225806,5.1,1.1726257503534845
2016-07-31,CN_CSI300,Chinese mainland,development,0.0157320576742616,2.1978,0.0018116637609191103,0.013920393913342488,-0.030938921801568448,1.266424242424243,0.3776666666666666,4.8,1.0784764621246223
2016-07-31,HK_HangSeng,HKSAR,development,0.0514102203110962,0.26,0.00021638548727216482,0.05119383482382403,-0.019558281405132872,1.266424242424243,0.3776666666666666,4.8,1.0784764621246223
2016-07-31,US_SPY,U.S.,development,0.0358218722291407,0.26,0.00021638548727216482,0.03560548674186853,0.003101396223996027,1.266424242424243,0.3776666666666666,4.8,1.0784764621246223
2016-08-31,CN_CSI300,Chinese mainland,development,0.0379302387294124,2.1463,0.0017696594480220767,0.03616057928139032,-0.01642407747036347,1.1123870967741936,0.3916129032258065,4.9,1.0792865347959424
2016-08-31,HK_HangSeng,HKSAR,development,0.0483960743941533,0.28,0.00023300727516677286,0.048163067118986526,-0.010004185726169231,1.1123870967741936,0.3916129032258065,4.9,1.0792865347959424
2016-08-31,US_SPY,U.S.,development,0.0011968314875581,0.28,0.00023300727516677286,0.0009638242123913271,0.004207712633330525,1.1123870967741936,0.3916129032258065,4.9,1.0792865347959424
2016-09-30,CN_CSI300,Chinese mainland,development,-0.0226447018265787,2.0054,0.0016546305892763064,-0.024299332415855007,-0.0028003703619650967,1.1597475455820478,0.3967741935483871,4.8,0.8683633430518256
2016-09-30,HK_HangSeng,HKSAR,development,0.013842521891016,0.33,0.00027454724578583595,0.013567974645230164,0.004703668267691395,1.1597475455820478,0.3967741935483871,4.8,0.8683633430518256
2016-09-30,US_SPY,U.S.,development,5.801177657094314e-05,0.33,0.00027454724578583595,-0.0002165354692148928,0.00953412937448621,1.1597475455820478,0.3967741935483871,4.8,0.8683633430518256
2016-10-31,CN_CSI300,Chinese mainland,development,0.0251926956481565,2.0482,0.0016895887249717444,0.023503106923184754,-0.0005189589406654347,1.2341428571428572,0.3963333333333333,4.9,1.0553158595656864
2016-10-31,HK_HangSeng,HKSAR,development,-0.0156870219718925,0.29,0.0002413169260021304,-0.01592833889789463,0.009071475486636267,1.2341428571428572,0.3963333333333333,4.9,1.0553158595656864
2016-10-31,US_SPY,U.S.,development,-0.017489155204978,0.29,0.0002413169260021304,-0.01773047213098013,0.011675561920375332,1.2341428571428572,0.3963333333333333,4.9,1.0553158595656864
2016-11-30,CN_CSI300,Chinese mainland,development,0.0587051819095414,2.0229,0.0016689259917955607,0.05703625591774584,-0.006606696686752044,1.368048387096774,0.3964516129032258,5.0,1.5486446201652182
2016-11-30,HK_HangSeng,HKSAR,development,-0.0063322997963108,0.34,0.0002828527556679623,-0.006615152551978762,0.0008654916810980059,1.368048387096774,0.3964516129032258,5.0,1.5486446201652182
2016-11-30,US_SPY,U.S.,development,0.0361762968584722,0.34,0.0002828527556679623,0.03589344410280424,0.0033951070619625406,1.368048387096774,0.3964516129032258,5.0,1.5486446201652182
2016-12-31,CN_CSI300,Chinese mainland,development,-0.0665892374564016,2.2976,0.0018930021903110425,-0.06848223964671266,-0.0024508077621528796,1.7353333333333336,0.4066666666666666,4.9,1.685924966243646
2016-12-31,HK_HangSeng,HKSAR,development,-0.0352437980554185,0.48,0.0003990430609830981,-0.0356428411164016,0.002723138087665942,1.7353333333333336,0.4066666666666666,4.9,1.685924966243646
2016-12-31,US_SPY,U.S.,development,0.0200687108347956,0.48,0.0003990430609830981,0.019669667773812502,0.006087746916459434,1.7353333333333336,0.4066666666666666,4.9,1.685924966243646
2017-01-31,CN_CSI300,Chinese mainland,development,0.0232556120634779,2.6474,0.0021774690307442748,0.021078143032733622,-0.011741170777654178,1.9519047619047616,0.54,4.7,1.6843334719788938
2017-01-31,HK_HangSeng,HKSAR,development,0.0599905852778821,0.51,0.00042391992071309217,0.05956666535716901,7.947369806343985e-05,1.9519047619047616,0.54,4.7,1.6843334719788938
2017-01-31,US_SPY,U.S.,development,0.0177365098750277,0.51,0.00042391992071309217,0.01731258995431461,0.009194976828647165,1.9519047619047616,0.54,4.7,1.6843334719788938
2017-02-28,CN_CSI300,Chinese mainland,development,0.0189604219330004,2.4821,0.0020431635994759994,0.0169172583335244,0.009853025697863957,1.7828225806451614,0.6496774193548387,4.7,2.0507989115119862
2017-02-28,HK_HangSeng,HKSAR,development,0.016133640527677,0.52,0.0004322105572750051,0.015701429970401994,0.014003056123856798,1.7828225806451614,0.6496774193548387,4.7,2.0507989115119862
2017-02-28,US_SPY,U.S.,development,0.0385393467009489,0.52,0.0004322105572750051,0.03810713614367389,0.014904474719662298,1.7828225806451614,0.6496774193548387,4.7,2.0507989115119862
2017-03-31,CN_CSI300,Chinese mainland,development,0.0009379261520763,2.5965,0.0021361360921904383,-0.0011982099401141384,0.013379746486635667,1.7621616541353382,0.6567857142857143,4.7,2.510393348257112
2017-03-31,HK_HangSeng,HKSAR,development,0.0155004730351748,0.53,0.00044050036910311296,0.015059972666071687,0.017788399624846057,1.7621616541353382,0.6567857142857143,4.7,2.510393348257112
2017-03-31,US_SPY,U.S.,development,0.0012492115425422,0.53,0.00044050036910311296,0.000808711173439087,0.01817181938420435,1.7621616541353382,0.6567857142857143,4.7,2.510393348257112
2017-04-30,CN_CSI300,Chinese mainland,development,-0.0047275241039574,2.8815,0.0023673045406868297,-0.0070948286446442296,0.00410125213106573,1.6956100981767182,0.7861290322580645,4.6,2.8103616813294208
2017-04-30,HK_HangSeng,HKSAR,development,0.0206686981633446,0.76,0.0006309387913598396,0.02003775937198476,0.012106326461867585,1.6956100981767182,0.7861290322580645,4.6,2.8103616813294208
2017-04-30,US_SPY,U.S.,development,0.0098773687402227,0.76,0.0006309387913598396,0.00924642994886286,0.012837071017549377,1.6956100981767182,0.7861290322580645,4.6,2.8103616813294208
2017-05-31,CN_CSI300,Chinese mainland,development,0.015327816485648,2.9392,0.0024140280574108277,0.012913788428237172,0.005252557564268359,1.4013684210526316,0.896,4.4,2.44119623655914
2017-05-31,HK_HangSeng,HKSAR,development,0.041597375903045,0.8,0.0006640141374314062,0.040933361765613595,0.012634198060716216,1.4013684210526316,0.896,4.4,2.44119623655914
2017-05-31,US_SPY,U.S.,development,0.0140140461145596,0.8,0.0006640141374314062,0.013350031977128194,0.013294362369628032,1.4013684210526316,0.896,4.4,2.44119623655914
2017-06-30,CN_CSI300,Chinese mainland,development,0.0485927362940472,3.2054,0.0026292492726525713,0.045963487021394626,0.006141940389956083,1.396217008797654,0.9074193548387096,4.4,2.176223471915395
2017-06-30,HK_HangSeng,HKSAR,development,0.0040419781515552,0.98,0.0008126909535565227,0.003229287197998677,0.017063243260488255,1.396217008797654,0.9074193548387096,4.4,2.176223471915395
2017-06-30,US_SPY,U.S.,development,0.0063547814664204,0.98,0.0008126909535565227,0.005542090512863878,0.013016460777496505,1.396217008797654,0.9074193548387096,4.4,2.176223471915395
2017-07-31,CN_CSI300,Chinese mainland,development,0.0191965833669929,3.1397,0.002576182830221767,0.016620400536771135,0.010534866850352258,1.146818181818182,1.04,4.4,1.856343166761976
2017-07-31,HK_HangSeng,HKSAR,development,0.0587643959727266,1.03,0.0008539430376291269,0.05791045293509747,0.01743891836258379,1.146818181818182,1.04,4.4,1.856343166761976
2017-07-31,US_SPY,U.S.,development,0.0203458948306103,1.03,0.0008539430376291269,0.01949195179298117,0.013212700411747007,1.146818181818182,1.04,4.4,1.856343166761976
2017-08-31,CN_CSI300,Chinese mainland,development,0.0222814629490475,2.9485,0.002421556433321842,0.019859906515725657,0.010759867402304646,1.1673548387096775,1.1506451612903223,4.3,1.640565809959127
2017-08-31,HK_HangSeng,HKSAR,development,0.0233781813968434,1.07,0.0008869300082066524,0.022491251388636748,0.017998636538523245,1.1673548387096775,1.1506451612903223,4.3,1.640565809959127
2017-08-31,US_SPY,U.S.,development,0.0029133400071188,1.07,0.0008869300082066524,0.0020264099989121473,0.01186990583267306,1.1673548387096775,1.1506451612903223,4.3,1.640565809959127
2017-09-30,CN_CSI300,Chinese mainland,development,0.0037630992140584,3.0032,0.002465822476675862,0.0012972767373825383,0.009401478005165923,1.0520336605890603,1.1570967741935485,4.3,1.7251073506566073
2017-09-30,HK_HangSeng,HKSAR,development,-0.014984629237734,1.01,0.0008374446544167866,-0.015822073892150786,0.015859318560994096,1.0520336605890603,1.1570967741935485,4.3,1.7251073506566073
2017-09-30,US_SPY,U.S.,development,0.0199489465812288,1.01,0.0008374446544167866,0.019111501926812012,0.011958454648216462,1.0520336605890603,1.1570967741935485,4.3,1.7251073506566073
2017-10-31,CN_CSI300,Chinese mainland,development,0.0434124588628623,3.161,0.0025933907214825062,0.0408190681413798,0.011534528767935717,1.0486666666666669,1.153333333333333,4.4,1.92812155729698
2017-10-31,HK_HangSeng,HKSAR,development,0.024776904203783,1.06,0.0008786844896392629,0.023898219714143736,0.013410147849545683,1.0486666666666669,1.153333333333333,4.4,1.92812155729698
2017-10-31,US_SPY,U.S.,development,0.0232909898506141,1.06,0.0008786844896392629,0.022412305360974837,0.013569124431218707,1.0486666666666669,1.153333333333333,4.4,1.92812155729698
2017-11-30,CN_CSI300,Chinese mainland,development,-0.0001547520102125,3.4831,0.002853177363393909,-0.0030079293736064087,0.01297752553611864,1.206129032258065,1.1538709677419354,4.3,2.1805652303711787
2017-11-30,HK_HangSeng,HKSAR,development,0.0324571741241275,1.15,0.000952864802138592,0.03150430932198891,0.016729027733882216,1.206129032258065,1.1538709677419354,4.3,2.1805652303711787
2017-11-30,US_SPY,U.S.,development,0.0301080506757536,1.15,0.000952864802138592,0.029155185873615007,0.016914355888881617,1.206129032258065,1.1538709677419354,4.3,2.1805652303711787
2017-12-31,CN_CSI300,Chinese mainland,development,0.0061590723444044,3.8997,0.0031879853934332508,0.002971086950971149,0.007973843428505952,1.1963333333333337,1.157,4.2,2.020757753132485
2017-12-31,HK_HangSeng,HKSAR,development,0.0251060467122847,1.27,0.0010516692796751885,0.024054377432609512,0.019905649556712854,1.1963333333333337,1.157,4.2,2.020757753132485
2017-12-31,US_SPY,U.S.,development,0.0120550241634784,1.27,0.0010516692796751885,0.011003354883803211,0.016352834369782517,1.1963333333333337,1.157,4.2,2.020757753132485
2018-01-31,CN_CSI300,Chinese mainland,development,0.059017334714321,3.8294,0.0031315818028242962,0.05588575291149671,0.01392828731164627,1.1008870967741933,1.3016129032258066,4.2,2.172493864295566
2018-01-31,HK_HangSeng,HKSAR,development,0.0945868818823019,1.39,0.001150356748033088,0.09343652513426881,0.024880417769130445,1.1008870967741933,1.3016129032258066,4.2,2.172493864295566
2018-01-31,US_SPY,U.S.,development,0.0548280179650344,1.39,0.001150356748033088,0.053677661217001314,0.015630641628948408,1.1008870967741933,1.3016129032258066,4.2,2.172493864295566
2018-02-28,CN_CSI300,Chinese mainland,development,-0.0608076409722695,3.3266,0.002727054950798265,-0.06353469592306776,0.01682892146820986,1.1692933947772657,1.414516129032258,4.1,2.129930719552253
2018-02-28,HK_HangSeng,HKSAR,development,-0.064120030780403,1.46,0.0012078705125377137,-0.06532790129294072,0.027702906083888767,1.1692933947772657,1.414516129032258,4.1,2.129930719552253
2018-02-28,US_SPY,U.S.,development,-0.0370377491300955,1.46,0.0012078705125377137,-0.03824561964263321,0.0186610642341723,1.1692933947772657,1.414516129032258,4.1,2.129930719552253
2018-03-31,CN_CSI300,Chinese mainland,development,-0.0315951018071718,3.2024,0.002626826883576019,-0.03422192869074782,0.01012459194682718,1.4414473684210525,1.4175,4.0,2.151318868063945
2018-03-31,HK_HangSeng,HKSAR,development,-0.0246603652017132,1.65,0.0013637795071886893,-0.026024144708901888,0.020950461811943533,1.4414473684210525,1.4175,4.0,2.151318868063945
2018-03-31,US_SPY,U.S.,development,-0.027793230386143,1.65,0.0013637795071886893,-0.02915700989333169,0.012298334585313375,1.4414473684210525,1.4175,4.0,2.151318868063945
2018-04-30,CN_CSI300,Chinese mainland,development,-0.0370030380637516,2.9613,0.0024319169568912946,-0.0394349550206429,0.007372615384274373,1.3362519201228875,1.5061290322580645,4.1,2.263468931091861
2018-04-30,HK_HangSeng,HKSAR,development,0.0234837350752918,1.73,0.0014293382347971308,0.022054396840494667,0.01752678536402907,1.3362519201228875,1.5061290322580645,4.1,2.263468931091861
2018-04-30,US_SPY,U.S.,development,0.005154907137248,1.73,0.0014293382347971308,0.0037255689024508687,0.009801191163082477,1.3362519201228875,1.5061290322580645,4.1,2.263468931091861
2018-05-31,CN_CSI300,Chinese mainland,development,0.0120383607641709,2.6691,0.002195084111266947,0.009843276652903953,0.00467760485294115,1.1767142857142858,1.6923333333333332,4.0,2.3309497646499366
2018-05-31,HK_HangSeng,HKSAR,development,-0.0110936274132473,1.87,0.0015439420511569686,-0.012637569464404268,0.017694838486404896,1.1767142857142858,1.6923333333333332,4.0,2.3309497646499366
2018-05-31,US_SPY,U.S.,development,0.0240184392192901,1.87,0.0015439420511569686,0.022474497168133132,0.009341119409214812,1.1767142857142858,1.6923333333333332,4.0,2.3309497646499366
2018-06-30,CN_CSI300,Chinese mainland,development,-0.079731985680663,2.89,0.002374189199968958,-0.08210617488063196,0.004421728871663381,1.277727272727273,1.7,4.0,2.4709963021052994
2018-06-30,HK_HangSeng,HKSAR,development,-0.0509486721462248,1.93,0.0015930097660191709,-0.05254168191224397,0.013230594217236743,1.277727272727273,1.7,4.0,2.4709963021052994
2018-06-30,US_SPY,U.S.,development,0.005734293325128,1.93,0.0015930097660191709,0.004141283559108829,0.010101491508465224,1.277727272727273,1.7,4.0,2.4709963021052994
2018-07-31,CN_CSI300,Chinese mainland,validation,0.0019007950360947,3.0122,0.002473103485770105,-0.0005723084496754051,-0.0062507429535055,1.092714285714286,1.8196666666666663,3.8,2.781921607842497
2018-07-31,HK_HangSeng,HKSAR,validation,-0.0129342009230413,1.93,0.0015930097660191709,-0.01452721068906047,0.008583013458049855,1.092714285714286,1.8196666666666663,3.8,2.781921607842497
2018-07-31,US_SPY,U.S.,validation,0.0363765767926675,1.93,0.0015930097660191709,0.03478356702664833,0.009984757595652302,1.092714285714286,1.8196666666666663,3.8,2.781921607842497
2018-08-31,CN_CSI300,Chinese mainland,validation,-0.0534732527331449,2.3032,0.0018975639189727407,-0.05537081665211764,-0.007683468702376045,0.9790476190476192,1.91,4.0,2.8075506935940187
2018-08-31,HK_HangSeng,HKSAR,validation,-0.0245962388202034,2.03,0.0016747251415935342,-0.026270963961796935,0.002546541489370027,0.9790476190476192,1.91,4.0,2.8075506935940187
2018-08-31,US_SPY,U.S.,validation,0.0314209814309096,2.03,0.0016747251415935342,0.029746256289316066,0.011259058865124565,0.9790476190476192,1.91,4.0,2.8075506935940187
2018-09-30,CN_CSI300,Chinese mainland,validation,0.030817278022674,2.1205,0.001748608547812811,0.02906866947486119,-0.013952695633029652,0.9742917251051896,1.9148387096774195,3.8,2.854124785561929
2018-09-30,HK_HangSeng,HKSAR,validation,-0.0035932694399569,2.11,0.0017400397982796027,-0.005333309238236503,-0.0015169764564994467,0.9742917251051896,1.9148387096774195,3.8,2.854124785561929
2018-09-30,US_SPY,U.S.,validation,0.00592790397185,2.11,0.0017400397982796027,0.004187864173570397,0.013569046055991558,0.9742917251051896,1.9148387096774195,3.8,2.854124785561929
2018-10-31,CN_CSI300,Chinese mainland,validation,-0.0865256045874378,2.2235,0.0018326172200542412,-0.08835822180749205,-0.01163841290490643,1.0495438596491224,1.9546666666666668,3.8,2.642923856874257
2018-10-31,HK_HangSeng,HKSAR,validation,-0.1065598961009453,2.19,0.0018053033030021937,-0.10836519940394748,-0.0006429127353399232,1.0495438596491224,1.9546666666666668,3.8,2.642923856874257
2018-10-31,US_SPY,U.S.,validation,-0.0716079263743738,2.19,0.0018053033030021937,-0.07341322967737599,0.012325409576554756,1.0495438596491224,1.9546666666666668,3.8,2.642923856874257
2018-11-30,CN_CSI300,Chinese mainland,validation,0.0059653919645423,2.3212,0.0019122249271796702,0.004053167037362629,-0.02240318706731242,0.9645307917888556,2.187741935483871,3.7,2.332055105808828
2018-11-30,HK_HangSeng,HKSAR,validation,0.059336344738746,2.34,0.0019275347824045316,0.05740880995634147,-0.011664864328514192,0.9645307917888556,2.187741935483871,3.7,2.332055105808828
2018-11-30,US_SPY,U.S.,validation,0.0183792634395247,2.34,0.0019275347824045316,0.01645172865712017,0.004339948323358854,0.9645307917888556,2.187741935483871,3.7,2.332055105808828
2018-12-31,CN_CSI300,Chinese mainland,validation,-0.0524238061985276,2.3685,0.00195073850882864,-0.05437454470735624,-0.021814762366398333,0.9193333333333328,2.197666666666667,3.8,2.492032470218053
2018-12-31,HK_HangSeng,HKSAR,validation,-0.0252552049422227,2.37,0.0019519595786323385,-0.02720716452085504,-0.009506155942318146,0.9193333333333328,2.197666666666667,3.8,2.492032470218053
2018-12-31,US_SPY,U.S.,validation,-0.0921682934094301,2.37,0.0019519595786323385,-0.09412025298806244,0.003281326888650951,0.9193333333333328,2.197666666666667,3.8,2.492032470218053
2019-01-31,CN_CSI300,Chinese mainland,validation,0.0615040528267982,2.6153,0.002151404869824567,0.059352647956973634,-0.026593565004592284,0.5584380305602714,2.274193548387097,3.8,2.147328577667773
2019-01-31,HK_HangSeng,HKSAR,validation,0.0780035662107856,2.45,0.0020170573914014495,0.07598650881938414,-0.013777951105106857,0.5584380305602714,2.274193548387097,3.8,2.147328577667773
2019-01-31,US_SPY,U.S.,validation,0.0770219431921024,2.45,0.0020170573914014495,0.07500488580070094,-0.005478973767337854,0.5584380305602714,2.274193548387097,3.8,2.147328577667773
2019-02-28,CN_CSI300,Chinese mainland,validation,0.1363599300872362,2.2051,0.001817616057423631,0.13454231402981257,-0.02630465708413587,0.3138095238095242,2.4,3.9,2.0023809043401064
2019-02-28,HK_HangSeng,HKSAR,validation,0.0244183955228134,2.41,0.001984514841604573,0.022433880681208825,-0.01523211913134725,0.3138095238095242,2.4,3.9,2.0023809043401064
2019-02-28,US_SPY,U.S.,validation,0.0319014529408328,2.41,0.001984514841604573,0.029916938099228223,-0.0037017050520295504,0.3138095238095242,2.4,3.9,2.0023809043401064
2019-03-31,CN_CSI300,Chinese mainland,validation,0.053838990271112,2.1346,0.0017601137685085623,0.052078876502603434,-0.009798239588062509,0.2763157894736845,2.4,4.0,1.4875893578291333
2019-03-31,HK_HangSeng,HKSAR,validation,0.0144991021934171,2.45,0.0020170573914014495,0.01248204480201565,-0.007918637300168119,0.2763157894736845,2.4,4.0,1.4875893578291333
2019-03-31,US_SPY,U.S.,validation,0.017938817358619,2.45,0.0020170573914014495,0.01592175996721755,0.0019785080931255697,0.2763157894736845,2.4,4.0,1.4875893578291333
2019-04-30,CN_CSI300,Chinese mainland,validation,0.0104990335745878,2.1427,0.0017667224323234239,0.008732311142264377,-0.0026065058219499064,0.1657910906298001,2.4051612903225807,3.8,1.5188615351321877
2019-04-30,HK_HangSeng,HKSAR,validation,0.0220517814620482,2.4,0.00197637721810967,0.02007540424393853,-0.004709788174258325,0.1657910906298001,2.4051612903225807,3.8,1.5188615351321877
2019-04-30,US_SPY,U.S.,validation,0.040039878287688,2.4,0.00197637721810967,0.03806350106957833,0.005735072248171339,0.1657910906298001,2.4051612903225807,3.8,1.5188615351321877
2019-05-31,CN_CSI300,Chinese mainland,validation,-0.0751832136875663,2.2545,0.001857884812197409,-0.0770410984997637,0.001407433024959033,0.1087142857142851,2.423666666666667,3.8,1.8831863513063984
2019-05-31,HK_HangSeng,HKSAR,validation,-0.0989502575606433,2.43,0.002000787705029322,-0.10095104526567261,-0.004874704223971336,0.1087142857142851,2.423666666666667,3.8,1.8831863513063984
2019-05-31,US_SPY,U.S.,validation,-0.0658955709437609,2.43,0.002000787705029322,-0.06789635864879022,0.008596566595431962,0.1087142857142851,2.423666666666667,3.8,1.8831863513063984
2019-06-30,CN_CSI300,Chinese mainland,validation,0.0525379083858137,2.3996,0.0019760516966405525,0.05056185668917315,-0.0058329315710966044,0.004032258064516,2.390967741935484,3.7,2.000583470209061
2019-06-30,HK_HangSeng,HKSAR,validation,0.0592315782831907,2.35,0.0019356771766005972,0.0572959011065901,-0.012234160540743699,0.004032258064516,2.390967741935484,3.7,2.000583470209061
2019-06-30,US_SPY,U.S.,validation,0.06727227692111,2.35,0.0019356771766005972,0.06533659974450941,0.0010656619440216817,0.004032258064516,2.390967741935484,3.7,2.000583470209061
2019-07-31,CN_CSI300,Chinese mainland,validation,0.0025505988935066,2.187,0.0018028568437624753,0.0007477420497441249,0.005222737726387154,-0.303666666666667,2.377666666666667,3.6,1.7959105553606136
2019-07-31,HK_HangSeng,HKSAR,validation,-0.0271630381823069,2.12,0.0017482005320993092,-0.028911238714406207,-0.003081028622507526,-0.303666666666667,2.377666666666667,3.6,1.7959105553606136
2019-07-31,US_SPY,U.S.,validation,0.015006342828383,2.12,0.0017482005320993092,0.01325814229628369,0.006165271626138397,-0.303666666666667,2.377666666666667,3.6,1.7959105553606136
2019-08-31,CN_CSI300,Chinese mainland,validation,-0.0093701364685205,2.31,0.0019031028252297687,-0.011273239293750268,0.005332741934672115,-0.3438123167155424,2.4029032258064515,3.6,1.671194894390049
2019-08-31,HK_HangSeng,HKSAR,validation,-0.0767825362655507,2.08,0.0017155528006990318,-0.07849808906624973,-0.004279697624619671,-0.3438123167155424,2.4029032258064515,3.6,1.671194894390049
2019-08-31,US_SPY,U.S.,validation,-0.0168855578662929,2.08,0.0017155528006990318,-0.01860111066699193,0.004371486231941344,-0.3438123167155424,2.4029032258064515,3.6,1.671194894390049
2019-09-30,CN_CSI300,Chinese mainland,validation,0.0039242930694793,2.448,0.00201543056569625,0.0019088625037830495,0.009007540047869396,-0.4994428152492669,2.1258064516129034,3.7,1.826331335037068
2019-09-30,HK_HangSeng,HKSAR,validation,0.0141862796546288,1.99,0.001642048606194617,0.012544231048434183,-0.008631958049990738,-0.4994428152492669,2.1258064516129034,3.7,1.826331335037068
2019-09-30,US_SPY,U.S.,validation,0.0192714171924901,1.99,0.001642048606194617,0.017629368586295484,0.0003425389855823439,-0.4994428152492669,2.1258064516129034,3.7,1.826331335037068
2019-10-31,CN_CSI300,Chinese mainland,validation,0.0187558736037924,2.2846,0.0018824115002628228,0.01687346210352958,0.006744222800279552,-0.3435000000000001,2.043,3.6,1.7376412106666406
2019-10-31,HK_HangSeng,HKSAR,validation,0.0307370117531764,1.88,0.0015521220102637406,0.02918488974291266,-0.007142163026101512,-0.3435000000000001,2.043,3.6,1.7376412106666406
2019-10-31,US_SPY,U.S.,validation,0.0218635791965446,1.88,0.0015521220102637406,0.02031145718628086,0.0014626643533094345,-0.3435000000000001,2.043,3.6,1.7376412106666406
2019-11-30,CN_CSI300,Chinese mainland,validation,-0.0150558484489895,2.4819,0.002043000969290536,-0.017098849418280035,0.015513529792864687,-0.1228592375366568,1.8296774193548384,3.5,1.6844977040391562
2019-11-30,HK_HangSeng,HKSAR,validation,-0.0210410274884758,1.54,0.001273551960929742,-0.02231457944940554,0.004320344402803499,-0.1228592375366568,1.8296774193548384,3.5,1.6844977040391562
2019-11-30,US_SPY,U.S.,validation,0.0355587227482185,1.54,0.001273551960929742,0.03428517078728876,0.009273054925280839,-0.1228592375366568,1.8296774193548384,3.5,1.6844977040391562
2019-12-31,CN_CSI300,Chinese mainland,validation,0.0676349948764265,2.4335,0.0020036351294528535,0.06563135974697365,0.013750861754894463,0.2587719298245612,1.5533333333333337,3.6,1.7339736996186297
2019-12-31,HK_HangSeng,HKSAR,validation,0.0676233685143437,1.59,0.0013145765929468511,0.06630879192139684,-0.002323271381008752,0.2587719298245612,1.5533333333333337,3.6,1.7339736996186297
2019-12-31,US_SPY,U.S.,validation,0.0286413812720773,1.59,0.0013145765929468511,0.027326804679130446,0.010759175102794888,0.2587719298245612,1.5533333333333337,3.6,1.7339736996186297
2020-01-31,CN_CSI300,Chinese mainland,validation,-0.0228835931590332,2.0074,0.0016562644736862258,-0.024539857632719427,0.02375135379275529,0.3118894009216588,1.550967741935484,3.6,2.092290394862917
2020-01-31,HK_HangSeng,HKSAR,validation,-0.068909351985507,1.55,0.0012817585031918604,-0.07019111048869886,0.005469724989178905,0.3118894009216588,1.550967741935484,3.6,2.092290394862917
2020-01-31,US_SPY,U.S.,validation,-0.000404095603864,1.55,0.0012817585031918604,-0.0016858541070558604,0.02087976324172763,0.3118894009216588,1.550967741935484,3.6,2.092290394862917
2020-02-29,CN_CSI300,Chinese mainland,validation,-0.0160754725314671,2.035,0.0016788088077464762,-0.017754281339213578,0.016760311660280868,0.2069738863287253,1.5506451612903225,3.6,2.3195274699624457
2020-02-29,HK_HangSeng,HKSAR,validation,-0.0069676960518023,1.55,0.0012817585031918604,-0.00824945455499416,-0.006711743286494679,0.2069738863287253,1.5506451612903225,3.6,2.3195274699624457
2020-02-29,US_SPY,U.S.,validation,-0.0824751411797635,1.55,0.0012817585031918604,-0.08375689968295535,0.01448886824941456,0.2069738863287253,1.5506451612903225,3.6,2.3195274699624457
2020-03-31,CN_CSI300,Chinese mainland,validation,-0.0666081477913049,1.7865,0.0014756080306544085,-0.06808375582195932,0.0040689287128620215,-0.0788929219600724,1.583103448275862,3.6,2.599767976845202
2020-03-31,HK_HangSeng,HKSAR,validation,-0.1016872100091053,1.27,0.0010516692796751885,-0.10273887928878049,-0.009268687889511596,-0.0788929219600724,1.583103448275862,3.6,2.599767976845202
2020-03-31,US_SPY,U.S.,validation,-0.1333841856577109,1.27,0.0010516692796751885,-0.13443585493738608,0.005016048434232597,-0.0788929219600724,1.583103448275862,3.6,2.599767976845202
2020-04-30,CN_CSI300,Chinese mainland,validation,0.0596117371482289,1.4062,0.001163670606999593,0.058448066541229304,-0.005944623980851542,0.2177419354838708,0.6522580645161291,3.5,2.34131667975952
2020-04-30,HK_HangSeng,HKSAR,validation,0.0431226411167102,0.11,9.161628694174697e-05,0.043031024829768456,-0.018870431563744607,0.2177419354838708,0.6522580645161291,3.5,2.34131667975952
2020-04-30,US_SPY,U.S.,validation,0.1195446513937987,0.11,9.161628694174697e-05,0.11945303510685695,-0.007513752807817706,0.2177419354838708,0.6522580645161291,3.5,2.34131667975952
2020-05-31,CN_CSI300,Chinese mainland,validation,-0.0117128183618557,0.8923,0.0007402854398421032,-0.012453103801697804,-0.0018016443642711298,0.6086190476190476,0.049,4.4,1.4940399642909163
2020-05-31,HK_HangSeng,HKSAR,validation,-0.0706991953498601,0.09,7.496627023634109e-05,-0.07077416162009645,-0.016957463181592112,0.6086190476190476,0.049,4.4,1.4940399642909163
2020-05-31,US_SPY,U.S.,validation,0.0465449215825204,0.09,7.496627023634109e-05,0.04646995531228406,-0.0007312916380444873,0.6086190476190476,0.049,4.4,1.4940399642909163
2020-06-30,CN_CSI300,Chinese mainland,validation,0.0739823599789293,1.4627,0.0012100881057395907,0.0727722718731897,0.003580688527234362,0.624,0.05,14.8,0.3130472940411133
2020-06-30,HK_HangSeng,HKSAR,validation,0.0618792093387021,0.14,0.00011658507614227845,0.06176262426255982,-0.0144427228777941,0.624,0.05,14.8,0.3130472940411133
2020-06-30,US_SPY,U.S.,validation,0.0175787575310097,0.14,0.00011658507614227845,0.01746217245486742,0.008799234525378369,0.624,0.05,14.8,0.3130472940411133
2020-07-31,CN_CSI300,Chinese mainland,validation,0.1200422176721343,1.7385,0.0014363008195092152,0.11860591685262509,0.005431556459235741,0.650969696969697,0.0776666666666666,13.2,0.1982013035848551
2020-07-31,HK_HangSeng,HKSAR,validation,0.0068605510458574,0.16,0.00013322678030808566,0.006727324265549314,-0.014070495948129957,0.650969696969697,0.0776666666666666,13.2,0.1982013035848551
2020-07-31,US_SPY,U.S.,validation,0.0572236438663527,0.16,0.00013322678030808566,0.05709041708604462,0.004809698917908204,0.650969696969697,0.0776666666666666,13.2,0.1982013035848551
2020-08-31,CN_CSI300,Chinese mainland,validation,0.0254806257955131,1.9799,0.001633795754500768,0.023846830041012332,0.01525307102614249,0.5310557184750733,0.0925806451612903,11.0,0.7166562831830481
2020-08-31,HK_HangSeng,HKSAR,validation,0.0233755115110518,0.09,7.496627023634109e-05,0.02330054524081546,-0.01110061569980033,0.5310557184750733,0.0925806451612903,11.0,0.7166562831830481
2020-08-31,US_SPY,U.S.,validation,0.0674683119380175,0.09,7.496627023634109e-05,0.06739334566778116,0.008462388483721614,0.5310557184750733,0.0925806451612903,11.0,0.7166562831830481
2020-09-30,CN_CSI300,Chinese mainland,validation,-0.0486759732483168,2.2335,0.0018407688933547181,-0.05051674214167152,0.01817974347070604,0.5548387096774193,0.0951612903225806,10.2,0.9968647625897996
2020-09-30,HK_HangSeng,HKSAR,validation,-0.0706765150602315,0.11,9.161628694174697e-05,-0.07076813134717325,-0.0026173961742115624,0.5548387096774193,0.0951612903225806,10.2,0.9968647625897996
2020-09-30,US_SPY,U.S.,validation,-0.0381621893827874,0.11,9.161628694174697e-05,-0.03825380566972914,0.01562859317828604,0.5548387096774193,0.0951612903225806,10.2,0.9968647625897996
2020-10-31,CN_CSI300,Chinese mainland,validation,0.02325498295213,2.3213,0.0019123063700210478,0.021342676582108953,0.013810943083584824,0.5895238095238096,0.09,8.4,1.2810698495523851
2020-10-31,HK_HangSeng,HKSAR,validation,0.0272632924373716,0.1,8.329169442362776e-05,0.02718000074294797,-0.00956009304051218,0.5895238095238096,0.09,8.4,1.2810698495523851
2020-10-31,US_SPY,U.S.,validation,-0.0252498075301375,0.1,8.329169442362776e-05,-0.025333099224561128,0.010971661990283987,0.5895238095238096,0.09,8.4,1.2810698495523851
2020-11-30,CN_CSI300,Chinese mainland,validation,0.0548877449623343,2.662,0.002189321061569142,0.05269842390076516,0.014183377623466437,0.6971428571428572,0.09,7.8,1.3910228912373812
2020-11-30,HK_HangSeng,HKSAR,validation,0.0886255978834302,0.09,7.496627023634109e-05,0.08855063161319386,-0.009727167123842572,0.6971428571428572,0.09,7.8,1.3910228912373812
2020-11-30,US_SPY,U.S.,validation,0.1032573451455141,0.09,7.496627023634109e-05,0.10318237887527776,0.007167948956047155,0.6971428571428572,0.09,7.8,1.3910228912373812
2020-12-31,CN_CSI300,Chinese mainland,validation,0.0493712831925758,2.8599,0.0023498068469157826,0.047021476345660014,0.019999817066720205,0.7836666666666667,0.0863333333333333,6.9,1.2303863428671624
2020-12-31,HK_HangSeng,HKSAR,validation,0.0332155641603293,0.08,6.664001421369435e-05,0.03314892414611561,-0.0004883995352926209,0.7836666666666667,0.0863333333333333,6.9,1.2303863428671624
2020-12-31,US_SPY,U.S.,validation,0.0363784826612159,0.08,6.664001421369435e-05,0.036311842647002206,0.012909382963379573,0.7836666666666667,0.0863333333333333,6.9,1.2303863428671624
2021-01-31,CN_CSI300,Chinese mainland,validation,0.0266354230714238,2.2824,0.0018806190964700273,0.024754803974953773,0.018448993449944065,0.8436363636363636,0.09,6.7,1.1757452138405844
2021-01-31,HK_HangSeng,HKSAR,validation,0.0379252179584668,0.09,7.496627023634109e-05,0.03785025168823046,-0.0032517218498993913,0.8436363636363636,0.09,6.7,1.1757452138405844
2021-01-31,US_SPY,U.S.,validation,-0.0102426429011357,0.09,7.496627023634109e-05,-0.010317609171372042,0.013658136127368882,0.8436363636363636,0.09,6.7,1.1757452138405844
2021-02-28,CN_CSI300,Chinese mainland,validation,-0.00284412169953,2.5931,0.002133374418759044,-0.004977496118289044,0.022556881917250166,0.9958913412563666,0.0851612903225806,6.7,1.3204191315779434
2021-02-28,HK_HangSeng,HKSAR,validation,0.0243271619036917,0.06,4.998500599730129e-05,0.0242771768976944,0.005751724998178051,0.9958913412563666,0.0851612903225806,6.7,1.3204191315779434
2021-02-28,US_SPY,U.S.,validation,0.0274258882339317,0.06,4.998500599730129e-05,0.027375903227934397,0.012938823205342537,0.9958913412563666,0.0851612903225806,6.7,1.3204191315779434
2021-03-31,CN_CSI300,Chinese mainland,validation,-0.0555552891883959,1.9879,0.0016403327340338957,-0.057195621922429794,0.02362161401899388,1.1821804511278196,0.0757142857142857,6.4,1.3738437137002402
2021-03-31,HK_HangSeng,HKSAR,validation,-0.0209866988508053,0.04,3.3326668443911285e-05,-0.02102002551924921,0.008462277619235433,1.1821804511278196,0.0757142857142857,6.4,1.3738437137002402
2021-03-31,US_SPY,U.S.,validation,0.0443987216957113,0.04,3.3326668443911285e-05,0.04436539502726739,0.022199890114583346,1.1821804511278196,0.0757142857142857,6.4,1.3738437137002402
2021-04-30,CN_CSI300,Chinese mainland,validation,0.0147724093964463,2.0245,0.0016702328776792928,0.013102176518767007,0.024528958510621337,1.5411921458625526,0.0696774193548387,6.2,1.6698167791706853
2021-04-30,HK_HangSeng,HKSAR,validation,0.0121371593558965,0.03,2.4996250749831288e-05,0.012112163105146668,0.015272182100029707,1.5411921458625526,0.0696774193548387,6.2,1.6698167791706853
2021-04-30,US_SPY,U.S.,validation,0.0515585543946865,0.03,2.4996250749831288e-05,0.05153355814393667,0.03709999427830447,1.5411921458625526,0.0696774193548387,6.2,1.6698167791706853
2021-05-31,CN_CSI300,Chinese mainland,validation,0.0398099064382133,1.9251,0.0015890036525256946,0.038220902785687606,0.020750134342082813,1.566,0.069,6.1,2.6678187820641908
2021-05-31,HK_HangSeng,HKSAR,validation,0.0147530111627869,0.01,8.332916694442362e-06,0.014744678246092458,0.012695610289644556,1.566,0.069,6.1,2.6678187820641908
2021-05-31,US_SPY,U.S.,validation,0.0065446703320395,0.01,8.332916694442362e-06,0.0065363374153450575,0.03144003786472778,1.566,0.069,6.1,2.6678187820641908
2021-06-30,CN_CSI300,Chinese mainland,validation,-0.0203747049905196,1.8864,0.0015573567627401915,-0.02193206175325979,0.024972968224364928,1.5629354838709677,0.0580645161290322,6.1,4.133077115360573
2021-06-30,HK_HangSeng,HKSAR,validation,-0.0111713117252438,0.01,8.332916694442362e-06,-0.011179644641938243,0.019822180278493633,1.5629354838709677,0.0580645161290322,6.1,4.133077115360573
2021-06-30,US_SPY,U.S.,validation,0.0221794221192936,0.01,8.332916694442362e-06,0.022171089202599158,0.0281122363733162,1.5629354838709677,0.0580645161290322,6.1,4.133077115360573
2021-07-31,CN_CSI300,Chinese mainland,test,-0.0823307511305859,1.8831,0.0015546576345583582,-0.08388540876514425,0.017080940422160806,1.4410909090909092,0.078,5.8,4.918257089467626
2021-07-31,HK_HangSeng,HKSAR,test,-0.1047488351451821,0.05,4.165625347092066e-05,-0.10479049139865303,0.01374365786978546,1.4410909090909092,0.078,5.8,4.918257089467626
2021-07-31,US_SPY,U.S.,test,0.0241192836132908,0.05,4.165625347092066e-05,0.024077627359819876,0.028504646102293845,1.4410909090909092,0.078,5.8,4.918257089467626
2021-08-31,CN_CSI300,Chinese mainland,test,-0.0011563123248112,1.7614,0.0014550559475597798,-0.0026113682723709797,0.00020666328734669434,1.2205069124423964,0.0980645161290322,5.9,5.295632620349999
2021-08-31,HK_HangSeng,HKSAR,test,-0.0031650887375942,0.06,4.998500599730129e-05,-0.0032150737435915015,0.004450506564435266,1.2205069124423964,0.0980645161290322,5.9,5.295632620349999
2021-08-31,US_SPY,U.S.,test,0.0293257083673426,0.06,4.998500599730129e-05,0.029275723361345297,0.025753580291775116,1.2205069124423964,0.0980645161290322,5.9,5.295632620349999
2021-09-30,CN_CSI300,Chinese mainland,test,0.0125663487444178,2.0703,0.0017076337985330627,0.010858714945884737,-0.0019981865721019148,1.1909237536656891,0.092258064516129,5.4,5.245169381309234
2021-09-30,HK_HangSeng,HKSAR,test,-0.0516757178004532,0.04,3.3326668443911285e-05,-0.05170904446889711,0.0022408716490680187,1.1909237536656891,0.092258064516129,5.4,5.245169381309234
2021-09-30,US_SPY,U.S.,test,-0.0477265603553229,0.04,3.3326668443911285e-05,-0.04775988702376681,0.02257711176623879,1.1909237536656891,0.092258064516129,5.4,5.245169381309234
2021-10-31,CN_CSI300,Chinese mainland,test,0.0086730670571206,1.9562,0.0016144269423199813,0.007058640114800618,0.003116434851861106,1.2954285714285716,0.0793333333333333,5.1,5.152015301793966
2021-10-31,HK_HangSeng,HKSAR,test,0.0320969847114138,0.04,3.3326668443911285e-05,0.032063658042969886,0.0038291288889243636,1.2954285714285716,0.0793333333333333,5.1,5.152015301793966
2021-10-31,US_SPY,U.S.,test,0.0678115541201505,0.04,3.3326668443911285e-05,0.06777822745170659,0.021784938320068985,1.2954285714285716,0.0793333333333333,5.1,5.152015301793966
2021-11-30,CN_CSI300,Chinese mainland,test,-0.0157567320362854,2.2516,0.001855521394512725,-0.017612253430798124,0.0019260984795854118,1.5034677419354838,0.0790322580645161,4.7,5.351215590949132
2021-11-30,HK_HangSeng,HKSAR,test,-0.0779056279021421,0.05,4.165625347092066e-05,-0.07794728415561303,0.0042361003305928565,1.5034677419354838,0.0790322580645161,4.7,5.351215590949132
2021-11-30,US_SPY,U.S.,test,-0.0080673703123457,0.05,4.165625347092066e-05,-0.008109026565816621,0.029544215543091293,1.5034677419354838,0.0790322580645161,4.7,5.351215590949132
2021-12-31,CN_CSI300,Chinese mainland,test,0.02217355795797,2.2822,0.0018804561487589697,0.02029310180921103,-0.003933124631378195,1.4798333333333331,0.0796666666666666,4.5,6.235042390298062
2021-12-31,HK_HangSeng,HKSAR,test,-0.0033106492440406,0.05,4.165625347092066e-05,-0.0033523054975115206,-0.009638725983474384,1.4798333333333331,0.0796666666666666,4.5,6.235042390298062
2021-12-31,US_SPY,U.S.,test,0.0452102330835471,0.05,4.165625347092066e-05,0.04516857683007618,0.020269931756333428,1.4798333333333331,0.0796666666666666,4.5,6.235042390298062
2022-01-31,CN_CSI300,Chinese mainland,test,-0.0792911908413778,2.0006,0.0016507091359849932,-0.08094189997736279,-0.006160489176082278,1.3853225806451612,0.0796774193548387,4.1,6.901970403700863
2022-01-31,HK_HangSeng,HKSAR,test,0.0171440828882545,0.06,4.998500599730129e-05,0.017094097882257197,-0.012680495120443313,1.3853225806451612,0.0796774193548387,4.1,6.901970403700863
2022-01-31,US_SPY,U.S.,test,-0.0541827778698902,0.06,4.998500599730129e-05,-0.054232762875887505,0.021007992938256264,1.3853225806451612,0.0796774193548387,4.1,6.901970403700863
2022-02-28,CN_CSI300,Chinese mainland,test,0.0039101589169465,1.7756,0.001466683645081638,0.002443475271864862,-0.014968547838775324,1.6846451612903226,0.0793548387096774,3.9,7.174340285065539
2022-02-28,HK_HangSeng,HKSAR,test,-0.0468422166017088,0.22,0.00018313196195726849,-0.04702534856366607,-0.014410174604274415,1.6846451612903226,0.0793548387096774,3.9,7.174340285065539
2022-02-28,US_SPY,U.S.,test,-0.0299615183653543,0.22,0.00018313196195726849,-0.030144650327311565,0.017348396796213306,1.6846451612903226,0.0793548387096774,3.9,7.174340285065539
2022-03-31,CN_CSI300,Chinese mainland,test,-0.081608143184205,1.9,0.00156847952004898,-0.08317662270425398,-0.014350133556262497,1.8542105263157893,0.08,4.0,7.558805726967832
2022-03-31,HK_HangSeng,HKSAR,test,-0.0320390641735226,0.35,0.0002911574378546483,-0.03233022161137725,-0.020352051726054456,1.8542105263157893,0.08,4.0,7.558805726967832
2022-03-31,US_SPY,U.S.,test,0.0369010861251037,0.35,0.0002911574378546483,0.03660992868724905,0.012555017333276143,1.8542105263157893,0.08,4.0,7.558805726967832
2022-04-30,CN_CSI300,Chinese mainland,test,-0.0501049105118571,1.9112,0.001577638323238136,-0.05168254883509524,-0.016515216954747846,1.926858345021038,0.2009677419354839,3.9,7.937278766517819
2022-04-30,HK_HangSeng,HKSAR,test,-0.042129143482775,0.52,0.0004322105572750051,-0.04256135404005001,-0.021294568067065128,1.926858345021038,0.2009677419354839,3.9,7.937278766517819
2022-04-30,US_SPY,U.S.,test,-0.0918620603790634,0.52,0.0004322105572750051,-0.09229427093633841,0.011908728471607948,1.926858345021038,0.2009677419354839,3.9,7.937278766517819
2022-05-31,CN_CSI300,Chinese mainland,test,0.0185703975961804,1.8476,0.0015256160285237784,0.01704478156765662,-0.0219139440675697,2.4175,0.33,3.7,8.572204966013853
2022-05-31,HK_HangSeng,HKSAR,test,0.0153308137431782,0.85,0.000705339867677451,0.014625473875500748,-0.02585069449583152,2.4175,0.33,3.7,8.572204966013853
2022-05-31,US_SPY,U.S.,test,0.0022545908869453,0.85,0.000705339867677451,0.0015492510192678492,-7.692395174830936e-05,2.4175,0.33,3.7,8.572204966013853
2022-06-30,CN_CSI300,Chinese mainland,test,0.0918241860065069,1.5996,0.0013224510117221748,0.09050173499478471,-0.023678620835738948,2.132611367127496,0.765483870967742,3.7,8.231750770777225
2022-06-30,HK_HangSeng,HKSAR,test,0.0205479194370941,1.16,0.0009611029844727525,0.019586816452621347,-0.025860628193380822,2.132611367127496,0.765483870967742,3.7,8.231750770777225
2022-06-30,US_SPY,U.S.,test,-0.0860594754349879,1.16,0.0009611029844727525,-0.08702057841946066,-0.0004925144847547429,2.132611367127496,0.765483870967742,3.7,8.231750770777225
2022-07-31,CN_CSI300,Chinese mainland,test,-0.072800708824154,1.6006,0.0013232712208886422,-0.07412398004504264,-0.01430913777340191,1.9383333333333337,1.2049999999999998,3.6,8.538171195642065
2022-07-31,HK_HangSeng,HKSAR,test,-0.0811215317180096,1.72,0.0014211462138189598,-0.08254267793182857,-0.023296756435500856,1.9383333333333337,1.2049999999999998,3.6,8.538171195642065
2022-07-31,US_SPY,U.S.,test,0.0880908421170403,1.72,0.0014211462138189598,0.08666969590322134,-0.009591820119926394,1.9383333333333337,1.2049999999999998,3.6,8.538171195642065
2022-08-31,CN_CSI300,Chinese mainland,test,-0.0221273820727514,1.4988,0.0012397324803136614,-0.02336711455306506,-0.013495685380060107,1.2201935483870965,1.6758064516129034,3.6,8.979361103105798
2022-08-31,HK_HangSeng,HKSAR,test,-0.0100781009347645,2.41,0.001984514841604573,-0.012062615776369072,-0.021442771979932152,1.2201935483870965,1.6758064516129034,3.6,8.979361103105798
2022-08-31,US_SPY,U.S.,test,-0.0416576863380644,2.41,0.001984514841604573,-0.04364220117966897,-0.004375814407976274,1.2201935483870965,1.6758064516129034,3.6,8.979361103105798
2022-09-30,CN_CSI300,Chinese mainland,test,-0.0695255526998348,1.4704,0.001216412028914022,-0.07074196472874883,-0.01522533090345128,0.5678260869565217,2.33,3.5,8.462576727730099
2022-09-30,HK_HangSeng,HKSAR,test,-0.1472133667560875,2.96,0.002430864774981655,-0.14964423153106918,-0.022180067149330282,0.5678260869565217,2.33,3.5,8.462576727730099
2022-09-30,US_SPY,U.S.,test,-0.0970020421211765,2.96,0.002430864774981655,-0.09943290689615815,-0.010452308119727463,0.5678260869565217,2.33,3.5,8.462576727730099
2022-10-31,CN_CSI300,Chinese mainland,test,-0.0810414830625774,1.6026,0.0013249116150032235,-0.08236639467758063,-0.022025387543004076,0.9640476190476192,2.555,3.6,8.222579178218826
2022-10-31,HK_HangSeng,HKSAR,test,-0.1592717552157037,3.33,0.002729797019847683,-0.16200155223555138,-0.03034133273784462,0.9640476190476192,2.555,3.6,8.222579178218826
2022-10-31,US_SPY,U.S.,test,0.0781413173610445,3.33,0.002729797019847683,0.07541152034119682,-0.01475839310909341,0.9640476190476192,2.555,3.6,8.222579178218826
2022-11-30,CN_CSI300,Chinese mainland,test,0.0936168486076667,1.6249,0.001343199822463255,0.09227364878520344,-0.029477473775702517,0.9035000000000002,3.08,3.5,8.192106896425821
2022-11-30,HK_HangSeng,HKSAR,test,0.2360485914996051,4.22,0.003444488624414766,0.23260410287519034,-0.04651343359438806,0.9035000000000002,3.08,3.5,8.192106896425821
2022-11-30,US_SPY,U.S.,test,0.0541013631377076,4.22,0.003444488624414766,0.050656874513292836,-0.014122285368302555,0.9035000000000002,3.08,3.5,8.192106896425821
2022-12-31,CN_CSI300,Chinese mainland,test,0.0048131598861225,2.0811,0.0017164507843665138,0.003096709101755986,-0.020320315257702382,0.1109999999999993,3.78,3.6,7.758813957693
2022-12-31,HK_HangSeng,HKSAR,test,0.061729945575232,4.37,0.003564340986989082,0.05816560458824292,-0.020634151341821113,0.1109999999999993,3.78,3.6,7.758813957693
2022-12-31,US_SPY,U.S.,test,-0.0593555188154599,4.37,0.003564340986989082,-0.06291985980244898,-0.009225126945043434,0.1109999999999993,3.78,3.6,7.758813957693
2023-01-31,CN_CSI300,Chinese mainland,test,0.0710843745729619,2.0519,0.0016926101182328658,0.06939176445472904,-0.021753347983323637,-0.4880030721966211,4.104193548387097,3.6,7.122856456533988
2023-01-31,HK_HangSeng,HKSAR,test,0.0991072180665391,4.42,0.0036042534995262446,0.09550296456701286,-0.015507658834674911,-0.4880030721966211,4.104193548387097,3.6,7.122856456533988
2023-01-31,US_SPY,U.S.,test,0.0609890855894361,4.42,0.0036042534995262446,0.05738483208990986,-0.01823249666442053,-0.4880030721966211,4.104193548387097,3.6,7.122856456533988
2023-02-28,CN_CSI300,Chinese mainland,test,-0.0212496690508068,1.7856,0.001474871190979419,-0.022724540241786217,-0.009225542613982651,-0.7985000000000002,4.33,3.5,6.404600402357152
2023-02-28,HK_HangSeng,HKSAR,test,-0.09887827693505,4.7,0.0038274109906999837,-0.10270568792574998,-0.008973586610945272,-0.7985000000000002,4.33,3.5,6.404600402357152
2023-02-28,US_SPY,U.S.,test,-0.0254639729700469,4.7,0.0038274109906999837,-0.029291383960746882,-0.008931030417270752,-0.7985000000000002,4.33,3.5,6.404600402357152
2023-03-31,CN_CSI300,Chinese mainland,test,-0.0045638281320741,2.0605,0.0016996323928922278,-0.0062634605249663276,-0.011322877240120243,-0.8231578947368425,4.57,3.5,6.327178517960097
2023-03-31,HK_HangSeng,HKSAR,test,0.0305687055457344,4.88,0.003970554455612753,0.026598151090121647,-0.013613614891118932,-0.8231578947368425,4.57,3.5,6.327178517960097
2023-03-31,US_SPY,U.S.,test,0.0364068506353758,4.88,0.003970554455612753,0.03243629617976305,-0.008859924886723694,-0.8231578947368425,4.57,3.5,6.327178517960097
2023-04-30,CN_CSI300,Chinese mainland,test,-0.005405940378365,1.9006,0.0015689701957388473,-0.006974910574103847,-0.004913447058512937,-0.9859887798036469,4.6490322580645165,3.6,5.957820738137087
2023-04-30,HK_HangSeng,HKSAR,test,-0.0250934164730072,4.85,0.003946714279986465,-0.029040130752993665,-0.008702917165994023,-0.9859887798036469,4.6490322580645165,3.6,5.957820738137087
2023-04-30,US_SPY,U.S.,test,0.0158488169671446,4.85,0.003946714279986465,0.011902102687158134,-0.009207727595680863,-0.9859887798036469,4.6490322580645165,3.6,5.957820738137087
2023-05-31,CN_CSI300,Chinese mainland,test,-0.0589237616306146,1.9541,0.0016127105013162047,-0.06053647213193081,-0.0011878105367636547,-1.37,4.83,3.5,4.917719362889961
2023-05-31,HK_HangSeng,HKSAR,test,-0.087144081033939,5.1,0.004145174324567839,-0.09128925535850685,-0.007576148558739328,-1.37,4.83,3.5,4.917719362889961
2023-05-31,US_SPY,U.S.,test,0.004605426389534,5.1,0.004145174324567839,0.00046025206496616046,-0.0005246964603894821,-1.37,4.83,3.5,4.917719362889961
2023-06-30,CN_CSI300,Chinese mainland,test,0.0114934016059589,1.7101,0.0014130353197019999,0.0100803662862569,-0.0076529150117292735,-1.4821700879765394,5.055806451612903,3.4,4.950079879124369
2023-06-30,HK_HangSeng,HKSAR,test,0.036728075233432,5.52,0.004477526868413983,0.03225054836501802,-0.01640237599490663,-1.4821700879765394,5.055806451612903,3.4,4.950079879124369
2023-06-30,US_SPY,U.S.,test,0.0627870115377984,5.52,0.004477526868413983,0.058309484669384425,-0.0006154463732479563,-1.4821700879765394,5.055806451612903,3.4,4.950079879124369
2023-07-31,CN_CSI300,Chinese mainland,test,0.0438350047471161,1.6535,0.0013666487806315516,0.04246835596648455,-0.014354695737439924,-1.328238095238095,5.076333333333333,3.6,4.131851231385042
2023-07-31,HK_HangSeng,HKSAR,test,0.0596406372673854,5.43,0.004406419966730577,0.05523421730065482,-0.015347065002206903,-1.328238095238095,5.076333333333333,3.6,4.131851231385042
2023-07-31,US_SPY,U.S.,test,0.0322087934042958,5.43,0.004406419966730577,0.027802373437565222,0.011495392217489133,-1.328238095238095,5.076333333333333,3.6,4.131851231385042
2023-08-31,CN_CSI300,Chinese mainland,test,-0.0641256169033219,1.601,0.0013235993022948256,-0.06544921620561672,-0.004638667736479325,-1.2205000000000004,5.12,3.6,3.070617072997095
2023-08-31,HK_HangSeng,HKSAR,test,-0.0882962586055438,5.55,0.004501215692186521,-0.09279747429773032,-0.0038656570661666223,-1.2205000000000004,5.12,3.6,3.070617072997095
2023-08-31,US_SPY,U.S.,test,-0.0163853845460586,5.55,0.004501215692186521,-0.020886600238245123,0.006589782012017791,-1.2205000000000004,5.12,3.6,3.070617072997095
2023-09-30,CN_CSI300,Chinese mainland,test,-0.0203232035376856,1.7009,0.0014054972153989933,-0.02172870075308459,-0.008145509540858631,-1.1621739130434785,5.33,3.5,3.287749268428297
2023-09-30,HK_HangSeng,HKSAR,test,-0.0316342032497107,5.56,0.004509110470585996,-0.0361433137202967,-0.010593561942946727,-1.1621739130434785,5.33,3.5,3.287749268428297
2023-09-30,US_SPY,U.S.,test,-0.0485963719168625,5.56,0.004509110470585996,-0.0531054823874485,0.008486082090469778,-1.1621739130434785,5.33,3.5,3.287749268428297
2023-10-31,CN_CSI300,Chinese mainland,test,-0.0322279383120971,2.0009,0.0016509542322220312,-0.03387889254431913,-0.004061070876219945,-0.9510000000000004,5.33,3.7,3.722504803505289
2023-10-31,HK_HangSeng,HKSAR,test,-0.0399329662241534,5.55,0.004501215692186521,-0.04443418191633992,-0.0011351521253823525,-0.9510000000000004,5.33,3.7,3.722504803505289
2023-10-31,US_SPY,U.S.,test,-0.0219479102879649,5.55,0.004501215692186521,-0.026449125980151422,0.012346700799528916,-0.9510000000000004,5.33,3.7,3.722504803505289
2023-11-30,CN_CSI300,Chinese mainland,test,-0.021591765583274,2.2929,0.0018891734038645987,-0.0234809389871386,-2.0445698448153204e-05,-0.5319047619047614,5.33,3.7,3.687206638119256
2023-11-30,HK_HangSeng,HKSAR,test,-0.0040754776411819,5.59,0.004532790319194303,-0.008608267960376203,0.008662128734551936,-0.5319047619047614,5.33,3.7,3.687206638119256
2023-11-30,US_SPY,U.S.,test,0.0874099064732005,5.59,0.004532790319194303,0.0828771161540062,0.0038583136060832287,-0.5319047619047614,5.33,3.7,3.687206638119256
2023-12-31,CN_CSI300,Chinese mainland,test,-0.0187928404088388,2.3874,0.001966122680952355,-0.020758963089791155,-0.009666661346143324,-0.8271428571428574,5.33,3.9,3.2512659098611785
2023-12-31,HK_HangSeng,HKSAR,test,0.000264577866643,5.45,0.004422226744724353,-0.004157648878081353,-0.011438902168411943,-0.8271428571428574,5.33,3.9,3.2512659098611785
2023-12-31,US_SPY,U.S.,test,0.0446437926993166,5.45,0.004422226744724353,0.040221565954592246,0.006543333742809343,-0.8271428571428574,5.33,3.9,3.2512659098611785
2024-01-31,CN_CSI300,Chinese mainland,test,-0.0649476075251218,1.8017,0.0014880514499588694,-0.06643565897508066,-0.011654634028772252,-1.3099999999999996,5.33,3.7,3.133346274591186
2024-01-31,HK_HangSeng,HKSAR,test,-0.0961207953959402,5.4,0.004382704176597549,-0.10050349957253775,-0.016632506623938968,-1.3099999999999996,5.33,3.7,3.133346274591186
2024-01-31,US_SPY,U.S.,test,0.0158009585121474,5.4,0.004382704176597549,0.011418254335549851,0.015138452555896112,-1.3099999999999996,5.33,3.7,3.133346274591186
2024-02-29,CN_CSI300,Chinese mainland,test,0.089410516231652,1.791,0.0014792921313046383,0.08793122410034736,-0.02297358598125639,-1.2719047619047616,5.33,3.8,3.3159099427102934
2024-02-29,HK_HangSeng,HKSAR,test,0.0641770867749862,5.42,0.004398515453247455,0.05977857132173874,-0.032966378635568186,-1.2719047619047616,5.33,3.8,3.3159099427102934
2024-02-29,US_SPY,U.S.,test,0.0508706306472985,5.42,0.004398515453247455,0.04647211519405105,0.011307904409699443,-1.2719047619047616,5.33,3.8,3.3159099427102934
2024-03-31,CN_CSI300,Chinese mainland,test,0.0060678765504889,1.6454,0.0013600083118404547,0.004707868238648445,-0.013752272286078594,-1.1224999999999996,5.33,3.7,3.0883429864855705
2024-03-31,HK_HangSeng,HKSAR,test,0.0018140927919017,5.45,0.004422226744724353,-0.0026081339528226527,-0.019426023698277457,-1.1224999999999996,5.33,3.7,3.0883429864855705
2024-03-31,US_SPY,U.S.,test,0.032178631882866,5.45,0.004422226744724353,0.02775640513814165,0.017621529339265935,-1.1224999999999996,5.33,3.7,3.0883429864855705
2024-04-30,CN_CSI300,Chinese mainland,test,0.0187379377449108,1.6414,0.0013567288728077544,0.017381208872103045,-0.012837994889110698,-1.1215000000000002,5.33,3.9,3.157074141648697
2024-04-30,HK_HangSeng,HKSAR,test,0.0712517578703266,5.46,0.004430129009519363,0.06682162886080724,-0.021859880785189485,-1.1215000000000002,5.33,3.9,3.157074141648697
2024-04-30,US_SPY,U.S.,test,-0.0411548118020661,5.46,0.004430129009519363,-0.04558494081158546,0.01723153841913082,-1.1215000000000002,5.33,3.9,3.157074141648697
2024-05-31,CN_CSI300,Chinese mainland,test,-0.006812093193826,1.5342,0.0012687917960888635,-0.008080884989914864,-0.010808318268593456,-0.790909090909091,5.33,3.9,3.4868349120836584
2024-05-31,HK_HangSeng,HKSAR,test,0.0176654578289827,5.46,0.004430129009519363,0.013235328819463339,-0.013871400817372743,-0.790909090909091,5.33,3.9,3.4868349120836584
2024-05-31,US_SPY,U.S.,test,0.0493419467413653,5.46,0.004430129009519363,0.04491181773184594,0.012440951460902188,-0.790909090909091,5.33,3.9,3.4868349120836584
2024-06-30,CN_CSI300,Chinese mainland,test,-0.0335922109906974,1.5428,0.0012758498742276492,-0.034868060864925055,-0.006437019340092128,-0.8477272727272727,5.33,3.9,3.3607951262196734
2024-06-30,HK_HangSeng,HKSAR,test,-0.0201692849769923,5.46,0.004430129009519363,-0.02459941398651166,-0.005161018802541893,-0.8477272727272727,5.33,3.9,3.3607951262196734
2024-06-30,US_SPY,U.S.,test,0.0346720149471551,5.46,0.004430129009519363,0.030241885937635736,0.016145248599808835,-0.8477272727272727,5.33,3.9,3.3607951262196734
2024-07-31,CN_CSI300,Chinese mainland,test,-0.0056723029832763,1.4411,0.001192345707550897,-0.006864648690827198,-0.010182721602690625,-1.0247368421052636,5.33,3.9,3.244278584003113
2024-07-31,HK_HangSeng,HKSAR,test,-0.0213342681551989,5.48,0.004445931291416214,-0.025780199446615113,-0.009898515665169366,-1.0247368421052636,5.33,3.9,3.244278584003113
2024-07-31,US_SPY,U.S.,test,0.0120363875539499,5.48,0.004445931291416214,0.007590456262533686,0.013806282038829781,-1.0247368421052636,5.33,3.9,3.244278584003113
2024-08-31,CN_CSI300,Chinese mainland,test,-0.035680526734751,1.4032,0.0011612052380372254,-0.03684173197278823,-0.01429380532413327,-1.081363636363636,5.33,4.1,2.9702579486470926
2024-08-31,HK_HangSeng,HKSAR,test,0.0364831723781264,5.41,0.004390610189917206,0.032092562188209196,-0.016649717060775192,-1.081363636363636,5.33,4.1,2.9702579486470926
2024-08-31,US_SPY,U.S.,test,0.0230969387315846,5.41,0.004390610189917206,0.018706328541667393,0.012121955607577152,-1.081363636363636,5.33,4.1,2.9702579486470926
2024-09-30,CN_CSI300,Chinese mainland,test,0.1903515206044268,1.4709,0.0012168226566833995,0.1891346979477434,-0.011909848304730894,-1.4590909090909094,5.33,4.2,2.9414757935583014
2024-09-30,HK_HangSeng,HKSAR,test,0.161103593027672,5.21,0.004232347236008755,0.15687124579166323,-0.006242214020280234,-1.4590909090909094,5.33,4.2,2.9414757935583014
2024-09-30,US_SPY,U.S.,test,0.0207868906077361,5.21,0.004232347236008755,0.016554543371727345,0.015421366339236527,-1.4590909090909094,5.33,4.2,2.9414757935583014
2024-10-31,CN_CSI300,Chinese mainland,test,-0.0320704596066949,1.3986,0.0011574248639636315,-0.03322788447065853,0.005662101587004771,-1.4065,5.13,4.2,2.607144490692037
2024-10-31,HK_HangSeng,HKSAR,test,-0.0393937413548961,4.73,0.0038512853164135823,-0.04324502667130968,0.009842332605716425,-1.4065,5.13,4.2,2.607144490692037
2024-10-31,US_SPY,U.S.,test,-0.0089635929713161,4.73,0.0038512853164135823,-0.012814878287729682,0.021226368485834517,-1.4065,5.13,4.2,2.607144490692037
2024-11-30,CN_CSI300,Chinese mainland,test,0.0065423499344454,1.4066,0.0011639993173505512,0.005378350617094849,0.005716352259809823,-0.7345454545454553,4.83,4.1,2.4264830315416708
2024-11-30,HK_HangSeng,HKSAR,test,-0.044984916039823,4.64,0.003779641810066433,-0.04876455784988943,0.009941428876135612,-0.7345454545454553,4.83,4.1,2.4264830315416708
2024-11-30,US_SPY,U.S.,test,0.0579230232994705,4.64,0.003779641810066433,0.05414338148940407,0.022362555793536326,-0.7345454545454553,4.83,4.1,2.4264830315416708
2024-12-31,CN_CSI300,Chinese mainland,test,0.0046691859255929,1.37,0.001133916950518075,0.003535268975074825,0.00812129306016261,-0.2825438596491239,4.638333333333334,4.1,2.578844053871343
2024-12-31,HK_HangSeng,HKSAR,test,0.0322359468180142,4.58,0.0037318452309910988,0.0285041015870231,0.0065950713853428445,-0.2825438596491239,4.638333333333334,4.1,2.578844053871343
2024-12-31,US_SPY,U.S.,test,-0.0243542411237953,4.58,0.0037318452309910988,-0.028086086354786398,0.01996807790481948,-0.2825438596491239,4.638333333333334,4.1,2.578844053871343
2025-01-31,CN_CSI300,Chinese mainland,test,-0.0304022775315768,0.9091,0.0007541604675003283,-0.031156437999077125,0.010145812398901442,-0.0837327188940086,4.47516129032258,4.2,2.719472461284833
2025-01-31,HK_HangSeng,HKSAR,test,0.008199619778443,4.37,0.003564340986989082,0.004635278791453918,0.009316883924101549,-0.0837327188940086,4.47516129032258,4.2,2.719472461284833
2025-01-31,US_SPY,U.S.,test,0.0265021468903245,4.37,0.003564340986989082,0.022937805903335415,0.014275773545704593,-0.0837327188940086,4.47516129032258,4.2,2.719472461284833
2025-02-28,CN_CSI300,Chinese mainland,test,0.0189362786065068,1.3775,0.0011400822546553402,0.01779619635185146,0.013085747480235069,0.2990476190476183,4.33,4.1,2.870690967509981
2025-02-28,HK_HangSeng,HKSAR,test,0.1260147942389373,4.31,0.003516420724982363,0.12249837351395494,0.01807844878776752,0.2990476190476183,4.33,4.1,2.870690967509981
2025-02-28,US_SPY,U.S.,test,-0.0127761063166786,4.31,0.003516420724982363,-0.016292527041660964,0.01523573617635339,0.2990476190476183,4.33,4.1,2.870690967509981
2025-03-31,CN_CSI300,Chinese mainland,test,-0.0007046093053055,1.6096,0.0013306527401282314,-0.0020352620454337314,0.007241161834527078,0.121052631578947,4.33,4.0,2.9909783078999608
2025-03-31,HK_HangSeng,HKSAR,test,0.0077402158485053,4.32,0.003524409349187621,0.004215806499317678,0.023305098970452204,0.121052631578947,4.33,4.0,2.9909783078999608
2025-03-31,US_SPY,U.S.,test,-0.0573318169012679,4.32,0.003524409349187621,-0.060856226250455524,0.010005349323377391,0.121052631578947,4.33,4.0,2.9909783078999608
2025-04-30,CN_CSI300,Chinese mainland,test,-0.0304912180476151,1.52,0.0012571364515034044,-0.0317483544991185,0.006679234310853564,-0.0495238095238095,4.33,4.2,2.8015834477613355
2025-04-30,HK_HangSeng,HKSAR,test,-0.0442243702604265,4.32,0.003524409349187621,-0.04774877960961412,0.023873760674797236,-0.0495238095238095,4.33,4.2,2.8015834477613355
2025-04-30,US_SPY,U.S.,test,-0.0087079717623081,4.32,0.003524409349187621,-0.012232381111495721,0.0026209633743276266,-0.0495238095238095,4.33,4.2,2.8015834477613355
2025-05-31,CN_CSI300,Chinese mainland,test,0.018306076974019,1.4659,0.001212716287934597,0.017093360686084403,0.002585104029918434,-0.0509523809523813,4.33,4.2,2.381981462805549
2025-05-31,HK_HangSeng,HKSAR,test,0.0515586775696341,4.31,0.003516420724982363,0.048042256844651736,0.014326226635595454,-0.0509523809523813,4.33,4.2,2.381981462805549
2025-05-31,US_SPY,U.S.,test,0.0609493235976659,4.31,0.003516420724982363,0.05743290287268354,0.005400343349335105,-0.0509523809523813,4.33,4.2,2.381981462805549
2025-06-30,CN_CSI300,Chinese mainland,test,0.0246530435474205,1.4462,0.0011965352255748397,0.023456508321845662,0.004682957836251706,0.093809523809524,4.33,4.2,2.32538823025783
2025-06-30,HK_HangSeng,HKSAR,test,0.0330467535849567,4.36,0.0035563561900363596,0.02949039739492034,0.017226803971027816,0.093809523809524,4.33,4.2,2.32538823025783
2025-06-30,US_SPY,U.S.,test,0.0501094126196388,4.36,0.0035563561900363596,0.04655305642960244,0.006443767111071572,0.093809523809524,4.33,4.2,2.32538823025783
2025-07-31,CN_CSI300,Chinese mainland,test,0.0348302173018186,1.3222,0.0010946126910825768,0.03373560461073603,0.009543338601815932,0.0534999999999996,4.33,4.3,2.3772651073680877
2025-07-31,HK_HangSeng,HKSAR,test,0.0287067326152339,4.41,0.0035962725261606335,0.025110460089073267,0.021734288252813816,0.0534999999999996,4.33,4.3,2.3772651073680877
2025-07-31,US_SPY,U.S.,test,0.0227704235174011,4.41,0.0035962725261606335,0.019174150991240466,0.007803031318735464,0.0534999999999996,4.33,4.3,2.3772651073680877
2025-08-31,CN_CSI300,Chinese mainland,test,0.0983416159632675,1.3274,0.00109888936701412,0.09724272659625338,0.012926693043612868,0.0618181818181815,4.33,4.1,2.680453865910226
2025-08-31,HK_HangSeng,HKSAR,test,0.012208106223662,4.41,0.0035962725261606335,0.008611833697501367,0.02597517654745452,0.0618181818181815,4.33,4.1,2.680453865910226
2025-08-31,US_SPY,U.S.,test,0.0203117937675791,4.41,0.0035962725261606335,0.016715521241418466,0.008768339212794362,0.0618181818181815,4.33,4.1,2.680453865910226
2025-09-30,CN_CSI300,Chinese mainland,test,0.0315059246271491,1.3513,0.001118542805445472,0.03038738182170363,0.02410039792436634,-0.0652380952380955,4.33,4.3,2.742618052167134
2025-09-30,HK_HangSeng,HKSAR,test,0.06849711556975,4.23,0.0034524841469282964,0.0650446314228217,0.024018449173228863,-0.0652380952380955,4.33,4.3,2.742618052167134
2025-09-30,US_SPY,U.S.,test,0.0350006047668527,4.23,0.0034524841469282964,0.0315481206199244,0.008602438604440285,-0.0652380952380955,4.33,4.3,2.742618052167134
2025-10-31,CN_CSI300,Chinese mainland,test,-4.309713231620549e-06,1.3385,0.0011080176910284207,-0.0011123274042600412,0.010871454913863023,-0.1041904761904763,4.224666666666667,4.3,2.9385917430316155
2025-10-31,HK_HangSeng,HKSAR,test,-0.0359731886471372,4.02,0.0032844168630695864,-0.03925760551020679,0.01636623130915874,-0.1041904761904763,4.224666666666667,4.3,2.9385917430316155
2025-10-31,US_SPY,U.S.,test,0.0235577186723583,4.02,0.0032844168630695864,0.020273301809288713,0.009851903375123374,-0.1041904761904763,4.224666666666667,4.3,2.9385917430316155
2025-11-30,CN_CSI300,Chinese mainland,test,-0.0248743916584039,1.2885,0.0010668912197167397,-0.025941282878120638,0.013547751336062896,-0.0262463343108505,4.088064516129032,4.4,3.022571584713329
2025-11-30,HK_HangSeng,HKSAR,test,-0.0018452344258115,3.89,0.0031802050911957434,-0.005025439517007244,0.01669851640591731,-0.0262463343108505,4.088064516129032,4.4,3.022571584713329
2025-11-30,US_SPY,U.S.,test,0.0019481061213619,3.89,0.0031802050911957434,-0.0012320989698338435,0.012609251716541573,-0.0262463343108505,4.088064516129032,4.4,3.022571584713329
2025-12-31,CN_CSI300,Chinese mainland,test,0.0225595483435867,1.3987,0.001157507047832286,0.021402041295754414,0.010937781878128272,0.2175555555555548,3.8763333333333336,4.4,3.022571584713329
2025-12-31,HK_HangSeng,HKSAR,test,-0.0088699005219705,3.88,0.003172183400538027,-0.012042083922508526,0.020343442933657495,0.2175555555555548,3.8763333333333336,4.4,3.022571584713329
2025-12-31,US_SPY,U.S.,test,0.0007971851219306,3.88,0.003172183400538027,-0.002374998278607427,0.007994628344938413,0.2175555555555548,3.8763333333333336,4.4,3.022571584713329
2026-01-31,CN_CSI300,Chinese mainland,test,0.0163666268383,1.2657,0.0010481308088437532,0.015318496029456247,0.012426679571518238,0.4225366568914959,3.720645161290322,4.5,2.6964439164939518
2026-01-31,HK_HangSeng,HKSAR,test,0.0662878692899457,3.67,0.003003549278910779,0.06328432001103493,0.016964594141196526,0.4225366568914959,3.720645161290322,4.5,2.6964439164939518
2026-01-31,US_SPY,U.S.,test,0.0146302725456681,3.67,0.003003549278910779,0.011626723266757321,0.010137219017953327,0.4225366568914959,3.720645161290322,4.5,2.6964439164939518
2026-02-28,CN_CSI300,Chinese mainland,test,0.0009153668637083,1.3546,0.001121256095981409,-0.00020588923227310896,0.016299590740562687,0.5734999999999997,3.64,4.4,2.653304114557753
2026-02-28,HK_HangSeng,HKSAR,test,-0.0280137996278213,3.67,0.003003549278910779,-0.03101734890673208,0.021852014242828278,0.5734999999999997,3.64,4.4,2.653304114557753
2026-02-28,US_SPY,U.S.,test,-0.0086796052770496,3.67,0.003003549278910779,-0.01168315455596038,0.009194628798238486,0.5734999999999997,3.64,4.4,2.653304114557753
2026-03-31,CN_CSI300,Chinese mainland,test,-0.0569105706828185,1.2765,0.0010570178457264669,-0.057967588528544965,0.014799416941885636,0.4857894736842101,3.64,4.3,2.391201432150014
2026-03-31,HK_HangSeng,HKSAR,test,-0.0716933041066667,3.67,0.003003549278910779,-0.07469685338557748,0.009059037374437693,0.4857894736842101,3.64,4.3,2.391201432150014
2026-03-31,US_SPY,U.S.,test,-0.0506404198128001,3.67,0.003003549278910779,-0.053643969091710875,0.009578743172046867,0.4857894736842101,3.64,4.3,2.391201432150014
2026-04-30,CN_CSI300,Chinese mainland,test,0.0772223440488542,1.1401,0.0009447081993126638,0.07627763584954153,0.010138389734959702,0.605909090909091,3.64,4.4,2.4340041103732224
2026-04-30,HK_HangSeng,HKSAR,test,0.0390990225166625,3.7,0.003027660770615857,0.036071361746046644,0.0024829823840297623,0.605909090909091,3.64,4.4,2.4340041103732224
2026-04-30,US_SPY,U.S.,test,0.0998930142547349,3.7,0.003027660770615857,0.09686535348411905,0.010179764601942256,0.605909090909091,3.64,4.4,2.4340041103732224
2026-05-31,CN_CSI300,Chinese mainland,test,0.0174880712497831,1.081,0.0008959991364085549,0.016592072113374545,0.01914055559734804,0.6790909090909092,3.64,4.3,3.2859577528651984
2026-05-31,HK_HangSeng,HKSAR,test,-0.023319395177074,3.68,0.003011587217989433,-0.026330982395063433,0.009467994163668158,0.6790909090909092,3.64,4.3,3.2859577528651984
2026-05-31,US_SPY,U.S.,test,0.0512877597578622,3.68,0.003011587217989433,0.048276172539872764,0.01927124248491015,0.6790909090909092,3.64,4.3,3.2859577528651984
2026-06-30,CN_CSI300,Chinese mainland,test,0.0176896792857199,1.0605,0.0008790967849449517,0.016810582500774947,0.019098781549622218,0.8562580645161288,3.627741935483871,4.3,3.7792458367415622
2026-06-30,HK_HangSeng,HKSAR,test,-0.0958372400802254,3.69,0.003019624381841285,-0.09885686446206668,0.003270224227025227,0.8562580645161288,3.627741935483871,4.3,3.7792458367415622
2026-06-30,US_SPY,U.S.,test,-0.0103459011890754,3.69,0.003019624381841285,-0.013365525570916685,0.018508181623842587,0.8562580645161288,3.627741935483871,4.3,3.7792458367415622
