student_id,age,programme_level,nationality_group,boarding_status,attendance_rate,assessment_completion_rate,current_grade,lms_engagement_score,wellbeing_flag,safeguarding_flag,intervention_count,guardian_contact_complete,record_completeness_score,access_review_overdue_flag,academic_risk_level
STU000001,17,A-Level,International,Boarding,0.938,0.983,84.3,0.974,False,False,0,True,0.877,False,Low
STU000002,17,EAP,UK,Day,0.873,0.647,72.2,0.627,True,False,1,False,0.722,False,High
STU000003,17,Foundation,UK,Homestay,0.733,0.469,61.2,0.621,True,False,4,True,0.712,True,High
STU000004,17,A-Level,International,Day,0.878,0.745,75.0,0.74,False,False,0,True,0.766,True,Medium
STU000005,15,GCSE,EU,Boarding,0.981,0.953,83.5,0.904,False,False,0,True,0.792,True,Low
STU000006,16,GCSE,International,Boarding,0.825,0.726,81.9,0.607,False,False,1,True,0.897,True,Medium
STU000007,14,GCSE,International,Homestay,0.861,0.756,81.9,0.786,False,False,0,True,0.743,False,Medium
STU000008,18,Foundation,UK,Day,1.0,0.995,100.0,0.871,False,False,1,True,0.846,False,Low
STU000009,17,A-Level,International,Boarding,0.923,0.868,80.3,0.937,False,False,1,True,0.973,False,Low
STU000010,19,Foundation,UK,Day,0.882,0.894,74.3,0.837,False,False,0,True,0.884,False,Low
STU000011,16,GCSE,UK,Day,0.867,0.694,74.1,0.504,False,False,2,True,0.839,False,Medium
STU000012,18,EAP,UK,Homestay,0.926,0.849,80.2,0.695,False,False,0,True,0.943,False,Low
STU000013,19,Foundation,UK,Homestay,0.948,0.864,80.7,0.691,False,False,0,True,0.882,True,Low
STU000014,15,GCSE,UK,Boarding,0.749,0.789,65.8,0.613,False,False,0,False,0.712,False,High
STU000015,15,GCSE,UK,Day,0.744,0.702,74.6,0.824,False,False,4,True,0.789,False,Medium
STU000016,14,GCSE,International,Homestay,0.83,0.788,72.3,0.672,False,False,0,False,0.689,False,Medium
STU000017,16,A-Level,International,Day,0.889,0.703,70.1,0.754,False,False,0,True,0.924,True,Medium
STU000018,16,A-Level,International,Day,0.905,0.844,76.9,0.73,False,False,0,True,0.846,False,Low
STU000019,16,A-Level,EU,Boarding,0.734,0.551,54.1,0.69,True,False,4,True,0.676,True,High
STU000020,17,A-Level,UK,Day,0.886,0.917,88.2,0.662,False,False,1,True,0.876,False,Low
STU000021,16,A-Level,UK,Homestay,0.831,0.712,70.2,0.656,True,False,1,True,0.978,False,High
STU000022,14,GCSE,UK,Day,0.841,0.771,75.6,0.686,False,False,1,True,0.696,False,Medium
STU000023,18,A-Level,UK,Day,0.863,0.648,83.1,0.73,False,False,2,True,0.807,False,Medium
STU000024,16,A-Level,International,Boarding,0.849,0.829,74.1,0.664,False,False,1,True,0.821,False,Medium
STU000025,17,A-Level,EU,Boarding,0.872,0.772,64.2,0.535,True,False,2,True,0.942,False,High
STU000026,17,Foundation,UK,Day,0.9,0.846,87.9,0.897,False,False,1,True,0.835,False,Low
STU000027,16,GCSE,UK,Day,0.82,0.708,66.3,0.685,False,False,3,True,0.85,True,Medium
STU000028,18,A-Level,UK,Boarding,0.967,0.873,72.0,0.921,False,False,0,True,0.859,False,Low
STU000029,17,A-Level,UK,Day,0.804,0.908,85.4,0.769,False,False,2,True,0.908,True,Low
STU000030,15,GCSE,UK,Day,0.78,0.74,76.6,0.743,False,False,1,True,0.914,False,Medium
STU000031,16,A-Level,International,Boarding,0.883,0.864,81.1,0.883,False,False,1,False,0.654,False,Low
STU000032,16,GCSE,UK,Day,0.882,0.973,80.5,1.0,False,False,0,True,0.725,False,Low
STU000033,16,GCSE,International,Homestay,0.867,0.606,75.6,0.835,True,False,1,True,0.603,False,High
STU000034,19,EAP,UK,Boarding,0.817,0.811,77.1,0.874,False,False,0,True,0.812,False,Low
STU000035,18,EAP,UK,Homestay,0.963,0.858,90.7,0.868,False,False,1,True,0.959,False,Low
STU000036,18,Foundation,International,Day,1.0,0.955,95.1,0.981,False,False,0,True,0.73,False,Low
STU000037,18,A-Level,EU,Homestay,0.865,0.813,69.2,0.65,False,True,2,True,0.976,False,Medium
STU000038,15,GCSE,UK,Day,0.922,0.919,76.2,0.815,False,False,1,True,0.873,False,Low
STU000039,17,A-Level,International,Day,0.752,0.756,79.5,0.842,False,False,2,True,0.677,False,Medium
STU000040,16,A-Level,UK,Day,0.87,0.822,84.3,0.856,False,False,0,True,0.782,True,Low
STU000041,16,GCSE,UK,Day,0.851,0.767,79.2,0.704,False,False,0,True,0.884,False,Medium
STU000042,16,A-Level,International,Day,0.84,0.852,80.5,0.783,False,False,1,True,0.913,False,Low
STU000043,14,GCSE,International,Boarding,0.8,0.812,78.5,0.651,False,True,3,True,0.636,True,High
STU000044,18,EAP,UK,Day,0.861,0.653,95.9,0.695,False,False,1,True,0.914,False,Medium
STU000045,17,A-Level,UK,Day,0.728,0.755,82.2,0.807,True,False,1,True,0.88,False,Medium
STU000046,17,A-Level,International,Boarding,0.866,0.749,78.3,0.688,False,False,2,True,0.866,False,Medium
STU000047,16,A-Level,UK,Day,0.827,0.904,85.2,0.669,False,False,0,True,1.0,False,Low
STU000048,16,A-Level,UK,Boarding,0.955,0.733,77.4,0.729,False,False,1,True,0.789,False,Low
STU000049,17,A-Level,EU,Boarding,0.923,0.695,61.0,0.682,False,False,0,False,0.661,False,Medium
STU000050,16,GCSE,International,Homestay,0.923,0.731,87.6,0.658,False,False,2,False,0.898,True,Low
STU000051,19,EAP,UK,Day,0.968,0.835,75.7,0.629,False,False,0,True,0.787,False,Low
STU000052,18,Foundation,International,Homestay,0.787,0.674,56.7,0.493,True,False,1,True,0.766,False,High
STU000053,19,EAP,EU,Boarding,0.919,0.786,88.3,0.79,False,False,0,False,0.565,False,Low
STU000054,18,Foundation,UK,Homestay,0.922,0.868,98.2,0.823,True,False,0,True,0.953,False,Low
STU000055,17,A-Level,International,Day,0.837,0.652,73.4,0.526,False,False,1,True,0.709,False,High
STU000056,18,EAP,International,Boarding,0.758,0.814,75.5,0.763,False,False,2,True,0.874,False,Medium
STU000057,15,GCSE,UK,Homestay,0.852,0.719,85.9,0.867,False,False,0,True,0.924,False,Low
STU000058,16,GCSE,UK,Day,0.967,0.741,81.6,0.709,False,False,0,True,0.814,True,Low
STU000059,15,GCSE,International,Boarding,0.833,0.676,62.6,0.586,False,False,1,True,0.879,False,High
STU000060,17,A-Level,International,Homestay,0.867,0.779,71.1,0.733,False,False,2,True,0.711,False,Medium
STU000061,17,A-Level,UK,Boarding,0.845,0.73,73.9,0.793,False,False,1,True,0.87,False,Medium
STU000062,16,A-Level,EU,Day,0.887,0.703,78.2,0.682,False,False,0,True,0.841,False,Medium
STU000063,18,Foundation,International,Boarding,0.77,0.758,78.0,0.786,True,False,2,True,1.0,False,Medium
STU000064,16,A-Level,International,Day,0.796,0.83,75.9,0.765,False,False,3,True,0.88,True,Medium
STU000065,16,A-Level,International,Homestay,0.869,0.808,90.3,0.949,False,False,1,True,0.778,False,Low
STU000066,17,A-Level,UK,Day,0.881,0.607,80.1,0.545,False,False,3,True,0.877,True,Medium
STU000067,15,GCSE,UK,Day,0.978,0.788,77.8,0.601,False,False,5,True,0.845,False,Medium
STU000068,19,Foundation,International,Day,0.905,0.839,71.2,0.737,False,False,1,True,0.888,False,Low
STU000069,15,GCSE,UK,Boarding,0.818,0.599,73.2,0.537,False,False,3,False,0.695,False,High
STU000070,19,EAP,EU,Homestay,0.849,1.0,100.0,0.971,False,False,1,True,0.802,True,Low
STU000071,19,Foundation,UK,Day,0.95,0.791,79.4,0.835,False,False,0,True,0.873,False,Low
STU000072,16,GCSE,UK,Day,0.87,0.743,88.1,0.682,False,False,0,True,0.813,True,Medium
STU000073,15,GCSE,EU,Day,0.823,0.805,76.6,0.887,False,False,1,True,0.996,False,Low
STU000074,18,Foundation,International,Homestay,0.906,0.772,79.6,0.823,False,False,0,False,0.523,True,Medium
STU000075,19,Foundation,International,Day,0.845,0.919,90.6,0.735,False,False,1,True,0.857,False,Low
STU000076,18,Foundation,EU,Day,0.933,0.728,76.1,0.706,False,False,1,True,0.744,False,Medium
STU000077,18,Foundation,UK,Boarding,0.925,1.0,79.1,0.863,False,False,1,True,0.811,False,Low
STU000078,15,GCSE,UK,Day,0.82,0.749,81.5,0.762,False,False,2,True,0.769,False,Medium
STU000079,16,A-Level,International,Day,0.962,0.787,69.1,0.821,True,False,1,True,0.814,False,Medium
STU000080,16,GCSE,UK,Day,0.891,0.78,87.1,0.828,False,False,0,True,0.745,False,Low
STU000081,18,Foundation,International,Homestay,0.714,0.826,83.8,0.875,False,False,1,True,0.832,False,Medium
STU000082,17,A-Level,EU,Homestay,0.927,0.943,93.8,0.668,False,False,0,True,0.813,False,Low
STU000083,17,A-Level,UK,Boarding,0.718,0.755,71.3,0.942,False,False,0,True,0.825,True,Medium
STU000084,15,GCSE,International,Day,0.973,0.907,83.1,0.984,False,False,1,True,0.924,False,Low
STU000085,16,A-Level,UK,Boarding,0.904,1.0,89.9,0.963,False,False,0,True,0.805,False,Low
STU000086,17,A-Level,EU,Day,0.89,0.701,73.4,0.726,False,False,2,True,0.877,False,Medium
STU000087,18,Foundation,UK,Boarding,0.894,0.718,65.1,0.697,False,False,1,True,1.0,False,Medium
STU000088,17,A-Level,UK,Boarding,0.88,0.864,74.9,0.714,True,False,0,True,0.722,False,Medium
STU000089,19,Foundation,EU,Homestay,0.86,0.841,81.5,0.801,False,False,0,True,0.884,False,Low
STU000090,16,A-Level,EU,Day,0.893,0.775,84.5,0.855,False,False,0,True,0.75,False,Low
STU000091,14,GCSE,International,Boarding,0.902,0.842,82.2,0.716,False,False,2,True,0.881,False,Low
STU000092,17,Foundation,International,Boarding,0.692,0.609,68.6,0.802,False,False,2,True,0.689,False,High
STU000093,18,Foundation,International,Day,0.936,0.912,95.4,0.759,False,False,0,False,0.728,True,Low
STU000094,18,A-Level,UK,Boarding,0.947,0.682,75.8,0.782,False,False,0,True,0.954,False,Medium
STU000095,19,Foundation,International,Homestay,0.859,0.692,68.1,0.828,True,False,2,True,0.804,True,Medium
STU000096,17,A-Level,EU,Homestay,0.921,0.856,81.3,0.779,False,False,2,True,0.818,False,Low
STU000097,17,A-Level,UK,Boarding,1.0,0.737,84.0,0.719,False,False,2,False,0.728,False,Low
STU000098,17,A-Level,EU,Day,0.812,0.676,64.5,0.582,True,False,3,True,0.58,False,High
STU000099,14,GCSE,International,Homestay,0.893,0.891,88.3,0.86,False,False,1,True,0.895,False,Low
STU000100,14,GCSE,UK,Boarding,0.848,0.731,80.8,0.771,False,False,5,True,0.801,False,Medium
STU000101,16,GCSE,International,Day,0.76,0.768,72.6,0.839,False,False,0,True,0.937,True,Medium
STU000102,17,A-Level,UK,Day,0.926,0.945,84.5,0.904,False,False,0,True,0.851,False,Low
STU000103,18,A-Level,UK,Day,0.856,0.802,91.2,0.701,False,False,0,True,0.708,False,Medium
STU000104,17,A-Level,UK,Day,0.759,0.888,81.1,0.812,False,False,2,True,0.816,False,Low
STU000105,18,EAP,International,Boarding,0.889,0.77,62.3,0.842,False,False,1,True,0.694,True,Medium
STU000106,14,GCSE,UK,Day,0.887,0.706,71.1,0.715,False,False,0,True,0.902,False,Medium
STU000107,17,A-Level,International,Day,0.878,1.0,94.2,1.0,False,False,2,True,0.77,True,Low
STU000108,18,Foundation,International,Day,0.904,0.937,88.4,1.0,False,False,1,True,0.91,False,Low
STU000109,15,GCSE,International,Day,0.785,0.737,75.4,0.761,False,False,0,False,0.594,True,Medium
STU000110,14,GCSE,EU,Day,0.964,0.751,83.5,0.662,False,False,1,True,0.869,True,Low
STU000111,17,A-Level,International,Day,0.924,0.865,76.2,0.709,False,False,0,True,0.857,False,Low
STU000112,14,GCSE,International,Day,0.908,0.714,71.9,0.648,True,False,0,True,0.908,False,Medium
STU000113,18,EAP,EU,Boarding,0.855,0.9,83.0,0.883,False,False,0,True,0.764,False,Low
STU000114,18,Foundation,International,Day,0.924,0.954,88.5,0.842,False,False,0,True,0.886,False,Low
STU000115,16,A-Level,EU,Boarding,0.763,0.714,69.8,0.656,False,False,1,True,0.777,False,Medium
STU000116,17,Foundation,EU,Day,0.836,0.767,79.6,1.0,False,False,0,True,0.922,True,Low
STU000117,17,Foundation,UK,Day,0.798,0.78,78.9,0.688,False,False,1,True,0.956,False,Medium
STU000118,15,GCSE,EU,Day,0.912,0.985,83.2,0.964,False,False,0,True,0.786,False,Low
STU000119,17,Foundation,UK,Day,0.78,0.859,72.9,0.839,True,False,2,True,0.769,False,Medium
STU000120,17,A-Level,UK,Day,0.863,0.828,92.3,0.816,False,False,0,True,0.718,False,Low
STU000121,17,Foundation,International,Day,0.894,0.64,77.6,0.689,False,False,0,True,0.6,False,Medium
STU000122,18,Foundation,International,Day,0.755,0.704,72.5,0.872,True,True,4,True,0.843,False,High
STU000123,18,A-Level,International,Boarding,0.802,0.8,81.5,0.948,False,False,0,True,0.942,True,Low
STU000124,15,GCSE,EU,Day,1.0,0.942,88.8,0.808,False,False,0,True,0.825,False,Low
STU000125,14,GCSE,International,Homestay,0.902,0.893,79.6,0.886,False,False,2,True,0.759,False,Low
STU000126,18,A-Level,UK,Homestay,0.974,0.87,83.8,0.777,True,False,1,True,0.773,False,Low
STU000127,18,Foundation,International,Boarding,0.746,0.698,71.6,0.843,True,False,3,True,0.774,False,High
STU000128,19,Foundation,UK,Day,0.868,0.77,82.5,0.657,False,False,1,True,0.911,False,Medium
STU000129,15,GCSE,UK,Homestay,0.9,0.663,75.9,0.854,False,False,6,True,0.678,False,Medium
STU000130,17,A-Level,International,Day,1.0,0.716,75.3,0.498,False,False,2,False,0.708,False,Medium
STU000131,18,A-Level,UK,Day,1.0,0.695,96.4,0.66,False,False,0,True,0.775,False,Low
STU000132,14,GCSE,UK,Day,0.864,0.864,78.4,0.591,False,False,0,True,0.765,False,Medium
STU000133,15,GCSE,International,Homestay,0.843,0.801,72.1,0.711,False,False,1,True,0.912,False,Medium
STU000134,17,A-Level,UK,Day,0.894,0.795,81.5,0.646,False,False,1,True,0.922,False,Medium
STU000135,16,EAP,UK,Homestay,0.978,0.736,80.9,0.735,False,False,1,True,0.824,False,Low
STU000136,16,A-Level,UK,Day,0.904,0.79,73.4,0.735,False,False,1,False,0.742,False,Medium
STU000137,16,A-Level,UK,Homestay,0.916,0.864,85.2,0.747,False,False,1,True,0.748,False,Low
STU000138,18,Foundation,UK,Homestay,0.977,0.743,86.1,0.681,False,False,1,True,0.884,False,Low
STU000139,17,A-Level,International,Homestay,0.928,0.657,65.4,0.553,True,False,4,True,0.945,False,High
STU000140,18,EAP,UK,Day,0.969,0.918,93.8,0.734,False,False,0,True,0.935,False,Low
STU000141,16,EAP,International,Homestay,0.944,0.817,80.6,0.945,False,False,2,True,0.813,False,Low
STU000142,17,A-Level,UK,Homestay,0.995,0.913,84.5,1.0,False,False,0,True,0.694,False,Low
STU000143,18,A-Level,EU,Day,0.815,0.758,80.1,0.892,False,False,1,True,0.868,False,Low
STU000144,17,A-Level,International,Day,1.0,0.822,83.2,0.71,True,False,1,True,0.805,True,Low
STU000145,17,A-Level,International,Boarding,0.914,0.857,85.8,0.783,True,False,1,True,0.779,False,Low
STU000146,16,GCSE,International,Day,0.889,0.92,85.2,0.73,False,False,0,True,0.886,False,Low
STU000147,17,A-Level,International,Boarding,0.978,0.881,76.8,0.773,False,False,1,True,0.843,False,Low
STU000148,17,A-Level,UK,Day,0.876,0.897,76.2,0.757,False,False,1,True,0.769,False,Low
STU000149,16,GCSE,EU,Boarding,0.933,0.863,81.0,0.783,False,False,1,True,0.889,False,Low
STU000150,17,A-Level,International,Day,0.902,0.615,70.3,0.546,False,True,2,True,0.747,False,High
STU000151,19,EAP,UK,Day,0.932,0.82,74.4,0.745,False,True,2,True,0.749,False,Medium
STU000152,14,GCSE,UK,Day,0.797,0.693,76.4,0.631,True,False,2,True,0.696,False,High
STU000153,15,GCSE,UK,Homestay,0.962,1.0,100.0,1.0,False,False,0,True,0.78,False,Low
STU000154,16,A-Level,International,Day,0.869,0.811,74.2,0.818,False,False,1,True,0.814,True,Low
STU000155,18,EAP,UK,Homestay,0.896,0.848,79.4,0.936,False,True,1,True,0.664,False,Medium
STU000156,15,GCSE,UK,Boarding,0.899,0.725,81.3,0.721,False,False,2,True,0.856,False,Medium
STU000157,16,A-Level,EU,Day,0.772,0.775,84.1,0.87,False,False,0,True,0.99,False,Low
STU000158,18,Foundation,International,Day,0.848,0.793,80.9,0.796,False,False,1,True,0.707,False,Medium
STU000159,16,GCSE,UK,Day,0.959,0.924,86.4,0.861,False,False,0,False,0.543,False,Low
STU000160,19,Foundation,UK,Day,0.838,0.723,62.5,0.778,False,True,1,True,0.86,False,High
STU000161,17,A-Level,International,Day,0.985,1.0,87.3,0.859,False,False,0,True,0.88,False,Low
STU000162,17,A-Level,International,Boarding,0.815,0.658,76.3,0.66,False,False,2,True,0.693,False,Medium
STU000163,17,A-Level,International,Homestay,0.949,0.823,95.8,0.996,False,False,1,True,0.68,False,Low
STU000164,17,A-Level,International,Day,0.897,0.823,71.8,0.696,False,False,0,True,0.997,False,Medium
STU000165,16,GCSE,UK,Boarding,0.883,0.64,81.1,0.613,False,False,0,True,0.856,False,Medium
STU000166,17,Foundation,UK,Homestay,0.818,0.777,84.6,0.767,False,False,1,False,0.659,False,Medium
STU000167,17,A-Level,EU,Homestay,0.915,0.851,87.5,0.986,False,False,1,True,0.792,False,Low
STU000168,15,GCSE,International,Homestay,0.829,0.774,69.6,0.621,False,False,1,True,0.788,False,Medium
STU000169,15,GCSE,EU,Homestay,0.855,0.775,86.9,0.693,False,False,0,False,0.737,True,Medium
STU000170,17,A-Level,International,Day,0.843,0.813,75.6,0.714,True,False,1,True,0.684,False,Medium
STU000171,17,A-Level,International,Homestay,0.808,0.64,69.4,0.501,True,False,4,True,0.759,False,High
STU000172,14,GCSE,UK,Homestay,0.972,0.782,72.9,0.602,False,False,0,True,0.928,False,Medium
STU000173,17,A-Level,UK,Day,0.675,0.681,56.5,0.764,True,False,4,False,0.537,False,High
STU000174,14,GCSE,UK,Day,0.888,0.717,81.7,0.738,False,False,1,True,0.864,True,Medium
STU000175,16,A-Level,UK,Day,0.875,0.684,76.2,0.616,False,False,0,True,0.819,False,Medium
STU000176,14,GCSE,UK,Day,0.899,0.801,82.3,0.697,False,False,1,False,0.976,False,Low
STU000177,17,A-Level,International,Day,0.862,0.804,70.2,0.671,False,False,1,True,0.824,False,Medium
STU000178,17,A-Level,UK,Boarding,0.972,0.827,88.8,0.788,False,False,1,True,0.975,True,Low
STU000179,18,EAP,UK,Boarding,0.882,0.808,86.1,0.82,False,False,1,True,0.878,True,Low
STU000180,15,GCSE,UK,Day,0.909,0.67,88.9,0.481,False,False,1,True,0.78,False,Medium
STU000181,17,A-Level,International,Day,0.962,0.94,87.4,0.943,False,False,0,True,0.8,False,Low
STU000182,15,GCSE,International,Boarding,0.904,0.805,68.2,0.745,False,False,1,True,0.878,False,Medium
STU000183,17,EAP,International,Day,0.752,0.676,62.8,0.605,True,False,2,True,0.874,False,High
STU000184,18,Foundation,International,Day,0.87,0.793,78.6,0.878,False,False,1,True,0.938,False,Low
STU000185,17,A-Level,EU,Boarding,0.891,0.748,76.8,0.627,False,False,0,True,0.841,False,Medium
STU000186,17,A-Level,UK,Day,0.785,0.84,81.5,0.665,False,False,1,True,0.874,False,Medium
STU000187,19,Foundation,UK,Day,0.85,0.892,75.3,0.617,False,False,0,True,1.0,True,Medium
STU000188,18,A-Level,UK,Day,0.895,0.821,89.6,0.842,False,False,0,True,0.804,False,Low
STU000189,16,A-Level,International,Boarding,1.0,1.0,92.0,0.943,False,False,0,True,0.871,False,Low
STU000190,14,GCSE,UK,Boarding,0.926,0.935,70.6,0.793,False,False,2,True,0.955,False,Low
STU000191,15,GCSE,UK,Day,0.911,0.862,81.2,0.717,False,False,0,True,0.905,False,Low
STU000192,18,Foundation,International,Day,1.0,0.679,73.2,0.677,False,False,1,True,0.793,False,Medium
STU000193,16,EAP,International,Boarding,0.941,0.717,79.8,0.769,False,False,0,True,0.801,False,Low
STU000194,18,A-Level,International,Homestay,0.951,0.81,89.9,0.806,False,False,0,True,0.871,False,Low
STU000195,16,A-Level,UK,Boarding,0.872,0.722,67.3,0.673,False,False,0,True,0.849,False,Medium
STU000196,18,A-Level,International,Homestay,0.781,0.637,64.9,0.647,False,True,2,True,0.853,False,High
STU000197,18,Foundation,EU,Boarding,0.798,0.689,72.4,0.573,True,True,5,True,0.771,False,High
STU000198,19,Foundation,UK,Boarding,1.0,0.895,82.5,0.741,False,False,1,True,0.855,False,Low
STU000199,18,Foundation,International,Homestay,1.0,0.955,81.0,0.654,False,False,1,True,0.897,True,Low
STU000200,18,Foundation,International,Boarding,0.906,0.752,89.5,0.801,True,False,1,True,0.884,False,Medium
STU000201,17,A-Level,UK,Homestay,0.806,0.698,74.4,0.719,False,True,3,True,0.816,False,High
STU000202,14,GCSE,UK,Day,0.791,0.75,84.8,0.697,False,False,1,True,0.853,True,Medium
STU000203,15,GCSE,EU,Homestay,0.842,0.642,67.6,0.666,False,False,1,True,0.686,False,High
STU000204,18,Foundation,UK,Boarding,0.915,0.95,81.4,0.721,False,False,0,True,0.727,True,Low
STU000205,16,A-Level,International,Homestay,0.867,0.743,69.7,0.704,False,False,1,True,0.782,False,Medium
STU000206,14,GCSE,UK,Day,0.893,0.722,74.0,0.625,True,False,1,True,1.0,False,Medium
STU000207,16,GCSE,International,Boarding,0.731,0.659,62.0,0.622,True,False,2,True,0.649,True,High
STU000208,16,A-Level,International,Homestay,0.891,0.877,79.8,0.971,False,False,2,False,0.839,False,Low
STU000209,14,GCSE,EU,Day,0.846,0.734,76.5,0.688,False,False,1,True,0.852,False,Medium
STU000210,15,GCSE,UK,Boarding,0.969,1.0,89.1,0.695,False,False,0,True,0.961,False,Low
STU000211,18,A-Level,UK,Homestay,0.938,0.826,81.1,0.742,False,False,1,True,0.919,False,Low
STU000212,17,A-Level,UK,Day,0.842,0.785,77.5,0.67,False,False,1,True,0.913,True,Medium
STU000213,16,A-Level,UK,Day,0.96,0.781,91.3,0.722,False,False,0,True,0.89,False,Low
STU000214,15,GCSE,UK,Boarding,0.786,0.749,80.4,0.614,False,False,0,True,0.637,True,Medium
STU000215,19,Foundation,International,Boarding,0.775,0.776,76.9,0.811,False,False,1,True,0.957,False,Medium
STU000216,16,GCSE,UK,Day,0.838,0.812,83.9,0.788,False,False,1,True,0.812,True,Low
STU000217,17,A-Level,International,Day,0.761,0.801,83.5,0.801,False,False,0,True,1.0,True,Medium
STU000218,18,Foundation,UK,Day,0.892,0.938,89.2,0.915,False,False,1,True,0.907,False,Low
STU000219,17,A-Level,International,Day,0.894,0.842,75.1,0.709,False,False,1,True,0.657,False,Medium
STU000220,17,Foundation,International,Day,0.872,0.724,61.1,0.584,False,False,3,True,0.785,True,Medium
STU000221,17,A-Level,UK,Boarding,0.86,0.832,94.1,0.947,True,False,3,True,0.651,False,Low
STU000222,17,A-Level,International,Boarding,0.849,0.578,67.1,0.461,False,False,1,True,0.677,False,High
STU000223,16,GCSE,International,Boarding,0.809,0.711,76.7,0.653,False,False,1,True,0.884,False,Medium
STU000224,17,A-Level,International,Day,0.844,0.712,66.4,0.559,False,False,1,True,0.96,False,Medium
STU000225,16,A-Level,International,Day,0.815,0.846,77.9,0.765,False,False,1,True,0.911,False,Medium
STU000226,15,GCSE,UK,Day,0.795,0.436,54.1,0.547,True,False,4,True,0.67,False,High
STU000227,18,EAP,UK,Homestay,0.942,0.932,81.8,0.96,False,False,0,True,0.957,False,Low
STU000228,17,A-Level,UK,Boarding,0.721,0.586,65.5,0.677,True,False,2,True,0.841,False,High
STU000229,17,Foundation,EU,Homestay,0.876,0.939,89.6,0.956,False,False,0,True,1.0,False,Low
STU000230,17,A-Level,International,Day,0.9,0.887,78.5,0.743,True,False,3,True,0.854,False,Medium
STU000231,18,Foundation,International,Boarding,0.975,0.918,89.9,0.958,False,False,2,True,0.737,False,Low
STU000232,17,A-Level,UK,Boarding,0.821,0.767,72.8,0.534,True,False,1,True,0.855,False,High
STU000233,18,A-Level,International,Homestay,0.995,0.939,66.6,0.874,True,False,0,True,0.809,True,Low
STU000234,17,A-Level,International,Boarding,0.826,0.765,81.9,0.706,False,False,1,True,1.0,True,Medium
STU000235,16,GCSE,UK,Boarding,0.884,0.672,91.7,0.756,False,False,0,True,0.787,False,Low
STU000236,18,Foundation,UK,Day,0.818,0.843,70.9,0.859,False,False,4,True,0.774,True,Low
STU000237,17,A-Level,UK,Boarding,0.93,0.778,67.9,0.815,False,False,0,True,0.886,False,Medium
STU000238,15,GCSE,International,Day,1.0,0.595,63.4,0.685,False,False,1,True,0.68,False,Medium
STU000239,18,A-Level,International,Day,1.0,0.759,88.0,0.741,False,False,0,True,0.89,True,Low
STU000240,15,GCSE,UK,Day,0.959,0.893,74.0,0.635,False,False,0,True,0.801,False,Low
STU000241,18,EAP,UK,Homestay,0.857,0.845,83.8,0.872,False,False,1,True,0.871,False,Low
STU000242,17,EAP,International,Day,0.833,0.787,78.0,0.685,True,False,2,True,0.673,False,Medium
STU000243,18,EAP,International,Homestay,0.905,0.866,75.9,0.709,True,False,2,True,0.847,False,Medium
STU000244,17,A-Level,International,Homestay,0.952,0.872,81.1,0.803,False,False,0,True,0.899,False,Low
STU000245,15,GCSE,International,Homestay,0.906,0.745,75.5,0.709,False,False,0,True,0.884,False,Medium
STU000246,19,EAP,UK,Homestay,0.91,0.805,74.9,0.95,False,False,3,True,0.798,False,Low
STU000247,16,A-Level,EU,Homestay,0.974,0.886,92.5,0.882,False,False,1,True,0.802,False,Low
STU000248,18,EAP,UK,Day,0.991,0.848,94.7,0.933,False,False,1,True,0.79,False,Low
STU000249,19,EAP,International,Day,0.795,0.65,73.6,0.708,False,False,0,True,0.836,True,Medium
STU000250,17,Foundation,UK,Boarding,0.916,0.811,77.0,0.877,False,False,1,True,0.975,False,Low
STU000251,17,A-Level,International,Day,0.94,0.835,83.2,0.834,False,False,0,True,0.828,True,Low
STU000252,17,A-Level,UK,Day,0.863,0.706,72.0,0.592,False,False,1,True,0.96,False,Medium
STU000253,17,Foundation,International,Boarding,0.99,0.856,80.6,0.796,False,False,0,True,0.789,True,Low
STU000254,17,A-Level,UK,Boarding,0.88,0.82,79.8,0.725,False,False,1,True,0.948,False,Low
STU000255,16,GCSE,UK,Homestay,0.991,0.914,87.4,0.956,False,False,0,True,0.907,False,Low
STU000256,16,A-Level,International,Boarding,0.84,0.767,79.9,0.623,True,False,1,True,0.718,False,High
STU000257,18,EAP,UK,Boarding,0.918,0.919,79.8,0.871,False,False,0,True,0.895,False,Low
STU000258,17,A-Level,International,Day,0.917,0.96,86.7,0.919,False,False,1,True,0.83,True,Low
STU000259,18,A-Level,EU,Day,1.0,0.816,75.8,0.689,False,False,0,True,0.935,False,Low
STU000260,14,GCSE,EU,Homestay,0.952,0.746,80.1,0.792,False,False,1,False,0.77,True,Low
STU000261,17,A-Level,International,Day,0.868,0.865,87.2,0.984,False,False,2,True,0.834,True,Low
STU000262,18,EAP,International,Day,0.881,0.662,71.0,0.608,False,False,2,True,0.732,True,Medium
STU000263,15,GCSE,EU,Boarding,0.881,0.821,84.6,0.653,False,False,0,True,0.825,False,Low
STU000264,18,A-Level,International,Day,0.901,0.703,89.5,0.788,False,False,0,True,0.858,False,Low
STU000265,19,Foundation,UK,Day,0.834,0.822,57.0,0.799,False,False,0,True,0.893,False,Medium
STU000266,17,Foundation,UK,Day,0.894,0.839,88.2,0.801,False,False,0,True,0.883,False,Low
STU000267,17,A-Level,EU,Day,0.996,0.952,88.7,0.864,False,False,0,True,0.812,False,Low
STU000268,18,Foundation,UK,Day,0.993,0.96,91.1,0.978,False,False,1,True,0.732,False,Low
STU000269,17,A-Level,EU,Homestay,0.79,0.737,72.8,0.712,False,False,0,True,0.878,True,Medium
STU000270,17,A-Level,UK,Boarding,0.742,0.538,67.4,0.622,True,False,5,True,0.796,False,High
STU000271,18,Foundation,UK,Day,0.799,0.854,75.3,0.758,True,False,0,True,0.826,False,Medium
STU000272,18,Foundation,International,Day,0.775,0.832,87.4,0.968,False,False,0,True,0.637,False,Low
STU000273,19,Foundation,EU,Day,0.77,0.676,71.3,0.762,True,False,3,True,0.75,False,High
STU000274,16,EAP,International,Homestay,0.925,0.902,90.9,0.941,False,False,0,True,0.699,True,Low
STU000275,18,A-Level,International,Day,0.897,0.82,82.7,0.565,False,False,1,True,0.876,True,Medium
STU000276,17,A-Level,UK,Homestay,0.78,0.702,71.9,0.679,False,False,2,True,0.708,False,High
STU000277,18,Foundation,UK,Day,0.982,0.904,89.2,0.676,False,False,1,True,0.855,False,Low
STU000278,18,A-Level,UK,Homestay,0.87,0.806,82.8,0.744,False,False,0,True,0.853,False,Low
STU000279,18,Foundation,International,Day,0.864,0.923,87.5,0.94,False,False,0,True,0.931,True,Low
STU000280,18,Foundation,UK,Day,0.894,0.716,64.6,0.582,True,False,0,True,0.802,False,High
STU000281,18,Foundation,UK,Day,0.873,0.905,76.0,0.951,True,False,1,True,0.833,False,Low
STU000282,17,A-Level,International,Boarding,0.897,0.875,84.9,0.753,False,False,2,True,0.857,False,Low
STU000283,18,A-Level,International,Day,0.865,0.863,87.2,0.847,False,False,0,True,0.84,False,Low
STU000284,16,GCSE,UK,Day,0.891,0.91,77.8,0.827,True,False,1,True,0.921,True,Low
STU000285,16,A-Level,UK,Homestay,0.87,0.874,90.7,0.981,False,False,0,True,0.942,False,Low
STU000286,14,GCSE,International,Day,0.884,0.912,78.9,0.798,False,False,2,True,0.799,False,Low
STU000287,17,A-Level,International,Day,0.818,0.664,70.5,0.613,False,False,0,True,0.743,False,High
STU000288,16,A-Level,UK,Homestay,0.98,0.938,85.0,0.912,False,False,0,True,0.888,False,Low
STU000289,17,A-Level,UK,Day,1.0,0.676,69.3,0.48,False,False,0,True,0.786,False,Medium
STU000290,16,A-Level,International,Homestay,0.915,0.708,70.2,0.653,False,False,0,True,0.829,False,Medium
STU000291,15,GCSE,International,Day,0.866,0.855,100.0,0.65,False,False,0,True,0.71,False,Low
STU000292,14,GCSE,International,Day,0.965,0.906,88.4,0.512,False,False,0,True,0.94,False,Low
STU000293,18,Foundation,EU,Day,0.941,0.911,92.2,1.0,False,False,0,True,0.714,False,Low
STU000294,17,A-Level,International,Homestay,0.869,0.771,78.3,0.901,False,False,0,True,0.817,False,Low
STU000295,15,GCSE,UK,Homestay,0.981,0.871,77.6,0.825,False,False,0,True,0.775,False,Low
STU000296,18,A-Level,UK,Homestay,0.799,0.67,59.8,0.79,True,False,4,True,0.663,False,High
STU000297,19,Foundation,International,Day,0.81,0.884,79.8,0.788,False,False,0,True,1.0,False,Low
STU000298,15,GCSE,EU,Homestay,0.895,0.886,90.4,0.837,False,False,0,True,0.808,True,Low
STU000299,16,A-Level,International,Day,0.976,0.962,82.8,0.941,False,False,1,True,0.838,False,Low
STU000300,16,GCSE,UK,Day,0.907,0.725,78.6,0.565,False,False,1,True,0.992,False,Medium
STU000301,16,GCSE,International,Homestay,0.818,0.734,78.4,0.808,False,False,2,True,0.875,False,Medium
STU000302,18,A-Level,UK,Day,0.872,0.928,86.4,0.878,False,False,0,True,0.829,True,Low
STU000303,16,A-Level,International,Day,0.984,0.823,100.0,0.722,False,False,1,False,0.7,False,Low
STU000304,18,A-Level,UK,Day,0.919,0.725,79.9,0.736,False,False,0,True,0.818,True,Medium
STU000305,18,Foundation,International,Boarding,0.899,0.905,83.6,0.691,False,False,1,True,0.951,False,Low
STU000306,18,EAP,International,Day,0.891,1.0,83.3,0.838,False,False,1,False,0.785,False,Low
STU000307,18,A-Level,UK,Day,0.976,0.886,81.4,0.836,False,False,0,True,0.786,False,Low
STU000308,16,A-Level,UK,Homestay,0.971,0.89,77.8,0.81,False,False,1,True,0.779,True,Low
STU000309,19,Foundation,EU,Day,0.802,0.865,68.5,0.649,False,False,1,True,0.957,False,Medium
STU000310,17,A-Level,International,Day,0.966,0.89,86.2,0.949,False,False,0,True,0.806,False,Low
STU000311,18,A-Level,UK,Boarding,0.936,0.892,86.4,0.701,False,False,2,True,0.979,False,Low
STU000312,15,GCSE,UK,Homestay,1.0,0.843,72.4,0.846,False,False,2,True,0.684,False,Low
STU000313,16,GCSE,UK,Day,0.895,0.872,82.5,0.827,False,False,1,True,0.959,False,Low
STU000314,16,EAP,International,Boarding,0.979,0.718,71.9,0.635,False,False,1,True,0.854,False,Medium
STU000315,18,Foundation,UK,Day,0.933,0.835,88.9,0.84,False,False,0,True,0.857,False,Low
STU000316,17,A-Level,UK,Boarding,0.822,0.685,74.0,0.87,False,False,3,True,0.875,True,Medium
STU000317,17,A-Level,International,Day,0.971,0.891,91.0,0.785,False,False,0,True,0.798,False,Low
STU000318,14,GCSE,International,Day,0.957,0.91,82.7,0.868,False,False,0,True,0.913,False,Low
STU000319,15,GCSE,UK,Day,0.855,0.656,75.8,0.633,False,False,0,True,0.875,False,Medium
STU000320,16,A-Level,International,Homestay,0.92,1.0,89.0,0.891,False,False,0,False,0.62,False,Low
STU000321,17,A-Level,International,Boarding,1.0,0.822,84.9,0.664,False,False,0,True,0.879,False,Low
STU000322,18,Foundation,EU,Homestay,0.79,0.675,74.7,0.7,True,False,0,True,0.747,False,High
STU000323,18,A-Level,UK,Boarding,0.951,0.82,98.1,0.926,False,False,1,True,0.741,False,Low
STU000324,16,A-Level,International,Day,0.823,0.878,83.3,0.862,False,False,1,False,0.658,True,Low
STU000325,17,EAP,UK,Day,0.86,0.668,72.7,0.631,False,False,1,True,0.76,False,Medium
STU000326,18,Foundation,UK,Homestay,0.957,0.906,95.2,0.785,False,False,2,False,0.742,False,Low
STU000327,17,A-Level,UK,Boarding,0.918,0.719,72.2,0.691,False,False,2,True,0.757,True,Medium
STU000328,16,A-Level,International,Homestay,0.886,0.89,88.2,0.89,False,False,0,True,0.906,True,Low
STU000329,17,A-Level,EU,Day,1.0,0.851,80.6,0.791,False,False,0,True,0.983,False,Low
STU000330,16,GCSE,International,Day,0.835,0.828,77.8,0.724,False,False,1,True,0.895,False,Medium
STU000331,17,A-Level,UK,Day,0.858,0.661,67.7,0.764,True,False,1,True,0.809,False,High
STU000332,18,Foundation,International,Day,0.934,0.819,84.4,0.655,False,False,1,True,1.0,False,Low
STU000333,14,GCSE,International,Day,0.839,0.696,73.7,0.743,False,False,3,True,0.797,False,Medium
STU000334,15,GCSE,UK,Day,0.936,0.721,67.8,0.63,False,False,0,True,0.838,True,Medium
STU000335,14,GCSE,International,Boarding,0.975,0.869,74.5,0.71,False,False,1,False,0.973,True,Low
STU000336,16,GCSE,UK,Day,0.892,0.776,78.7,0.678,False,False,0,True,0.959,False,Medium
STU000337,18,Foundation,International,Day,0.852,0.842,88.9,0.821,False,False,1,True,0.889,False,Low
STU000338,18,Foundation,UK,Boarding,0.878,0.827,66.0,0.68,False,False,0,True,0.82,False,Medium
STU000339,17,A-Level,EU,Day,0.713,0.679,67.3,0.614,False,False,5,True,0.841,True,High
STU000340,16,GCSE,International,Boarding,0.914,0.753,70.2,0.742,True,False,1,True,0.705,False,Medium
STU000341,16,A-Level,International,Day,0.919,0.805,90.1,0.93,False,False,0,True,0.828,False,Low
STU000342,17,A-Level,UK,Homestay,0.888,0.996,79.8,0.802,False,False,0,True,0.817,False,Low
STU000343,14,GCSE,UK,Boarding,0.783,0.824,78.9,0.818,False,False,3,True,0.827,False,Medium
STU000344,17,A-Level,UK,Homestay,0.978,0.754,67.8,0.535,False,False,1,True,0.915,True,Medium
STU000345,18,A-Level,International,Boarding,0.869,0.831,91.5,0.913,False,False,1,True,0.713,False,Low
STU000346,17,A-Level,EU,Day,0.94,0.807,73.3,0.67,False,False,1,True,0.948,False,Medium
STU000347,17,A-Level,UK,Day,0.899,0.777,86.2,0.682,False,False,0,True,0.799,False,Low
STU000348,16,GCSE,UK,Boarding,0.787,0.863,82.5,0.917,False,False,2,True,0.85,False,Low
STU000349,17,A-Level,International,Boarding,0.989,0.825,77.9,0.815,False,False,0,False,0.727,False,Low
STU000350,17,A-Level,EU,Boarding,0.905,0.872,79.8,0.644,True,False,0,False,0.673,True,Medium
STU000351,17,A-Level,UK,Day,0.953,0.867,87.8,0.706,False,False,0,True,0.808,True,Low
STU000352,18,Foundation,UK,Boarding,0.922,0.622,85.0,0.629,False,False,1,True,0.763,False,Medium
STU000353,16,A-Level,UK,Boarding,0.816,0.778,80.6,0.719,False,False,0,True,0.967,False,Medium
STU000354,16,GCSE,International,Boarding,0.961,0.886,88.2,0.722,False,False,1,True,0.836,False,Low
STU000355,15,GCSE,International,Day,1.0,0.789,90.1,0.86,False,False,0,True,0.875,False,Low
STU000356,16,A-Level,International,Homestay,0.908,0.983,65.9,0.965,False,False,1,True,0.812,False,Low
STU000357,16,GCSE,EU,Day,0.909,0.795,79.9,0.589,False,False,2,True,0.844,True,Medium
STU000358,17,A-Level,International,Day,0.823,0.682,82.3,0.792,False,False,1,True,0.717,True,Medium
STU000359,16,EAP,UK,Homestay,0.726,0.63,66.4,0.543,False,True,3,True,0.648,True,High
STU000360,17,A-Level,UK,Day,0.875,0.721,74.3,0.796,False,False,1,True,0.795,False,Medium
STU000361,18,A-Level,International,Boarding,1.0,0.881,78.4,0.659,False,False,3,True,0.92,True,Low
STU000362,18,A-Level,UK,Day,0.923,0.632,67.6,0.579,True,False,0,True,0.683,False,High
STU000363,18,A-Level,UK,Day,0.895,0.828,84.3,1.0,False,False,2,True,0.753,False,Low
STU000364,18,A-Level,International,Day,0.93,0.925,90.5,1.0,False,False,0,True,0.939,True,Low
STU000365,16,EAP,UK,Day,0.815,0.905,79.8,0.682,False,False,1,True,0.719,False,Medium
STU000366,17,A-Level,International,Day,0.908,1.0,94.9,0.987,False,False,1,True,0.686,False,Low
STU000367,19,EAP,International,Day,0.863,0.723,68.2,0.784,False,False,0,True,0.736,False,Medium
STU000368,17,EAP,EU,Boarding,0.904,0.666,79.7,0.642,False,False,1,True,0.71,False,Medium
STU000369,15,GCSE,UK,Boarding,0.881,0.771,88.5,0.804,False,False,0,True,0.772,False,Low
STU000370,15,GCSE,UK,Homestay,0.844,0.633,59.5,0.783,True,False,2,True,0.855,False,High
STU000371,15,GCSE,UK,Homestay,0.97,0.942,84.9,0.857,False,False,0,True,0.863,True,Low
STU000372,16,GCSE,UK,Day,1.0,0.834,86.3,0.577,False,False,0,True,0.832,False,Low
STU000373,15,GCSE,International,Homestay,0.888,0.81,80.1,0.592,False,False,0,True,0.867,False,Medium
STU000374,17,A-Level,UK,Boarding,0.999,0.918,80.9,0.912,False,False,1,True,0.869,False,Low
STU000375,16,GCSE,UK,Day,0.813,0.699,75.5,0.558,False,False,2,True,0.839,False,Medium
STU000376,17,A-Level,EU,Boarding,0.894,0.767,68.0,0.874,False,False,1,True,0.937,False,Medium
STU000377,17,Foundation,EU,Day,0.761,0.736,71.5,0.679,False,True,1,True,0.909,False,High
STU000378,15,GCSE,International,Boarding,0.878,0.807,85.1,0.528,False,False,2,False,0.763,False,Medium
STU000379,19,Foundation,UK,Day,0.95,0.753,77.8,0.649,False,False,0,True,0.903,False,Medium
STU000380,17,A-Level,International,Day,0.978,0.911,92.6,0.845,False,False,0,True,0.659,False,Low
STU000381,16,GCSE,EU,Day,0.846,0.794,81.2,0.771,False,False,0,True,0.892,False,Low
STU000382,17,A-Level,UK,Day,0.932,0.86,81.1,0.957,False,False,1,True,0.991,True,Low
STU000383,17,A-Level,UK,Homestay,0.986,0.903,82.1,0.796,False,False,0,True,0.801,False,Low
STU000384,19,Foundation,UK,Homestay,0.976,1.0,86.5,0.795,False,False,0,True,0.824,False,Low
STU000385,19,Foundation,International,Day,0.918,1.0,89.2,1.0,False,False,0,True,0.776,False,Low
STU000386,17,Foundation,UK,Day,0.835,0.671,76.4,0.655,False,True,1,True,0.734,True,High
STU000387,16,A-Level,International,Day,0.852,0.773,87.5,0.699,False,False,0,False,0.464,True,Medium
STU000388,16,GCSE,EU,Homestay,0.841,0.843,86.2,0.765,False,False,1,False,0.745,True,Medium
STU000389,19,Foundation,International,Day,0.898,0.781,88.4,0.677,False,False,2,True,0.826,True,Low
STU000390,19,Foundation,UK,Homestay,0.842,0.701,78.7,0.813,False,False,3,True,1.0,False,Medium
STU000391,19,EAP,UK,Boarding,0.873,0.708,54.0,0.75,True,False,0,True,0.72,True,High
STU000392,17,A-Level,UK,Homestay,0.884,0.864,80.2,0.863,True,False,2,True,0.918,False,Low
STU000393,17,A-Level,UK,Boarding,0.879,0.928,72.5,0.695,False,True,1,True,0.864,False,Medium
STU000394,18,Foundation,International,Boarding,0.771,0.655,75.3,0.65,False,False,0,True,0.693,True,High
STU000395,16,A-Level,UK,Boarding,0.902,0.824,84.0,0.986,False,False,0,True,0.803,True,Low
STU000396,18,EAP,UK,Homestay,0.868,0.938,88.1,0.893,False,False,1,True,0.958,False,Low
STU000397,18,Foundation,UK,Homestay,1.0,0.953,91.2,0.96,False,False,1,True,0.624,False,Low
STU000398,17,A-Level,UK,Boarding,0.81,0.76,73.9,0.815,False,False,2,True,0.829,True,Medium
STU000399,18,Foundation,International,Boarding,0.886,0.762,71.7,0.698,False,False,1,True,0.878,True,Medium
STU000400,18,Foundation,International,Homestay,0.927,0.778,75.4,0.682,False,False,1,True,0.877,False,Medium
STU000401,14,GCSE,International,Homestay,0.832,0.771,77.6,0.59,False,False,2,True,0.903,True,Medium
STU000402,17,EAP,UK,Boarding,0.999,0.804,87.8,0.73,True,False,0,True,0.769,False,Low
STU000403,16,A-Level,International,Day,1.0,0.805,89.2,0.944,False,False,1,True,0.85,False,Low
STU000404,17,Foundation,International,Day,0.84,0.77,95.5,0.755,False,False,1,True,0.757,False,Low
STU000405,18,A-Level,UK,Homestay,0.859,0.973,90.4,0.849,False,False,1,True,0.791,True,Low
STU000406,17,Foundation,UK,Day,1.0,1.0,93.2,0.929,False,False,0,True,0.893,False,Low
STU000407,17,A-Level,International,Day,0.998,1.0,100.0,0.991,False,False,0,True,0.931,False,Low
STU000408,15,GCSE,EU,Day,0.874,0.754,69.2,0.82,False,False,0,True,0.742,False,Medium
STU000409,18,EAP,International,Boarding,0.93,0.885,80.5,0.844,False,False,1,True,0.855,True,Low
STU000410,14,GCSE,UK,Boarding,0.803,0.751,76.6,0.535,False,False,2,True,0.928,False,Medium
STU000411,17,A-Level,UK,Day,1.0,0.956,86.6,1.0,False,False,0,True,0.744,False,Low
STU000412,18,EAP,International,Day,0.905,0.976,98.8,0.935,False,False,1,True,0.875,True,Low
STU000413,17,EAP,International,Boarding,0.941,0.805,80.0,0.874,False,False,0,True,0.794,False,Low
STU000414,17,A-Level,EU,Homestay,0.804,0.774,78.3,0.737,False,True,2,True,0.805,True,Medium
STU000415,18,A-Level,International,Day,0.82,0.624,69.1,0.506,False,False,2,True,0.867,True,High
STU000416,18,A-Level,UK,Day,0.932,0.965,100.0,0.82,False,False,0,True,0.75,False,Low
STU000417,17,A-Level,International,Boarding,1.0,0.84,88.6,0.736,False,False,2,True,0.753,True,Low
STU000418,16,A-Level,International,Homestay,0.862,0.688,76.1,0.541,False,False,0,True,0.797,False,Medium
STU000419,17,A-Level,International,Boarding,0.831,0.65,69.8,0.666,False,False,4,True,0.978,False,Medium
STU000420,18,Foundation,UK,Boarding,0.921,0.91,81.2,0.824,False,False,1,True,0.801,True,Low
STU000421,17,Foundation,UK,Homestay,1.0,0.935,89.3,0.875,False,False,1,True,0.974,False,Low
STU000422,18,Foundation,International,Day,0.855,0.733,78.5,0.623,False,False,1,True,0.892,False,Medium
STU000423,15,GCSE,EU,Day,0.883,0.771,77.7,0.564,False,False,0,True,1.0,False,Medium
STU000424,17,A-Level,EU,Boarding,0.959,0.915,74.7,0.745,False,False,0,True,0.771,False,Low
STU000425,16,GCSE,International,Homestay,0.918,0.782,75.3,0.779,True,False,1,True,0.971,True,Medium
STU000426,18,A-Level,EU,Boarding,0.792,0.702,65.6,0.578,True,True,4,True,0.743,False,High
STU000427,17,A-Level,EU,Homestay,0.931,0.776,68.6,0.664,True,False,0,True,0.865,False,Medium
STU000428,19,Foundation,UK,Boarding,0.894,0.616,74.5,0.749,True,False,6,True,0.824,False,Medium
STU000429,16,A-Level,UK,Boarding,0.901,0.806,75.5,0.657,False,False,0,True,1.0,False,Medium
STU000430,16,GCSE,UK,Day,0.963,0.612,76.0,0.523,False,False,2,True,0.82,False,Medium
STU000431,14,GCSE,International,Day,0.954,0.848,82.1,0.796,False,False,1,True,0.829,False,Low
STU000432,17,Foundation,UK,Boarding,0.827,0.734,72.8,0.542,False,False,0,True,0.762,False,Medium
STU000433,17,A-Level,EU,Day,1.0,0.74,83.5,0.84,False,False,1,True,0.759,False,Low
STU000434,15,GCSE,International,Day,0.924,0.808,84.0,0.719,False,False,0,True,0.794,False,Low
STU000435,16,GCSE,International,Homestay,0.996,0.82,89.0,0.751,False,False,0,True,0.815,False,Low
STU000436,18,Foundation,International,Homestay,0.904,0.748,68.5,0.654,False,False,1,False,0.715,False,Medium
STU000437,15,GCSE,UK,Day,0.822,0.732,64.3,0.613,True,True,5,True,0.795,False,High
STU000438,18,Foundation,International,Boarding,0.895,0.894,79.3,0.654,True,False,1,True,0.855,True,Medium
STU000439,18,Foundation,UK,Day,0.938,0.981,100.0,1.0,False,False,1,True,0.798,True,Low
STU000440,15,GCSE,UK,Day,1.0,0.825,88.4,0.684,False,False,0,True,0.873,False,Low
STU000441,15,GCSE,UK,Boarding,0.933,0.762,82.8,0.874,False,False,3,True,0.93,False,Low
STU000442,18,EAP,UK,Boarding,0.898,0.908,74.3,0.736,False,False,0,True,0.893,False,Low
STU000443,18,A-Level,UK,Day,0.971,0.85,83.2,0.816,False,False,0,True,0.859,False,Low
STU000444,18,A-Level,International,Day,0.93,0.691,94.0,0.769,False,False,0,True,0.741,False,Low
STU000445,18,Foundation,UK,Day,1.0,0.782,72.6,0.81,False,False,3,True,0.767,True,Low
STU000446,18,EAP,International,Homestay,0.92,0.729,77.6,0.791,False,False,0,True,0.905,False,Low
STU000447,17,EAP,UK,Boarding,0.987,0.804,93.8,0.874,False,False,1,True,0.84,False,Low
STU000448,18,Foundation,UK,Day,0.912,0.934,100.0,0.916,True,False,4,True,0.705,False,Low
STU000449,17,A-Level,EU,Day,0.757,0.678,67.9,0.555,False,False,1,True,0.648,False,High
STU000450,16,GCSE,International,Boarding,0.848,0.725,76.3,0.5,False,False,1,True,0.91,False,Medium
STU000451,18,Foundation,International,Boarding,0.869,0.536,76.8,0.672,False,False,2,True,0.876,False,Medium
STU000452,18,A-Level,International,Homestay,0.795,0.808,82.0,0.723,False,False,1,True,0.888,False,Medium
STU000453,18,A-Level,International,Day,0.806,0.722,73.2,0.628,True,False,1,True,0.779,False,High
STU000454,19,EAP,International,Homestay,0.76,0.596,80.0,0.88,True,False,2,False,0.678,False,High
STU000455,16,GCSE,International,Day,0.822,0.719,86.2,0.87,False,False,1,False,0.679,False,Medium
STU000456,17,A-Level,International,Day,0.917,0.887,85.8,0.708,False,False,0,True,0.871,False,Low
STU000457,15,GCSE,UK,Day,1.0,0.888,100.0,0.965,False,False,0,True,0.985,True,Low
STU000458,17,A-Level,EU,Boarding,0.736,0.752,71.2,0.688,True,False,3,True,0.648,False,High
STU000459,14,GCSE,UK,Homestay,0.815,0.711,74.3,0.609,False,False,1,True,0.777,False,Medium
STU000460,15,GCSE,UK,Boarding,0.863,0.729,74.7,0.704,False,False,0,True,0.738,False,Medium
STU000461,15,GCSE,EU,Boarding,0.89,0.772,61.6,0.707,False,False,2,True,1.0,False,Medium
STU000462,17,A-Level,UK,Day,0.792,0.544,69.1,0.618,False,False,3,True,0.837,True,High
STU000463,19,Foundation,UK,Day,0.794,0.752,71.3,0.661,False,True,3,False,0.595,False,High
STU000464,18,A-Level,UK,Boarding,0.845,0.698,68.0,0.784,False,False,3,True,0.806,True,Medium
STU000465,17,EAP,International,Boarding,0.922,0.675,72.5,0.767,False,False,3,True,0.744,True,Medium
STU000466,17,A-Level,UK,Boarding,0.93,0.694,84.5,0.734,False,False,3,True,0.726,False,Medium
STU000467,17,A-Level,UK,Day,0.889,0.718,67.6,0.725,False,False,1,True,0.759,False,Medium
STU000468,18,Foundation,International,Day,0.874,0.841,80.5,0.753,False,False,0,True,0.643,False,Medium
STU000469,16,GCSE,EU,Day,0.85,0.748,84.6,0.823,False,False,0,True,0.755,False,Low
STU000470,18,EAP,UK,Homestay,0.904,0.85,73.2,0.707,False,False,0,True,0.705,False,Medium
STU000471,15,GCSE,UK,Boarding,0.832,0.838,79.8,0.732,False,False,1,True,0.993,False,Medium
STU000472,19,EAP,UK,Day,1.0,0.895,86.6,0.668,False,False,0,True,0.788,False,Low
STU000473,16,GCSE,UK,Day,0.795,0.855,82.9,0.625,False,False,0,False,0.671,False,Medium
STU000474,17,Foundation,UK,Day,0.854,0.765,77.4,0.607,False,False,1,False,0.787,False,Medium
STU000475,17,A-Level,UK,Day,0.961,0.969,94.0,0.977,False,False,0,True,0.806,False,Low
STU000476,17,EAP,International,Boarding,0.872,0.764,75.9,0.809,False,False,5,True,0.678,False,Medium
STU000477,15,GCSE,EU,Homestay,0.947,0.623,78.1,0.705,False,False,1,False,0.604,False,Medium
STU000478,16,A-Level,International,Boarding,1.0,0.812,85.6,0.592,False,False,2,True,0.819,True,Low
STU000479,18,EAP,UK,Day,0.958,0.69,67.0,0.671,False,False,2,True,0.904,False,Medium
STU000480,17,A-Level,UK,Boarding,0.816,0.683,78.9,0.819,False,False,1,True,0.81,False,Medium
STU000481,17,A-Level,International,Boarding,0.755,0.594,86.4,0.697,True,False,1,True,0.793,False,High
STU000482,17,A-Level,UK,Day,0.887,0.781,72.2,0.576,False,False,1,True,0.739,False,Medium
STU000483,17,A-Level,International,Homestay,0.931,0.835,80.2,0.597,False,False,2,False,0.765,False,Low
STU000484,16,A-Level,EU,Homestay,0.984,0.956,86.0,1.0,False,False,0,True,0.804,False,Low
STU000485,16,A-Level,International,Day,0.845,0.749,88.4,0.893,False,False,3,True,0.845,False,Low
STU000486,19,EAP,UK,Boarding,0.866,0.797,84.0,0.825,False,False,1,True,0.739,False,Medium
STU000487,14,GCSE,UK,Boarding,0.813,0.792,71.4,0.661,True,False,5,True,0.858,False,Medium
STU000488,18,A-Level,International,Boarding,0.881,0.766,83.7,0.726,False,False,1,True,0.884,True,Low
STU000489,18,EAP,International,Day,0.978,0.776,81.4,0.689,False,True,3,False,0.577,False,Medium
STU000490,18,Foundation,UK,Day,0.846,0.874,71.7,0.811,True,False,2,False,0.611,False,Medium
STU000491,16,A-Level,International,Day,0.911,0.987,88.8,0.736,False,False,0,True,0.756,False,Low
STU000492,16,A-Level,UK,Boarding,0.964,0.856,88.0,0.871,False,False,0,True,0.915,False,Low
STU000493,16,A-Level,UK,Day,1.0,0.72,80.2,0.751,False,False,1,True,0.933,False,Low
STU000494,14,GCSE,EU,Boarding,0.848,0.73,72.6,0.711,True,False,1,True,0.636,False,High
STU000495,17,A-Level,International,Boarding,0.988,0.812,88.0,0.737,False,False,0,True,0.831,False,Low
STU000496,16,A-Level,International,Day,1.0,0.992,79.4,0.808,False,False,1,False,0.694,False,Low
STU000497,17,A-Level,UK,Boarding,0.892,0.738,76.3,0.847,False,False,0,True,0.79,False,Low
STU000498,15,GCSE,UK,Day,0.861,0.675,74.4,0.653,False,False,1,True,0.836,True,Medium
STU000499,17,EAP,International,Day,1.0,0.92,86.9,1.0,False,False,0,True,0.921,False,Low
STU000500,16,EAP,UK,Day,0.978,0.904,84.9,0.771,False,False,0,True,0.907,False,Low
STU000501,16,A-Level,UK,Homestay,0.901,0.729,76.0,0.772,False,False,3,True,0.925,True,Medium
STU000502,16,A-Level,EU,Boarding,0.945,0.988,97.6,0.941,False,False,0,True,0.95,True,Low
STU000503,17,A-Level,UK,Day,0.827,0.791,80.6,0.896,False,False,3,True,0.831,False,Low
STU000504,18,Foundation,EU,Homestay,0.978,0.769,95.4,0.876,False,False,1,True,0.922,False,Low
STU000505,17,A-Level,UK,Boarding,0.774,0.673,72.7,0.731,False,False,0,True,0.869,True,Medium
STU000506,15,GCSE,International,Day,0.975,0.74,88.3,0.777,False,False,0,False,0.786,True,Low
STU000507,18,EAP,International,Day,0.849,0.757,84.9,0.945,False,False,1,True,0.733,False,Low
STU000508,18,Foundation,UK,Day,0.784,0.946,93.4,0.848,False,False,1,True,0.855,False,Low
STU000509,18,EAP,UK,Boarding,0.76,0.802,76.6,0.873,False,False,1,True,0.842,True,Medium
STU000510,18,Foundation,UK,Boarding,0.826,0.892,82.7,0.917,True,False,0,True,0.909,False,Low
STU000511,16,A-Level,UK,Day,0.95,0.827,74.5,0.832,False,False,2,True,0.824,False,Low
STU000512,17,A-Level,International,Day,0.803,0.775,65.3,0.662,False,False,0,True,0.793,False,Medium
STU000513,17,EAP,International,Day,0.814,0.725,82.7,0.808,False,False,0,True,0.866,False,Medium
STU000514,18,Foundation,International,Day,0.865,0.937,78.6,0.776,False,False,0,True,0.817,False,Low
STU000515,15,GCSE,International,Boarding,0.957,0.805,88.4,0.738,False,False,0,True,0.919,False,Low
STU000516,15,GCSE,UK,Day,0.965,0.753,79.4,0.716,False,False,1,True,0.78,True,Low
STU000517,17,A-Level,UK,Boarding,0.91,0.737,86.1,0.825,False,False,1,True,0.929,False,Low
STU000518,18,Foundation,International,Homestay,0.969,0.801,90.0,0.892,False,False,0,True,0.728,False,Low
STU000519,18,EAP,International,Day,0.948,0.722,61.7,0.743,False,False,0,True,0.884,False,Medium
STU000520,15,GCSE,EU,Day,0.871,0.934,81.5,0.76,False,False,0,True,0.843,False,Low
STU000521,17,A-Level,UK,Day,0.964,0.908,81.6,0.978,False,False,1,True,0.908,False,Low
STU000522,17,A-Level,International,Day,0.81,0.691,50.4,0.625,False,False,1,True,0.731,True,High
STU000523,19,EAP,UK,Boarding,0.934,1.0,86.4,0.985,False,False,1,True,0.838,False,Low
STU000524,18,Foundation,International,Boarding,0.749,0.748,57.5,0.565,True,False,4,True,0.831,False,High
STU000525,18,Foundation,International,Day,0.91,0.742,79.8,0.833,False,False,1,True,0.931,False,Low
STU000526,17,A-Level,UK,Day,0.985,0.883,76.3,0.58,False,False,0,True,0.943,False,Low
STU000527,17,A-Level,International,Day,0.915,0.819,86.1,0.838,False,False,0,True,0.783,False,Low
STU000528,16,A-Level,International,Day,0.899,0.785,79.8,0.728,False,False,0,False,0.565,False,Medium
STU000529,16,GCSE,International,Boarding,0.916,0.678,79.2,0.533,False,False,2,True,0.742,True,Medium
STU000530,17,Foundation,EU,Day,0.946,0.814,87.6,0.749,False,False,1,True,0.768,True,Low
STU000531,18,Foundation,UK,Boarding,1.0,0.902,95.9,1.0,False,False,1,True,0.707,True,Low
STU000532,18,EAP,EU,Boarding,0.946,0.856,87.6,0.894,False,False,0,True,0.791,False,Low
STU000533,19,EAP,UK,Day,0.865,0.777,77.0,0.803,False,False,1,True,0.807,False,Medium
STU000534,16,A-Level,UK,Boarding,0.885,0.861,79.1,0.812,False,False,0,True,0.869,False,Low
STU000535,18,Foundation,UK,Homestay,0.837,0.868,78.0,0.878,False,False,2,True,1.0,True,Low
STU000536,17,EAP,International,Day,0.813,0.856,81.7,0.949,False,False,0,True,0.809,True,Low
STU000537,18,Foundation,UK,Day,0.676,0.717,72.7,0.607,True,False,0,True,0.952,False,High
STU000538,14,GCSE,UK,Day,0.81,0.809,79.5,0.716,True,False,0,True,0.715,False,Medium
STU000539,17,A-Level,UK,Boarding,0.802,0.873,69.4,0.768,False,False,1,True,0.928,False,Medium
STU000540,15,GCSE,International,Day,0.907,0.749,80.0,0.751,False,False,1,True,0.883,False,Low
STU000541,16,EAP,International,Homestay,0.864,0.703,77.0,0.767,False,False,0,True,0.786,False,Medium
STU000542,17,A-Level,UK,Boarding,0.824,0.858,75.4,0.913,False,False,2,True,0.839,False,Low
STU000543,15,GCSE,International,Homestay,0.753,0.752,79.3,0.7,False,False,1,True,0.871,False,Medium
STU000544,17,A-Level,UK,Day,0.876,0.653,85.7,0.598,False,False,1,True,0.746,False,Medium
STU000545,18,A-Level,EU,Homestay,0.777,0.617,61.2,0.351,False,False,2,True,0.75,False,High
STU000546,17,A-Level,International,Day,0.913,0.678,74.2,0.818,True,False,2,True,0.763,False,Medium
STU000547,16,GCSE,International,Day,0.918,0.762,81.9,0.691,False,False,1,True,0.859,True,Low
STU000548,18,A-Level,UK,Homestay,0.884,0.686,93.2,0.73,False,False,2,True,0.711,False,Medium
STU000549,17,A-Level,International,Day,1.0,0.923,94.2,0.849,False,False,0,True,0.822,False,Low
STU000550,17,Foundation,International,Homestay,0.901,0.969,85.0,1.0,False,False,1,True,0.847,False,Low
STU000551,17,A-Level,EU,Day,0.927,0.722,76.2,0.93,False,False,0,True,0.849,False,Low
STU000552,18,Foundation,EU,Homestay,0.948,0.59,75.5,0.779,False,False,2,True,0.805,False,Medium
STU000553,17,A-Level,UK,Boarding,0.864,0.946,84.3,0.826,False,False,0,False,0.749,False,Low
STU000554,17,A-Level,EU,Boarding,0.864,0.662,78.8,0.667,False,False,1,True,0.696,False,Medium
STU000555,18,Foundation,UK,Day,0.903,0.814,82.8,0.879,False,False,0,True,0.769,False,Low
STU000556,17,A-Level,International,Day,0.806,0.624,71.4,0.614,False,False,2,True,0.854,True,High
STU000557,14,GCSE,UK,Boarding,0.966,0.9,74.6,0.759,True,False,1,True,0.829,False,Low
STU000558,16,GCSE,International,Boarding,0.911,0.892,82.3,0.766,False,False,1,True,0.88,False,Low
STU000559,18,Foundation,UK,Day,0.886,0.732,79.3,0.652,False,False,0,True,0.87,False,Medium
STU000560,18,A-Level,UK,Day,1.0,0.896,100.0,0.729,False,False,1,True,0.818,True,Low
STU000561,17,Foundation,UK,Day,0.823,0.688,69.8,0.489,False,False,2,True,0.833,False,High
STU000562,16,GCSE,UK,Day,1.0,0.868,86.2,0.734,False,False,1,True,0.77,False,Low
STU000563,14,GCSE,EU,Day,0.907,0.907,76.6,0.872,False,True,1,True,0.773,False,Low
STU000564,14,GCSE,International,Homestay,0.978,0.94,85.2,1.0,False,False,0,True,0.827,False,Low
STU000565,16,A-Level,International,Day,0.888,0.829,87.4,0.928,False,False,0,True,0.89,True,Low
STU000566,17,A-Level,EU,Day,0.904,0.862,84.6,0.71,False,False,0,True,0.835,True,Low
STU000567,18,A-Level,International,Homestay,0.876,0.804,70.2,0.743,False,False,0,True,0.769,True,Medium
STU000568,17,A-Level,UK,Day,0.897,0.748,63.6,0.717,True,False,3,False,0.597,False,High
STU000569,19,EAP,UK,Boarding,0.927,0.843,89.4,0.792,False,False,1,True,0.844,False,Low
STU000570,17,A-Level,UK,Boarding,0.861,0.779,74.9,0.854,False,False,2,True,0.864,True,Low
STU000571,17,A-Level,International,Boarding,0.776,0.525,58.3,0.6,True,True,4,True,0.645,False,High
STU000572,19,Foundation,UK,Boarding,0.899,0.837,86.9,0.959,False,False,0,True,0.885,True,Low
STU000573,17,A-Level,UK,Boarding,0.83,0.744,73.2,0.715,True,False,6,True,0.979,False,Medium
STU000574,17,A-Level,EU,Day,1.0,0.807,79.4,0.66,False,False,0,True,0.859,True,Low
STU000575,19,Foundation,International,Boarding,0.957,0.763,85.7,0.799,False,False,1,True,0.857,False,Low
STU000576,19,EAP,International,Boarding,0.91,0.697,82.8,0.814,True,False,3,True,0.704,True,Medium
STU000577,16,GCSE,International,Day,0.916,0.759,81.1,0.86,False,False,0,True,1.0,False,Low
STU000578,19,EAP,International,Day,0.842,0.813,71.4,0.869,False,False,0,True,0.808,False,Low
STU000579,16,A-Level,EU,Homestay,0.882,0.85,69.1,0.67,True,False,0,True,0.783,True,Medium
STU000580,18,A-Level,International,Boarding,0.753,0.593,77.8,0.627,False,False,0,True,0.843,False,High
STU000581,17,A-Level,International,Day,0.912,0.955,83.4,0.968,False,False,1,True,0.773,True,Low
STU000582,19,EAP,UK,Homestay,0.843,0.681,82.2,0.783,False,False,0,True,0.768,False,Medium
STU000583,17,A-Level,UK,Boarding,0.838,0.775,65.4,0.591,False,False,2,True,0.932,True,Medium
STU000584,17,A-Level,UK,Homestay,0.868,0.704,66.1,0.67,False,False,2,True,0.898,False,Medium
STU000585,17,A-Level,EU,Homestay,0.817,0.616,66.1,0.444,True,False,1,True,0.668,False,High
STU000586,15,GCSE,International,Day,0.85,0.689,62.3,0.459,True,False,2,True,0.742,False,High
STU000587,14,GCSE,UK,Boarding,0.955,0.815,90.1,0.696,False,False,1,True,0.774,True,Low
STU000588,16,GCSE,UK,Boarding,0.888,0.773,76.6,0.634,False,False,0,True,0.974,False,Medium
STU000589,16,GCSE,International,Homestay,0.893,0.769,70.8,0.649,False,False,2,True,0.89,False,Medium
STU000590,14,GCSE,EU,Boarding,0.802,0.922,73.0,0.783,False,False,1,True,0.736,False,Medium
STU000591,16,GCSE,EU,Day,0.743,0.579,76.9,0.714,True,False,3,True,0.858,False,High
STU000592,17,A-Level,International,Day,0.92,0.752,75.5,0.624,False,False,2,True,0.904,False,Medium
STU000593,15,GCSE,EU,Day,0.944,0.918,88.2,0.982,False,False,2,True,0.698,False,Low
STU000594,17,A-Level,International,Homestay,0.882,0.729,76.0,0.759,False,False,3,True,0.857,False,Medium
STU000595,19,Foundation,UK,Homestay,0.965,0.924,88.0,0.815,False,False,0,True,0.853,True,Low
STU000596,17,A-Level,UK,Day,0.767,0.607,65.1,0.544,True,False,2,True,0.834,False,High
STU000597,17,A-Level,UK,Boarding,0.928,0.875,82.8,0.732,False,False,0,True,0.81,True,Low
STU000598,15,GCSE,EU,Homestay,0.84,0.866,72.0,0.952,False,False,0,True,0.711,False,Low
STU000599,14,GCSE,International,Day,0.835,0.677,76.7,0.576,False,False,4,True,0.706,False,High
STU000600,15,GCSE,International,Day,0.846,0.916,80.2,0.743,False,False,0,True,0.937,False,Low
STU000601,14,GCSE,International,Day,0.894,0.623,80.5,0.667,False,False,2,True,0.782,True,Medium
STU000602,16,A-Level,UK,Homestay,0.931,0.789,88.4,0.552,False,False,1,False,0.701,False,Medium
STU000603,15,GCSE,International,Boarding,0.925,0.853,78.7,0.562,False,False,1,True,0.749,False,Medium
STU000604,16,GCSE,International,Day,0.823,0.661,70.9,0.774,False,True,0,True,0.667,False,High
STU000605,15,GCSE,UK,Day,0.944,0.742,73.5,0.548,False,False,4,True,0.719,True,Medium
STU000606,16,A-Level,International,Boarding,1.0,0.849,73.0,0.652,False,False,2,True,0.807,False,Low
STU000607,15,GCSE,UK,Homestay,0.892,0.764,90.2,0.83,False,False,0,True,0.911,False,Low
STU000608,18,A-Level,UK,Boarding,0.907,0.89,81.8,0.842,False,False,0,True,0.638,False,Low
STU000609,17,A-Level,International,Day,0.857,0.897,83.2,0.743,False,False,2,True,0.788,True,Low
STU000610,18,A-Level,International,Day,0.797,0.67,54.6,0.527,True,False,1,True,0.664,False,High
STU000611,15,GCSE,UK,Homestay,0.914,0.862,68.4,0.558,True,False,0,True,0.745,True,Medium
STU000612,19,Foundation,EU,Day,0.931,0.621,52.4,0.607,True,False,0,True,0.852,False,High
STU000613,16,A-Level,International,Day,0.886,0.774,79.6,0.733,False,False,0,True,0.938,False,Medium
STU000614,15,GCSE,International,Homestay,0.934,0.729,73.8,0.827,False,False,0,False,0.832,False,Low
STU000615,18,Foundation,UK,Homestay,0.964,0.801,78.6,0.763,False,False,1,True,0.836,False,Low
STU000616,18,EAP,UK,Boarding,0.869,0.891,85.6,0.897,False,False,1,True,0.783,False,Low
STU000617,16,GCSE,UK,Boarding,0.809,0.84,70.6,0.887,False,False,1,True,0.889,True,Low
STU000618,18,A-Level,International,Day,0.948,0.812,79.0,0.824,False,False,0,True,0.774,False,Low
STU000619,17,Foundation,UK,Day,0.915,0.758,74.9,0.641,False,True,0,True,0.731,False,High
STU000620,17,Foundation,EU,Day,0.912,0.608,72.1,0.765,True,False,2,True,0.895,False,Medium
STU000621,15,GCSE,EU,Boarding,0.817,0.751,57.7,0.812,True,False,2,True,0.721,True,High
STU000622,15,GCSE,International,Day,1.0,0.956,89.3,0.704,False,False,1,True,0.946,False,Low
STU000623,17,A-Level,International,Homestay,0.92,0.664,67.3,0.685,False,False,0,True,0.719,True,Medium
STU000624,18,A-Level,International,Day,0.782,0.712,72.2,0.79,True,False,2,True,0.829,False,Medium
STU000625,18,A-Level,UK,Boarding,0.788,0.777,74.0,0.532,False,False,3,True,0.808,False,Medium
STU000626,17,A-Level,UK,Boarding,0.879,0.722,87.1,0.769,False,False,2,True,0.814,False,Low
STU000627,18,A-Level,International,Boarding,0.849,0.694,69.0,0.63,True,False,4,True,0.722,False,High
STU000628,18,Foundation,International,Day,0.88,0.879,78.2,0.724,False,False,1,True,0.9,False,Low
STU000629,14,GCSE,International,Homestay,1.0,1.0,85.6,0.984,False,False,0,True,0.923,False,Low
STU000630,17,A-Level,International,Day,0.928,0.823,83.2,0.71,False,False,0,True,0.947,False,Low
STU000631,18,Foundation,International,Boarding,0.832,0.81,68.6,0.769,False,False,2,False,0.619,True,Medium
STU000632,18,Foundation,International,Boarding,0.683,0.596,59.6,0.781,True,False,1,True,0.852,False,High
STU000633,16,A-Level,International,Day,0.916,0.785,56.5,0.609,False,False,0,True,0.915,False,Medium
STU000634,17,A-Level,International,Boarding,0.925,0.775,68.1,0.818,True,False,1,True,0.625,False,Medium
STU000635,15,GCSE,UK,Boarding,0.995,0.793,85.0,0.679,True,False,1,True,0.836,False,Medium
STU000636,18,A-Level,UK,Homestay,0.886,0.775,70.0,0.595,False,False,1,True,0.926,False,Medium
STU000637,17,A-Level,International,Homestay,1.0,0.828,80.8,0.741,False,False,1,True,0.862,True,Low
STU000638,16,GCSE,UK,Day,0.805,0.846,71.5,0.7,False,False,1,True,0.783,False,Medium
STU000639,17,A-Level,International,Day,0.876,0.847,88.4,0.773,False,False,1,True,0.696,True,Low
STU000640,17,A-Level,UK,Day,0.829,0.668,69.5,0.633,False,False,2,True,0.691,True,High
STU000641,15,GCSE,UK,Homestay,0.91,0.657,72.0,0.689,True,False,0,True,0.787,False,Medium
STU000642,18,A-Level,UK,Day,0.809,0.799,68.5,0.547,False,False,0,True,0.719,True,High
STU000643,15,GCSE,UK,Boarding,0.928,0.872,95.2,0.663,False,False,1,True,0.793,False,Low
STU000644,18,A-Level,UK,Boarding,0.813,0.709,62.0,0.552,False,False,2,True,0.869,False,High
STU000645,14,GCSE,UK,Boarding,1.0,0.754,77.7,0.77,False,False,0,True,0.78,False,Low
STU000646,17,Foundation,International,Day,0.874,0.738,86.0,0.673,False,False,0,True,0.744,False,Medium
STU000647,18,A-Level,UK,Day,0.926,0.959,88.8,1.0,False,False,2,False,0.657,False,Low
STU000648,18,A-Level,UK,Day,0.775,0.672,76.0,0.745,False,False,0,True,0.892,False,Medium
STU000649,19,Foundation,UK,Day,0.795,0.826,78.8,0.543,False,False,4,True,0.801,True,Medium
STU000650,17,A-Level,International,Day,0.846,0.641,75.6,0.641,False,False,3,True,0.722,False,Medium
STU000651,16,GCSE,International,Day,0.96,0.776,90.2,0.846,False,False,1,True,0.675,False,Low
STU000652,18,A-Level,International,Boarding,0.946,0.866,89.6,0.805,False,False,1,True,0.978,False,Low
STU000653,18,A-Level,UK,Day,0.976,0.88,68.0,0.601,False,False,0,True,0.776,True,Medium
STU000654,18,Foundation,UK,Day,0.716,0.4,60.4,0.556,True,False,3,True,0.836,False,High
STU000655,17,A-Level,International,Day,0.935,0.793,79.8,0.848,False,False,1,True,0.931,True,Low
STU000656,16,GCSE,International,Day,0.861,0.573,75.9,0.762,False,False,1,True,0.758,False,Medium
STU000657,17,A-Level,UK,Day,0.843,0.904,74.3,0.799,False,False,0,True,0.752,True,Low
STU000658,17,A-Level,EU,Day,0.862,0.703,80.7,0.704,False,False,0,True,0.72,False,Medium
STU000659,17,A-Level,UK,Boarding,0.892,0.894,77.7,0.649,False,False,1,True,0.875,False,Low
STU000660,17,A-Level,UK,Day,0.946,0.638,70.7,0.623,False,False,1,True,0.876,False,Medium
STU000661,17,A-Level,International,Homestay,0.979,0.817,91.2,0.904,False,False,0,True,0.813,False,Low
STU000662,16,EAP,EU,Day,0.936,0.892,84.3,1.0,False,False,2,True,0.844,False,Low
STU000663,18,A-Level,UK,Homestay,0.944,0.885,84.7,0.808,False,False,1,True,0.804,False,Low
STU000664,15,GCSE,UK,Homestay,1.0,0.911,89.3,0.892,False,False,1,True,0.797,False,Low
STU000665,15,GCSE,International,Boarding,0.949,0.739,79.6,0.661,False,False,2,True,0.963,False,Medium
STU000666,14,GCSE,International,Homestay,0.885,0.593,70.7,0.726,False,False,0,True,0.795,False,Medium
STU000667,14,GCSE,International,Day,0.941,0.799,78.6,0.746,False,False,1,True,0.803,False,Low
STU000668,14,GCSE,EU,Day,1.0,0.864,82.3,0.826,False,False,0,True,0.81,False,Low
STU000669,15,GCSE,International,Day,0.839,0.725,81.8,0.717,False,False,2,True,0.797,False,Medium
STU000670,16,A-Level,UK,Day,0.87,0.998,90.7,1.0,False,False,1,True,0.774,True,Low
STU000671,16,GCSE,UK,Day,1.0,0.879,93.9,0.876,False,False,1,True,0.85,False,Low
STU000672,18,Foundation,UK,Boarding,0.88,0.984,93.6,0.932,False,False,1,True,0.697,False,Low
STU000673,14,GCSE,EU,Day,0.954,0.886,89.4,0.792,False,False,0,True,0.73,False,Low
STU000674,16,A-Level,UK,Day,0.99,0.806,75.2,0.54,False,False,1,False,0.651,False,Medium
STU000675,16,A-Level,International,Day,0.812,0.841,80.0,0.769,False,False,1,True,0.867,False,Low
STU000676,18,EAP,UK,Boarding,0.871,0.891,71.6,0.924,False,False,0,True,0.759,True,Low
STU000677,16,GCSE,UK,Homestay,0.984,0.888,77.6,0.94,False,False,1,True,0.965,False,Low
STU000678,17,A-Level,UK,Boarding,0.891,0.837,58.9,0.743,False,False,3,True,0.782,True,Medium
STU000679,17,EAP,UK,Day,0.759,0.738,69.1,0.569,False,False,0,True,0.82,True,High
STU000680,18,Foundation,UK,Day,0.793,0.726,78.4,0.668,True,False,1,True,0.869,True,Medium
STU000681,18,Foundation,UK,Boarding,0.956,0.666,79.8,0.636,False,False,0,True,0.746,False,Medium
STU000682,18,A-Level,UK,Day,0.989,0.99,86.6,0.95,False,False,1,True,0.957,True,Low
STU000683,14,GCSE,EU,Homestay,0.904,0.882,92.8,0.791,False,False,2,True,0.827,False,Low
STU000684,17,A-Level,EU,Day,0.934,0.871,80.6,0.709,False,False,0,True,0.868,False,Low
STU000685,17,EAP,UK,Day,0.874,0.821,92.7,0.882,False,False,0,True,0.819,False,Low
STU000686,17,A-Level,EU,Homestay,0.963,0.858,75.7,0.96,False,False,1,True,0.84,False,Low
STU000687,17,A-Level,EU,Homestay,1.0,0.904,88.5,0.894,False,False,1,True,0.786,False,Low
STU000688,16,A-Level,UK,Boarding,0.954,1.0,84.7,1.0,False,False,0,True,0.8,True,Low
STU000689,19,Foundation,International,Day,0.832,0.579,64.5,0.614,True,False,3,True,0.725,False,High
STU000690,14,GCSE,EU,Boarding,0.93,0.868,72.2,0.865,False,False,1,True,0.856,False,Low
STU000691,17,A-Level,UK,Day,0.967,0.62,68.9,0.61,False,False,2,True,0.679,False,Medium
STU000692,16,A-Level,International,Day,0.796,0.65,76.0,0.891,True,True,1,True,0.754,False,High
STU000693,18,A-Level,International,Day,0.956,0.964,92.2,0.868,False,False,0,True,0.899,True,Low
STU000694,14,GCSE,International,Boarding,0.926,0.819,84.0,0.702,False,False,0,True,0.943,False,Low
STU000695,16,GCSE,International,Boarding,0.999,0.716,77.2,0.641,False,False,2,True,0.821,False,Medium
STU000696,18,A-Level,UK,Day,0.949,0.863,78.3,0.712,False,False,1,True,0.854,False,Low
STU000697,18,A-Level,UK,Homestay,0.81,0.651,67.2,0.662,True,False,2,True,0.705,False,High
STU000698,17,A-Level,International,Day,0.998,0.913,90.2,0.825,False,False,0,True,0.971,False,Low
STU000699,15,GCSE,International,Day,0.932,0.854,86.3,0.747,False,False,0,True,0.781,False,Low
STU000700,17,A-Level,International,Boarding,0.89,0.824,68.1,0.675,False,False,1,True,0.851,False,Medium
STU000701,16,A-Level,International,Homestay,0.805,0.875,82.5,0.851,False,False,3,True,1.0,True,Low
STU000702,15,GCSE,UK,Homestay,0.916,0.712,76.5,0.538,False,False,1,False,0.772,False,Medium
STU000703,16,A-Level,UK,Boarding,1.0,0.879,82.2,0.869,False,False,1,True,0.682,False,Low
STU000704,16,GCSE,International,Day,0.709,0.795,77.5,0.671,False,False,0,True,0.827,False,Medium
STU000705,14,GCSE,International,Homestay,0.712,0.61,60.0,0.649,False,False,0,True,0.788,False,High
STU000706,18,EAP,International,Homestay,0.954,0.932,90.3,0.905,False,False,2,True,0.739,False,Low
STU000707,17,A-Level,International,Day,0.917,0.732,58.3,0.682,False,False,2,True,1.0,False,Medium
STU000708,18,Foundation,UK,Boarding,0.947,0.816,77.3,0.714,False,False,0,True,0.675,True,Medium
STU000709,17,A-Level,EU,Boarding,0.863,0.912,76.7,0.704,False,False,1,True,0.923,False,Low
STU000710,16,A-Level,International,Day,0.75,0.589,77.0,0.624,False,False,2,True,0.79,True,High
STU000711,18,Foundation,EU,Homestay,0.842,0.656,71.5,0.73,False,False,3,False,0.59,False,Medium
STU000712,17,A-Level,UK,Day,1.0,1.0,83.8,0.886,False,False,0,True,0.901,False,Low
STU000713,18,A-Level,UK,Boarding,0.744,0.661,67.6,0.652,True,True,3,True,0.708,False,High
STU000714,17,A-Level,EU,Day,0.869,0.733,77.5,0.745,False,False,0,True,1.0,False,Medium
STU000715,18,A-Level,UK,Boarding,0.716,0.692,73.2,0.7,False,False,2,True,0.826,True,Medium
STU000716,16,EAP,International,Boarding,0.699,0.633,61.1,0.64,True,False,3,True,0.806,False,High
STU000717,18,Foundation,UK,Day,0.978,0.889,97.7,0.928,False,False,1,True,0.839,True,Low
STU000718,17,EAP,UK,Day,0.882,0.951,83.8,0.865,False,False,1,True,0.704,False,Low
STU000719,14,GCSE,International,Homestay,0.969,0.77,79.0,0.767,False,False,0,True,0.654,False,Medium
STU000720,18,Foundation,EU,Boarding,0.847,0.714,76.6,0.625,False,False,4,True,0.888,True,Medium
STU000721,18,EAP,International,Boarding,0.733,0.636,71.4,0.838,True,False,2,True,0.841,False,High
STU000722,14,GCSE,UK,Day,0.882,0.803,97.2,0.807,False,False,0,True,0.749,False,Low
STU000723,15,GCSE,International,Day,0.86,0.749,85.8,0.785,False,False,0,True,0.811,False,Low
STU000724,19,Foundation,UK,Boarding,0.842,0.889,86.7,0.963,False,False,0,True,0.886,False,Low
STU000725,17,A-Level,UK,Homestay,0.844,0.793,72.2,0.813,False,False,1,True,0.721,False,Medium
STU000726,18,Foundation,International,Day,0.857,0.794,67.6,0.725,True,False,1,True,0.91,True,Medium
STU000727,15,GCSE,International,Boarding,0.866,0.86,79.6,0.658,False,False,1,True,0.882,True,Medium
STU000728,18,Foundation,UK,Day,0.835,0.658,85.8,0.69,False,False,0,True,0.779,True,Medium
STU000729,14,GCSE,International,Day,1.0,0.887,95.8,0.813,False,False,2,True,1.0,False,Low
STU000730,15,GCSE,EU,Boarding,0.932,0.739,84.6,0.865,False,False,1,True,0.876,True,Low
STU000731,15,GCSE,International,Day,0.911,0.857,73.6,0.857,False,False,0,True,0.882,False,Low
STU000732,19,Foundation,EU,Day,0.895,0.794,70.1,0.617,False,False,1,True,0.801,False,Medium
STU000733,17,A-Level,EU,Boarding,0.947,0.854,82.6,0.887,False,False,3,True,0.807,False,Low
STU000734,17,A-Level,UK,Day,0.892,0.765,75.2,0.693,True,False,1,True,0.745,False,Medium
STU000735,17,A-Level,UK,Boarding,0.828,0.759,72.3,0.652,False,False,1,True,0.762,False,Medium
STU000736,18,Foundation,EU,Boarding,0.793,0.816,86.6,0.781,False,False,1,True,0.933,False,Low
STU000737,17,A-Level,EU,Boarding,0.741,0.648,81.7,0.778,False,False,0,True,0.684,False,Medium
STU000738,18,Foundation,UK,Day,1.0,0.91,81.8,0.682,False,False,0,True,0.866,False,Low
STU000739,16,A-Level,UK,Day,0.869,0.772,75.5,0.767,False,False,1,True,0.761,False,Medium
STU000740,16,A-Level,UK,Boarding,0.908,0.568,63.4,0.536,True,False,1,True,0.798,False,High
STU000741,16,A-Level,International,Day,0.86,0.674,70.8,0.798,True,False,2,True,0.761,False,Medium
STU000742,17,A-Level,EU,Homestay,0.902,0.602,71.3,0.565,True,False,2,True,0.669,False,High
STU000743,18,Foundation,International,Boarding,0.859,0.684,71.0,0.739,True,False,1,True,0.791,False,Medium
STU000744,17,A-Level,International,Day,0.807,0.662,79.6,0.669,False,False,0,True,0.715,True,Medium
STU000745,15,GCSE,International,Boarding,0.827,0.603,68.6,0.634,False,False,6,True,0.787,False,High
STU000746,18,Foundation,International,Homestay,0.875,0.574,63.3,0.534,False,False,1,True,0.576,True,High
STU000747,18,A-Level,UK,Day,0.789,0.668,69.5,0.537,False,False,2,True,0.832,False,High
STU000748,18,A-Level,UK,Day,0.84,0.879,79.1,0.719,False,False,2,True,0.899,True,Low
STU000749,18,EAP,UK,Homestay,0.816,0.74,74.6,0.656,False,False,1,True,0.983,False,Medium
STU000750,16,A-Level,EU,Day,0.877,0.73,74.8,0.706,False,False,1,True,0.899,False,Medium
STU000751,15,GCSE,International,Day,0.865,0.655,58.5,0.625,False,False,3,True,0.637,False,High
STU000752,18,EAP,EU,Day,0.908,0.717,73.6,0.775,False,False,0,True,0.708,False,Medium
STU000753,17,A-Level,UK,Day,0.96,0.766,84.6,0.638,False,False,2,True,0.929,True,Low
STU000754,17,A-Level,International,Boarding,0.883,0.758,73.5,0.69,False,False,0,True,0.984,False,Medium
STU000755,14,GCSE,EU,Boarding,0.795,0.764,61.7,0.656,False,False,1,True,0.665,False,High
STU000756,18,Foundation,UK,Homestay,0.757,0.702,73.7,0.724,False,False,1,False,0.681,False,Medium
STU000757,16,A-Level,EU,Boarding,0.911,0.838,84.0,0.541,False,False,1,True,0.842,False,Medium
STU000758,17,A-Level,International,Homestay,0.853,0.677,86.5,0.74,False,False,1,True,0.728,False,Medium
STU000759,18,Foundation,International,Day,0.889,0.669,78.9,0.647,False,False,1,True,0.778,False,Medium
STU000760,18,Foundation,EU,Day,0.923,0.801,85.7,0.631,False,False,0,True,0.902,True,Low
STU000761,14,GCSE,UK,Homestay,1.0,0.882,93.8,0.928,False,False,0,True,1.0,False,Low
STU000762,17,A-Level,UK,Day,0.778,0.72,76.3,0.787,False,False,4,True,0.889,False,Medium
STU000763,15,GCSE,EU,Boarding,0.829,0.718,68.2,0.769,False,False,0,False,0.726,True,Medium
STU000764,18,Foundation,International,Day,0.894,0.694,76.1,0.756,False,False,1,True,0.828,True,Medium
STU000765,16,GCSE,UK,Boarding,0.82,0.553,73.2,0.629,False,False,1,False,0.556,True,High
STU000766,17,A-Level,UK,Homestay,0.796,0.759,79.0,0.887,False,False,0,True,0.835,True,Medium
STU000767,18,Foundation,International,Day,0.992,0.792,91.9,0.842,False,False,0,True,0.864,False,Low
STU000768,18,Foundation,International,Day,0.827,0.753,76.5,0.644,False,False,0,True,0.818,True,Medium
STU000769,17,A-Level,International,Day,0.808,0.697,69.4,0.594,False,False,3,True,0.664,False,High
STU000770,18,Foundation,UK,Day,0.82,0.731,79.5,0.786,False,False,2,True,0.805,False,Medium
STU000771,15,GCSE,UK,Day,0.976,0.789,75.8,0.727,False,False,2,True,0.804,True,Low
STU000772,18,Foundation,UK,Boarding,0.782,0.836,76.8,0.818,True,False,1,True,0.74,False,Medium
STU000773,15,GCSE,International,Day,0.803,0.676,71.0,0.7,False,False,2,True,0.648,False,High
STU000774,16,A-Level,UK,Day,0.79,0.699,59.0,0.531,True,False,4,True,0.648,False,High
STU000775,18,Foundation,International,Day,0.897,1.0,95.6,1.0,False,False,0,True,0.897,False,Low
STU000776,14,GCSE,International,Boarding,0.962,0.813,73.4,0.641,False,False,0,True,0.771,True,Medium
STU000777,15,GCSE,UK,Day,0.957,0.745,79.2,0.614,False,False,1,True,0.769,False,Medium
STU000778,18,Foundation,EU,Boarding,0.846,0.765,75.0,0.75,False,False,0,True,0.984,False,Medium
STU000779,19,Foundation,International,Homestay,0.863,0.88,85.0,0.824,False,False,1,True,0.773,False,Low
STU000780,16,A-Level,International,Day,0.971,0.703,73.3,0.62,True,False,1,True,0.946,False,Medium
STU000781,18,A-Level,International,Day,0.97,1.0,85.7,0.87,False,False,0,True,0.965,False,Low
STU000782,17,A-Level,UK,Boarding,0.882,0.709,75.4,0.688,False,False,1,True,0.816,True,Medium
STU000783,18,A-Level,UK,Day,0.739,0.879,82.9,0.976,False,False,1,True,0.879,False,Low
STU000784,17,A-Level,International,Day,0.868,0.878,90.9,0.781,False,False,0,True,0.733,False,Low
STU000785,15,GCSE,International,Boarding,0.807,0.557,80.0,0.563,False,False,0,True,0.679,False,High
STU000786,16,EAP,UK,Day,0.84,0.772,69.7,0.693,False,False,2,True,0.905,False,Medium
STU000787,16,A-Level,EU,Day,0.832,0.764,73.1,0.784,False,False,1,True,0.97,True,Medium
STU000788,16,A-Level,International,Homestay,0.823,0.648,50.4,0.587,True,False,1,True,0.814,True,High
STU000789,17,A-Level,UK,Day,0.905,0.886,74.5,0.748,False,False,0,True,0.805,False,Low
STU000790,17,EAP,International,Homestay,0.849,0.865,78.6,1.0,False,False,1,False,0.664,True,Low
STU000791,16,GCSE,UK,Day,0.811,0.888,65.9,0.772,False,False,1,True,0.838,False,Medium
STU000792,17,A-Level,International,Homestay,0.843,0.629,58.0,0.772,True,False,2,True,0.848,False,High
STU000793,18,A-Level,International,Boarding,0.865,0.787,80.8,0.977,False,False,0,True,0.793,True,Low
STU000794,16,A-Level,UK,Day,0.713,0.628,60.8,0.58,False,True,2,True,0.697,True,High
STU000795,14,GCSE,International,Boarding,0.943,0.775,77.2,0.752,False,False,1,True,0.896,False,Low
STU000796,18,Foundation,International,Homestay,0.849,0.706,69.4,0.726,False,False,1,True,0.936,False,Medium
STU000797,17,EAP,International,Day,0.881,0.601,92.7,0.721,False,False,1,True,0.77,False,Medium
STU000798,17,A-Level,UK,Boarding,0.885,0.868,83.7,0.717,False,False,1,True,0.799,False,Low
STU000799,17,A-Level,International,Day,0.899,0.814,79.1,0.7,False,False,4,True,0.793,False,Low
STU000800,16,EAP,International,Boarding,0.91,0.843,90.2,0.731,False,False,1,True,0.915,False,Low
STU000801,18,Foundation,EU,Boarding,0.809,0.685,72.3,0.708,False,False,4,True,0.814,True,Medium
STU000802,16,GCSE,International,Day,0.922,0.825,70.1,0.666,False,False,1,True,0.773,False,Medium
STU000803,16,A-Level,UK,Day,0.876,0.981,80.1,0.783,False,False,0,True,1.0,True,Low
STU000804,18,A-Level,UK,Day,0.935,0.771,86.5,0.629,True,False,2,True,0.876,False,Medium
STU000805,18,A-Level,EU,Homestay,0.957,0.892,84.5,0.903,False,False,0,False,0.75,True,Low
STU000806,17,Foundation,UK,Day,0.993,0.92,76.6,0.914,False,False,0,True,0.84,True,Low
STU000807,17,EAP,International,Boarding,0.834,0.906,88.3,0.829,False,False,0,True,0.793,False,Low
STU000808,17,EAP,International,Day,0.934,0.691,76.5,0.742,True,False,2,True,0.634,False,Medium
STU000809,17,A-Level,EU,Boarding,0.907,0.804,76.4,0.763,False,False,0,True,0.924,False,Low
STU000810,15,GCSE,International,Boarding,0.948,0.826,83.1,0.742,False,False,0,True,0.79,False,Low
STU000811,18,EAP,EU,Boarding,0.947,0.888,94.5,0.829,False,False,0,True,0.795,False,Low
STU000812,19,Foundation,EU,Homestay,0.932,0.717,81.3,0.639,False,False,1,True,0.824,False,Medium
STU000813,14,GCSE,UK,Day,0.824,0.597,69.8,0.713,False,False,1,True,0.754,False,Medium
STU000814,19,EAP,UK,Day,0.967,0.889,94.8,0.874,False,False,0,True,0.948,True,Low
STU000815,18,Foundation,UK,Homestay,0.862,0.996,95.9,0.921,True,False,1,False,0.574,False,Low
STU000816,17,A-Level,International,Day,0.797,0.728,65.5,0.588,False,False,1,True,0.806,False,Medium
STU000817,18,A-Level,EU,Boarding,0.797,0.524,75.7,0.518,True,False,2,True,0.649,False,High
STU000818,17,A-Level,UK,Boarding,0.815,0.761,79.0,0.835,False,False,1,True,0.768,False,Medium
STU000819,14,GCSE,EU,Boarding,0.8,0.642,73.1,0.509,False,False,3,True,0.724,True,High
STU000820,17,A-Level,UK,Day,0.96,1.0,92.0,0.957,False,False,0,True,0.945,True,Low
STU000821,18,Foundation,International,Day,0.746,0.7,76.0,0.827,True,False,4,True,0.792,False,Medium
STU000822,14,GCSE,UK,Boarding,0.808,0.856,83.4,0.763,False,False,2,True,0.867,False,Low
STU000823,18,A-Level,International,Day,1.0,0.813,76.9,0.618,False,False,0,True,0.753,False,Low
STU000824,16,A-Level,EU,Boarding,0.869,0.786,80.0,0.722,False,False,0,True,0.826,False,Medium
STU000825,17,A-Level,International,Day,0.946,0.753,88.0,0.769,False,False,1,True,0.83,True,Low
STU000826,18,EAP,UK,Day,0.948,0.896,78.8,0.819,True,False,3,True,0.616,False,Medium
STU000827,16,A-Level,International,Day,0.954,0.824,90.9,0.846,False,False,0,True,0.798,False,Low
STU000828,18,A-Level,UK,Homestay,0.86,0.836,64.0,0.647,False,True,1,True,0.918,True,Medium
STU000829,19,Foundation,EU,Boarding,0.897,0.871,89.7,0.911,False,False,1,True,0.785,False,Low
STU000830,17,A-Level,International,Boarding,0.883,0.813,95.2,0.81,False,True,0,True,0.905,False,Low
STU000831,14,GCSE,International,Homestay,0.884,0.754,82.0,0.789,False,False,0,True,0.94,True,Low
STU000832,16,A-Level,EU,Boarding,0.916,0.769,65.6,0.736,False,True,0,True,0.676,False,High
STU000833,15,GCSE,International,Homestay,0.882,0.769,85.3,0.773,False,False,0,False,0.663,True,Medium
STU000834,15,GCSE,International,Day,0.89,0.693,82.6,0.473,False,False,2,True,0.653,True,Medium
STU000835,17,A-Level,UK,Homestay,1.0,1.0,94.0,0.848,False,False,0,True,0.836,True,Low
STU000836,18,A-Level,UK,Day,0.866,0.75,78.3,0.939,False,False,1,True,1.0,False,Low
STU000837,18,EAP,UK,Homestay,0.901,0.876,78.6,0.899,False,False,1,True,0.968,True,Low
STU000838,18,A-Level,UK,Homestay,0.93,1.0,89.1,0.848,False,False,1,True,0.841,False,Low
STU000839,17,A-Level,International,Day,0.935,0.772,86.1,0.863,False,False,0,False,0.723,True,Low
STU000840,17,A-Level,EU,Day,0.921,0.845,72.0,0.909,False,False,1,True,1.0,False,Low
STU000841,16,GCSE,UK,Boarding,0.812,0.803,86.0,0.672,False,False,0,True,0.754,False,Medium
STU000842,17,A-Level,International,Day,0.877,0.679,53.5,0.809,True,False,2,True,0.839,False,High
STU000843,16,GCSE,UK,Boarding,0.917,0.953,92.8,0.798,False,False,1,True,0.69,False,Low
STU000844,17,EAP,International,Day,0.98,0.981,94.7,0.849,False,False,0,False,0.553,False,Low
STU000845,14,GCSE,International,Homestay,0.952,0.918,95.4,0.92,False,False,1,True,0.752,True,Low
STU000846,18,A-Level,International,Day,0.984,0.591,65.7,0.71,False,False,0,True,0.726,True,Medium
STU000847,15,GCSE,International,Boarding,0.83,0.685,79.8,0.625,False,False,2,True,0.813,False,Medium
STU000848,19,EAP,UK,Day,0.83,0.749,88.8,0.491,False,False,0,True,0.895,False,Medium
STU000849,18,A-Level,EU,Day,0.923,0.748,76.3,0.654,False,False,1,True,0.753,False,Medium
STU000850,16,A-Level,UK,Day,0.979,0.837,84.7,0.738,False,False,0,True,0.888,False,Low
STU000851,15,GCSE,UK,Day,0.78,0.807,57.9,0.632,True,True,4,False,0.922,False,High
STU000852,18,Foundation,International,Day,0.848,0.834,75.5,0.816,False,False,1,True,0.784,False,Low
STU000853,15,GCSE,UK,Homestay,0.788,0.789,75.6,0.79,False,False,3,True,0.848,False,Medium
STU000854,19,Foundation,International,Day,0.925,0.741,67.6,0.637,False,False,0,True,0.895,True,Medium
STU000855,15,GCSE,International,Boarding,0.892,0.925,76.0,0.745,False,False,0,True,0.951,False,Low
STU000856,15,GCSE,UK,Day,0.87,0.815,74.1,0.603,False,False,0,True,0.657,True,Medium
STU000857,15,GCSE,EU,Boarding,0.963,0.737,81.0,0.604,False,False,0,True,0.834,False,Medium
STU000858,16,A-Level,EU,Day,0.894,0.761,69.4,0.791,False,False,1,True,1.0,False,Medium
STU000859,18,A-Level,International,Boarding,0.9,0.747,78.4,0.767,False,False,3,False,0.517,False,Medium
STU000860,15,GCSE,International,Boarding,0.963,0.826,72.6,0.823,False,False,0,True,0.81,True,Low
STU000861,19,Foundation,UK,Day,0.996,0.808,81.8,0.876,True,False,1,True,0.883,True,Low
STU000862,17,A-Level,UK,Day,0.869,0.774,87.1,0.683,False,False,0,True,0.781,False,Low
STU000863,16,A-Level,UK,Day,0.839,0.889,85.0,0.859,False,False,0,True,0.964,True,Low
STU000864,17,A-Level,International,Day,0.831,0.656,80.0,0.614,False,False,0,True,0.712,False,Medium
STU000865,16,A-Level,UK,Day,0.933,0.721,76.7,0.643,False,False,1,True,0.929,False,Medium
STU000866,18,A-Level,UK,Day,0.824,0.73,78.9,0.768,False,False,2,True,0.922,False,Medium
STU000867,14,GCSE,International,Boarding,0.874,0.819,74.0,0.749,False,False,0,True,0.811,False,Medium
STU000868,16,GCSE,International,Day,0.88,0.667,78.2,0.629,False,False,0,True,0.868,False,Medium
STU000869,18,Foundation,International,Day,1.0,0.723,75.5,0.73,False,False,2,True,0.773,False,Low
STU000870,17,EAP,EU,Day,0.984,0.878,78.4,0.888,False,False,0,True,0.97,True,Low
STU000871,16,A-Level,International,Boarding,0.792,0.757,75.5,0.737,False,False,0,True,0.962,False,Medium
STU000872,17,A-Level,EU,Day,1.0,0.809,70.9,0.675,False,False,1,True,1.0,False,Low
STU000873,17,A-Level,UK,Boarding,0.767,0.684,71.3,0.618,False,True,0,True,0.879,False,High
STU000874,17,A-Level,EU,Boarding,0.861,0.726,83.9,0.578,True,False,3,True,0.897,False,Medium
STU000875,16,GCSE,UK,Boarding,0.842,0.755,69.9,0.454,False,False,0,True,0.779,True,Medium
STU000876,15,GCSE,UK,Day,0.873,0.842,81.4,0.886,False,False,0,True,0.979,True,Low
STU000877,18,Foundation,International,Boarding,0.757,0.702,74.4,0.723,True,False,2,True,0.888,False,High
STU000878,17,A-Level,UK,Day,0.966,1.0,92.7,0.924,False,True,0,True,0.749,False,Low
STU000879,14,GCSE,International,Homestay,0.89,0.758,78.4,0.694,False,False,2,True,0.825,False,Medium
STU000880,16,GCSE,UK,Boarding,0.856,0.657,57.1,0.578,True,False,1,True,0.772,False,High
STU000881,15,GCSE,UK,Day,0.825,0.602,77.9,0.596,False,False,3,True,0.666,False,High
STU000882,16,A-Level,International,Homestay,0.801,0.757,81.2,0.605,False,False,2,True,0.777,True,Medium
STU000883,15,GCSE,International,Boarding,0.869,0.639,64.2,0.659,False,False,2,True,0.902,False,Medium
STU000884,15,GCSE,EU,Day,0.937,0.697,54.9,0.566,False,False,2,True,0.864,False,Medium
STU000885,18,Foundation,International,Day,0.891,0.714,96.0,0.735,False,False,0,True,1.0,False,Low
STU000886,15,GCSE,UK,Boarding,0.968,0.712,73.0,0.697,False,False,1,True,0.752,False,Medium
STU000887,16,A-Level,International,Homestay,0.909,0.975,77.7,0.864,False,False,1,True,0.839,False,Low
STU000888,15,GCSE,UK,Homestay,0.9,0.836,61.7,0.8,False,False,1,True,0.82,False,Medium
STU000889,16,GCSE,International,Boarding,0.937,0.677,72.9,0.706,False,False,2,True,0.863,False,Medium
STU000890,14,GCSE,UK,Day,0.907,0.852,86.4,0.795,False,False,0,True,0.818,False,Low
STU000891,19,Foundation,International,Boarding,0.876,0.79,83.3,0.594,True,True,1,True,0.687,False,High
STU000892,17,Foundation,International,Boarding,0.939,0.821,77.2,0.651,False,False,0,True,0.785,False,Low
STU000893,19,Foundation,UK,Day,0.964,0.945,74.2,0.802,False,False,0,True,0.956,False,Low
STU000894,17,A-Level,International,Day,0.95,0.889,87.7,0.79,False,False,0,True,0.789,False,Low
STU000895,17,A-Level,UK,Boarding,0.995,0.923,88.7,0.781,False,False,0,True,0.864,False,Low
STU000896,14,GCSE,UK,Homestay,0.958,0.893,82.5,0.924,False,False,1,False,0.704,False,Low
STU000897,16,A-Level,International,Boarding,1.0,1.0,88.7,0.882,False,False,0,True,0.777,False,Low
STU000898,18,Foundation,UK,Day,0.862,0.91,86.0,0.892,False,False,0,True,0.889,True,Low
STU000899,14,GCSE,UK,Day,0.958,0.832,87.1,0.695,False,False,0,True,0.923,False,Low
STU000900,15,GCSE,EU,Homestay,0.803,0.686,77.7,0.731,False,False,4,True,0.848,False,Medium
STU000901,15,GCSE,International,Homestay,0.893,0.79,74.2,0.575,True,False,0,True,0.825,False,Medium
STU000902,15,GCSE,UK,Day,0.904,0.862,80.5,0.649,False,False,0,True,0.931,False,Low
STU000903,16,GCSE,EU,Boarding,0.923,0.935,95.6,0.743,True,False,1,True,0.693,False,Low
STU000904,17,A-Level,International,Homestay,1.0,0.823,86.0,0.693,False,False,1,False,0.676,False,Low
STU000905,17,A-Level,International,Homestay,0.881,0.73,78.5,0.594,True,False,4,True,0.796,False,Medium
STU000906,18,Foundation,International,Boarding,0.871,0.852,88.3,0.824,False,False,2,False,0.76,False,Low
STU000907,18,Foundation,International,Day,0.824,0.579,72.3,0.659,False,False,2,False,0.794,True,Medium
STU000908,17,A-Level,International,Boarding,0.938,0.946,98.2,0.887,False,False,1,True,0.764,True,Low
STU000909,18,A-Level,UK,Day,0.88,0.823,74.3,0.72,False,False,3,True,0.784,True,Medium
STU000910,16,A-Level,UK,Homestay,0.946,0.793,86.8,0.755,False,False,0,True,0.798,False,Low
STU000911,16,A-Level,International,Day,0.865,0.732,68.2,0.769,False,False,0,True,0.922,False,Medium
STU000912,17,A-Level,International,Boarding,0.835,0.668,74.2,0.71,False,False,1,True,0.799,True,Medium
STU000913,16,A-Level,International,Boarding,0.883,0.861,68.4,0.781,False,False,0,True,1.0,False,Low
STU000914,18,A-Level,UK,Boarding,0.935,0.731,68.4,0.661,False,False,0,True,0.825,False,Medium
STU000915,18,A-Level,EU,Boarding,0.842,0.642,61.7,0.369,True,False,1,True,0.795,False,High
STU000916,16,A-Level,International,Day,0.843,0.697,84.8,0.56,False,False,3,True,0.869,True,Medium
STU000917,16,A-Level,International,Boarding,1.0,0.871,83.4,0.745,False,False,2,True,0.74,True,Low
STU000918,18,EAP,International,Day,0.89,0.95,91.4,0.859,False,False,0,True,0.833,False,Low
STU000919,18,Foundation,EU,Day,0.742,0.865,92.6,0.973,False,False,0,True,0.819,False,Low
STU000920,15,GCSE,UK,Homestay,0.965,0.847,80.5,0.693,False,False,0,False,0.806,True,Low
STU000921,18,Foundation,International,Boarding,0.864,0.68,82.6,0.653,True,False,0,True,0.947,False,Medium
STU000922,17,A-Level,International,Boarding,0.888,0.856,81.8,0.79,False,False,0,True,0.788,False,Low
STU000923,18,Foundation,UK,Boarding,0.887,0.819,74.1,0.806,False,False,1,True,0.891,False,Low
STU000924,17,Foundation,UK,Boarding,0.844,0.639,79.2,0.742,True,False,3,False,0.593,True,High
STU000925,17,A-Level,International,Boarding,1.0,0.845,88.6,0.769,False,False,1,True,0.762,False,Low
STU000926,14,GCSE,International,Boarding,0.933,0.822,75.1,0.512,False,False,1,True,0.797,False,Medium
STU000927,18,A-Level,UK,Homestay,0.918,0.757,73.1,0.787,False,False,0,False,0.768,True,Medium
STU000928,17,A-Level,UK,Day,0.882,0.821,87.1,0.741,False,False,1,True,0.888,False,Low
STU000929,17,A-Level,UK,Boarding,1.0,0.785,71.8,0.609,False,False,2,True,0.902,False,Medium
STU000930,18,A-Level,UK,Boarding,0.959,0.874,70.3,0.851,False,False,0,True,0.829,True,Low
STU000931,16,GCSE,International,Day,0.969,0.862,93.6,0.854,False,False,0,True,0.759,False,Low
STU000932,18,Foundation,EU,Day,0.919,0.88,91.1,0.861,False,False,0,True,0.743,False,Low
STU000933,17,EAP,International,Homestay,0.97,0.77,86.3,0.788,False,False,1,True,0.774,False,Low
STU000934,17,A-Level,International,Day,0.928,0.88,81.9,0.794,False,False,0,True,0.677,False,Low
STU000935,15,GCSE,UK,Day,0.874,0.705,78.9,0.616,False,False,2,True,0.786,False,Medium
STU000936,16,A-Level,UK,Day,0.926,0.771,71.8,0.6,False,False,1,True,0.826,False,Medium
STU000937,16,GCSE,UK,Day,1.0,0.876,86.4,0.768,False,False,0,False,0.528,False,Low
STU000938,17,EAP,UK,Homestay,0.875,0.721,82.0,0.593,True,False,1,True,0.763,False,Medium
STU000939,14,GCSE,UK,Day,0.989,0.83,83.1,0.759,False,False,1,True,0.826,True,Low
STU000940,16,A-Level,International,Day,0.983,0.757,84.8,0.786,False,False,0,True,0.938,False,Low
STU000941,17,A-Level,International,Homestay,0.939,0.749,68.8,0.675,False,False,0,True,0.831,False,Medium
STU000942,17,A-Level,International,Day,1.0,0.922,87.3,1.0,False,False,0,True,1.0,False,Low
STU000943,17,A-Level,International,Boarding,0.748,0.545,64.5,0.615,False,False,2,True,0.912,True,High
STU000944,18,Foundation,International,Homestay,0.771,0.705,81.7,0.753,False,False,4,True,0.82,True,Medium
STU000945,15,GCSE,International,Boarding,1.0,0.941,100.0,0.757,False,False,0,True,0.738,False,Low
STU000946,15,GCSE,UK,Boarding,0.855,0.733,80.6,0.827,False,False,0,True,0.723,True,Medium
STU000947,14,GCSE,International,Day,0.908,0.849,68.6,0.698,False,False,0,True,0.812,False,Medium
STU000948,19,EAP,UK,Day,0.982,0.709,66.8,0.645,True,False,1,True,0.756,True,Medium
STU000949,18,Foundation,UK,Day,0.914,0.801,90.1,0.841,False,False,0,True,0.912,False,Low
STU000950,18,A-Level,UK,Day,1.0,0.783,74.7,0.62,False,False,0,True,0.97,False,Medium
STU000951,16,A-Level,International,Boarding,0.873,0.774,82.0,0.641,False,False,1,True,0.687,False,Medium
STU000952,17,A-Level,International,Day,0.943,0.775,82.2,0.713,False,False,1,True,0.979,False,Low
STU000953,14,GCSE,International,Boarding,0.904,0.737,77.3,0.68,False,False,0,False,0.97,False,Medium
STU000954,16,EAP,International,Day,1.0,0.984,91.0,0.808,False,False,0,True,0.86,False,Low
STU000955,18,A-Level,EU,Day,0.882,0.785,79.4,0.696,False,False,2,True,0.759,False,Medium
STU000956,18,A-Level,International,Day,0.79,0.583,58.2,0.685,True,False,2,True,0.793,False,High
STU000957,17,A-Level,International,Day,0.791,0.484,58.8,0.586,True,False,4,True,0.758,True,High
STU000958,15,GCSE,International,Boarding,0.87,0.917,98.1,0.774,False,False,2,True,0.918,False,Low
STU000959,15,GCSE,UK,Boarding,0.855,0.804,68.8,0.614,False,False,1,True,0.809,False,Medium
STU000960,19,Foundation,UK,Homestay,0.805,0.668,58.6,0.561,True,False,2,True,0.805,False,High
STU000961,15,GCSE,International,Homestay,0.979,0.806,76.9,0.635,False,False,1,True,0.837,False,Low
STU000962,17,A-Level,UK,Boarding,0.999,0.849,97.2,0.75,False,False,2,True,0.726,False,Low
STU000963,15,GCSE,International,Boarding,0.927,0.871,78.5,0.864,False,False,2,True,0.852,False,Low
STU000964,17,A-Level,EU,Day,0.778,0.692,61.0,0.637,True,True,1,True,0.668,False,High
STU000965,18,A-Level,International,Day,0.859,0.843,71.9,0.681,False,False,1,True,0.809,False,Medium
STU000966,16,A-Level,UK,Homestay,0.755,0.789,71.2,0.685,False,False,2,True,0.744,False,Medium
STU000967,17,Foundation,International,Day,0.927,0.793,76.7,0.652,False,False,0,True,0.999,False,Medium
STU000968,17,A-Level,EU,Day,0.852,0.712,75.6,0.529,False,False,1,True,0.868,False,Medium
STU000969,17,A-Level,International,Day,1.0,0.89,72.6,0.681,False,False,0,True,0.871,False,Low
STU000970,16,A-Level,EU,Day,0.773,0.681,67.4,0.518,True,False,2,True,0.719,False,High
STU000971,17,A-Level,International,Boarding,0.859,0.879,78.9,1.0,False,False,0,False,0.613,False,Low
STU000972,19,EAP,International,Day,0.893,0.678,83.8,1.0,False,False,2,True,0.674,True,Low
STU000973,18,Foundation,UK,Day,0.933,0.975,80.1,1.0,False,False,1,True,0.807,True,Low
STU000974,15,GCSE,International,Day,1.0,0.893,81.3,0.634,False,False,0,True,0.893,False,Low
STU000975,15,GCSE,UK,Boarding,0.804,0.802,74.0,0.902,False,False,0,True,0.92,False,Low
STU000976,17,A-Level,UK,Boarding,0.879,0.671,74.7,0.66,False,False,1,True,0.704,False,Medium
STU000977,18,A-Level,UK,Day,0.8,0.898,94.3,0.907,False,False,1,True,0.633,False,Low
STU000978,15,GCSE,International,Boarding,0.955,0.931,90.6,0.813,False,False,2,True,0.898,False,Low
STU000979,17,A-Level,UK,Day,0.779,0.572,67.5,0.542,True,False,1,True,0.691,False,High
STU000980,17,A-Level,UK,Boarding,0.893,0.92,86.5,0.95,False,False,0,True,0.886,False,Low
STU000981,17,A-Level,International,Boarding,0.85,0.773,77.1,0.892,True,False,1,True,0.873,False,Medium
STU000982,18,Foundation,International,Homestay,0.833,0.722,69.2,0.603,True,False,1,True,0.845,True,High
STU000983,16,GCSE,UK,Day,0.889,0.919,81.9,0.769,False,False,2,True,0.828,True,Low
STU000984,15,GCSE,International,Day,0.832,0.701,65.9,0.472,False,False,1,True,1.0,False,High
STU000985,18,Foundation,International,Day,0.874,0.67,66.2,0.679,True,False,0,True,0.611,False,High
STU000986,16,A-Level,UK,Day,0.844,0.71,69.5,0.683,False,False,0,True,0.706,True,Medium
STU000987,16,A-Level,International,Day,0.957,0.982,84.5,0.732,False,False,1,False,0.57,False,Low
STU000988,16,A-Level,EU,Day,0.904,0.989,82.7,0.95,False,False,2,True,0.813,False,Low
STU000989,16,GCSE,International,Day,0.827,0.654,71.5,0.542,False,False,2,True,0.813,False,High
STU000990,18,Foundation,EU,Homestay,1.0,0.863,71.3,0.803,False,True,1,True,0.677,False,Medium
STU000991,18,Foundation,International,Day,1.0,0.891,90.8,0.921,False,False,0,True,0.924,True,Low
STU000992,17,A-Level,UK,Homestay,1.0,0.822,81.0,0.642,False,False,1,True,0.978,False,Low
STU000993,18,A-Level,International,Homestay,0.876,0.813,89.4,0.638,False,False,1,True,0.883,True,Low
STU000994,17,A-Level,UK,Homestay,0.842,0.865,91.6,0.863,False,False,0,True,0.869,False,Low
STU000995,18,A-Level,EU,Homestay,0.956,0.963,82.3,0.942,False,False,0,True,0.566,False,Low
STU000996,15,GCSE,UK,Boarding,0.978,0.771,80.4,0.718,False,False,0,True,0.814,False,Low
STU000997,19,EAP,International,Boarding,0.856,0.774,78.9,0.843,True,False,1,True,0.805,False,Medium
STU000998,15,GCSE,UK,Day,0.753,0.849,75.4,0.856,False,False,1,True,0.942,True,Medium
STU000999,17,EAP,EU,Boarding,0.831,0.886,74.1,0.725,False,False,1,True,0.777,True,Medium
STU001000,17,A-Level,UK,Homestay,0.878,0.625,72.2,0.811,True,False,3,True,0.866,False,Medium
STU001001,15,GCSE,International,Day,0.804,0.755,75.7,0.641,False,True,1,True,0.894,True,High
STU001002,16,A-Level,EU,Day,0.804,0.779,73.6,0.55,False,False,2,True,0.907,True,Medium
STU001003,18,Foundation,International,Boarding,0.825,0.562,67.0,0.721,True,False,0,True,0.764,False,High
STU001004,18,Foundation,UK,Boarding,0.673,0.773,70.5,0.653,False,False,0,True,0.625,False,High
STU001005,17,Foundation,UK,Homestay,0.858,0.925,73.0,0.655,False,False,0,True,0.869,False,Medium
STU001006,18,A-Level,EU,Day,0.87,0.787,82.9,0.701,False,False,1,True,0.984,False,Medium
STU001007,17,A-Level,International,Boarding,0.922,0.853,83.4,0.738,False,False,1,True,0.912,False,Low
STU001008,19,Foundation,UK,Day,0.938,0.779,82.7,0.836,False,False,1,True,0.947,False,Low
STU001009,15,GCSE,UK,Homestay,0.926,1.0,92.2,0.872,False,False,0,True,0.723,True,Low
STU001010,17,A-Level,UK,Day,0.963,0.919,100.0,0.908,False,False,0,True,0.755,False,Low
STU001011,15,GCSE,International,Homestay,0.888,0.583,85.8,0.719,False,False,0,False,0.62,False,Medium
STU001012,18,EAP,UK,Day,0.798,0.814,80.0,0.694,False,False,2,True,0.93,False,Medium
STU001013,19,EAP,International,Day,0.903,0.821,80.3,0.967,False,False,1,True,0.878,False,Low
STU001014,15,GCSE,UK,Day,0.839,0.715,81.0,0.695,False,False,0,True,0.906,False,Medium
STU001015,19,Foundation,UK,Day,0.805,0.754,73.2,0.671,False,False,1,True,0.848,False,Medium
STU001016,19,EAP,UK,Boarding,0.881,0.768,77.6,0.783,True,False,0,True,0.822,False,Medium
STU001017,15,GCSE,International,Day,0.801,0.676,74.7,0.471,False,False,1,True,0.621,False,High
STU001018,18,A-Level,International,Day,0.948,0.85,85.7,0.72,False,False,0,False,0.63,False,Low
STU001019,17,EAP,UK,Day,0.81,0.852,79.7,0.7,False,False,2,True,0.884,True,Medium
STU001020,16,GCSE,International,Homestay,0.815,0.535,67.7,0.566,True,False,6,True,0.604,False,High
STU001021,17,A-Level,UK,Day,0.861,0.843,88.6,0.783,False,False,2,True,0.831,False,Low
STU001022,16,A-Level,International,Day,0.98,0.922,79.5,0.92,False,False,1,True,0.814,True,Low
STU001023,19,EAP,EU,Boarding,0.942,0.906,92.5,1.0,False,False,1,True,0.966,True,Low
STU001024,18,EAP,UK,Homestay,0.842,0.666,67.7,0.72,False,False,1,True,0.802,True,Medium
STU001025,18,EAP,International,Homestay,0.889,0.838,84.3,0.766,False,False,1,True,0.932,True,Low
STU001026,17,A-Level,International,Homestay,0.993,0.757,72.2,0.715,False,False,0,True,0.868,False,Low
STU001027,17,Foundation,UK,Day,1.0,0.773,84.5,0.895,False,False,1,True,0.935,False,Low
STU001028,18,Foundation,EU,Homestay,0.804,0.654,69.9,0.518,False,False,2,True,0.833,False,High
STU001029,18,A-Level,UK,Boarding,0.992,0.894,84.5,0.75,False,False,2,True,0.753,False,Low
STU001030,17,Foundation,International,Homestay,0.956,0.764,81.3,0.811,True,False,2,True,0.805,False,Medium
STU001031,15,GCSE,UK,Day,0.913,0.629,71.4,0.666,False,False,0,True,0.731,False,Medium
STU001032,16,A-Level,International,Homestay,0.894,0.78,76.7,0.701,False,False,0,False,0.77,False,Medium
STU001033,15,GCSE,UK,Day,0.785,0.826,75.0,0.78,True,False,2,True,0.855,False,Medium
STU001034,15,GCSE,UK,Boarding,0.812,0.683,68.6,0.689,False,False,3,False,0.663,False,High
STU001035,16,GCSE,UK,Day,0.924,0.762,78.8,0.889,False,False,0,True,0.885,True,Low
STU001036,18,A-Level,UK,Day,0.888,0.75,86.8,0.946,False,False,2,True,0.75,False,Low
STU001037,17,A-Level,EU,Boarding,0.93,0.795,87.5,0.832,False,False,0,True,0.846,True,Low
STU001038,18,Foundation,UK,Day,0.876,0.792,69.4,0.739,False,True,1,True,0.813,False,Medium
STU001039,16,GCSE,International,Boarding,1.0,0.9,94.2,0.97,False,False,1,True,0.836,False,Low
STU001040,17,A-Level,UK,Boarding,0.984,0.759,65.9,0.49,False,False,0,True,0.694,False,Medium
STU001041,17,A-Level,International,Boarding,0.938,0.765,74.7,0.586,False,False,0,True,0.95,False,Medium
STU001042,18,Foundation,EU,Day,0.75,0.842,70.6,0.81,False,False,0,True,0.685,False,Medium
STU001043,18,A-Level,International,Homestay,0.927,0.906,88.9,1.0,False,False,2,True,0.848,True,Low
STU001044,17,A-Level,International,Boarding,1.0,0.952,89.5,0.882,False,False,0,True,0.843,True,Low
STU001045,18,Foundation,International,Day,0.87,0.812,90.2,0.794,False,False,1,True,0.686,False,Low
STU001046,17,A-Level,International,Boarding,1.0,0.862,93.5,0.744,False,False,1,True,0.938,False,Low
STU001047,14,GCSE,UK,Day,0.907,0.811,74.3,0.779,True,False,0,True,0.767,True,Medium
STU001048,15,GCSE,International,Day,0.921,0.786,82.8,0.883,False,False,0,True,0.888,False,Low
STU001049,18,Foundation,International,Boarding,0.831,0.804,73.9,0.844,False,False,1,True,0.873,False,Medium
STU001050,14,GCSE,UK,Boarding,1.0,0.814,79.0,0.788,False,False,2,True,0.793,False,Low
STU001051,17,Foundation,EU,Day,0.842,0.765,69.1,0.883,False,False,1,True,0.74,False,Medium
STU001052,16,A-Level,UK,Day,0.825,0.757,77.1,0.731,True,False,1,True,0.677,True,Medium
STU001053,18,EAP,EU,Homestay,0.768,0.808,72.8,0.807,False,False,2,True,0.805,False,Medium
STU001054,19,Foundation,EU,Day,0.963,0.855,81.2,0.93,False,False,1,True,0.987,False,Low
STU001055,19,EAP,EU,Day,0.941,0.864,78.9,0.711,False,False,0,True,0.876,False,Low
STU001056,17,A-Level,EU,Homestay,0.901,0.771,75.8,0.753,False,False,2,True,0.944,True,Medium
STU001057,18,Foundation,International,Day,0.952,0.929,80.2,0.822,False,False,2,True,0.847,False,Low
STU001058,18,A-Level,EU,Boarding,0.889,0.88,81.3,0.573,True,False,1,True,0.776,False,Medium
STU001059,16,A-Level,International,Day,0.874,0.777,76.5,0.613,False,False,1,True,0.846,False,Medium
STU001060,17,A-Level,UK,Boarding,0.807,0.71,63.8,0.638,False,True,2,False,0.678,False,High
STU001061,19,Foundation,UK,Day,0.703,0.616,66.5,0.764,True,False,3,False,0.53,True,High
STU001062,16,EAP,EU,Homestay,0.888,0.826,79.6,0.776,False,False,0,True,0.863,True,Low
STU001063,19,Foundation,UK,Day,0.808,0.689,73.3,0.759,False,False,3,True,0.689,False,Medium
STU001064,18,A-Level,UK,Boarding,0.839,0.707,77.0,0.741,True,False,0,True,0.695,False,High
STU001065,16,A-Level,EU,Homestay,0.889,0.759,82.5,0.826,False,False,1,True,0.845,True,Low
STU001066,17,Foundation,EU,Homestay,0.872,0.893,97.0,0.832,False,False,1,True,0.877,False,Low
STU001067,14,GCSE,International,Day,0.973,0.806,75.7,0.776,False,False,1,False,0.733,False,Low
STU001068,15,GCSE,UK,Homestay,0.831,0.746,87.3,0.687,False,False,1,True,0.847,False,Medium
STU001069,17,A-Level,UK,Day,0.741,0.622,72.0,0.815,False,True,1,True,0.757,True,High
STU001070,17,A-Level,International,Boarding,0.884,0.746,76.3,0.689,False,False,0,True,0.809,False,Medium
STU001071,17,A-Level,UK,Day,0.848,0.81,75.3,0.895,False,False,1,True,0.806,False,Low
STU001072,16,GCSE,UK,Day,0.909,0.703,71.8,0.67,False,False,1,False,0.738,False,Medium
STU001073,15,GCSE,UK,Day,0.836,0.722,75.5,0.672,False,False,1,True,0.89,False,Medium
STU001074,14,GCSE,UK,Boarding,0.929,0.652,70.3,0.833,False,False,0,True,0.779,False,Medium
STU001075,17,EAP,UK,Boarding,0.832,0.782,81.6,1.0,False,False,1,True,0.672,True,Low
STU001076,17,A-Level,UK,Day,0.831,0.537,78.9,0.492,False,False,2,True,0.785,False,High
STU001077,17,A-Level,UK,Boarding,0.905,0.859,82.2,0.819,True,False,1,True,0.782,False,Low
STU001078,17,A-Level,International,Homestay,0.843,0.741,75.9,0.756,True,False,3,True,0.828,False,Medium
STU001079,14,GCSE,UK,Boarding,0.742,0.42,48.5,0.55,True,True,1,True,0.72,False,High
STU001080,19,EAP,UK,Day,0.833,0.882,85.4,0.818,False,False,1,True,0.789,False,Low
STU001081,19,Foundation,International,Homestay,0.874,0.779,65.6,0.629,False,False,0,False,0.833,False,Medium
STU001082,15,GCSE,International,Boarding,0.777,0.621,48.1,0.562,True,False,3,True,0.664,False,High
STU001083,17,A-Level,UK,Day,0.88,0.842,84.8,0.797,False,False,1,True,1.0,False,Low
STU001084,18,Foundation,International,Boarding,0.827,0.654,67.9,0.58,True,False,2,True,0.709,False,High
STU001085,18,EAP,UK,Day,0.782,0.658,78.6,0.737,True,False,2,True,0.703,False,High
STU001086,17,A-Level,UK,Boarding,0.946,0.81,68.0,0.696,False,False,0,False,0.813,False,Medium
STU001087,18,A-Level,International,Homestay,0.829,0.745,80.8,0.668,False,False,2,False,0.854,False,Medium
STU001088,15,GCSE,International,Day,0.943,0.738,74.6,0.832,True,False,3,True,0.88,False,Medium
STU001089,18,EAP,EU,Day,0.885,0.821,83.5,0.658,False,False,1,True,0.973,False,Low
STU001090,15,GCSE,International,Day,0.854,0.705,65.3,0.71,False,False,2,True,0.906,False,Medium
STU001091,19,EAP,International,Day,0.938,0.85,88.0,0.879,False,False,1,False,0.655,False,Low
STU001092,17,A-Level,UK,Boarding,0.902,0.889,72.5,0.787,False,False,0,True,0.939,False,Low
STU001093,16,A-Level,UK,Boarding,0.914,0.874,85.4,0.69,False,True,2,True,0.62,True,Medium
STU001094,17,A-Level,EU,Day,0.76,0.812,72.6,0.736,False,False,1,True,0.905,True,Medium
STU001095,15,GCSE,International,Homestay,0.936,0.637,72.4,0.628,False,False,4,True,0.837,False,Medium
STU001096,15,GCSE,UK,Day,0.864,0.738,78.1,0.66,False,False,1,True,0.927,False,Medium
STU001097,15,GCSE,International,Homestay,0.903,0.784,76.4,0.927,False,False,2,True,0.782,True,Low
STU001098,16,GCSE,UK,Day,0.894,0.742,84.3,0.809,False,False,0,True,0.779,True,Low
STU001099,18,Foundation,EU,Boarding,0.994,0.827,92.7,0.828,False,False,0,True,0.726,False,Low
STU001100,18,A-Level,International,Day,0.77,0.723,63.4,0.75,False,False,1,True,0.832,True,Medium
STU001101,15,GCSE,International,Day,1.0,0.779,77.4,0.683,False,False,1,True,0.794,False,Low
STU001102,19,EAP,UK,Homestay,0.949,0.66,74.9,0.861,False,False,0,True,0.688,True,Medium
STU001103,19,Foundation,UK,Day,0.911,0.825,73.5,0.736,False,False,1,False,0.548,False,Medium
STU001104,17,EAP,EU,Homestay,0.76,0.667,65.7,0.651,True,False,3,True,0.738,False,High
STU001105,18,EAP,UK,Boarding,0.783,0.846,81.0,0.737,False,False,1,True,0.812,False,Medium
STU001106,14,GCSE,UK,Homestay,0.861,0.738,69.4,0.645,False,False,3,True,0.872,True,Medium
STU001107,17,A-Level,International,Homestay,0.894,0.659,83.8,0.769,False,True,2,True,0.623,False,Medium
STU001108,18,Foundation,EU,Day,0.9,0.73,79.3,0.835,False,False,2,True,0.712,False,Medium
STU001109,17,A-Level,UK,Boarding,0.94,0.683,78.3,0.74,False,False,5,True,0.767,False,Medium
STU001110,15,GCSE,EU,Homestay,0.798,0.576,64.8,0.347,False,False,1,True,0.885,False,High
STU001111,18,Foundation,International,Day,0.863,0.829,65.8,0.626,True,False,0,True,0.993,False,Medium
STU001112,14,GCSE,UK,Homestay,0.977,0.835,69.9,0.64,False,False,1,True,0.802,False,Medium
STU001113,14,GCSE,International,Boarding,1.0,0.891,95.0,0.824,False,False,0,True,0.794,True,Low
STU001114,17,A-Level,UK,Boarding,0.812,0.629,79.6,0.628,False,False,0,True,0.616,False,High
STU001115,17,A-Level,UK,Day,0.875,0.802,85.0,0.684,False,False,0,True,0.876,False,Low
STU001116,18,A-Level,UK,Boarding,0.876,0.809,78.2,0.845,False,False,1,True,0.779,False,Low
STU001117,16,GCSE,UK,Day,0.856,0.755,70.0,0.622,False,False,1,True,0.784,False,Medium
STU001118,18,Foundation,International,Homestay,0.964,0.91,82.6,0.838,False,False,0,True,0.817,False,Low
STU001119,17,A-Level,UK,Boarding,1.0,0.803,67.6,0.726,False,False,0,True,0.931,False,Low
STU001120,15,GCSE,International,Day,0.822,0.75,72.5,0.643,False,False,3,True,0.86,False,Medium
STU001121,18,Foundation,UK,Homestay,0.93,0.93,82.3,0.659,False,False,1,False,0.793,False,Low
STU001122,17,EAP,UK,Boarding,0.921,0.916,82.9,0.752,False,False,1,True,0.991,False,Low
STU001123,18,Foundation,EU,Homestay,0.922,0.93,81.4,0.856,False,False,0,True,0.774,True,Low
STU001124,18,Foundation,International,Day,0.993,1.0,89.2,0.711,False,False,0,True,0.905,False,Low
STU001125,16,A-Level,International,Boarding,0.862,0.851,82.5,0.593,True,False,1,True,0.774,True,Medium
STU001126,17,A-Level,International,Boarding,0.75,0.94,77.0,0.951,False,False,3,True,0.747,False,Low
STU001127,16,GCSE,UK,Boarding,0.799,0.664,69.2,0.721,False,False,2,True,0.804,False,Medium
STU001128,17,A-Level,International,Day,0.825,0.681,48.3,0.762,False,False,2,True,0.897,False,High
STU001129,17,A-Level,UK,Day,0.747,0.516,67.2,0.585,True,True,2,True,0.754,False,High
STU001130,18,A-Level,International,Homestay,0.89,0.919,81.7,0.876,False,False,0,True,0.765,True,Low
STU001131,19,Foundation,International,Day,0.885,0.928,87.3,0.923,False,False,0,True,0.74,True,Low
STU001132,17,A-Level,UK,Homestay,0.772,0.734,68.9,0.625,False,False,3,True,0.857,False,Medium
STU001133,15,GCSE,UK,Day,0.787,0.694,75.7,0.813,False,False,1,True,0.786,True,Medium
STU001134,15,GCSE,International,Homestay,0.752,0.847,82.9,0.829,False,False,3,True,0.726,True,Medium
STU001135,17,A-Level,International,Boarding,0.791,0.615,61.8,0.458,False,False,0,True,0.867,False,High
STU001136,14,GCSE,UK,Boarding,0.936,0.806,81.3,0.817,True,False,3,True,0.744,False,Medium
STU001137,18,Foundation,International,Day,0.881,0.828,66.7,0.685,False,False,1,True,0.794,False,Medium
STU001138,18,A-Level,International,Homestay,0.833,0.815,86.2,0.884,False,False,2,True,0.947,True,Low
STU001139,17,A-Level,UK,Boarding,0.766,0.677,64.1,0.599,False,False,4,True,0.791,True,High
STU001140,18,A-Level,UK,Boarding,0.829,0.678,79.4,0.796,False,False,4,True,0.882,False,Medium
STU001141,19,Foundation,International,Day,0.943,0.64,76.8,0.593,False,False,3,True,0.801,False,Medium
STU001142,18,A-Level,UK,Boarding,0.933,0.963,100.0,0.904,False,False,0,True,0.964,True,Low
STU001143,16,A-Level,UK,Homestay,0.85,0.765,78.9,0.708,True,False,0,True,0.664,False,Medium
STU001144,17,A-Level,EU,Day,0.881,0.784,90.2,0.902,False,False,0,True,0.933,False,Low
STU001145,16,A-Level,International,Boarding,0.776,0.722,74.0,0.613,False,False,0,True,0.918,False,Medium
STU001146,18,Foundation,International,Day,0.846,0.797,80.3,0.786,False,False,0,False,0.71,False,Medium
STU001147,18,Foundation,UK,Homestay,0.881,0.782,66.1,0.959,False,True,0,True,0.776,False,Medium
STU001148,17,A-Level,International,Homestay,0.853,0.767,87.2,0.731,False,False,1,True,0.84,False,Low
STU001149,19,Foundation,International,Day,1.0,0.924,100.0,0.882,False,False,0,True,0.666,False,Low
STU001150,19,Foundation,UK,Day,0.984,0.771,84.0,0.907,False,False,1,True,0.984,False,Low
STU001151,17,Foundation,International,Boarding,0.868,0.796,71.2,0.584,False,False,1,True,0.818,False,Medium
STU001152,18,Foundation,International,Day,0.881,0.799,74.7,0.714,False,False,0,True,0.881,False,Medium
STU001153,17,A-Level,International,Day,1.0,1.0,90.5,0.937,False,False,0,True,0.98,False,Low
STU001154,17,A-Level,International,Day,0.959,0.848,73.5,0.536,False,False,0,True,0.798,False,Medium
STU001155,18,A-Level,UK,Day,0.905,0.993,90.2,0.891,False,False,0,True,0.831,False,Low
STU001156,18,Foundation,EU,Day,0.913,0.743,84.7,0.72,False,False,1,True,0.859,True,Low
STU001157,16,GCSE,EU,Day,0.91,0.952,88.1,0.986,False,False,0,True,0.919,False,Low
STU001158,17,Foundation,International,Day,0.899,0.845,86.1,0.837,False,False,1,True,0.818,False,Low
STU001159,18,Foundation,International,Boarding,0.825,0.857,84.9,0.655,False,False,2,True,0.684,False,Medium
STU001160,15,GCSE,UK,Boarding,0.829,0.87,73.9,0.791,True,False,5,True,0.688,False,Medium
STU001161,18,Foundation,UK,Day,0.799,0.959,96.6,0.912,False,False,1,True,0.829,True,Low
STU001162,15,GCSE,UK,Boarding,0.951,0.841,97.5,0.83,False,False,0,True,0.714,False,Low
STU001163,18,A-Level,International,Homestay,0.891,0.681,84.5,0.697,False,False,1,True,0.588,True,Medium
STU001164,19,Foundation,UK,Day,0.954,0.85,88.8,0.982,False,False,0,False,0.799,True,Low
STU001165,15,GCSE,International,Homestay,0.811,0.732,65.6,0.583,False,False,0,True,0.926,False,Medium
STU001166,18,Foundation,UK,Boarding,0.95,0.736,81.4,0.879,True,False,1,True,0.812,True,Medium
STU001167,17,Foundation,EU,Day,0.991,0.777,80.5,0.537,False,False,1,True,0.883,False,Medium
STU001168,16,A-Level,UK,Day,0.79,0.727,87.4,0.72,False,False,1,True,0.796,False,Medium
STU001169,15,GCSE,International,Boarding,0.865,0.567,67.9,0.652,False,False,2,True,0.864,False,High
STU001170,16,A-Level,EU,Boarding,0.872,0.744,69.4,0.578,False,False,3,True,0.714,False,Medium
STU001171,18,A-Level,International,Day,0.799,0.861,94.1,0.866,False,False,0,False,0.887,False,Low
STU001172,18,EAP,EU,Homestay,0.818,0.723,64.4,0.457,True,False,6,True,0.74,False,High
STU001173,18,A-Level,UK,Boarding,0.939,0.854,86.2,0.939,False,False,1,True,0.773,True,Low
STU001174,17,A-Level,UK,Day,0.836,0.558,59.6,0.505,True,False,3,False,0.522,False,High
STU001175,18,A-Level,International,Day,0.742,0.727,72.0,0.81,False,True,3,True,0.731,False,High
STU001176,17,A-Level,International,Day,0.954,0.707,77.4,0.686,False,False,1,True,0.762,False,Medium
STU001177,18,Foundation,UK,Day,0.845,0.734,72.5,0.526,False,False,4,True,0.734,True,High
STU001178,16,GCSE,International,Day,0.852,0.756,76.9,0.659,False,False,2,True,0.819,False,Medium
STU001179,18,Foundation,UK,Boarding,1.0,0.813,85.8,0.898,False,False,0,True,0.814,False,Low
STU001180,16,A-Level,UK,Boarding,0.928,0.748,68.8,0.66,False,False,0,True,0.795,False,Medium
STU001181,18,EAP,UK,Day,0.843,0.929,91.6,0.811,False,False,3,False,0.815,False,Low
STU001182,18,A-Level,International,Boarding,0.817,0.783,84.3,0.8,False,False,0,True,0.955,False,Low
STU001183,17,A-Level,UK,Day,0.968,0.863,91.5,0.965,False,False,1,True,0.799,False,Low
STU001184,18,EAP,UK,Day,0.963,0.827,79.0,0.841,False,False,0,True,0.954,False,Low
STU001185,15,GCSE,UK,Boarding,0.827,0.746,82.7,0.8,True,False,4,True,0.666,False,Medium
STU001186,19,EAP,UK,Day,0.812,0.958,84.2,0.867,False,False,2,True,0.847,False,Low
STU001187,16,A-Level,EU,Homestay,0.87,0.632,66.4,0.677,True,False,3,True,0.851,False,High
STU001188,15,GCSE,UK,Homestay,0.942,0.995,88.1,0.891,False,False,0,True,0.861,False,Low
STU001189,17,A-Level,UK,Boarding,0.874,0.809,80.4,0.851,False,False,1,True,0.87,True,Low
STU001190,18,Foundation,International,Day,0.823,0.865,71.5,0.73,False,False,0,True,0.797,False,Medium
STU001191,15,GCSE,UK,Day,0.902,0.742,85.0,0.821,False,False,1,False,0.752,False,Low
STU001192,16,A-Level,UK,Day,0.932,0.965,87.8,0.802,False,False,0,True,0.889,False,Low
STU001193,16,A-Level,EU,Boarding,0.866,0.954,90.9,0.805,False,False,0,True,0.801,False,Low
STU001194,17,A-Level,EU,Homestay,0.918,1.0,86.8,0.989,False,False,1,True,0.905,False,Low
STU001195,14,GCSE,International,Boarding,0.925,0.776,80.9,0.65,False,False,1,True,0.916,False,Medium
STU001196,18,Foundation,UK,Boarding,0.98,0.882,85.7,0.852,False,False,0,True,0.752,False,Low
STU001197,19,EAP,International,Boarding,0.871,0.751,75.6,0.795,False,False,0,True,0.862,True,Medium
STU001198,17,EAP,International,Homestay,0.757,0.656,70.8,0.804,True,False,3,True,0.735,False,High
STU001199,18,Foundation,International,Day,0.895,0.866,86.3,0.729,False,False,0,True,0.842,False,Low
STU001200,16,GCSE,UK,Homestay,1.0,0.836,78.7,0.712,False,False,0,True,0.873,False,Low
STU001201,18,Foundation,UK,Boarding,0.777,0.777,86.7,0.722,False,False,0,True,0.852,False,Medium
STU001202,15,GCSE,EU,Day,0.738,0.754,72.3,0.719,False,False,1,True,0.798,False,Medium
STU001203,15,GCSE,International,Homestay,0.892,0.669,89.9,0.677,False,False,1,True,0.718,True,Medium
STU001204,17,A-Level,EU,Homestay,0.794,0.478,51.2,0.364,True,False,2,True,0.667,False,High
STU001205,18,A-Level,UK,Boarding,0.885,0.815,75.6,0.634,False,False,2,True,1.0,True,Medium
STU001206,19,Foundation,UK,Homestay,0.883,0.911,71.8,0.947,False,False,0,True,0.91,False,Low
STU001207,17,A-Level,International,Day,0.97,0.916,89.2,0.972,False,False,1,True,0.895,False,Low
STU001208,16,A-Level,International,Day,0.897,0.813,87.8,0.694,False,False,2,True,0.782,False,Low
STU001209,16,A-Level,UK,Day,0.957,1.0,84.8,0.997,False,False,1,True,0.856,True,Low
STU001210,17,EAP,UK,Boarding,0.727,0.776,78.3,0.688,False,False,2,True,0.959,False,Medium
STU001211,16,A-Level,UK,Day,0.863,0.731,68.9,0.554,False,False,1,True,0.892,True,Medium
STU001212,17,A-Level,EU,Day,0.843,0.792,79.5,0.693,False,False,0,True,0.751,False,Medium
STU001213,15,GCSE,International,Boarding,0.74,0.851,83.6,0.75,False,False,0,True,0.791,False,Medium
STU001214,17,Foundation,International,Day,0.907,0.764,94.2,0.72,False,False,0,False,0.668,False,Low
STU001215,18,A-Level,International,Day,0.893,0.85,91.2,0.824,False,False,0,True,0.781,False,Low
STU001216,14,GCSE,UK,Day,0.867,0.789,76.8,0.752,False,False,1,True,0.865,False,Medium
STU001217,15,GCSE,International,Day,0.86,0.638,58.6,0.644,True,False,2,True,0.701,False,High
STU001218,17,A-Level,International,Day,0.907,0.833,86.5,0.851,False,False,0,True,0.938,False,Low
STU001219,17,A-Level,International,Day,0.926,0.763,87.8,0.894,True,False,2,True,0.921,False,Low
STU001220,17,A-Level,International,Day,0.945,0.929,86.2,0.797,False,False,1,True,0.839,False,Low
STU001221,16,EAP,UK,Day,0.923,0.835,81.1,0.886,False,False,2,True,0.775,False,Low
STU001222,15,GCSE,International,Day,1.0,0.767,80.8,0.562,True,False,1,True,0.834,False,Medium
STU001223,17,A-Level,International,Homestay,0.85,0.926,84.1,0.9,False,False,1,True,0.732,False,Low
STU001224,19,EAP,International,Day,0.805,0.852,76.3,0.698,False,False,1,True,0.792,True,Medium
STU001225,17,A-Level,UK,Boarding,0.982,0.822,83.8,0.689,False,False,0,True,0.815,False,Low
STU001226,17,A-Level,International,Day,0.987,0.897,88.0,0.901,False,True,0,True,0.822,True,Low
STU001227,17,A-Level,EU,Day,0.856,0.817,70.8,0.689,False,False,1,False,0.647,False,Medium
STU001228,18,A-Level,UK,Day,0.996,0.867,71.6,0.715,False,False,0,True,0.851,False,Low
STU001229,17,EAP,UK,Homestay,0.863,0.698,67.7,0.753,False,False,1,True,0.843,False,Medium
STU001230,17,A-Level,International,Day,0.941,0.906,76.3,0.627,False,False,1,True,0.833,False,Low
STU001231,19,Foundation,UK,Boarding,0.945,0.832,95.2,0.721,False,False,0,True,0.856,True,Low
STU001232,15,GCSE,UK,Boarding,0.856,0.886,79.8,0.838,False,False,1,True,0.831,True,Low
STU001233,14,GCSE,International,Day,0.974,0.866,84.3,0.85,True,False,1,True,0.887,False,Low
STU001234,15,GCSE,International,Homestay,1.0,0.906,82.4,0.788,False,False,0,True,0.997,True,Low
STU001235,16,A-Level,International,Day,0.829,0.716,69.0,0.641,False,False,0,True,0.746,False,Medium
STU001236,17,A-Level,UK,Day,0.914,0.891,91.8,0.811,False,False,1,True,0.852,False,Low
STU001237,18,Foundation,International,Day,0.964,0.823,66.7,0.586,False,False,1,True,0.8,False,Medium
STU001238,18,A-Level,UK,Day,0.768,0.848,88.9,0.836,False,False,1,True,0.827,False,Low
STU001239,18,EAP,UK,Day,0.902,0.715,78.3,0.797,False,False,1,True,0.811,False,Medium
STU001240,15,GCSE,UK,Boarding,0.784,0.579,67.8,0.559,False,False,1,True,0.705,True,High
STU001241,18,Foundation,International,Day,0.947,0.93,96.9,0.984,False,False,1,True,0.851,False,Low
STU001242,19,Foundation,UK,Boarding,0.906,0.793,90.6,0.793,False,False,0,True,0.945,False,Low
STU001243,17,Foundation,UK,Day,0.874,0.881,75.1,0.722,False,False,0,True,0.775,False,Low
STU001244,18,Foundation,UK,Homestay,0.79,0.778,70.1,0.982,False,False,0,True,0.771,False,Medium
STU001245,17,Foundation,EU,Day,0.858,0.839,67.7,0.703,False,False,0,True,0.71,False,Medium
STU001246,17,A-Level,International,Boarding,0.936,0.732,81.0,0.861,False,False,0,True,0.76,True,Low
STU001247,15,GCSE,International,Boarding,0.897,0.709,71.9,0.817,False,False,2,True,0.948,False,Medium
STU001248,15,GCSE,UK,Day,0.983,0.809,71.9,0.671,False,False,0,True,1.0,True,Low
STU001249,17,EAP,UK,Day,0.979,0.898,89.9,0.824,False,False,2,True,0.96,False,Low
STU001250,18,A-Level,UK,Day,0.976,0.894,89.0,0.759,False,False,0,True,0.873,False,Low
STU001251,18,Foundation,International,Day,0.862,0.789,73.4,0.556,False,False,1,True,0.851,True,Medium
STU001252,17,A-Level,UK,Day,0.921,0.751,73.2,0.529,False,False,2,True,0.918,False,Medium
STU001253,16,GCSE,UK,Boarding,0.832,0.645,69.9,0.444,False,False,2,True,0.772,False,High
STU001254,16,GCSE,EU,Day,0.812,0.658,63.0,0.641,False,False,1,True,0.781,True,High
STU001255,17,A-Level,UK,Boarding,0.983,0.67,80.7,0.673,False,False,2,True,0.637,False,Medium
STU001256,18,A-Level,UK,Day,0.817,0.765,79.6,0.606,False,False,1,True,1.0,False,Medium
STU001257,14,GCSE,UK,Homestay,0.809,0.651,80.6,0.644,False,False,1,True,0.814,False,Medium
STU001258,17,A-Level,UK,Day,0.907,0.823,68.3,0.759,False,False,1,True,0.954,True,Medium
STU001259,16,GCSE,EU,Day,0.881,0.841,83.3,0.689,False,False,1,True,0.768,False,Low
STU001260,17,A-Level,International,Day,0.887,1.0,88.2,0.665,False,False,3,True,0.847,False,Low
STU001261,17,A-Level,UK,Day,1.0,0.944,100.0,1.0,False,False,1,True,0.826,True,Low
STU001262,18,Foundation,UK,Boarding,0.83,0.677,72.8,0.73,False,False,1,True,0.662,False,Medium
STU001263,17,A-Level,International,Boarding,0.935,0.889,84.7,0.89,False,False,0,True,0.861,False,Low
STU001264,17,A-Level,International,Boarding,0.906,0.606,70.2,0.609,False,False,0,True,0.858,False,Medium
STU001265,15,GCSE,UK,Boarding,0.971,0.894,85.0,0.927,False,False,0,True,0.941,True,Low
STU001266,16,GCSE,International,Homestay,0.845,0.74,68.6,0.644,False,False,2,False,0.804,True,Medium
STU001267,17,A-Level,UK,Boarding,0.842,0.859,72.7,1.0,True,False,1,True,0.858,False,Medium
STU001268,16,A-Level,International,Day,0.908,0.846,74.1,0.601,False,False,0,True,0.788,True,Medium
STU001269,18,A-Level,International,Day,0.8,0.75,76.1,0.582,False,False,2,True,0.781,True,Medium
STU001270,17,A-Level,EU,Day,0.774,0.663,65.1,0.675,False,False,0,True,0.846,False,High
STU001271,16,A-Level,EU,Boarding,0.899,0.897,86.6,0.712,False,False,2,True,0.947,False,Low
STU001272,17,Foundation,UK,Day,0.994,0.924,84.7,0.686,False,False,1,True,0.91,True,Low
STU001273,18,Foundation,International,Boarding,0.875,0.807,87.0,0.951,False,False,0,True,0.764,False,Low
STU001274,14,GCSE,EU,Day,0.885,0.724,84.8,0.892,False,False,0,True,0.874,False,Low
STU001275,16,A-Level,International,Homestay,0.981,0.665,76.0,0.75,False,False,0,True,0.652,False,Medium
STU001276,15,GCSE,UK,Homestay,0.89,0.89,92.5,0.851,False,False,1,False,0.825,False,Low
STU001277,15,GCSE,EU,Day,0.954,0.983,98.2,0.93,False,False,1,True,0.726,True,Low
STU001278,18,EAP,EU,Homestay,1.0,0.857,77.8,0.849,False,False,0,True,0.771,False,Low
STU001279,16,GCSE,UK,Homestay,0.86,0.74,70.3,0.636,False,False,1,True,0.975,False,Medium
STU001280,17,A-Level,UK,Homestay,0.888,0.905,83.3,0.903,False,False,0,True,0.889,False,Low
STU001281,17,A-Level,UK,Day,0.928,0.903,93.7,0.903,False,False,1,True,0.771,False,Low
STU001282,18,Foundation,International,Boarding,0.937,0.751,82.8,0.597,True,False,1,True,0.828,False,Medium
STU001283,18,A-Level,International,Day,0.828,0.918,81.3,0.838,True,False,2,True,1.0,False,Medium
STU001284,14,GCSE,International,Boarding,0.951,0.769,88.3,0.636,False,False,3,True,0.824,False,Low
STU001285,18,A-Level,UK,Boarding,0.924,0.855,80.9,0.811,False,False,0,True,0.822,False,Low
STU001286,16,A-Level,International,Boarding,0.895,0.719,86.3,0.655,False,False,2,True,0.74,False,Medium
STU001287,16,GCSE,International,Day,0.871,0.876,88.0,0.741,False,False,1,True,0.829,False,Low
STU001288,17,A-Level,UK,Homestay,0.857,0.908,83.4,0.75,False,False,1,True,0.839,False,Low
STU001289,15,GCSE,UK,Day,1.0,0.969,96.7,1.0,False,False,0,True,0.925,True,Low
STU001290,15,GCSE,UK,Day,0.754,0.661,70.2,0.475,False,True,0,True,0.793,False,High
STU001291,17,A-Level,International,Boarding,0.799,0.817,72.5,0.617,False,False,1,True,0.872,True,Medium
STU001292,15,GCSE,UK,Homestay,0.917,0.756,73.6,0.687,False,False,1,True,0.899,True,Medium
STU001293,17,A-Level,UK,Homestay,0.914,0.857,86.8,0.801,False,False,0,True,0.906,False,Low
STU001294,17,A-Level,UK,Boarding,0.93,0.682,75.5,0.731,False,False,0,True,0.772,False,Medium
STU001295,17,Foundation,International,Day,0.839,0.686,70.5,0.494,False,False,2,True,0.788,False,High
STU001296,14,GCSE,UK,Day,0.828,0.773,89.0,0.791,False,False,2,True,0.884,True,Low
STU001297,15,GCSE,UK,Day,0.88,0.947,80.7,0.886,False,False,0,True,0.918,False,Low
STU001298,14,GCSE,UK,Day,0.898,0.747,82.7,0.765,True,False,1,True,0.897,False,Medium
STU001299,17,A-Level,UK,Day,0.761,0.62,67.5,0.617,True,False,2,True,0.706,True,High
STU001300,18,Foundation,UK,Day,0.911,0.964,78.6,0.814,False,False,0,True,0.788,False,Low
STU001301,15,GCSE,EU,Day,0.864,0.702,64.0,0.573,False,False,2,True,0.989,True,Medium
STU001302,17,EAP,International,Homestay,0.793,0.862,65.3,0.884,False,False,1,True,0.898,False,Medium
STU001303,15,GCSE,International,Boarding,0.81,0.88,77.1,0.754,False,False,2,True,0.781,True,Low
STU001304,16,A-Level,International,Boarding,0.964,0.775,72.8,0.72,False,False,0,True,0.948,False,Low
STU001305,17,Foundation,UK,Day,0.858,0.865,81.7,0.776,False,False,0,True,0.596,False,Low
STU001306,17,Foundation,International,Day,0.987,0.864,88.9,0.948,False,False,1,True,0.844,False,Low
STU001307,19,Foundation,UK,Day,0.897,0.925,74.8,0.924,False,False,1,True,0.779,False,Low
STU001308,17,Foundation,UK,Day,0.804,0.824,63.4,0.733,False,False,2,True,0.763,True,Medium
STU001309,17,A-Level,International,Boarding,0.933,0.876,91.5,1.0,False,False,0,True,0.949,False,Low
STU001310,17,Foundation,International,Day,0.844,0.668,74.9,0.924,False,False,2,True,0.826,False,Medium
STU001311,14,GCSE,EU,Homestay,0.82,0.635,61.5,0.707,True,False,5,True,0.692,False,High
STU001312,18,Foundation,International,Homestay,0.908,0.778,71.8,0.704,True,False,0,True,1.0,False,Medium
STU001313,17,A-Level,International,Day,0.78,0.629,68.6,0.657,False,True,1,True,0.734,False,High
STU001314,19,Foundation,International,Day,0.869,0.776,86.1,0.795,False,False,0,True,0.863,False,Low
STU001315,18,A-Level,International,Homestay,0.824,0.795,77.1,0.708,False,False,1,True,0.768,True,Medium
STU001316,17,A-Level,International,Boarding,0.817,0.813,83.1,0.922,False,False,4,True,1.0,True,Low
STU001317,17,A-Level,UK,Boarding,0.867,0.748,81.8,0.628,False,False,0,True,0.78,False,Medium
STU001318,18,Foundation,UK,Boarding,0.84,0.752,84.6,0.819,False,False,0,False,0.662,True,Medium
STU001319,15,GCSE,International,Day,0.881,0.841,84.0,0.486,False,False,1,True,0.843,False,Medium
STU001320,16,GCSE,UK,Day,0.917,0.77,68.8,0.788,False,True,0,True,0.975,False,Medium
STU001321,15,GCSE,UK,Day,0.804,0.777,55.6,0.797,False,True,2,True,0.669,False,High
STU001322,15,GCSE,UK,Day,0.744,0.754,66.4,0.787,True,False,1,True,0.714,True,High
STU001323,18,Foundation,UK,Day,0.945,0.735,85.4,0.734,False,False,0,True,0.9,False,Low
STU001324,14,GCSE,International,Day,0.847,0.733,74.0,0.626,False,False,2,True,0.715,False,Medium
STU001325,19,EAP,International,Homestay,1.0,0.922,99.0,0.973,False,False,0,True,0.959,True,Low
STU001326,17,A-Level,EU,Boarding,0.871,0.908,76.2,0.886,False,False,1,True,0.824,True,Low
STU001327,15,GCSE,International,Day,0.89,0.785,73.1,0.703,False,False,0,True,0.841,False,Medium
STU001328,17,Foundation,International,Day,0.669,0.461,53.7,0.413,True,True,4,True,0.654,False,High
STU001329,18,A-Level,EU,Boarding,0.819,0.729,74.4,0.591,False,False,2,True,0.788,True,Medium
STU001330,16,A-Level,International,Day,0.74,0.792,75.9,0.672,False,False,1,True,0.787,False,Medium
STU001331,18,A-Level,UK,Boarding,0.921,0.728,74.4,0.594,False,False,0,True,0.911,True,Medium
STU001332,17,Foundation,UK,Homestay,0.855,0.752,75.0,0.797,True,False,1,True,0.903,False,Medium
STU001333,16,GCSE,UK,Boarding,0.944,0.783,90.7,0.662,False,False,0,True,0.977,False,Low
STU001334,18,EAP,International,Day,0.957,0.891,84.7,0.822,False,False,0,True,0.849,False,Low
STU001335,17,EAP,EU,Boarding,0.967,0.861,95.0,0.967,False,False,0,True,0.809,True,Low
STU001336,17,A-Level,International,Day,0.884,0.964,85.0,0.792,False,False,1,True,0.789,False,Low
STU001337,15,GCSE,International,Day,0.906,1.0,97.8,0.971,False,False,1,True,0.701,False,Low
STU001338,16,A-Level,UK,Day,0.941,0.872,85.9,0.941,False,False,0,True,0.681,False,Low
STU001339,16,GCSE,UK,Homestay,0.844,0.883,76.7,0.585,False,False,0,True,0.827,True,Medium
STU001340,15,GCSE,EU,Day,0.78,0.557,65.0,0.752,False,True,3,True,0.784,False,High
STU001341,17,A-Level,UK,Homestay,1.0,0.947,93.8,0.818,False,False,1,True,0.811,False,Low
STU001342,16,A-Level,International,Day,0.774,1.0,74.0,0.841,False,False,0,True,0.854,False,Low
STU001343,18,Foundation,EU,Day,0.935,0.847,81.4,0.864,False,False,0,True,1.0,False,Low
STU001344,19,Foundation,EU,Boarding,0.924,0.881,87.4,0.736,False,False,1,True,0.842,False,Low
STU001345,18,Foundation,UK,Day,0.821,0.864,80.1,0.807,False,False,1,True,0.914,False,Low
STU001346,18,A-Level,International,Day,0.853,0.742,70.5,0.69,False,False,3,True,0.86,False,Medium
STU001347,18,A-Level,International,Day,0.875,0.806,77.2,0.666,False,False,2,True,0.782,False,Medium
STU001348,16,A-Level,International,Day,0.915,0.948,89.9,0.748,False,False,2,True,0.789,False,Low
STU001349,17,EAP,International,Day,0.925,0.786,90.1,0.846,False,False,2,True,0.803,False,Low
STU001350,16,GCSE,EU,Boarding,0.898,0.902,77.9,0.89,False,False,1,True,1.0,False,Low
STU001351,18,Foundation,UK,Boarding,0.913,0.881,94.3,0.731,False,False,3,True,0.817,False,Low
STU001352,16,A-Level,International,Homestay,0.946,0.691,69.3,0.546,False,False,4,True,0.952,True,Medium
STU001353,17,A-Level,International,Boarding,0.943,0.835,81.3,0.751,False,False,0,True,0.809,True,Low
STU001354,18,Foundation,UK,Boarding,1.0,0.936,81.4,0.861,False,False,0,True,0.846,False,Low
STU001355,17,A-Level,UK,Boarding,0.973,0.808,84.8,0.81,False,False,1,True,0.818,False,Low
STU001356,17,Foundation,UK,Homestay,0.901,0.928,80.5,0.755,False,False,1,True,0.813,False,Low
STU001357,16,EAP,International,Day,0.945,0.925,84.3,0.939,False,False,1,True,0.827,True,Low
STU001358,18,A-Level,UK,Day,0.93,0.787,84.2,0.806,False,False,1,True,0.827,False,Low
STU001359,17,A-Level,UK,Boarding,0.912,0.755,79.5,0.833,False,False,2,True,0.907,False,Low
STU001360,17,A-Level,International,Day,0.839,0.662,65.3,0.507,False,False,2,True,0.602,False,High
STU001361,18,EAP,EU,Homestay,0.873,0.736,71.5,0.744,True,False,1,True,1.0,False,Medium
STU001362,15,GCSE,UK,Boarding,0.755,0.736,76.9,0.653,False,False,3,False,0.798,True,Medium
STU001363,17,A-Level,UK,Day,0.975,0.843,78.5,0.991,False,False,3,True,0.685,False,Low
STU001364,17,A-Level,UK,Boarding,0.925,0.769,81.9,0.753,False,False,1,True,0.807,False,Low
STU001365,18,Foundation,EU,Day,0.793,0.805,62.2,0.619,True,True,2,True,0.809,False,High
STU001366,15,GCSE,UK,Homestay,0.871,0.625,75.8,0.635,False,False,1,True,0.686,True,Medium
STU001367,18,Foundation,EU,Homestay,0.946,0.849,95.3,0.923,False,False,0,True,0.649,False,Low
STU001368,19,EAP,International,Boarding,1.0,0.768,76.2,0.78,False,False,0,True,0.85,True,Low
STU001369,15,GCSE,International,Day,0.926,0.794,72.5,0.644,False,False,0,True,0.906,False,Medium
STU001370,16,GCSE,UK,Day,0.969,0.882,97.1,0.834,True,False,2,True,0.803,True,Low
STU001371,19,EAP,EU,Boarding,0.955,1.0,95.2,0.877,False,False,0,True,0.964,True,Low
STU001372,14,GCSE,International,Homestay,0.844,0.832,76.2,0.681,False,False,1,True,0.882,False,Medium
STU001373,19,Foundation,UK,Day,0.934,0.682,74.8,0.641,False,False,2,True,0.642,False,Medium
STU001374,17,A-Level,UK,Day,0.927,0.898,76.9,0.834,False,False,0,True,0.71,False,Low
STU001375,16,GCSE,EU,Day,0.844,0.796,64.9,0.809,False,False,4,True,0.784,False,Medium
STU001376,18,Foundation,International,Boarding,0.871,0.719,74.9,0.658,False,False,0,False,0.854,True,Medium
STU001377,17,A-Level,UK,Homestay,0.87,0.808,76.7,0.785,False,False,0,True,0.779,True,Low
STU001378,17,A-Level,International,Day,0.907,0.878,87.0,0.746,False,False,0,True,0.632,True,Low
STU001379,16,A-Level,International,Day,0.88,0.819,78.2,0.64,False,False,0,False,0.695,True,Medium
STU001380,16,A-Level,International,Boarding,0.88,0.596,66.5,0.651,True,False,4,True,0.776,True,High
STU001381,15,GCSE,UK,Homestay,0.888,0.719,71.2,0.689,True,False,4,True,0.834,False,Medium
STU001382,17,A-Level,International,Homestay,0.935,0.622,56.7,0.554,True,False,3,True,1.0,False,High
STU001383,18,EAP,UK,Boarding,0.938,0.892,78.3,0.891,False,False,0,True,0.83,False,Low
STU001384,17,A-Level,EU,Day,0.777,0.594,55.9,0.586,True,False,1,True,0.692,True,High
STU001385,17,A-Level,EU,Day,1.0,0.903,90.3,0.72,False,False,1,True,0.775,True,Low
STU001386,17,A-Level,UK,Homestay,0.851,0.779,83.0,0.794,False,False,0,True,0.979,False,Low
STU001387,17,Foundation,International,Homestay,0.799,0.636,69.9,0.636,True,False,3,True,0.741,True,High
STU001388,16,GCSE,UK,Boarding,0.942,0.82,93.3,0.728,False,False,1,True,0.846,False,Low
STU001389,19,EAP,EU,Boarding,1.0,0.883,88.3,0.837,False,False,0,True,0.704,False,Low
STU001390,17,A-Level,UK,Homestay,0.871,0.682,70.6,0.59,True,False,2,True,0.776,False,High
STU001391,14,GCSE,International,Day,0.805,0.609,63.3,0.59,True,False,3,True,0.742,False,High
STU001392,14,GCSE,UK,Day,0.785,0.529,65.9,0.681,False,False,3,True,0.799,True,High
STU001393,15,GCSE,International,Boarding,0.717,0.8,62.5,0.625,True,False,1,True,0.611,False,High
STU001394,17,A-Level,International,Homestay,0.901,0.725,87.4,0.819,False,False,1,True,0.889,False,Low
STU001395,17,A-Level,International,Boarding,0.885,0.809,81.0,0.783,True,False,4,True,0.945,False,Medium
STU001396,18,Foundation,UK,Homestay,0.801,0.845,80.1,0.887,False,False,0,False,0.654,False,Medium
STU001397,17,A-Level,International,Day,0.916,0.919,79.5,0.581,False,False,0,True,0.737,False,Medium
STU001398,15,GCSE,UK,Day,0.808,0.97,92.7,0.803,False,False,2,True,0.93,False,Low
STU001399,17,A-Level,International,Day,0.766,0.698,73.8,0.609,True,False,0,False,0.53,False,High
STU001400,18,Foundation,International,Homestay,0.912,0.705,68.6,0.827,True,False,3,True,0.894,False,Medium
STU001401,14,GCSE,EU,Day,0.848,0.703,65.6,0.752,False,False,0,True,0.975,False,Medium
STU001402,15,GCSE,International,Day,0.992,0.779,79.3,0.707,False,False,1,True,0.853,True,Low
STU001403,16,GCSE,UK,Homestay,0.859,0.844,84.8,0.899,False,False,0,True,0.87,True,Low
STU001404,18,Foundation,EU,Day,0.978,0.867,74.9,0.911,False,False,0,True,0.85,True,Low
STU001405,18,A-Level,UK,Homestay,1.0,0.813,72.5,0.85,False,False,0,True,0.803,False,Low
STU001406,17,A-Level,International,Boarding,0.848,0.886,82.9,0.994,False,False,0,True,0.905,False,Low
STU001407,17,Foundation,International,Day,1.0,0.768,86.2,0.713,False,False,0,True,0.841,False,Low
STU001408,18,Foundation,International,Boarding,0.901,0.931,86.2,0.788,False,False,0,True,0.832,False,Low
STU001409,17,A-Level,International,Homestay,0.856,0.739,78.7,0.803,False,False,1,False,0.724,True,Medium
STU001410,18,Foundation,UK,Day,0.879,0.7,72.3,0.648,False,False,1,True,0.775,False,Medium
STU001411,14,GCSE,International,Homestay,0.827,0.674,73.0,0.568,True,False,2,False,0.512,False,High
STU001412,15,GCSE,UK,Day,0.998,0.804,90.2,0.899,False,False,1,False,0.742,False,Low
STU001413,16,A-Level,International,Day,0.992,0.812,95.4,0.737,False,False,0,True,0.84,True,Low
STU001414,14,GCSE,International,Day,0.938,0.744,76.7,0.857,False,True,2,True,0.783,False,Medium
STU001415,17,A-Level,UK,Homestay,0.809,0.715,81.5,0.639,False,False,4,True,0.778,False,Medium
STU001416,17,EAP,UK,Boarding,0.913,0.845,83.5,1.0,False,False,0,True,0.906,False,Low
STU001417,16,GCSE,UK,Day,0.792,0.579,62.1,0.405,False,False,0,True,0.8,False,High
STU001418,15,GCSE,International,Homestay,0.922,0.804,81.5,0.816,True,False,0,True,0.708,True,Medium
STU001419,17,A-Level,UK,Day,0.815,0.672,69.6,0.718,True,False,1,True,0.703,False,High
STU001420,18,EAP,EU,Day,0.89,0.746,67.8,0.584,True,False,1,True,1.0,False,High
STU001421,17,A-Level,International,Day,0.865,0.695,79.1,0.712,False,False,1,True,0.695,True,Medium
STU001422,17,A-Level,UK,Boarding,0.777,0.599,61.9,0.469,False,False,0,True,0.692,False,High
STU001423,16,GCSE,EU,Boarding,0.914,0.759,88.7,0.753,True,False,1,True,0.784,False,Medium
STU001424,15,GCSE,International,Homestay,0.967,0.877,86.0,0.694,False,False,2,True,0.952,False,Low
STU001425,19,EAP,UK,Day,0.91,0.824,81.6,0.575,False,False,2,True,0.972,True,Medium
STU001426,17,EAP,International,Day,0.752,0.664,75.1,0.758,False,False,2,True,0.675,True,Medium
STU001427,14,GCSE,UK,Homestay,0.953,0.807,95.1,0.776,False,False,0,True,0.701,False,Low
STU001428,18,EAP,UK,Day,0.848,0.727,91.0,1.0,False,False,2,True,0.793,False,Low
STU001429,16,A-Level,EU,Homestay,0.936,0.869,92.6,0.871,False,False,1,True,0.84,False,Low
STU001430,18,Foundation,UK,Day,0.866,0.686,81.4,0.483,False,False,2,True,0.928,False,Medium
STU001431,16,A-Level,International,Day,0.873,0.878,80.3,0.679,False,False,0,True,0.734,False,Medium
STU001432,17,A-Level,International,Day,0.935,0.868,93.4,0.903,False,False,3,True,0.95,False,Low
STU001433,18,A-Level,EU,Day,0.843,0.683,73.4,0.534,False,False,3,True,0.837,False,Medium
STU001434,17,A-Level,UK,Day,0.888,0.727,84.3,0.657,False,False,0,True,0.897,True,Medium
STU001435,16,GCSE,UK,Day,0.882,0.771,75.4,0.674,True,False,1,True,0.856,False,Medium
STU001436,15,GCSE,UK,Day,1.0,0.857,79.4,0.717,False,True,1,True,0.891,True,Medium
STU001437,17,A-Level,EU,Day,0.895,0.915,79.6,0.944,False,False,1,True,0.934,False,Low
STU001438,19,Foundation,International,Day,0.934,1.0,72.9,0.822,False,True,0,True,0.818,False,Low
STU001439,16,GCSE,UK,Day,0.725,0.501,66.6,0.629,True,True,4,False,0.515,False,High
STU001440,17,A-Level,UK,Day,1.0,0.607,77.1,0.69,False,False,0,True,0.869,False,Medium
STU001441,17,EAP,EU,Day,0.843,0.795,79.7,0.647,False,False,1,True,0.755,False,Medium
STU001442,15,GCSE,UK,Boarding,0.814,0.7,71.3,0.67,True,False,0,True,0.776,False,High
STU001443,16,A-Level,International,Boarding,0.936,0.78,75.0,0.761,False,False,1,True,0.829,False,Low
STU001444,17,A-Level,EU,Boarding,0.845,0.795,67.5,0.584,False,False,1,True,0.877,False,Medium
STU001445,18,Foundation,EU,Day,0.94,0.802,85.6,0.798,True,False,1,True,0.856,False,Low
STU001446,16,GCSE,UK,Day,0.854,0.74,80.0,0.721,False,False,1,True,0.77,True,Medium
STU001447,18,A-Level,International,Day,0.958,0.9,93.4,0.744,False,False,1,True,0.994,False,Low
STU001448,18,Foundation,UK,Homestay,0.975,0.983,83.8,0.962,False,False,1,True,0.971,False,Low
STU001449,16,EAP,International,Day,0.94,0.904,86.0,0.822,False,False,1,True,0.86,True,Low
STU001450,18,A-Level,UK,Day,0.95,0.725,84.5,0.749,False,False,2,True,0.837,False,Low
STU001451,16,A-Level,International,Day,1.0,0.859,100.0,0.936,False,False,1,True,0.767,False,Low
STU001452,17,A-Level,International,Homestay,0.929,0.842,85.2,0.75,False,False,3,True,0.837,False,Low
STU001453,17,Foundation,UK,Boarding,0.908,0.842,84.0,0.74,False,False,1,True,0.84,True,Low
STU001454,17,A-Level,International,Day,0.924,0.878,75.9,0.625,False,False,2,False,0.566,True,Medium
STU001455,16,GCSE,International,Day,0.989,0.812,81.9,0.782,False,False,0,True,0.916,True,Low
STU001456,16,EAP,UK,Homestay,1.0,0.935,81.2,0.962,False,False,0,False,0.961,True,Low
STU001457,17,A-Level,UK,Day,0.888,0.873,76.5,0.7,False,False,1,True,0.8,False,Low
STU001458,17,A-Level,International,Boarding,0.836,0.692,79.1,0.567,False,False,5,True,0.779,False,Medium
STU001459,16,GCSE,International,Boarding,0.981,0.912,82.6,0.893,False,False,0,False,0.822,False,Low
STU001460,18,A-Level,International,Day,0.805,0.794,79.3,0.838,False,False,0,True,0.755,True,Medium
STU001461,16,A-Level,International,Day,0.918,0.892,81.2,0.833,False,False,1,False,0.562,False,Low
STU001462,16,A-Level,International,Day,0.921,0.865,85.0,0.776,False,False,1,True,0.83,False,Low
STU001463,15,GCSE,International,Homestay,0.892,0.686,72.8,0.782,False,False,2,False,0.749,True,Medium
STU001464,17,A-Level,EU,Boarding,0.897,0.782,78.6,0.567,False,False,0,True,0.782,False,Medium
STU001465,18,EAP,UK,Homestay,0.784,0.86,80.5,0.683,False,False,2,True,0.791,False,Medium
STU001466,14,GCSE,International,Boarding,0.839,0.682,71.1,0.789,False,False,0,True,0.686,True,Medium
STU001467,16,EAP,UK,Homestay,0.966,0.912,78.9,0.875,False,False,1,True,0.664,False,Low
STU001468,17,A-Level,UK,Homestay,0.757,0.807,70.4,0.799,False,False,1,True,0.919,True,Medium
STU001469,18,Foundation,International,Day,0.894,0.783,88.1,0.966,False,False,1,True,1.0,False,Low
STU001470,19,Foundation,UK,Day,0.878,0.685,62.3,0.627,False,False,1,True,0.891,False,Medium
STU001471,16,A-Level,UK,Boarding,0.666,0.559,52.8,0.661,True,True,4,True,0.763,False,High
STU001472,18,Foundation,UK,Boarding,1.0,0.887,86.1,0.799,False,False,0,True,0.787,True,Low
STU001473,19,Foundation,International,Day,0.828,0.643,81.3,0.699,False,False,1,True,0.897,False,Medium
STU001474,17,A-Level,International,Homestay,0.938,0.867,92.6,1.0,False,False,1,True,0.886,False,Low
STU001475,17,A-Level,EU,Day,0.825,0.713,64.3,0.533,False,True,3,True,0.705,True,High
STU001476,16,A-Level,EU,Day,0.841,0.83,74.6,0.707,False,False,2,True,0.705,False,Medium
STU001477,18,Foundation,UK,Boarding,0.883,0.8,78.6,0.749,False,False,0,True,0.73,True,Medium
STU001478,18,Foundation,UK,Day,0.875,0.721,87.6,0.779,False,False,2,True,0.817,False,Low
STU001479,18,Foundation,UK,Day,0.887,0.694,64.4,0.542,False,False,2,True,0.817,True,Medium
STU001480,18,A-Level,UK,Homestay,0.776,0.651,57.1,0.548,True,False,3,True,0.82,False,High
STU001481,18,Foundation,UK,Boarding,0.829,0.898,80.8,0.759,False,False,1,True,0.778,True,Low
STU001482,15,GCSE,UK,Homestay,0.97,0.81,82.4,0.599,False,False,1,True,0.84,False,Low
STU001483,17,A-Level,UK,Boarding,0.825,0.896,71.0,0.785,True,False,2,True,0.903,False,Medium
STU001484,15,GCSE,International,Boarding,0.896,0.89,89.1,0.803,False,False,0,True,0.864,False,Low
STU001485,16,A-Level,International,Boarding,0.838,0.789,79.9,0.536,False,False,2,True,0.775,True,Medium
STU001486,17,A-Level,International,Day,1.0,0.807,82.8,0.772,False,False,1,True,0.754,False,Low
STU001487,17,A-Level,International,Boarding,0.894,0.882,80.0,0.797,False,False,1,True,0.671,False,Low
STU001488,17,A-Level,UK,Day,0.767,0.672,70.1,0.53,False,False,2,True,0.688,False,High
STU001489,17,A-Level,International,Homestay,0.847,0.839,56.8,0.52,True,False,1,False,0.73,True,High
STU001490,17,A-Level,UK,Day,0.847,0.7,60.1,0.616,False,False,1,True,0.836,False,Medium
STU001491,16,GCSE,International,Day,0.964,1.0,95.0,1.0,False,False,1,True,1.0,True,Low
STU001492,17,A-Level,International,Boarding,0.973,1.0,80.5,0.919,False,False,0,True,0.912,True,Low
STU001493,15,GCSE,International,Boarding,0.965,0.765,74.2,0.691,False,False,1,True,0.893,False,Medium
STU001494,16,GCSE,International,Day,0.868,0.74,75.4,0.561,False,False,1,True,0.875,False,Medium
STU001495,17,A-Level,International,Day,0.892,0.648,79.7,0.652,False,False,1,True,0.665,False,Medium
STU001496,17,A-Level,International,Homestay,0.917,1.0,92.6,0.946,False,False,2,True,0.676,False,Low
STU001497,16,A-Level,UK,Day,0.962,0.761,84.3,1.0,False,False,1,True,0.975,False,Low
STU001498,17,A-Level,International,Day,0.827,0.593,69.6,0.625,False,False,2,True,0.704,False,High
STU001499,17,A-Level,UK,Day,0.907,0.814,78.5,0.795,False,False,3,True,0.971,False,Low
STU001500,19,Foundation,International,Day,1.0,0.794,83.3,0.799,False,False,1,True,0.752,True,Low
STU001501,17,A-Level,UK,Day,0.863,0.765,79.7,0.891,False,False,1,True,0.944,False,Low
STU001502,18,A-Level,UK,Homestay,0.851,0.65,73.6,0.575,True,False,3,True,0.795,False,High
STU001503,15,GCSE,International,Day,1.0,0.986,90.6,0.897,False,False,0,True,0.976,True,Low
STU001504,17,A-Level,UK,Day,0.883,0.812,74.3,0.587,False,False,0,True,0.661,True,Medium
STU001505,17,A-Level,International,Homestay,0.792,0.821,85.2,0.82,False,False,2,True,0.925,False,Low
STU001506,18,A-Level,UK,Boarding,0.896,0.804,79.3,0.651,False,False,0,True,0.673,False,Medium
STU001507,18,A-Level,International,Day,1.0,0.858,87.2,0.762,False,False,2,True,0.872,True,Low
STU001508,16,A-Level,International,Day,0.974,0.906,74.1,0.711,False,False,0,True,0.807,True,Low
STU001509,17,A-Level,International,Homestay,0.831,0.868,77.3,0.959,False,False,2,True,0.931,True,Low
STU001510,18,Foundation,UK,Day,0.929,0.822,85.0,0.917,False,False,1,True,0.821,False,Low
STU001511,17,Foundation,UK,Boarding,0.888,0.77,84.7,0.73,False,False,0,True,0.772,False,Low
STU001512,18,Foundation,International,Boarding,0.877,0.748,78.5,0.651,True,False,2,True,0.824,False,Medium
STU001513,19,EAP,UK,Day,0.857,0.931,81.3,0.943,False,False,0,True,0.78,False,Low
STU001514,15,GCSE,UK,Boarding,0.935,0.684,72.5,0.343,False,False,2,True,0.769,False,High
STU001515,15,GCSE,International,Day,0.974,0.707,83.4,0.769,True,False,3,True,0.778,False,Medium
STU001516,15,GCSE,EU,Day,0.717,0.705,65.9,0.538,False,False,1,True,0.735,True,High
STU001517,17,A-Level,UK,Homestay,0.942,0.894,84.5,1.0,False,False,0,False,0.774,False,Low
STU001518,17,Foundation,UK,Day,0.992,0.988,97.3,1.0,False,False,1,True,0.795,False,Low
STU001519,15,GCSE,UK,Day,0.791,0.606,79.6,0.69,False,False,0,True,0.802,False,Medium
STU001520,19,EAP,International,Boarding,0.85,0.824,80.3,0.738,False,False,0,False,0.767,False,Low
STU001521,15,GCSE,UK,Boarding,0.872,0.863,71.8,0.731,False,False,0,True,0.774,False,Medium
STU001522,16,EAP,International,Day,0.849,0.724,79.2,0.707,False,False,0,True,0.898,False,Medium
STU001523,16,A-Level,UK,Boarding,0.844,0.766,79.0,0.634,False,False,1,True,0.815,False,Medium
STU001524,14,GCSE,UK,Day,0.803,0.725,72.7,0.68,True,False,5,True,0.772,True,High
STU001525,17,A-Level,EU,Boarding,0.96,0.818,80.0,0.857,False,False,2,True,0.903,False,Low
STU001526,17,A-Level,UK,Homestay,1.0,0.953,100.0,0.816,False,False,0,False,0.745,True,Low
STU001527,16,A-Level,International,Homestay,0.856,0.734,81.6,0.733,True,True,0,True,0.799,True,High
STU001528,18,A-Level,International,Boarding,0.924,0.708,70.2,0.649,True,False,1,True,0.902,False,Medium
STU001529,18,Foundation,UK,Day,1.0,0.885,77.0,0.718,False,False,0,True,0.829,False,Low
STU001530,17,A-Level,International,Day,1.0,0.841,78.6,0.687,False,False,0,True,0.897,False,Low
STU001531,18,A-Level,UK,Day,0.912,0.905,90.1,0.853,False,False,0,True,0.788,False,Low
STU001532,16,A-Level,UK,Boarding,1.0,0.886,89.5,0.81,False,False,0,True,0.88,False,Low
STU001533,19,Foundation,UK,Day,0.93,0.881,88.7,0.823,False,False,0,True,0.841,False,Low
STU001534,16,A-Level,International,Homestay,0.885,0.809,83.0,0.789,False,False,1,True,0.892,False,Low
STU001535,17,A-Level,UK,Homestay,0.846,0.717,76.9,0.724,False,True,4,True,0.663,False,High
STU001536,16,GCSE,International,Day,0.971,0.792,77.2,0.78,False,False,0,True,0.883,False,Low
STU001537,16,GCSE,EU,Boarding,1.0,0.871,82.4,0.935,False,False,0,True,0.883,True,Low
STU001538,17,A-Level,UK,Boarding,0.941,0.829,85.5,0.867,False,False,0,True,0.89,False,Low
STU001539,15,GCSE,EU,Day,0.872,1.0,77.0,0.702,False,False,1,True,0.906,True,Low
STU001540,17,A-Level,International,Boarding,0.866,0.807,67.3,0.683,False,False,0,True,0.792,False,Medium
STU001541,19,Foundation,International,Day,0.677,0.605,62.3,0.786,True,True,1,True,0.692,False,High
STU001542,14,GCSE,EU,Day,0.925,0.912,80.0,0.786,False,False,0,True,0.762,False,Low
STU001543,18,A-Level,International,Boarding,0.921,0.956,85.5,0.727,False,False,1,True,0.736,False,Low
STU001544,17,A-Level,UK,Homestay,0.827,0.658,72.3,0.567,False,False,2,True,0.869,True,Medium
STU001545,18,EAP,International,Day,0.933,0.883,82.4,1.0,False,False,0,True,0.841,True,Low
STU001546,17,A-Level,International,Boarding,0.932,0.629,73.8,0.634,False,False,1,True,0.921,True,Medium
STU001547,18,Foundation,International,Day,0.796,0.745,72.2,0.772,False,False,2,True,0.794,True,Medium
STU001548,18,A-Level,International,Homestay,0.805,0.817,67.6,0.872,True,False,0,True,0.732,False,Medium
STU001549,15,GCSE,EU,Homestay,0.999,0.818,86.1,0.738,False,False,0,True,0.749,False,Low
STU001550,18,A-Level,International,Day,0.856,0.694,83.9,0.73,False,False,1,True,0.96,True,Medium
STU001551,17,EAP,EU,Homestay,0.901,0.75,83.1,0.908,False,False,1,True,0.67,True,Low
STU001552,17,A-Level,UK,Day,0.911,0.782,87.1,0.617,False,False,0,True,0.878,True,Low
STU001553,19,Foundation,EU,Day,0.861,0.665,70.9,0.567,False,True,2,True,0.715,False,High
STU001554,18,Foundation,UK,Boarding,0.948,0.994,82.7,0.764,False,False,1,True,0.608,False,Low
STU001555,15,GCSE,UK,Day,0.965,0.848,83.9,0.774,False,False,1,True,0.756,False,Low
STU001556,15,GCSE,UK,Boarding,0.989,0.796,95.9,0.783,False,False,1,True,0.764,False,Low
STU001557,18,A-Level,UK,Boarding,0.878,0.932,81.8,0.915,False,False,1,True,0.81,False,Low
STU001558,18,A-Level,UK,Day,0.937,0.948,84.3,0.658,False,False,1,True,0.84,False,Low
STU001559,17,Foundation,International,Day,0.959,0.994,95.1,0.794,False,False,0,False,0.621,False,Low
STU001560,19,EAP,UK,Day,0.892,0.821,90.6,0.982,False,False,0,True,0.799,False,Low
STU001561,17,A-Level,International,Day,0.775,0.561,60.0,0.623,True,False,0,True,0.684,True,High
STU001562,15,GCSE,UK,Day,0.91,0.797,97.9,0.978,False,False,0,True,0.857,True,Low
STU001563,19,Foundation,UK,Day,0.858,0.837,80.1,0.738,False,False,0,True,0.882,False,Low
STU001564,17,A-Level,UK,Homestay,0.851,0.719,73.6,0.65,False,False,0,True,0.822,False,Medium
STU001565,19,Foundation,UK,Homestay,0.915,0.772,75.6,0.787,False,False,1,True,0.932,False,Low
STU001566,17,A-Level,International,Day,0.887,0.877,91.9,0.78,False,False,1,True,0.788,False,Low
STU001567,16,A-Level,International,Day,0.912,0.725,69.0,0.711,False,False,1,True,0.755,False,Medium
STU001568,15,GCSE,UK,Boarding,0.791,0.831,75.6,0.734,False,False,1,True,0.929,False,Medium
STU001569,16,A-Level,EU,Homestay,0.888,0.712,85.2,0.732,False,False,0,True,0.804,True,Medium
STU001570,17,A-Level,International,Day,0.742,0.74,80.3,0.836,False,False,2,True,0.715,True,Medium
STU001571,17,A-Level,UK,Homestay,0.827,0.896,93.5,0.783,False,False,1,True,0.807,False,Low
STU001572,15,GCSE,UK,Boarding,0.894,0.806,87.9,0.733,False,False,1,True,0.825,False,Low
STU001573,17,Foundation,International,Homestay,0.939,0.711,66.9,0.733,True,False,2,True,0.745,False,High
STU001574,18,Foundation,UK,Day,0.938,1.0,93.1,0.898,False,False,2,True,0.868,False,Low
STU001575,16,GCSE,International,Homestay,0.906,0.895,74.6,0.742,False,False,0,True,0.959,False,Low
STU001576,14,GCSE,International,Day,0.874,0.876,84.6,0.669,False,False,1,True,0.712,False,Medium
STU001577,15,GCSE,EU,Homestay,0.882,0.617,64.8,0.64,False,False,2,True,0.807,False,Medium
STU001578,18,A-Level,UK,Day,0.991,0.922,88.4,0.88,False,False,0,True,1.0,False,Low
STU001579,17,A-Level,EU,Boarding,0.752,0.584,56.1,0.607,True,False,1,True,0.803,False,High
STU001580,18,A-Level,UK,Homestay,0.849,0.712,71.8,0.696,False,False,2,True,0.792,True,Medium
STU001581,14,GCSE,International,Boarding,0.975,0.924,83.8,0.835,False,False,1,True,0.892,False,Low
STU001582,17,A-Level,International,Boarding,0.876,0.703,77.8,0.873,False,False,3,True,0.744,True,Medium
STU001583,18,A-Level,UK,Day,1.0,0.911,94.2,0.871,False,False,1,True,0.789,False,Low
STU001584,17,A-Level,EU,Boarding,0.948,1.0,84.6,0.879,False,False,0,True,0.931,True,Low
STU001585,18,EAP,UK,Homestay,0.981,0.924,81.1,0.927,False,False,0,True,0.937,False,Low
STU001586,15,GCSE,UK,Day,0.786,0.815,77.4,0.685,False,False,1,True,0.796,False,Medium
STU001587,17,A-Level,International,Boarding,0.974,0.882,91.3,0.836,False,False,0,True,0.906,False,Low
STU001588,16,A-Level,International,Homestay,0.841,0.789,80.3,0.947,False,False,0,True,0.999,False,Low
STU001589,17,A-Level,EU,Boarding,0.95,0.984,91.1,0.754,False,False,0,True,0.888,False,Low
STU001590,18,Foundation,UK,Homestay,0.875,0.735,74.7,0.642,False,False,0,True,0.675,False,Medium
STU001591,17,A-Level,International,Homestay,0.874,0.507,58.9,0.4,True,False,0,True,0.723,False,High
STU001592,19,EAP,UK,Boarding,0.823,0.759,86.6,1.0,False,False,3,True,0.852,True,Low
STU001593,15,GCSE,International,Boarding,0.78,0.803,88.3,0.918,False,False,2,True,0.724,True,Low
STU001594,15,GCSE,EU,Homestay,0.911,0.828,83.0,0.621,False,False,1,True,0.84,False,Low
STU001595,19,Foundation,International,Homestay,0.879,0.867,85.6,0.93,False,False,1,True,0.839,True,Low
STU001596,17,A-Level,International,Homestay,0.837,0.697,67.9,0.851,False,False,1,True,0.801,False,Medium
STU001597,17,A-Level,International,Day,0.782,0.77,76.7,0.779,False,False,0,True,0.791,False,Medium
STU001598,14,GCSE,International,Day,0.713,0.792,67.7,0.711,False,False,1,True,0.735,True,High
STU001599,14,GCSE,International,Boarding,0.937,0.776,81.0,0.662,False,False,0,True,0.847,False,Low
STU001600,18,Foundation,International,Boarding,0.882,0.93,81.1,0.792,False,False,2,True,0.774,False,Low
STU001601,15,GCSE,International,Day,0.858,0.722,87.7,0.758,False,False,1,True,0.92,True,Medium
STU001602,18,A-Level,International,Day,0.915,0.892,92.0,0.77,False,False,0,True,0.924,False,Low
STU001603,16,GCSE,International,Day,0.901,0.773,77.8,0.701,True,False,1,True,0.826,True,Medium
STU001604,18,A-Level,UK,Boarding,0.919,0.924,77.3,0.92,False,False,0,True,0.927,True,Low
STU001605,15,GCSE,UK,Homestay,0.869,0.864,77.0,0.843,False,False,1,True,0.923,True,Low
STU001606,17,A-Level,International,Homestay,1.0,0.886,95.5,0.905,False,False,3,True,0.923,True,Low
STU001607,15,GCSE,EU,Day,0.855,0.84,80.4,0.827,False,False,0,True,0.864,False,Low
STU001608,17,Foundation,International,Day,0.801,0.734,79.6,0.768,False,False,0,True,0.734,True,Medium
STU001609,14,GCSE,UK,Day,0.907,0.881,76.0,0.878,False,False,0,True,0.901,False,Low
STU001610,17,A-Level,UK,Day,0.882,0.762,64.8,0.603,False,False,2,True,0.906,False,Medium
STU001611,19,Foundation,International,Boarding,0.966,0.845,82.3,0.823,False,False,2,True,0.781,True,Low
STU001612,16,A-Level,International,Day,0.833,0.718,75.9,0.782,True,False,3,True,0.82,True,Medium
STU001613,16,A-Level,UK,Day,0.888,0.712,68.1,0.815,False,False,0,True,1.0,False,Medium
STU001614,18,A-Level,International,Day,0.839,0.791,83.5,0.773,False,False,2,True,0.936,False,Low
STU001615,16,A-Level,International,Day,0.957,0.934,91.7,0.892,False,False,0,True,0.924,True,Low
STU001616,17,A-Level,UK,Day,0.91,0.902,94.3,0.932,False,False,2,True,0.875,False,Low
STU001617,17,EAP,UK,Day,0.881,0.775,72.9,0.669,False,False,0,True,0.686,True,Medium
STU001618,16,A-Level,UK,Day,0.89,0.7,87.0,0.786,False,False,1,True,0.816,False,Low
STU001619,18,A-Level,UK,Day,0.899,0.802,72.7,0.668,False,False,2,False,0.66,False,Medium
STU001620,17,Foundation,EU,Day,0.799,0.709,63.4,0.868,False,False,0,True,0.821,False,Medium
STU001621,17,A-Level,UK,Boarding,0.981,0.833,85.9,0.879,False,False,0,True,0.921,False,Low
STU001622,15,GCSE,UK,Homestay,0.938,0.616,74.8,0.599,True,False,3,True,0.923,True,High
STU001623,16,A-Level,International,Boarding,0.903,0.726,73.3,0.755,False,False,3,True,0.622,False,Medium
STU001624,16,EAP,EU,Boarding,0.895,0.763,78.3,0.623,False,False,2,True,0.937,False,Medium
STU001625,14,GCSE,International,Homestay,0.83,0.692,83.6,0.818,False,False,1,True,0.703,False,Medium
STU001626,16,A-Level,UK,Day,1.0,0.746,90.5,0.736,False,False,1,True,0.668,False,Low
STU001627,16,GCSE,International,Day,1.0,0.934,90.2,0.644,False,False,0,True,0.739,False,Low
STU001628,17,A-Level,International,Day,0.928,0.957,83.4,0.726,False,False,0,True,0.882,False,Low
STU001629,15,GCSE,EU,Day,0.957,0.943,85.8,0.831,False,False,0,True,0.832,False,Low
STU001630,17,A-Level,International,Boarding,0.986,0.851,82.5,0.828,False,False,0,True,0.812,False,Low
STU001631,19,Foundation,International,Day,0.972,0.932,86.3,0.759,False,False,0,True,0.874,False,Low
STU001632,18,A-Level,International,Homestay,0.84,0.807,83.4,0.715,False,False,1,True,0.753,False,Medium
STU001633,17,A-Level,International,Day,0.878,0.623,66.9,0.71,False,False,2,True,0.814,False,Medium
STU001634,19,Foundation,UK,Homestay,0.933,0.888,78.2,0.688,False,False,1,True,0.838,False,Low
STU001635,17,EAP,UK,Homestay,0.914,0.646,77.8,0.588,False,False,5,True,0.885,False,Medium
STU001636,15,GCSE,UK,Homestay,0.92,0.725,71.8,0.711,True,False,1,True,0.886,False,Medium
STU001637,17,A-Level,UK,Homestay,0.872,0.793,76.2,0.781,True,False,3,True,0.773,False,Medium
STU001638,15,GCSE,UK,Day,0.917,0.833,85.7,0.741,False,False,1,True,0.902,False,Low
STU001639,18,EAP,International,Boarding,0.718,0.841,79.6,0.969,False,False,1,True,0.926,False,Low
STU001640,17,EAP,UK,Day,0.927,0.912,74.0,0.746,False,True,0,True,0.774,False,Medium
STU001641,18,A-Level,International,Homestay,0.959,0.864,95.3,0.776,False,False,0,False,0.855,False,Low
STU001642,19,Foundation,EU,Day,1.0,0.918,91.3,0.888,False,False,1,True,0.996,False,Low
STU001643,17,A-Level,UK,Day,0.867,0.93,90.5,0.793,False,False,1,True,0.786,True,Low
STU001644,17,A-Level,EU,Homestay,0.771,0.707,70.9,0.666,False,False,2,True,0.829,False,Medium
STU001645,15,GCSE,UK,Day,0.887,0.779,80.7,0.723,False,False,0,True,0.927,False,Medium
STU001646,17,Foundation,International,Day,0.932,0.871,92.1,0.789,False,False,1,True,0.898,False,Low
STU001647,15,GCSE,International,Day,0.815,0.9,80.9,0.743,True,False,0,True,0.868,True,Medium
STU001648,18,Foundation,UK,Boarding,0.996,0.791,82.4,0.745,False,False,1,True,0.895,False,Low
STU001649,17,Foundation,International,Boarding,0.854,0.536,58.7,0.472,False,False,1,True,0.855,False,High
STU001650,19,Foundation,International,Boarding,0.849,0.71,57.6,0.683,True,False,4,True,0.786,False,High
STU001651,15,GCSE,UK,Homestay,0.883,0.981,100.0,0.93,False,False,0,True,0.895,False,Low
STU001652,17,A-Level,International,Day,1.0,0.955,89.9,0.896,False,False,2,True,0.895,False,Low
STU001653,16,A-Level,International,Boarding,0.837,0.651,87.2,0.538,False,False,2,True,0.736,True,Medium
STU001654,16,A-Level,UK,Boarding,0.941,0.866,89.0,0.854,False,False,0,True,0.708,True,Low
STU001655,16,GCSE,International,Boarding,0.816,0.677,69.4,0.722,False,False,3,True,0.756,False,Medium
STU001656,18,EAP,UK,Day,0.924,0.682,76.3,0.771,False,False,2,True,0.693,False,Medium
STU001657,18,A-Level,EU,Day,0.833,0.69,83.3,0.596,False,False,2,True,0.705,False,Medium
STU001658,18,A-Level,UK,Day,0.977,0.737,89.0,0.692,False,False,1,True,0.835,False,Low
STU001659,17,A-Level,International,Day,0.964,0.795,87.4,0.716,False,False,0,True,0.779,True,Low
STU001660,17,A-Level,International,Day,0.919,0.788,73.7,0.984,False,False,0,True,0.865,False,Low
STU001661,18,A-Level,UK,Day,0.803,0.914,70.9,0.788,False,False,1,True,0.702,True,Medium
STU001662,18,A-Level,UK,Day,0.896,0.846,88.9,0.668,False,False,0,True,0.984,False,Low
STU001663,18,EAP,UK,Day,0.879,0.745,81.7,0.73,False,False,1,True,0.625,True,Medium
STU001664,17,A-Level,International,Boarding,0.958,0.846,94.3,0.777,False,False,1,True,0.718,False,Low
STU001665,18,EAP,UK,Homestay,0.837,0.851,79.0,0.725,False,False,1,True,0.808,True,Low
STU001666,18,Foundation,International,Day,0.981,0.895,79.6,0.823,False,False,1,True,0.661,False,Low
STU001667,15,GCSE,International,Boarding,0.926,0.72,76.5,0.671,True,False,1,True,0.7,True,Medium
STU001668,19,EAP,International,Homestay,0.804,0.809,81.5,0.773,False,False,1,True,0.998,False,Medium
STU001669,15,GCSE,UK,Boarding,0.885,0.672,65.7,0.488,False,False,0,True,0.789,False,High
STU001670,17,Foundation,UK,Homestay,0.896,0.844,74.8,0.879,False,False,0,True,0.724,True,Low
STU001671,17,A-Level,EU,Day,0.97,0.964,90.8,0.719,False,False,1,True,0.793,True,Low
STU001672,17,Foundation,International,Homestay,0.852,0.866,77.0,0.872,False,False,1,False,0.716,False,Low
STU001673,18,Foundation,International,Day,0.915,0.905,100.0,1.0,False,False,0,True,0.668,True,Low
STU001674,19,Foundation,EU,Day,0.977,0.718,89.1,0.645,False,False,1,True,0.63,True,Medium
STU001675,17,Foundation,UK,Homestay,0.918,0.878,89.2,0.805,False,False,0,True,0.889,True,Low
STU001676,16,A-Level,International,Homestay,0.719,0.697,77.4,0.601,True,False,1,True,0.72,False,High
STU001677,15,GCSE,UK,Day,0.865,0.888,86.2,0.767,False,False,0,True,0.83,False,Low
STU001678,17,A-Level,EU,Homestay,0.963,0.951,80.6,0.531,False,False,0,True,0.821,True,Low
STU001679,15,GCSE,International,Day,0.955,0.738,90.2,0.717,False,False,0,True,0.875,True,Low
STU001680,16,A-Level,UK,Boarding,0.743,0.508,68.2,0.586,False,False,2,True,0.736,False,High
STU001681,16,A-Level,International,Day,0.914,0.974,86.5,0.957,False,False,1,True,0.839,True,Low
STU001682,17,EAP,International,Day,0.966,0.839,80.3,1.0,False,False,0,True,0.798,True,Low
STU001683,17,A-Level,International,Boarding,0.938,0.724,73.7,0.738,False,False,3,True,0.886,False,Medium
STU001684,18,Foundation,UK,Day,0.946,0.837,88.8,0.668,False,False,0,True,0.817,False,Low
STU001685,16,GCSE,UK,Day,1.0,0.847,82.1,0.679,False,False,0,True,0.853,True,Low
STU001686,18,Foundation,UK,Day,0.897,0.768,92.1,0.788,False,False,2,True,0.967,False,Low
STU001687,16,EAP,UK,Day,0.921,0.707,80.4,0.646,False,False,0,False,0.858,False,Medium
STU001688,17,A-Level,International,Boarding,0.834,0.793,84.5,0.788,False,False,0,True,0.759,False,Low
STU001689,17,A-Level,International,Day,0.856,0.731,71.6,0.711,False,False,0,True,0.814,False,Medium
STU001690,18,Foundation,UK,Homestay,0.877,0.831,78.4,0.817,False,False,0,True,0.906,False,Low
STU001691,15,GCSE,International,Day,0.959,0.775,72.2,0.809,False,False,0,True,0.969,False,Low
STU001692,17,A-Level,International,Day,0.815,0.674,65.3,0.824,True,False,3,False,0.545,False,High
STU001693,17,A-Level,UK,Day,0.965,0.755,75.8,0.86,False,True,2,False,0.791,False,Medium
STU001694,16,GCSE,UK,Boarding,0.823,0.794,76.3,0.736,False,False,0,True,0.918,True,Medium
STU001695,17,A-Level,UK,Day,0.945,0.795,95.8,0.805,False,False,0,True,0.759,False,Low
STU001696,15,GCSE,International,Day,0.939,0.787,72.5,0.515,False,False,1,False,0.736,False,Medium
STU001697,15,GCSE,EU,Day,0.918,0.643,85.3,0.765,False,False,1,False,0.697,True,Medium
STU001698,16,GCSE,International,Homestay,0.969,0.761,74.5,0.839,False,False,0,False,0.64,False,Low
STU001699,19,EAP,UK,Day,0.848,0.774,74.4,0.767,False,False,0,True,0.896,True,Medium
STU001700,16,A-Level,International,Homestay,0.867,0.812,84.5,0.94,False,False,2,True,0.815,False,Low
STU001701,16,EAP,UK,Day,0.833,0.627,77.3,0.596,False,False,4,True,0.704,False,High
STU001702,17,A-Level,International,Day,0.901,0.749,77.1,0.667,False,False,2,True,0.947,False,Medium
STU001703,16,A-Level,International,Day,0.892,0.748,75.6,0.675,False,False,4,True,0.745,False,Medium
STU001704,17,A-Level,UK,Day,0.96,0.915,90.9,0.783,False,False,0,True,0.788,False,Low
STU001705,16,A-Level,International,Boarding,0.897,0.75,75.5,0.648,True,False,0,True,0.987,True,Medium
STU001706,15,GCSE,International,Homestay,0.948,0.86,70.3,0.608,False,False,1,False,0.658,False,Medium
STU001707,18,A-Level,International,Day,0.886,0.904,92.9,0.706,False,False,0,False,0.921,False,Low
STU001708,16,GCSE,UK,Day,0.928,0.815,85.8,0.87,False,False,0,False,0.794,False,Low
STU001709,17,A-Level,EU,Day,1.0,0.994,92.3,0.891,False,False,0,True,0.782,False,Low
STU001710,17,A-Level,International,Day,0.774,0.764,71.2,0.615,False,True,3,True,0.892,False,High
STU001711,16,GCSE,International,Day,0.771,0.697,61.7,0.632,False,False,0,False,0.758,False,High
STU001712,14,GCSE,UK,Homestay,0.945,0.832,70.1,0.662,False,False,0,True,0.987,False,Medium
STU001713,18,Foundation,International,Day,0.841,0.736,86.8,0.607,False,False,3,True,0.901,True,Medium
STU001714,17,A-Level,UK,Boarding,0.803,0.762,74.4,0.763,False,False,2,True,0.861,True,Medium
STU001715,14,GCSE,International,Day,0.937,0.782,77.2,0.598,False,False,1,True,0.841,False,Medium
STU001716,17,EAP,UK,Day,0.83,0.841,79.2,0.853,False,False,1,True,0.839,False,Low
STU001717,14,GCSE,UK,Day,1.0,1.0,94.6,0.998,False,False,1,True,1.0,False,Low
STU001718,17,A-Level,EU,Day,0.911,0.748,75.3,0.805,False,False,2,True,0.741,False,Medium
STU001719,17,EAP,UK,Day,0.886,0.909,82.4,0.873,False,False,0,True,0.934,False,Low
STU001720,15,GCSE,EU,Day,0.805,0.676,67.5,0.764,False,True,2,True,0.672,False,High
STU001721,14,GCSE,EU,Day,0.915,0.778,81.7,0.683,False,False,0,True,0.946,False,Low
STU001722,16,GCSE,UK,Homestay,0.789,0.767,80.2,0.729,False,False,0,True,0.843,False,Medium
STU001723,17,A-Level,UK,Day,0.727,0.512,66.3,0.715,False,False,2,True,0.792,False,High
STU001724,15,GCSE,International,Boarding,0.676,0.556,45.0,0.502,True,True,6,True,0.778,False,High
STU001725,17,A-Level,UK,Day,0.941,0.705,76.9,0.436,True,False,4,True,0.943,False,High
STU001726,15,GCSE,EU,Homestay,0.835,0.699,76.9,0.58,False,False,2,True,0.869,False,Medium
STU001727,16,A-Level,International,Day,0.8,0.625,59.9,0.597,False,False,5,True,0.841,False,High
STU001728,18,EAP,International,Day,0.894,0.905,84.4,0.862,False,False,0,True,0.792,False,Low
STU001729,17,Foundation,International,Homestay,1.0,0.748,77.1,0.653,False,False,0,False,0.662,True,Medium
STU001730,16,A-Level,UK,Day,0.976,0.956,99.0,1.0,False,False,0,True,0.866,False,Low
STU001731,17,A-Level,International,Boarding,0.844,0.841,87.5,0.925,False,False,1,True,0.77,False,Low
STU001732,16,A-Level,International,Boarding,0.783,0.695,61.1,0.772,True,False,1,True,0.764,False,High
STU001733,17,A-Level,EU,Day,0.771,0.675,82.2,0.606,True,False,0,True,0.614,True,High
STU001734,17,A-Level,International,Homestay,0.796,0.592,60.5,0.459,False,True,1,True,0.777,False,High
STU001735,15,GCSE,EU,Homestay,0.938,0.935,92.0,0.852,False,False,1,True,0.84,False,Low
STU001736,18,Foundation,EU,Homestay,0.876,0.703,74.3,0.685,False,False,0,True,0.777,False,Medium
STU001737,17,A-Level,UK,Homestay,0.822,0.863,75.2,0.814,False,False,0,True,0.755,False,Low
STU001738,15,GCSE,International,Day,0.806,0.739,72.6,0.765,False,False,2,True,0.82,False,Medium
STU001739,17,A-Level,UK,Day,1.0,0.631,60.4,0.699,True,False,2,True,0.736,False,High
STU001740,17,A-Level,UK,Boarding,0.952,0.718,63.2,0.632,False,False,2,True,0.918,True,Medium
STU001741,18,Foundation,UK,Day,0.84,0.895,80.1,0.78,False,False,0,True,0.865,False,Low
STU001742,18,Foundation,UK,Day,0.985,0.89,78.1,0.635,False,False,1,False,0.72,False,Low
STU001743,18,Foundation,UK,Day,0.819,0.625,71.3,0.782,False,False,0,True,0.844,True,Medium
STU001744,16,GCSE,EU,Homestay,0.848,0.658,63.3,0.739,True,False,2,True,0.658,True,High
STU001745,18,A-Level,UK,Day,0.883,0.609,88.4,0.668,False,False,0,True,0.816,False,Medium
STU001746,16,A-Level,International,Homestay,0.913,0.751,78.2,0.58,False,False,1,True,0.847,False,Medium
STU001747,14,GCSE,UK,Day,0.834,0.781,80.9,0.901,False,False,0,True,0.934,True,Low
STU001748,16,A-Level,UK,Day,0.909,0.815,89.0,0.695,False,False,0,False,0.784,False,Low
STU001749,18,Foundation,UK,Homestay,0.725,0.703,81.8,0.627,True,False,2,True,0.831,False,High
STU001750,14,GCSE,UK,Homestay,0.874,0.956,76.9,0.854,False,False,0,True,0.835,False,Low
STU001751,17,A-Level,UK,Day,0.932,0.859,80.0,0.65,True,False,0,False,0.711,False,Medium
STU001752,16,GCSE,EU,Day,0.972,0.962,82.5,0.676,False,False,1,True,0.777,True,Low
STU001753,15,GCSE,International,Day,0.851,0.939,90.7,0.954,False,False,0,True,0.763,True,Low
STU001754,14,GCSE,UK,Homestay,0.793,0.685,72.4,0.599,False,False,1,True,0.807,False,Medium
STU001755,17,EAP,UK,Day,0.703,0.557,59.2,0.825,True,False,3,True,0.895,False,High
STU001756,18,Foundation,UK,Day,0.885,0.71,79.5,0.749,True,False,1,True,0.809,True,Medium
STU001757,19,EAP,International,Boarding,0.919,0.737,79.6,0.83,False,False,0,True,0.904,False,Low
STU001758,18,A-Level,International,Day,0.927,0.836,83.5,0.706,False,False,0,True,0.824,False,Low
STU001759,16,GCSE,UK,Day,1.0,1.0,94.6,0.756,False,False,0,True,0.757,False,Low
STU001760,17,A-Level,UK,Homestay,0.911,0.828,91.1,0.974,False,False,0,True,0.876,False,Low
STU001761,17,A-Level,International,Homestay,0.858,0.651,68.4,0.815,True,False,4,True,0.712,False,High
STU001762,17,Foundation,UK,Homestay,0.752,0.526,56.7,0.511,True,False,2,True,0.674,False,High
STU001763,15,GCSE,EU,Day,1.0,0.956,83.3,0.661,False,False,2,True,0.872,False,Low
STU001764,16,A-Level,UK,Homestay,0.889,0.919,76.2,0.796,False,False,0,True,0.877,False,Low
STU001765,15,GCSE,EU,Boarding,0.843,0.879,80.8,0.786,False,False,3,True,0.956,True,Low
STU001766,17,A-Level,International,Day,0.915,0.745,83.9,0.854,False,False,4,True,0.915,False,Low
STU001767,18,Foundation,International,Boarding,1.0,0.952,81.4,0.821,False,False,2,False,0.788,False,Low
STU001768,16,A-Level,International,Day,0.973,0.753,74.4,0.646,True,False,2,True,0.888,True,Medium
STU001769,16,A-Level,UK,Boarding,0.832,0.794,82.6,0.627,False,False,0,True,0.664,False,Medium
STU001770,16,A-Level,EU,Boarding,0.925,0.582,73.3,0.46,True,False,2,True,0.718,False,High
STU001771,16,A-Level,UK,Boarding,0.924,0.898,75.3,0.962,False,False,1,True,0.862,False,Low
STU001772,17,Foundation,International,Day,0.969,0.689,55.8,0.501,False,False,0,True,0.899,True,Medium
STU001773,18,Foundation,International,Boarding,0.861,0.838,75.0,0.738,False,True,1,True,0.668,False,Medium
STU001774,17,EAP,UK,Day,0.943,0.945,80.0,0.612,False,False,4,True,0.696,False,Low
STU001775,19,Foundation,UK,Homestay,0.992,0.745,72.0,0.756,False,False,2,False,0.558,False,Medium
STU001776,17,A-Level,EU,Boarding,0.778,0.741,73.6,0.769,False,False,1,True,0.795,False,Medium
STU001777,16,A-Level,International,Day,0.925,0.796,71.3,0.492,False,False,0,True,0.871,False,Medium
STU001778,17,A-Level,EU,Day,0.763,0.664,62.5,0.715,True,False,2,True,0.595,False,High
STU001779,18,A-Level,UK,Boarding,0.817,0.731,65.6,0.822,False,True,1,True,0.783,False,Medium
STU001780,18,Foundation,UK,Day,0.841,0.77,74.8,0.709,False,True,2,True,0.863,False,Medium
STU001781,15,GCSE,UK,Boarding,0.784,0.767,60.6,0.969,True,False,2,True,0.806,True,Medium
STU001782,18,EAP,International,Day,0.859,0.834,74.7,0.517,False,False,2,True,0.71,False,Medium
STU001783,17,A-Level,International,Boarding,0.802,0.689,89.8,0.505,False,False,1,True,0.822,False,Medium
STU001784,17,A-Level,International,Day,0.858,0.806,84.0,0.7,False,False,0,True,0.908,False,Low
STU001785,17,A-Level,International,Boarding,0.936,0.747,76.1,0.737,False,False,0,True,0.755,True,Medium
STU001786,19,Foundation,EU,Homestay,0.961,0.874,92.6,0.826,False,False,0,True,0.801,False,Low
STU001787,18,A-Level,EU,Boarding,0.846,0.812,90.7,0.842,False,False,0,True,0.749,False,Low
STU001788,17,A-Level,EU,Day,0.993,0.86,84.3,0.646,False,False,1,True,1.0,False,Low
STU001789,15,GCSE,International,Homestay,0.94,0.812,70.2,0.59,False,False,0,True,0.834,False,Medium
STU001790,17,A-Level,UK,Day,0.947,0.687,67.3,0.648,True,False,1,True,0.694,False,High
STU001791,16,GCSE,International,Boarding,0.776,0.781,71.0,0.803,False,False,0,True,0.863,False,Medium
STU001792,17,Foundation,UK,Boarding,0.848,0.847,67.6,0.821,True,False,0,True,0.718,False,Medium
STU001793,18,A-Level,UK,Day,0.888,0.669,77.9,0.689,True,False,1,True,0.775,False,Medium
STU001794,16,A-Level,International,Day,0.78,0.859,91.5,0.64,False,False,3,True,0.848,False,Medium
STU001795,15,GCSE,International,Day,1.0,0.761,81.8,0.762,False,False,0,True,0.924,False,Low
STU001796,16,GCSE,EU,Homestay,0.855,0.768,73.2,0.758,False,False,0,True,0.704,False,Medium
STU001797,18,Foundation,UK,Homestay,0.938,0.776,86.2,0.814,False,False,1,True,0.845,False,Low
STU001798,15,GCSE,International,Day,0.965,0.813,87.4,0.595,False,False,1,True,0.861,False,Low
STU001799,14,GCSE,International,Day,0.829,0.649,61.9,0.499,True,False,0,True,0.706,True,High
STU001800,15,GCSE,UK,Homestay,0.952,0.666,75.1,0.706,True,False,1,True,0.918,True,Medium
STU001801,17,EAP,EU,Day,1.0,1.0,79.8,0.937,False,False,1,True,0.749,False,Low
STU001802,18,Foundation,UK,Day,0.822,0.672,72.8,0.623,False,False,1,True,0.805,False,Medium
STU001803,17,A-Level,EU,Day,0.908,0.674,70.4,0.808,False,False,1,True,0.704,True,Medium
STU001804,18,A-Level,International,Day,0.964,0.78,79.9,0.569,False,False,0,True,0.759,False,Medium
STU001805,18,A-Level,UK,Boarding,0.786,0.749,71.1,0.712,False,False,1,True,0.998,False,Medium
STU001806,17,Foundation,UK,Boarding,0.974,0.778,80.8,0.725,False,False,0,False,0.688,False,Medium
STU001807,17,A-Level,UK,Day,1.0,0.703,91.1,0.549,False,False,0,True,0.869,False,Low
STU001808,14,GCSE,UK,Homestay,0.99,0.828,83.1,0.71,False,False,1,True,0.739,False,Low
STU001809,14,GCSE,UK,Day,0.931,0.673,77.6,0.597,False,False,1,True,0.746,True,Medium
STU001810,14,GCSE,UK,Boarding,1.0,0.917,84.8,0.747,False,False,1,True,0.896,False,Low
STU001811,18,A-Level,UK,Day,0.925,0.904,72.6,0.816,False,False,0,True,0.746,True,Low
STU001812,19,Foundation,UK,Boarding,0.808,0.788,73.8,0.798,False,False,1,True,0.808,False,Medium
STU001813,16,A-Level,UK,Day,0.863,0.597,64.7,0.501,False,False,0,True,0.818,False,High
STU001814,14,GCSE,UK,Day,0.882,0.725,82.2,0.796,False,False,0,True,1.0,False,Low
STU001815,14,GCSE,International,Homestay,0.822,0.736,75.8,0.727,True,False,0,True,0.747,False,High
STU001816,18,EAP,EU,Day,0.893,0.836,83.2,0.751,False,False,0,True,0.891,False,Low
STU001817,17,A-Level,UK,Boarding,0.876,0.733,80.8,0.592,False,False,3,False,0.767,False,Medium
STU001818,18,Foundation,EU,Homestay,0.915,0.851,73.7,0.743,False,False,1,True,0.886,False,Low
STU001819,17,A-Level,International,Boarding,1.0,0.99,100.0,0.993,False,False,0,True,0.798,True,Low
STU001820,17,A-Level,International,Day,0.915,0.847,71.5,0.833,False,False,0,True,0.761,False,Low
STU001821,16,GCSE,UK,Day,0.944,0.88,76.4,0.872,False,False,1,True,0.952,False,Low
STU001822,15,GCSE,International,Homestay,0.746,0.525,66.9,0.547,False,False,1,True,0.662,False,High
STU001823,17,A-Level,UK,Day,0.876,0.714,63.5,0.632,True,False,1,True,0.753,False,High
STU001824,19,Foundation,UK,Boarding,0.976,0.792,80.5,0.664,False,False,2,True,0.942,False,Low
STU001825,18,A-Level,UK,Boarding,0.987,0.765,75.4,0.714,False,False,0,True,0.738,False,Medium
STU001826,17,A-Level,UK,Boarding,0.98,0.97,94.3,0.954,False,False,3,True,0.818,True,Low
STU001827,15,GCSE,EU,Boarding,0.921,0.786,78.8,0.691,False,False,0,True,0.98,False,Low
STU001828,19,EAP,International,Day,0.929,0.836,77.5,0.735,False,False,1,True,0.796,False,Low
STU001829,17,Foundation,International,Boarding,0.853,0.642,74.7,0.792,False,False,0,True,0.719,True,Medium
STU001830,16,A-Level,UK,Boarding,0.959,0.803,95.1,0.713,False,False,0,True,0.713,False,Low
STU001831,18,EAP,UK,Day,0.853,0.853,80.7,0.795,False,False,2,True,0.801,False,Low
STU001832,18,A-Level,UK,Day,0.948,0.779,70.1,0.708,False,False,2,True,0.891,False,Medium
STU001833,17,A-Level,UK,Boarding,0.903,0.804,68.0,0.779,False,False,0,True,0.792,False,Medium
STU001834,19,Foundation,International,Boarding,0.901,0.82,75.7,0.74,False,False,2,True,0.842,True,Low
STU001835,18,Foundation,International,Day,0.97,0.809,82.5,0.682,False,False,1,True,0.793,False,Low
STU001836,16,A-Level,International,Boarding,0.939,0.987,99.5,0.899,False,False,1,True,0.92,False,Low
STU001837,15,GCSE,International,Day,0.92,0.942,94.8,0.962,False,False,1,True,0.928,False,Low
STU001838,17,A-Level,UK,Homestay,0.865,0.846,75.9,0.799,False,False,0,True,0.82,True,Low
STU001839,16,EAP,UK,Boarding,1.0,0.844,73.0,0.67,False,False,0,True,0.974,False,Low
STU001840,14,GCSE,EU,Day,0.923,0.903,81.6,0.718,False,False,0,True,0.854,True,Low
STU001841,16,A-Level,UK,Day,0.952,0.886,84.2,0.808,False,False,1,True,0.855,False,Low
STU001842,17,A-Level,International,Boarding,0.906,0.643,69.1,0.555,False,False,2,True,0.646,True,High
STU001843,18,A-Level,EU,Homestay,0.851,0.834,82.8,0.669,False,False,0,True,0.816,False,Medium
STU001844,17,A-Level,UK,Day,0.925,0.694,68.1,0.598,False,False,1,True,0.803,False,Medium
STU001845,19,EAP,International,Boarding,0.858,0.797,76.0,0.663,False,False,0,True,0.869,False,Medium
STU001846,14,GCSE,International,Day,0.931,0.742,81.7,0.79,False,False,1,True,0.779,True,Low
STU001847,16,GCSE,UK,Day,0.671,0.52,52.7,0.626,False,False,2,True,0.696,False,High
STU001848,16,GCSE,International,Boarding,0.872,0.707,75.9,0.591,False,False,0,True,0.966,False,Medium
STU001849,18,Foundation,UK,Day,0.899,0.948,91.6,0.776,False,False,2,True,0.906,False,Low
STU001850,18,A-Level,EU,Boarding,0.783,0.636,73.6,0.659,False,True,2,True,0.88,True,High
STU001851,17,A-Level,UK,Homestay,0.925,0.778,82.0,0.872,False,False,2,True,0.755,False,Low
STU001852,19,Foundation,UK,Homestay,0.824,0.533,52.5,0.445,True,False,5,True,0.807,False,High
STU001853,19,Foundation,International,Day,0.9,0.628,67.8,0.696,False,False,1,True,0.781,False,Medium
STU001854,19,Foundation,UK,Boarding,0.861,0.973,86.4,0.95,False,False,2,True,0.749,True,Low
STU001855,18,EAP,International,Homestay,0.968,0.964,86.7,0.696,False,False,0,True,0.814,False,Low
STU001856,16,A-Level,International,Day,0.938,0.765,71.0,0.642,False,False,0,True,0.718,False,Medium
STU001857,18,Foundation,UK,Day,0.86,0.651,72.6,0.668,True,False,1,True,0.691,False,High
STU001858,17,A-Level,International,Homestay,0.904,0.832,79.5,0.909,False,False,2,True,0.894,True,Low
STU001859,19,Foundation,EU,Day,1.0,0.82,83.1,0.878,False,False,0,True,0.95,True,Low
STU001860,19,Foundation,UK,Homestay,0.889,0.769,81.6,0.653,False,False,2,True,0.778,True,Medium
STU001861,19,Foundation,International,Boarding,0.816,0.797,56.1,0.704,True,False,3,True,0.935,False,High
STU001862,16,A-Level,International,Day,0.818,0.875,78.6,0.676,False,False,3,False,0.533,True,Medium
STU001863,16,GCSE,EU,Day,0.963,0.798,81.1,0.817,False,False,0,False,0.776,True,Low
STU001864,18,A-Level,International,Day,1.0,0.796,75.8,0.795,False,False,1,False,0.706,False,Low
STU001865,18,EAP,EU,Day,0.841,0.847,94.0,0.802,False,False,0,True,0.804,True,Low
STU001866,16,EAP,International,Boarding,0.88,0.778,71.6,0.757,False,False,0,True,0.662,False,Medium
STU001867,14,GCSE,EU,Day,0.875,0.842,88.5,0.882,False,False,0,True,0.788,False,Low
STU001868,14,GCSE,UK,Day,0.819,0.658,73.2,0.647,True,False,1,True,0.718,True,High
STU001869,15,GCSE,EU,Day,0.776,0.713,74.3,0.604,False,False,2,True,0.718,True,High
STU001870,18,Foundation,UK,Homestay,0.956,0.947,81.4,0.938,False,False,0,True,0.815,False,Low
STU001871,19,Foundation,EU,Day,0.983,0.899,92.8,0.893,False,False,0,True,0.842,False,Low
STU001872,15,GCSE,International,Homestay,0.767,0.614,62.7,0.566,False,False,1,True,0.775,False,High
STU001873,17,A-Level,EU,Homestay,0.97,0.716,53.3,0.294,True,False,2,True,0.76,True,High
STU001874,18,Foundation,UK,Day,1.0,0.895,87.3,0.895,False,False,0,True,0.835,True,Low
STU001875,19,Foundation,EU,Day,0.584,0.665,57.1,0.551,True,True,3,True,0.814,False,High
STU001876,18,A-Level,UK,Homestay,0.748,0.629,75.3,0.692,False,False,2,True,0.859,False,Medium
STU001877,18,A-Level,International,Boarding,0.891,0.818,77.7,0.893,False,False,1,True,0.912,False,Low
STU001878,17,A-Level,International,Day,0.992,0.708,91.1,0.682,False,False,0,True,0.913,False,Low
STU001879,17,A-Level,International,Boarding,0.869,0.743,71.0,0.558,True,False,4,True,0.816,False,High
STU001880,18,A-Level,UK,Day,0.901,0.774,82.9,0.588,False,False,2,True,0.952,False,Medium
STU001881,17,A-Level,EU,Day,0.94,0.968,95.4,1.0,False,False,1,True,0.874,False,Low
STU001882,18,Foundation,EU,Boarding,0.843,0.811,85.1,0.903,False,False,1,True,0.819,False,Low
STU001883,16,A-Level,International,Day,0.918,0.85,86.3,0.792,True,False,2,True,0.68,False,Medium
STU001884,17,Foundation,International,Homestay,0.893,0.766,73.5,0.551,False,False,0,True,0.717,False,Medium
STU001885,15,GCSE,UK,Homestay,0.786,0.615,71.3,0.513,False,False,1,False,0.537,False,High
STU001886,16,A-Level,UK,Boarding,0.844,0.959,84.0,0.814,False,False,0,True,0.891,False,Low
STU001887,14,GCSE,International,Day,0.926,0.837,82.0,0.795,False,False,1,True,0.761,False,Low
STU001888,15,GCSE,International,Day,0.88,0.789,73.6,0.693,False,False,0,False,0.654,False,Medium
STU001889,18,Foundation,International,Day,0.872,0.807,76.5,0.61,False,False,0,True,0.805,True,Medium
STU001890,17,EAP,UK,Day,0.914,0.826,94.0,0.938,False,False,1,True,0.753,False,Low
STU001891,15,GCSE,International,Day,0.925,0.9,92.1,0.961,False,False,0,True,0.845,False,Low
STU001892,16,A-Level,UK,Boarding,0.814,0.719,78.8,0.769,False,False,1,True,0.696,True,Medium
STU001893,17,Foundation,International,Day,0.986,0.739,75.8,0.733,False,False,2,True,0.892,False,Low
STU001894,15,GCSE,International,Homestay,0.891,0.91,81.6,0.914,False,False,0,True,0.884,False,Low
STU001895,17,A-Level,International,Homestay,0.929,0.625,70.9,0.788,False,False,1,False,0.674,False,Medium
STU001896,18,Foundation,International,Boarding,0.907,0.779,92.8,0.984,False,False,1,True,0.784,False,Low
STU001897,16,A-Level,UK,Boarding,0.871,0.832,85.3,0.699,False,False,2,True,0.863,False,Low
STU001898,16,GCSE,UK,Day,0.964,0.812,75.7,1.0,False,False,0,True,0.937,True,Low
STU001899,17,A-Level,UK,Day,0.852,0.669,76.9,0.64,True,False,0,True,0.61,True,High
STU001900,17,Foundation,UK,Homestay,0.905,0.811,88.2,0.708,False,False,0,False,0.769,False,Low
STU001901,16,A-Level,EU,Boarding,0.726,0.777,77.1,0.776,False,False,2,True,0.82,False,Medium
STU001902,16,GCSE,UK,Day,0.957,0.873,94.9,0.752,False,False,1,False,0.65,False,Low
STU001903,18,Foundation,International,Boarding,0.888,0.884,76.3,0.826,False,False,0,True,0.809,False,Low
STU001904,15,GCSE,UK,Homestay,0.953,0.698,77.8,0.637,False,False,1,True,0.651,False,Medium
STU001905,18,Foundation,International,Day,1.0,0.875,93.8,0.71,False,False,0,True,0.68,False,Low
STU001906,16,GCSE,International,Day,0.958,0.779,84.8,0.715,False,False,1,True,0.894,False,Low
STU001907,18,EAP,UK,Homestay,0.831,0.523,81.3,0.764,True,False,1,True,0.826,True,High
STU001908,17,A-Level,UK,Day,0.88,0.888,75.9,0.653,False,False,0,True,0.844,False,Low
STU001909,17,A-Level,UK,Day,1.0,0.886,81.6,0.928,False,False,2,True,0.924,False,Low
STU001910,14,GCSE,International,Day,0.934,0.815,76.5,0.737,False,False,1,False,0.791,True,Low
STU001911,18,A-Level,EU,Homestay,0.915,0.834,83.4,0.966,False,False,1,True,0.899,True,Low
STU001912,18,Foundation,UK,Homestay,0.846,0.7,85.0,0.579,True,False,2,True,0.885,True,Medium
STU001913,17,EAP,International,Day,0.837,0.77,74.3,0.818,False,False,0,True,0.933,False,Medium
STU001914,18,A-Level,UK,Day,0.763,0.682,71.2,0.749,False,False,2,True,0.817,True,Medium
STU001915,18,A-Level,International,Day,1.0,1.0,81.7,0.833,False,False,0,True,0.818,True,Low
STU001916,19,Foundation,UK,Day,0.845,0.556,67.1,0.755,False,False,2,True,0.797,False,Medium
STU001917,19,Foundation,International,Day,0.887,0.809,83.4,0.881,False,False,0,True,0.828,False,Low
STU001918,18,A-Level,International,Day,0.893,0.758,60.4,0.603,False,False,1,True,0.745,False,Medium
STU001919,16,A-Level,International,Day,1.0,0.788,82.3,0.834,False,False,1,False,0.77,False,Low
STU001920,18,A-Level,UK,Homestay,0.771,0.568,55.2,0.543,True,False,4,True,0.756,False,High
STU001921,18,A-Level,UK,Day,0.918,0.81,81.3,0.694,False,False,2,True,0.931,False,Low
STU001922,14,GCSE,International,Day,0.936,0.631,84.4,0.783,False,False,1,True,0.691,False,Medium
STU001923,16,A-Level,EU,Day,0.803,0.909,79.1,0.825,False,False,2,True,1.0,False,Low
STU001924,18,A-Level,UK,Boarding,0.797,0.69,71.4,0.544,False,False,2,True,0.713,True,High
STU001925,18,Foundation,International,Day,0.815,0.814,74.4,0.901,True,False,3,True,0.718,False,Medium
STU001926,16,GCSE,UK,Boarding,0.917,0.856,90.9,0.863,False,False,1,True,0.872,True,Low
STU001927,16,A-Level,UK,Boarding,0.835,0.651,66.9,0.69,True,False,2,True,0.84,True,High
STU001928,16,A-Level,International,Homestay,0.892,0.726,82.6,0.623,False,False,1,True,0.843,False,Medium
STU001929,17,A-Level,EU,Boarding,0.877,0.827,81.9,0.904,True,False,0,True,0.837,False,Low
STU001930,14,GCSE,UK,Day,0.792,0.647,80.9,0.706,True,False,0,True,0.74,False,High
STU001931,17,A-Level,International,Day,0.888,0.791,84.0,0.805,False,False,0,True,0.765,False,Low
STU001932,17,A-Level,International,Boarding,0.892,0.802,79.0,0.67,False,False,1,True,0.83,True,Medium
STU001933,16,A-Level,UK,Day,0.842,0.665,81.2,0.752,False,False,4,True,0.71,True,Medium
STU001934,16,A-Level,International,Day,1.0,0.885,96.6,0.725,False,False,2,False,0.792,False,Low
STU001935,17,A-Level,International,Homestay,0.708,0.891,86.1,0.784,True,False,2,True,0.924,True,Medium
STU001936,17,Foundation,UK,Homestay,0.987,1.0,100.0,0.973,False,False,2,True,0.753,False,Low
STU001937,17,A-Level,EU,Homestay,0.956,0.858,82.7,0.762,False,False,0,True,0.7,True,Low
STU001938,18,Foundation,UK,Homestay,0.892,0.609,70.0,0.657,True,False,1,True,0.879,False,High
STU001939,16,A-Level,International,Boarding,0.907,0.96,84.7,0.853,False,False,1,True,0.773,False,Low
STU001940,15,GCSE,International,Boarding,0.993,0.874,80.2,0.855,False,False,0,True,0.733,False,Low
STU001941,14,GCSE,UK,Day,0.869,0.837,81.4,0.581,False,False,2,True,0.907,False,Medium
STU001942,16,A-Level,International,Homestay,0.927,0.749,61.6,0.732,False,False,2,True,0.895,False,Medium
STU001943,18,Foundation,International,Day,0.86,0.84,81.7,1.0,False,True,1,True,0.897,True,Low
STU001944,19,Foundation,UK,Boarding,0.884,0.847,91.1,0.777,False,False,1,False,0.542,False,Low
STU001945,19,Foundation,International,Day,0.909,0.781,86.6,0.817,False,False,1,True,0.827,False,Low
STU001946,18,A-Level,UK,Day,0.834,0.941,88.7,0.791,False,False,0,True,0.8,False,Low
STU001947,17,A-Level,International,Boarding,0.854,0.796,64.4,0.667,False,False,0,True,0.913,False,Medium
STU001948,15,GCSE,EU,Day,1.0,1.0,100.0,0.872,False,False,0,True,0.846,False,Low
STU001949,17,A-Level,International,Boarding,1.0,0.797,81.5,0.845,False,False,2,True,0.694,False,Low
STU001950,17,A-Level,International,Boarding,0.936,0.814,88.1,0.906,False,False,0,True,0.914,False,Low
STU001951,16,GCSE,EU,Boarding,0.958,0.973,80.1,0.559,False,False,0,True,0.784,False,Low
STU001952,14,GCSE,International,Day,0.918,0.699,76.8,0.785,False,False,1,True,0.813,True,Medium
STU001953,16,A-Level,International,Day,0.932,0.946,91.5,0.795,False,False,1,True,0.771,False,Low
STU001954,18,Foundation,International,Homestay,0.938,0.791,87.2,0.632,False,False,1,True,0.76,True,Low
STU001955,19,EAP,EU,Day,0.948,0.811,77.3,0.795,False,True,1,True,0.787,False,Medium
STU001956,19,EAP,UK,Day,1.0,0.989,92.0,0.897,False,False,2,True,0.806,False,Low
STU001957,17,A-Level,International,Day,0.793,0.872,66.0,0.713,False,True,1,True,0.917,False,Medium
STU001958,18,A-Level,International,Homestay,1.0,0.875,93.0,0.797,False,False,0,True,0.56,False,Low
STU001959,17,A-Level,International,Boarding,0.866,0.761,59.2,0.683,True,False,1,True,0.84,False,High
STU001960,19,Foundation,International,Day,0.91,0.816,70.5,0.734,False,False,0,True,0.852,True,Medium
STU001961,16,GCSE,UK,Homestay,0.818,0.79,59.5,0.896,True,False,2,False,0.786,False,Medium
STU001962,18,A-Level,UK,Homestay,0.871,0.671,73.8,0.782,False,False,2,True,0.896,False,Medium
STU001963,18,Foundation,UK,Boarding,0.943,0.791,81.6,0.842,False,False,2,True,0.779,True,Low
STU001964,16,A-Level,International,Day,0.945,0.871,83.5,0.616,False,False,0,True,0.871,False,Low
STU001965,17,A-Level,International,Boarding,0.88,0.737,80.3,0.708,False,True,1,True,0.784,False,Medium
STU001966,17,A-Level,International,Day,0.868,0.679,71.9,0.677,False,False,0,True,0.704,False,Medium
STU001967,16,GCSE,EU,Boarding,0.711,0.65,72.2,0.646,False,False,2,True,0.708,False,High
STU001968,16,A-Level,International,Homestay,0.774,0.693,61.9,0.66,False,False,1,True,0.791,False,High
STU001969,17,A-Level,International,Homestay,0.901,0.663,78.8,0.681,False,False,2,True,0.856,True,Medium
STU001970,16,GCSE,International,Day,0.924,0.79,77.1,0.718,False,False,0,True,0.767,True,Low
STU001971,14,GCSE,UK,Homestay,0.839,0.663,63.7,0.537,True,False,5,True,0.645,False,High
STU001972,18,Foundation,International,Day,0.851,0.76,78.8,0.835,False,False,0,True,0.873,False,Low
STU001973,17,A-Level,International,Day,0.921,0.884,79.8,0.861,False,False,0,True,0.775,False,Low
STU001974,17,A-Level,International,Boarding,0.892,1.0,85.6,0.811,False,False,0,False,0.615,True,Low
STU001975,16,A-Level,International,Boarding,0.808,0.689,79.4,0.772,True,False,5,True,0.679,False,High
STU001976,19,EAP,International,Day,0.787,0.695,84.0,0.848,False,False,1,False,0.781,True,Medium
STU001977,17,A-Level,UK,Day,0.841,0.792,76.5,0.574,False,False,1,True,0.945,False,Medium
STU001978,18,A-Level,UK,Day,0.965,0.997,89.6,0.963,False,False,0,True,0.927,True,Low
STU001979,18,Foundation,International,Boarding,0.833,0.91,78.6,0.859,False,False,1,True,0.982,False,Low
STU001980,18,Foundation,UK,Homestay,0.946,0.785,70.6,0.577,False,False,0,True,0.867,True,Medium
STU001981,14,GCSE,UK,Boarding,0.997,0.777,88.8,0.687,False,False,1,True,0.855,True,Low
STU001982,17,Foundation,UK,Day,0.845,0.737,74.2,0.612,False,False,1,True,0.741,True,Medium
STU001983,17,A-Level,EU,Homestay,0.869,0.763,65.6,0.793,False,False,0,True,0.82,False,Medium
STU001984,16,A-Level,International,Boarding,0.969,0.932,76.0,0.722,False,False,0,True,0.89,False,Low
STU001985,15,GCSE,UK,Homestay,0.986,0.935,79.5,0.777,False,False,0,True,0.809,False,Low
STU001986,15,GCSE,International,Boarding,0.855,0.727,59.1,0.923,False,False,3,False,0.658,False,Medium
STU001987,18,Foundation,International,Homestay,0.741,0.703,67.0,0.864,True,False,2,True,0.864,False,High
STU001988,16,A-Level,UK,Homestay,0.988,0.883,67.6,0.68,False,False,1,True,0.815,False,Low
STU001989,17,A-Level,UK,Boarding,0.941,0.757,83.0,0.828,False,False,0,True,0.853,False,Low
STU001990,19,Foundation,International,Day,0.928,0.92,88.7,1.0,False,False,0,True,0.883,True,Low
STU001991,17,Foundation,International,Boarding,0.894,0.589,76.1,0.631,True,False,1,True,0.565,False,High
STU001992,14,GCSE,UK,Boarding,0.817,0.761,80.4,0.814,False,False,1,True,0.901,False,Medium
STU001993,18,A-Level,UK,Boarding,0.927,0.814,99.4,0.747,False,False,1,True,0.756,False,Low
STU001994,14,GCSE,UK,Day,0.88,0.647,70.0,0.613,False,False,2,True,0.793,False,Medium
STU001995,19,Foundation,UK,Day,0.942,0.929,85.1,0.986,False,False,1,True,0.81,False,Low
STU001996,16,A-Level,EU,Boarding,0.956,0.864,90.5,0.729,False,False,0,True,0.742,True,Low
STU001997,19,EAP,International,Homestay,0.968,0.789,84.4,0.818,False,False,0,False,0.793,False,Low
STU001998,15,GCSE,International,Boarding,0.942,0.866,82.5,0.711,False,False,1,False,0.583,False,Low
STU001999,16,GCSE,International,Day,0.918,0.943,93.9,0.869,False,False,1,True,0.877,True,Low
STU002000,17,A-Level,UK,Day,0.92,0.851,91.9,0.882,False,False,0,True,0.843,False,Low
STU002001,17,A-Level,International,Day,0.926,0.645,62.0,0.678,False,False,1,True,0.595,True,Medium
STU002002,14,GCSE,UK,Day,0.856,0.726,75.3,0.729,False,False,4,True,0.853,False,Medium
STU002003,17,EAP,EU,Day,0.874,0.85,85.6,0.838,False,False,1,True,0.877,True,Low
STU002004,16,GCSE,International,Boarding,0.928,0.771,63.7,0.865,False,False,1,True,0.747,True,Medium
STU002005,17,A-Level,International,Homestay,0.946,0.794,74.5,0.703,False,False,1,True,0.752,False,Low
STU002006,19,Foundation,EU,Day,0.854,0.788,85.3,0.93,False,False,0,True,0.84,False,Low
STU002007,17,A-Level,International,Boarding,0.825,0.797,86.2,0.819,False,False,1,True,0.983,False,Low
STU002008,19,Foundation,International,Boarding,0.783,0.682,68.6,0.618,False,False,3,False,0.582,False,High
STU002009,15,GCSE,EU,Homestay,0.77,0.692,62.6,0.693,True,False,1,True,0.887,False,High
STU002010,18,A-Level,International,Homestay,0.862,0.845,82.0,0.797,False,False,1,True,0.808,False,Low
STU002011,16,GCSE,International,Day,0.869,0.723,73.9,0.636,False,False,0,True,0.917,False,Medium
STU002012,15,GCSE,International,Day,0.88,0.94,79.9,0.777,False,False,0,True,0.846,False,Low
STU002013,19,EAP,EU,Day,0.816,0.887,70.7,0.767,False,False,2,True,0.839,False,Medium
STU002014,16,GCSE,UK,Boarding,0.773,0.681,65.3,0.494,False,False,2,True,0.673,False,High
STU002015,16,A-Level,UK,Boarding,0.909,0.698,59.4,0.375,False,False,1,True,0.903,False,High
STU002016,17,A-Level,EU,Day,0.865,0.783,72.4,0.947,True,False,1,True,0.666,False,Medium
STU002017,16,A-Level,International,Homestay,0.943,0.858,82.5,0.76,False,False,2,True,0.762,False,Low
STU002018,19,Foundation,UK,Day,0.957,0.903,81.2,0.824,False,False,0,True,0.874,True,Low
STU002019,14,GCSE,International,Homestay,0.845,0.698,76.8,0.545,True,True,1,True,0.87,False,High
STU002020,16,A-Level,UK,Day,0.854,0.793,73.2,0.621,True,False,3,True,0.823,True,Medium
STU002021,17,EAP,International,Day,0.961,0.965,97.3,1.0,False,False,0,False,0.803,True,Low
STU002022,17,A-Level,UK,Day,1.0,0.975,93.0,1.0,False,False,1,True,0.859,False,Low
STU002023,19,EAP,EU,Day,0.853,0.81,67.3,0.561,False,False,3,True,0.83,False,Medium
STU002024,16,GCSE,International,Boarding,0.954,0.844,78.5,0.766,False,False,0,True,0.963,True,Low
STU002025,17,A-Level,UK,Day,0.856,0.821,82.1,0.96,False,False,0,True,0.761,False,Low
STU002026,16,A-Level,UK,Boarding,0.915,0.872,78.6,0.786,False,False,1,True,0.673,True,Low
STU002027,18,Foundation,EU,Day,0.975,0.952,89.0,0.901,False,False,0,True,0.876,True,Low
STU002028,18,EAP,EU,Day,0.881,0.777,74.7,0.776,False,False,0,True,0.957,False,Medium
STU002029,17,A-Level,International,Homestay,0.833,0.76,78.4,0.787,False,False,1,True,0.889,False,Medium
STU002030,17,A-Level,International,Homestay,0.868,0.867,90.9,0.914,False,False,1,False,0.693,False,Low
STU002031,15,GCSE,UK,Day,0.833,0.884,86.9,0.768,False,False,0,True,0.741,False,Low
STU002032,17,A-Level,EU,Homestay,0.825,0.662,73.2,0.575,False,False,1,True,0.843,True,Medium
STU002033,17,A-Level,International,Boarding,0.984,0.719,80.2,0.717,False,False,0,True,0.865,False,Low
STU002034,18,EAP,International,Day,0.937,0.77,75.4,0.915,False,False,1,True,0.987,False,Low
STU002035,18,A-Level,International,Homestay,0.85,0.668,82.1,0.724,False,False,2,True,0.815,False,Medium
STU002036,17,A-Level,International,Day,0.831,0.643,59.3,0.659,False,False,1,True,0.525,False,High
STU002037,14,GCSE,EU,Day,0.836,0.664,68.8,0.575,False,False,1,True,0.717,False,High
STU002038,16,GCSE,UK,Boarding,0.807,0.609,58.3,0.518,True,False,3,True,0.975,False,High
STU002039,15,GCSE,UK,Day,0.981,0.855,86.7,0.685,False,False,0,True,0.782,False,Low
STU002040,16,A-Level,EU,Day,0.892,0.925,96.6,0.806,False,False,0,True,0.782,False,Low
STU002041,18,Foundation,International,Day,1.0,0.928,84.2,0.768,False,False,0,True,0.681,False,Low
STU002042,17,A-Level,International,Boarding,0.897,0.757,90.5,0.775,False,False,1,True,0.842,True,Low
STU002043,18,A-Level,International,Boarding,0.86,0.741,73.8,0.756,False,False,1,True,0.841,False,Medium
STU002044,15,GCSE,UK,Day,0.965,1.0,85.2,0.856,False,False,1,True,0.794,False,Low
STU002045,18,Foundation,International,Homestay,0.719,0.505,54.6,0.582,True,False,2,False,0.646,True,High
STU002046,17,Foundation,UK,Day,0.913,0.978,98.5,0.985,False,False,2,True,0.877,False,Low
STU002047,15,GCSE,UK,Boarding,0.815,0.593,75.1,0.486,False,False,5,True,0.76,True,High
STU002048,19,Foundation,UK,Homestay,0.747,0.77,71.7,0.677,False,False,0,True,0.682,True,Medium
STU002049,18,A-Level,International,Homestay,0.892,0.876,85.5,0.7,False,False,2,True,0.85,False,Low
STU002050,14,GCSE,UK,Boarding,0.958,0.814,76.5,0.667,False,False,1,True,0.819,True,Low
STU002051,17,A-Level,International,Boarding,0.915,0.797,83.3,0.497,False,False,1,True,0.867,False,Medium
STU002052,17,A-Level,UK,Day,0.907,1.0,85.5,0.904,False,False,1,True,0.951,False,Low
STU002053,15,GCSE,EU,Boarding,0.718,0.616,76.4,0.753,False,False,0,True,0.82,False,Medium
STU002054,18,EAP,International,Day,0.889,0.93,91.1,0.86,False,False,0,True,0.96,False,Low
STU002055,18,Foundation,EU,Day,0.89,0.872,84.1,0.693,False,False,1,True,0.993,True,Low
STU002056,17,A-Level,UK,Day,0.943,0.695,62.0,0.714,False,False,2,True,0.804,False,Medium
STU002057,18,A-Level,UK,Day,0.826,0.774,81.5,0.681,False,False,0,True,0.865,True,Medium
STU002058,17,A-Level,International,Boarding,0.923,0.732,81.7,0.716,True,False,4,False,0.728,False,Medium
STU002059,16,A-Level,UK,Homestay,0.797,0.75,72.9,0.745,True,False,1,True,0.745,False,High
STU002060,17,A-Level,EU,Day,0.879,0.789,84.4,0.686,False,False,1,True,0.778,True,Low
STU002061,16,GCSE,EU,Day,0.937,0.85,80.2,0.649,False,False,0,True,0.817,False,Low
STU002062,17,A-Level,UK,Day,0.817,0.692,68.9,0.735,False,False,0,True,0.637,False,Medium
STU002063,18,Foundation,UK,Boarding,0.958,1.0,87.9,0.816,False,False,0,True,0.66,False,Low
STU002064,17,A-Level,International,Day,0.805,0.789,88.6,0.773,False,False,1,True,0.781,False,Low
STU002065,16,GCSE,International,Day,0.946,1.0,93.0,0.922,False,False,0,False,0.628,False,Low
STU002066,18,Foundation,UK,Boarding,0.884,0.827,75.0,0.729,False,False,3,True,0.897,True,Medium
STU002067,15,GCSE,International,Homestay,0.889,0.944,92.0,0.842,False,False,1,True,0.654,False,Low
STU002068,18,A-Level,International,Day,0.685,0.682,75.3,0.676,False,False,2,True,0.774,False,High
STU002069,16,GCSE,International,Day,0.859,0.921,93.3,0.839,False,False,0,True,0.868,False,Low
STU002070,17,A-Level,UK,Boarding,0.885,0.778,73.9,0.896,False,False,0,True,0.882,False,Low
STU002071,18,Foundation,UK,Day,0.977,0.852,73.5,0.691,True,False,0,True,0.901,False,Medium
STU002072,17,A-Level,International,Day,0.897,0.843,95.7,0.991,False,False,0,False,0.66,False,Low
STU002073,14,GCSE,UK,Boarding,0.854,0.766,75.9,0.736,False,False,0,True,0.854,True,Medium
STU002074,19,Foundation,UK,Homestay,0.958,0.715,58.9,0.674,False,False,0,True,0.818,False,Medium
STU002075,18,Foundation,International,Day,0.83,0.614,54.6,0.591,True,False,4,True,0.698,True,High
STU002076,19,Foundation,UK,Day,0.972,0.912,95.7,0.994,False,False,0,True,0.769,True,Low
STU002077,14,GCSE,UK,Day,0.918,0.923,83.4,0.901,False,False,0,True,0.703,False,Low
STU002078,17,A-Level,UK,Homestay,0.837,0.849,77.2,0.858,False,False,1,True,0.85,False,Low
STU002079,16,EAP,International,Day,0.966,0.813,93.9,0.77,False,False,2,True,0.819,True,Low
STU002080,19,Foundation,UK,Boarding,0.91,0.784,78.2,0.697,True,False,1,False,0.672,False,Medium
STU002081,15,GCSE,International,Homestay,0.963,0.802,85.9,0.574,False,False,0,True,0.913,False,Low
STU002082,15,GCSE,International,Homestay,0.887,0.75,78.7,0.694,False,False,1,True,0.884,False,Medium
STU002083,16,A-Level,EU,Boarding,0.942,0.811,79.4,0.794,False,False,0,True,0.917,False,Low
STU002084,17,EAP,UK,Day,1.0,0.923,79.2,1.0,False,False,0,True,0.845,True,Low
STU002085,16,A-Level,UK,Day,0.912,0.964,81.5,0.727,False,False,0,True,0.769,False,Low
STU002086,17,A-Level,International,Day,0.872,0.723,73.6,0.702,False,False,1,True,0.775,True,Medium
STU002087,15,GCSE,UK,Boarding,1.0,0.964,80.5,0.815,False,False,1,False,0.779,False,Low
STU002088,17,A-Level,International,Boarding,0.947,0.817,89.1,0.878,False,False,0,True,0.725,False,Low
STU002089,18,Foundation,EU,Homestay,0.868,0.84,78.9,0.957,False,False,0,True,0.801,False,Low
STU002090,17,A-Level,EU,Day,1.0,0.875,84.9,0.716,False,False,0,True,0.866,False,Low
STU002091,18,Foundation,UK,Boarding,0.816,0.812,74.3,0.727,False,False,0,True,0.765,False,Medium
STU002092,17,EAP,International,Homestay,0.915,0.87,74.4,0.828,False,True,1,True,0.794,True,Medium
STU002093,14,GCSE,UK,Homestay,0.98,0.894,74.4,0.739,False,False,0,True,0.744,False,Low
STU002094,18,A-Level,UK,Boarding,0.975,0.876,79.2,0.714,False,False,2,True,0.793,True,Low
STU002095,17,A-Level,International,Boarding,0.837,0.805,76.0,0.696,False,False,0,True,1.0,True,Medium
STU002096,17,Foundation,EU,Boarding,0.813,0.664,71.9,0.6,False,False,4,True,0.669,False,High
STU002097,16,A-Level,EU,Day,0.916,0.763,75.1,0.689,False,False,0,True,0.912,False,Medium
STU002098,18,A-Level,International,Day,0.949,0.779,78.8,0.629,False,False,0,True,0.85,False,Medium
STU002099,18,Foundation,International,Day,0.825,0.862,81.7,0.753,False,False,2,True,0.509,False,Medium
STU002100,17,A-Level,UK,Day,0.921,0.856,87.0,0.718,False,False,0,False,0.581,True,Low
STU002101,17,EAP,UK,Boarding,0.798,0.745,82.8,0.694,False,False,3,True,0.781,False,Medium
STU002102,17,A-Level,International,Boarding,0.974,0.869,92.0,0.79,False,False,1,True,0.762,False,Low
STU002103,16,GCSE,UK,Boarding,0.86,0.57,59.2,0.42,False,False,2,True,0.78,False,High
STU002104,17,A-Level,International,Day,0.889,0.765,78.6,0.712,False,False,0,True,0.836,False,Medium
STU002105,18,Foundation,UK,Day,0.852,0.696,78.3,0.745,True,True,4,True,0.898,False,High
STU002106,18,A-Level,UK,Day,0.954,0.959,85.3,0.896,False,False,0,True,0.787,False,Low
STU002107,19,Foundation,UK,Day,0.933,0.886,94.9,0.873,False,False,2,True,0.737,False,Low
STU002108,17,EAP,EU,Homestay,0.972,1.0,94.4,0.99,False,False,0,True,0.685,False,Low
STU002109,17,A-Level,International,Day,0.929,0.942,72.1,0.596,False,False,2,True,0.788,True,Low
STU002110,17,EAP,UK,Day,1.0,1.0,100.0,0.976,False,False,0,True,0.681,False,Low
STU002111,14,GCSE,UK,Day,0.78,0.663,78.1,0.717,False,False,4,True,0.734,True,Medium
STU002112,15,GCSE,International,Boarding,0.862,0.734,75.8,0.654,False,True,1,True,0.671,False,High
STU002113,15,GCSE,UK,Boarding,0.893,0.669,78.5,0.745,False,False,1,True,0.664,False,Medium
STU002114,19,Foundation,International,Day,0.823,0.969,87.3,1.0,True,False,2,True,0.863,True,Low
STU002115,18,A-Level,International,Homestay,0.935,1.0,84.0,0.788,False,False,1,True,0.846,False,Low
STU002116,14,GCSE,International,Homestay,0.915,0.738,83.5,0.751,False,False,1,True,0.799,False,Low
STU002117,17,A-Level,International,Day,0.958,0.852,82.9,0.884,False,False,0,True,0.851,False,Low
STU002118,18,A-Level,UK,Day,0.817,0.699,66.3,0.691,False,False,2,True,0.722,False,High
STU002119,16,GCSE,International,Day,1.0,0.756,74.6,0.685,False,False,0,True,0.875,False,Low
STU002120,19,Foundation,International,Day,0.761,0.628,53.7,0.867,True,True,2,True,0.649,False,High
STU002121,18,Foundation,International,Homestay,0.92,0.831,77.4,0.621,False,False,0,True,0.911,False,Medium
STU002122,17,A-Level,UK,Day,0.886,0.714,69.5,0.754,False,False,1,False,0.695,False,Medium
STU002123,18,EAP,International,Day,0.843,0.724,69.4,0.731,True,False,1,True,0.9,False,Medium
STU002124,18,A-Level,International,Day,0.795,0.572,53.2,0.588,True,False,2,True,0.683,True,High
STU002125,17,EAP,International,Day,0.914,0.636,62.7,0.653,False,False,2,True,0.699,False,High
STU002126,18,A-Level,UK,Homestay,0.941,0.777,94.2,0.758,False,False,1,True,0.737,True,Low
STU002127,17,A-Level,UK,Day,0.694,0.531,61.7,0.676,True,False,2,True,0.757,False,High
STU002128,16,GCSE,International,Day,0.877,0.835,80.0,0.85,False,False,1,True,0.81,False,Low
STU002129,18,Foundation,EU,Boarding,0.874,0.814,74.2,0.681,False,False,0,True,0.839,False,Medium
STU002130,17,A-Level,UK,Day,1.0,0.879,86.5,0.706,False,False,0,True,0.985,False,Low
STU002131,15,GCSE,International,Day,0.923,0.835,80.1,0.882,True,False,0,True,0.604,True,Medium
STU002132,15,GCSE,UK,Day,1.0,0.891,82.7,0.724,False,False,1,True,0.93,False,Low
STU002133,17,A-Level,UK,Day,0.939,0.741,81.6,0.733,False,False,2,True,0.835,False,Low
STU002134,16,A-Level,UK,Day,0.865,0.786,80.1,0.862,True,False,0,True,0.908,False,Medium
STU002135,17,Foundation,UK,Day,0.925,0.731,60.5,0.599,False,False,1,True,0.68,False,Medium
STU002136,18,Foundation,UK,Day,0.979,0.694,77.7,0.676,False,False,1,True,0.713,False,Medium
STU002137,16,GCSE,UK,Boarding,1.0,0.864,90.7,0.947,False,False,0,True,0.881,False,Low
STU002138,18,Foundation,UK,Day,0.852,0.604,66.7,0.636,True,False,0,True,0.701,False,High
STU002139,14,GCSE,International,Homestay,0.856,0.734,64.7,0.651,False,False,2,False,0.772,False,Medium
STU002140,19,Foundation,International,Day,0.965,0.884,81.8,0.76,False,False,0,True,0.938,False,Low
STU002141,18,Foundation,EU,Boarding,0.84,0.732,75.1,0.72,False,False,1,True,0.934,False,Medium
STU002142,18,A-Level,UK,Homestay,0.894,0.704,73.5,0.697,False,True,5,True,0.625,True,High
STU002143,18,Foundation,UK,Day,0.948,0.865,90.7,0.824,False,False,0,True,0.743,True,Low
STU002144,16,A-Level,International,Boarding,0.892,0.828,90.2,0.902,False,False,2,True,0.741,False,Low
STU002145,17,A-Level,International,Homestay,0.837,0.674,70.7,0.63,False,False,0,True,0.835,False,Medium
STU002146,18,Foundation,UK,Day,0.838,0.877,77.8,0.686,False,True,3,False,0.779,False,Medium
STU002147,16,A-Level,UK,Homestay,0.821,0.771,72.4,0.672,True,False,1,True,0.717,False,High
STU002148,16,A-Level,International,Day,0.826,0.847,88.8,0.91,False,False,0,True,0.779,True,Low
STU002149,16,A-Level,International,Day,0.837,0.678,75.4,0.667,True,False,5,False,0.744,False,High
STU002150,18,Foundation,EU,Boarding,0.798,0.676,76.3,0.631,False,False,2,True,0.864,True,Medium
STU002151,17,A-Level,International,Day,0.941,0.67,71.9,0.531,False,False,2,True,0.777,False,Medium
STU002152,15,GCSE,International,Boarding,0.884,0.657,77.4,0.596,True,False,1,True,0.967,False,High
STU002153,17,Foundation,International,Homestay,0.875,0.721,76.3,0.639,True,False,2,False,0.74,False,High
STU002154,18,Foundation,UK,Homestay,0.873,0.547,66.8,0.63,False,False,5,False,0.578,False,High
STU002155,15,GCSE,International,Day,0.842,0.878,75.8,0.718,False,True,3,True,0.629,False,Medium
STU002156,15,GCSE,UK,Homestay,0.842,0.782,71.9,0.677,False,False,0,True,0.557,True,Medium
STU002157,14,GCSE,International,Day,0.935,0.821,87.8,0.922,False,False,0,True,0.982,False,Low
STU002158,16,A-Level,EU,Day,0.805,0.872,81.9,0.738,False,False,0,True,0.683,False,Medium
STU002159,17,A-Level,EU,Boarding,0.906,0.91,85.1,0.879,False,False,0,True,0.806,False,Low
STU002160,17,Foundation,International,Boarding,0.856,0.845,72.9,0.744,False,False,1,True,0.75,False,Medium
STU002161,17,A-Level,UK,Day,1.0,0.8,85.6,0.695,False,False,0,False,0.528,False,Low
STU002162,17,A-Level,UK,Boarding,0.937,0.902,87.6,0.846,False,False,0,True,0.936,True,Low
STU002163,17,A-Level,EU,Day,0.9,0.619,63.0,0.62,False,False,0,True,0.816,False,Medium
STU002164,18,Foundation,EU,Boarding,0.792,0.767,80.0,0.835,True,False,2,True,0.718,False,Medium
STU002165,17,A-Level,UK,Homestay,0.749,0.569,59.7,0.547,True,False,6,True,0.729,False,High
STU002166,18,EAP,International,Day,0.935,0.961,81.2,0.909,False,False,0,True,0.772,False,Low
STU002167,18,A-Level,UK,Day,1.0,0.858,89.7,0.845,False,False,1,False,0.654,False,Low
STU002168,16,GCSE,UK,Boarding,0.929,0.726,70.3,0.631,False,False,3,True,0.957,False,Medium
STU002169,17,A-Level,UK,Day,0.912,0.967,76.8,0.906,False,False,0,True,0.806,False,Low
STU002170,17,A-Level,EU,Homestay,0.913,0.997,91.8,0.991,False,False,1,True,0.695,False,Low
STU002171,17,A-Level,UK,Day,0.853,0.736,65.1,0.587,True,False,2,False,0.701,True,High
STU002172,16,GCSE,EU,Day,0.914,0.812,80.8,0.663,False,False,1,True,0.891,False,Low
STU002173,14,GCSE,UK,Day,0.852,0.827,89.3,0.722,False,False,1,True,0.746,False,Medium
STU002174,19,Foundation,UK,Day,0.787,0.691,78.8,0.779,True,False,3,True,0.836,False,Medium
STU002175,15,GCSE,International,Boarding,0.908,0.793,80.2,0.885,False,False,0,True,0.912,False,Low
STU002176,18,Foundation,International,Day,1.0,0.891,85.0,0.787,False,False,0,True,0.781,False,Low
STU002177,16,A-Level,UK,Homestay,0.878,0.602,56.3,0.719,True,False,4,True,0.642,False,High
STU002178,17,A-Level,UK,Boarding,0.814,0.842,70.7,0.674,False,False,0,True,0.91,False,Medium
STU002179,17,A-Level,International,Day,0.882,0.768,85.0,0.697,False,False,1,True,0.943,False,Low
STU002180,16,A-Level,UK,Boarding,0.951,0.801,88.3,0.714,False,False,1,True,0.753,False,Low
STU002181,17,A-Level,International,Boarding,1.0,0.73,91.7,0.636,False,False,0,True,0.791,True,Low
STU002182,16,GCSE,EU,Boarding,1.0,1.0,85.2,0.884,False,False,0,True,0.881,False,Low
STU002183,15,GCSE,UK,Boarding,0.885,0.851,80.2,0.741,False,False,0,True,0.947,False,Low
STU002184,17,A-Level,International,Day,0.958,0.937,81.1,0.964,False,False,0,True,0.993,True,Low
STU002185,16,A-Level,International,Boarding,0.864,0.79,75.4,0.788,True,False,1,True,0.729,False,Medium
STU002186,18,EAP,UK,Day,0.892,0.811,88.8,0.753,False,False,0,True,0.899,False,Low
STU002187,18,Foundation,UK,Day,0.904,0.834,83.5,0.65,False,False,0,False,0.771,True,Low
STU002188,18,Foundation,UK,Homestay,0.859,0.794,73.8,0.939,True,False,2,True,0.888,False,Medium
STU002189,18,Foundation,International,Day,0.982,0.791,79.4,0.618,False,False,0,True,0.7,False,Medium
STU002190,17,A-Level,International,Boarding,0.769,0.709,58.0,0.608,True,False,2,True,0.849,True,High
STU002191,17,A-Level,UK,Day,0.933,0.7,71.6,0.731,False,False,1,True,0.612,False,Medium
STU002192,17,EAP,UK,Day,1.0,0.756,84.5,0.772,False,False,0,True,0.951,False,Low
STU002193,18,A-Level,UK,Day,1.0,0.976,96.3,0.698,False,False,0,True,0.86,False,Low
STU002194,17,A-Level,UK,Boarding,0.94,0.704,76.1,0.626,False,False,0,True,0.839,False,Medium
STU002195,15,GCSE,UK,Day,0.847,0.853,90.3,0.624,False,False,0,True,0.814,False,Low
STU002196,17,A-Level,International,Day,0.954,0.81,92.0,0.773,False,False,0,True,0.971,False,Low
STU002197,18,A-Level,UK,Homestay,0.993,0.792,89.9,0.833,False,False,0,False,0.597,False,Low
STU002198,17,Foundation,UK,Day,0.808,0.768,71.4,0.653,True,False,0,True,0.806,False,High
STU002199,17,A-Level,International,Day,0.925,0.846,80.7,0.703,False,False,2,True,0.968,False,Low
STU002200,17,A-Level,UK,Homestay,0.886,0.806,69.6,0.623,False,False,2,True,0.812,False,Medium
STU002201,17,EAP,UK,Homestay,0.857,0.713,75.3,0.806,False,False,2,False,0.934,False,Medium
STU002202,16,GCSE,UK,Day,0.878,0.823,66.1,0.731,False,False,1,False,0.866,False,Medium
STU002203,16,A-Level,UK,Homestay,0.909,0.588,68.7,0.805,False,False,1,True,0.874,False,Medium
STU002204,16,GCSE,International,Day,0.836,0.764,77.6,0.641,False,False,1,True,0.845,False,Medium
STU002205,17,Foundation,International,Day,0.824,0.656,72.2,0.642,False,False,0,True,0.97,False,Medium
STU002206,16,EAP,UK,Homestay,0.759,0.801,78.4,0.703,True,True,1,True,0.946,False,High
STU002207,18,A-Level,UK,Homestay,0.923,0.921,75.6,0.828,False,False,0,True,0.755,False,Low
STU002208,18,Foundation,UK,Day,0.797,0.727,86.8,0.632,False,False,1,True,0.921,False,Medium
STU002209,17,A-Level,EU,Day,0.745,0.765,74.4,0.61,False,False,1,True,0.841,False,Medium
STU002210,17,EAP,EU,Day,0.996,1.0,92.1,0.701,False,False,0,True,0.865,True,Low
STU002211,18,Foundation,EU,Day,0.829,0.714,84.1,0.612,False,False,1,False,0.659,True,Medium
STU002212,18,Foundation,UK,Boarding,0.886,0.812,84.0,0.713,False,False,0,True,0.948,False,Low
STU002213,16,GCSE,UK,Boarding,0.965,0.7,57.3,0.663,False,False,0,True,0.971,False,Medium
STU002214,19,EAP,International,Day,0.799,0.733,91.8,0.856,False,False,3,True,0.795,False,Low
STU002215,18,Foundation,International,Boarding,0.799,0.684,70.4,0.743,False,False,3,True,0.713,False,Medium
STU002216,17,A-Level,International,Homestay,0.811,0.779,73.0,0.84,True,False,1,True,0.854,True,Medium
STU002217,18,Foundation,UK,Day,0.967,0.953,96.5,0.968,False,False,0,True,0.871,False,Low
STU002218,17,A-Level,International,Boarding,0.898,0.753,72.2,0.756,False,False,2,True,0.782,False,Medium
STU002219,17,Foundation,International,Homestay,0.899,0.745,77.8,0.544,False,False,0,False,0.82,False,Medium
STU002220,15,GCSE,International,Day,0.879,0.885,67.8,0.774,False,False,1,True,0.897,False,Low
STU002221,17,Foundation,UK,Homestay,0.899,0.813,79.0,0.882,True,False,1,True,0.878,False,Medium
STU002222,16,A-Level,International,Boarding,1.0,0.988,93.1,0.876,False,False,0,True,0.978,False,Low
STU002223,14,GCSE,UK,Day,1.0,0.738,76.1,0.822,False,False,1,True,0.895,False,Low
STU002224,15,GCSE,International,Day,0.89,0.654,67.9,0.701,False,False,0,True,0.792,False,Medium
STU002225,16,GCSE,UK,Boarding,1.0,0.856,89.0,0.639,False,False,0,True,0.832,False,Low
STU002226,17,A-Level,International,Boarding,0.896,0.796,77.8,0.789,True,False,1,True,0.664,False,Medium
STU002227,17,A-Level,International,Boarding,0.919,0.816,75.8,0.74,False,False,0,True,0.77,False,Low
STU002228,16,A-Level,UK,Day,0.745,0.734,77.4,0.723,False,False,2,True,0.956,False,Medium
STU002229,17,A-Level,EU,Boarding,0.874,0.672,67.9,0.673,False,False,2,True,0.917,False,Medium
STU002230,17,A-Level,UK,Day,0.876,0.752,69.2,0.984,False,False,1,True,0.881,False,Low
STU002231,18,Foundation,UK,Day,0.925,0.921,74.0,0.825,False,False,0,True,0.851,False,Low
STU002232,16,GCSE,UK,Day,0.886,0.86,79.8,0.683,False,False,1,True,0.74,False,Medium
STU002233,16,EAP,UK,Boarding,0.861,0.693,71.9,0.651,False,False,2,True,0.634,False,Medium
STU002234,18,Foundation,International,Day,1.0,0.646,74.0,0.662,False,False,1,True,0.786,False,Medium
STU002235,17,A-Level,UK,Day,0.992,0.884,89.3,0.871,False,False,1,True,0.874,False,Low
STU002236,18,A-Level,International,Day,0.758,0.636,54.8,0.621,False,False,4,True,0.708,True,High
STU002237,19,Foundation,International,Day,0.88,0.851,84.3,0.722,False,False,0,True,0.83,True,Low
STU002238,16,GCSE,International,Day,0.944,0.724,72.5,0.69,False,False,1,True,0.955,False,Medium
STU002239,15,GCSE,International,Boarding,0.939,0.828,73.8,0.622,False,True,0,True,0.848,False,Medium
STU002240,16,GCSE,UK,Boarding,0.871,0.775,82.5,0.687,False,False,2,True,0.849,False,Medium
STU002241,17,Foundation,International,Boarding,0.885,0.917,93.7,0.785,False,False,1,True,0.775,False,Low
STU002242,14,GCSE,UK,Day,0.869,0.7,61.9,0.556,True,False,2,True,0.977,False,High
STU002243,18,A-Level,International,Day,0.946,0.821,89.6,0.816,False,False,0,True,0.987,True,Low
STU002244,19,EAP,International,Homestay,0.793,0.73,76.7,0.61,False,False,1,False,0.697,False,Medium
STU002245,17,Foundation,International,Day,0.759,0.71,70.9,0.669,False,False,5,True,0.693,True,High
STU002246,16,A-Level,UK,Boarding,0.939,0.727,79.2,0.816,False,True,3,True,0.886,True,Medium
STU002247,14,GCSE,EU,Homestay,0.831,0.804,74.0,0.702,False,False,0,True,0.915,False,Medium
STU002248,17,Foundation,International,Boarding,0.987,0.733,67.3,0.596,True,False,4,True,0.726,False,High
STU002249,16,A-Level,International,Day,0.84,0.465,69.6,0.393,False,False,0,True,0.605,False,High
STU002250,16,GCSE,UK,Day,0.887,0.703,76.0,0.797,False,False,0,True,0.792,True,Medium
STU002251,15,GCSE,International,Day,0.926,0.803,94.5,0.829,False,False,2,True,0.792,False,Low
STU002252,18,EAP,UK,Boarding,0.751,0.824,88.3,0.79,False,False,2,True,0.924,True,Low
STU002253,17,A-Level,International,Boarding,1.0,0.808,74.4,0.773,False,False,2,True,0.895,False,Low
STU002254,18,Foundation,International,Boarding,0.872,0.85,92.2,0.743,False,False,0,True,0.939,True,Low
STU002255,19,Foundation,UK,Day,0.841,0.84,78.6,0.746,False,False,0,True,0.822,True,Low
STU002256,17,A-Level,UK,Homestay,0.818,0.769,81.0,0.788,False,False,1,True,0.844,False,Medium
STU002257,17,A-Level,International,Boarding,0.925,0.878,85.5,0.75,False,False,1,True,0.829,False,Low
STU002258,17,A-Level,UK,Day,0.92,0.834,75.7,0.809,False,False,1,True,0.889,True,Low
STU002259,17,A-Level,UK,Day,0.821,0.761,76.4,0.877,False,False,1,True,0.838,False,Medium
STU002260,18,A-Level,International,Boarding,0.804,0.682,79.7,0.596,False,False,1,True,0.909,False,Medium
STU002261,19,Foundation,International,Day,0.974,0.794,84.6,0.796,False,False,0,True,0.952,True,Low
STU002262,17,A-Level,EU,Day,0.854,0.802,67.8,0.631,False,False,0,True,0.751,False,Medium
STU002263,19,Foundation,UK,Day,0.78,0.762,81.4,0.684,False,False,1,True,0.887,True,Medium
STU002264,16,A-Level,UK,Boarding,0.89,0.919,74.7,0.738,False,False,0,True,0.832,False,Low
STU002265,17,A-Level,International,Day,0.872,0.742,82.2,0.637,False,False,2,True,0.767,False,Medium
STU002266,17,A-Level,EU,Day,1.0,0.824,91.4,0.605,False,False,0,True,0.764,False,Low
STU002267,16,A-Level,International,Homestay,0.863,0.746,67.2,0.582,False,False,2,True,0.804,True,Medium
STU002268,18,Foundation,International,Boarding,0.878,0.87,90.8,0.829,False,False,0,True,0.957,True,Low
STU002269,15,GCSE,UK,Boarding,0.915,0.812,85.9,0.662,False,False,0,True,0.819,False,Low
STU002270,16,A-Level,UK,Day,0.786,0.607,76.7,0.625,True,False,4,True,0.928,True,High
STU002271,16,GCSE,International,Boarding,0.931,0.832,73.4,0.755,False,False,0,True,0.919,True,Low
STU002272,16,A-Level,EU,Boarding,0.829,0.809,70.8,0.832,False,False,1,True,0.869,False,Medium
STU002273,18,A-Level,International,Homestay,0.883,0.96,79.4,0.713,False,False,2,True,0.807,False,Low
STU002274,17,A-Level,International,Day,0.928,0.7,70.6,0.797,False,False,3,True,0.706,True,Medium
STU002275,17,EAP,International,Day,0.98,0.886,100.0,0.705,False,False,0,True,0.952,True,Low
STU002276,17,A-Level,EU,Day,0.859,0.897,81.7,0.717,False,False,0,True,0.815,True,Low
STU002277,18,Foundation,UK,Boarding,0.858,0.673,73.9,0.649,False,False,1,True,0.702,True,Medium
STU002278,17,A-Level,International,Boarding,1.0,1.0,100.0,0.783,False,False,0,True,0.762,False,Low
STU002279,17,A-Level,International,Day,0.861,0.804,75.2,0.753,False,False,1,True,0.824,False,Medium
STU002280,15,GCSE,UK,Day,0.896,0.77,81.5,0.705,False,False,0,True,0.785,True,Medium
STU002281,17,A-Level,EU,Day,1.0,0.859,73.3,0.749,False,False,1,True,0.742,True,Low
STU002282,18,A-Level,UK,Day,0.905,0.84,79.8,0.789,False,False,0,True,0.772,False,Low
STU002283,16,A-Level,International,Homestay,0.829,0.708,82.4,0.634,True,False,1,True,0.826,False,Medium
STU002284,15,GCSE,EU,Boarding,0.808,0.582,75.7,0.622,True,False,1,True,0.646,False,High
STU002285,15,GCSE,International,Day,0.848,0.754,77.7,0.585,False,False,2,True,0.808,False,Medium
STU002286,17,A-Level,International,Day,0.932,0.715,78.6,0.83,False,False,4,True,0.762,False,Low
STU002287,18,EAP,International,Day,0.835,0.752,77.8,0.771,False,False,1,True,0.828,False,Medium
STU002288,17,A-Level,International,Boarding,0.954,0.792,83.8,0.722,False,False,0,True,0.822,True,Low
STU002289,16,A-Level,International,Day,0.901,0.764,63.6,0.631,False,False,1,True,0.765,False,Medium
STU002290,14,GCSE,UK,Homestay,0.916,0.908,99.9,1.0,False,False,0,True,0.911,False,Low
STU002291,17,A-Level,UK,Boarding,0.982,0.671,58.7,0.394,True,False,4,True,0.668,False,High
STU002292,17,A-Level,International,Boarding,0.742,0.504,51.3,0.554,True,False,3,True,0.772,False,High
STU002293,16,GCSE,EU,Homestay,0.902,0.78,64.1,0.678,False,False,1,True,0.958,True,Medium
STU002294,17,A-Level,UK,Boarding,0.945,0.809,88.7,0.886,False,False,0,True,0.927,True,Low
STU002295,15,GCSE,UK,Day,0.857,0.782,90.8,0.678,False,False,1,True,0.616,False,Medium
STU002296,16,GCSE,UK,Boarding,0.967,0.991,79.0,0.787,False,False,1,True,0.765,True,Low
STU002297,15,GCSE,International,Boarding,0.862,0.763,72.3,0.665,False,False,0,True,0.815,False,Medium
STU002298,15,GCSE,International,Day,0.856,0.931,78.7,0.891,True,False,2,True,0.825,False,Low
STU002299,14,GCSE,UK,Day,0.891,0.834,75.9,0.779,False,False,1,True,0.673,False,Medium
STU002300,17,A-Level,International,Day,0.889,0.718,72.4,0.672,False,True,3,True,0.972,False,Medium
STU002301,19,Foundation,UK,Day,0.905,0.875,83.4,0.872,False,False,0,True,0.798,False,Low
STU002302,17,A-Level,International,Day,0.898,0.63,80.5,0.724,False,False,1,True,0.86,False,Medium
STU002303,17,A-Level,EU,Homestay,0.867,0.894,85.6,0.959,False,False,0,True,0.869,False,Low
STU002304,17,A-Level,International,Boarding,0.853,0.945,75.7,0.896,False,False,0,True,0.746,False,Low
STU002305,19,EAP,UK,Boarding,0.922,0.776,90.8,0.85,False,False,1,True,0.704,False,Low
STU002306,17,A-Level,UK,Boarding,0.904,0.885,92.2,0.728,False,False,1,True,0.786,False,Low
STU002307,15,GCSE,International,Boarding,0.852,0.666,69.0,0.637,False,False,0,False,0.848,False,Medium
STU002308,18,A-Level,UK,Homestay,0.924,0.854,90.7,0.872,False,False,1,True,0.697,False,Low
STU002309,14,GCSE,International,Day,0.868,0.764,88.9,0.895,False,False,0,True,0.777,False,Low
STU002310,17,A-Level,International,Boarding,1.0,0.857,84.1,0.765,False,False,0,True,0.758,True,Low
STU002311,17,A-Level,UK,Day,1.0,1.0,87.2,0.854,False,False,0,True,0.938,False,Low
STU002312,18,Foundation,International,Homestay,0.941,0.747,88.0,0.818,True,False,3,True,0.806,True,Medium
STU002313,17,A-Level,UK,Homestay,0.993,0.896,87.6,0.904,False,False,0,True,0.987,False,Low
STU002314,18,Foundation,EU,Homestay,0.957,0.819,89.7,0.717,False,False,0,False,0.875,True,Low
STU002315,18,EAP,International,Day,0.885,0.828,99.5,0.852,False,False,2,True,1.0,False,Low
STU002316,14,GCSE,UK,Day,0.767,0.915,89.7,0.944,False,False,0,True,0.987,False,Low
STU002317,17,A-Level,International,Day,0.828,0.717,65.4,0.734,False,False,4,True,0.738,True,Medium
STU002318,16,A-Level,UK,Day,0.853,0.825,74.2,0.788,False,False,1,True,0.989,False,Medium
STU002319,16,A-Level,International,Day,0.985,0.848,78.8,0.838,False,False,0,True,0.786,False,Low
STU002320,18,A-Level,UK,Day,0.918,0.974,90.4,0.829,False,False,0,True,0.848,False,Low
STU002321,17,EAP,EU,Boarding,0.854,0.763,61.8,0.645,False,False,1,True,0.903,False,Medium
STU002322,19,Foundation,International,Day,0.771,0.848,82.3,0.973,False,False,1,True,0.932,False,Low
STU002323,16,A-Level,UK,Homestay,1.0,0.933,82.6,0.812,False,False,3,True,0.864,True,Low
STU002324,17,A-Level,International,Day,0.937,0.973,72.0,0.837,False,False,0,True,0.987,False,Low
STU002325,18,Foundation,EU,Day,0.964,0.945,86.9,0.824,False,False,0,True,0.749,False,Low
STU002326,18,EAP,EU,Boarding,0.791,0.831,65.8,0.814,True,False,1,True,0.831,False,Medium
STU002327,19,Foundation,International,Boarding,0.89,0.89,75.8,0.72,False,False,0,True,0.76,False,Low
STU002328,14,GCSE,EU,Day,0.876,0.722,79.2,0.567,False,False,4,True,0.813,False,Medium
STU002329,18,A-Level,UK,Homestay,0.905,0.97,83.6,0.743,False,False,0,True,0.744,True,Low
STU002330,14,GCSE,International,Boarding,1.0,0.953,96.6,0.838,False,False,0,True,0.824,True,Low
STU002331,17,A-Level,International,Homestay,0.816,0.783,81.9,0.675,False,False,0,True,0.681,False,Medium
STU002332,16,GCSE,UK,Homestay,0.897,0.757,84.9,0.653,False,False,0,True,0.914,True,Medium
STU002333,18,A-Level,UK,Boarding,0.925,0.721,88.1,0.808,False,False,0,True,0.881,False,Low
STU002334,18,A-Level,International,Homestay,0.892,0.764,74.1,0.64,False,False,0,True,0.793,False,Medium
STU002335,15,GCSE,International,Homestay,0.97,0.821,83.0,0.884,False,False,0,False,0.716,True,Low
STU002336,16,A-Level,International,Homestay,0.742,0.612,56.2,0.617,True,False,3,False,0.67,True,High
STU002337,16,A-Level,International,Homestay,1.0,0.905,90.1,0.86,False,False,1,False,0.709,False,Low
STU002338,17,A-Level,UK,Homestay,0.727,0.682,65.2,0.483,True,False,3,True,0.684,False,High
STU002339,16,GCSE,International,Day,0.821,0.805,72.5,0.862,False,False,3,True,0.838,False,Medium
STU002340,16,A-Level,International,Day,0.869,0.732,78.8,0.797,False,False,2,True,0.845,True,Medium
STU002341,18,Foundation,UK,Homestay,0.855,0.705,84.1,0.838,False,False,0,True,0.839,True,Low
STU002342,15,GCSE,UK,Boarding,0.93,0.67,71.6,0.593,False,False,0,True,0.672,True,Medium
STU002343,15,GCSE,EU,Day,0.922,0.949,84.1,0.655,False,False,0,True,0.878,False,Low
STU002344,17,A-Level,International,Day,0.908,0.776,82.5,0.782,False,False,2,True,0.784,False,Low
STU002345,18,EAP,UK,Boarding,0.801,0.57,72.3,0.63,False,False,2,True,0.782,False,High
STU002346,18,A-Level,UK,Day,0.834,0.705,74.7,0.614,True,False,2,True,0.669,True,High
STU002347,16,A-Level,UK,Day,0.88,0.783,75.2,0.837,False,True,0,True,0.842,False,Medium
STU002348,17,A-Level,UK,Day,0.986,0.831,66.9,0.721,False,False,2,True,0.776,False,Low
STU002349,16,A-Level,UK,Boarding,0.914,0.904,80.1,0.806,False,False,0,True,0.892,False,Low
STU002350,14,GCSE,International,Day,0.866,0.793,68.7,0.571,True,False,1,True,0.958,True,High
STU002351,17,A-Level,UK,Boarding,1.0,0.891,96.9,0.872,False,False,0,True,0.897,False,Low
STU002352,19,EAP,International,Boarding,0.819,0.749,66.3,0.634,False,False,3,True,0.665,False,High
STU002353,17,A-Level,International,Boarding,0.873,0.924,94.5,0.814,False,False,0,True,0.803,False,Low
STU002354,18,Foundation,International,Day,0.82,0.807,86.6,1.0,False,False,5,True,0.881,False,Low
STU002355,18,Foundation,International,Day,1.0,0.755,87.0,0.766,False,False,2,False,0.639,True,Low
STU002356,14,GCSE,UK,Boarding,1.0,0.87,78.7,0.701,False,False,1,True,0.905,True,Low
STU002357,19,EAP,UK,Boarding,0.929,0.765,72.0,0.902,True,False,2,True,0.78,False,Medium
STU002358,16,GCSE,UK,Day,0.938,0.792,92.5,0.76,False,False,3,True,0.786,False,Low
STU002359,16,A-Level,International,Day,0.927,0.768,70.7,0.627,False,False,0,True,0.735,False,Medium
STU002360,15,GCSE,UK,Homestay,0.868,0.812,73.1,0.761,False,False,0,True,0.853,True,Medium
STU002361,16,GCSE,EU,Homestay,0.954,0.82,73.2,0.785,False,False,0,True,0.864,False,Low
STU002362,17,A-Level,International,Day,0.81,0.8,66.1,0.639,False,False,0,True,0.823,False,Medium
STU002363,17,A-Level,International,Day,0.81,0.712,74.0,0.634,False,False,1,True,0.974,False,Medium
STU002364,16,A-Level,International,Day,0.871,0.699,87.4,0.846,False,False,3,True,0.736,True,Medium
STU002365,17,A-Level,International,Day,0.976,0.79,78.1,0.646,True,False,1,True,0.968,False,Medium
STU002366,14,GCSE,EU,Day,0.822,0.62,66.8,0.482,True,False,2,True,0.862,False,High
STU002367,16,GCSE,International,Day,0.874,0.722,80.8,0.63,False,False,1,True,0.771,False,Medium
STU002368,17,A-Level,UK,Boarding,0.92,0.842,67.0,0.868,False,False,1,True,0.752,False,Low
STU002369,17,A-Level,International,Day,0.963,0.794,82.9,0.752,False,False,0,True,1.0,False,Low
STU002370,19,Foundation,EU,Homestay,0.988,0.779,84.7,0.757,False,False,1,False,0.709,False,Low
STU002371,16,A-Level,UK,Boarding,0.822,0.875,70.3,0.711,False,False,1,True,0.902,False,Medium
STU002372,18,Foundation,International,Boarding,0.893,0.888,88.9,0.84,False,False,3,True,0.8,False,Low
STU002373,17,A-Level,EU,Homestay,0.916,0.945,84.7,0.946,False,False,0,True,0.841,False,Low
STU002374,17,A-Level,International,Boarding,0.874,0.723,72.5,0.74,True,False,2,True,0.852,False,Medium
STU002375,18,A-Level,International,Homestay,0.961,0.861,100.0,1.0,False,False,2,True,0.881,True,Low
STU002376,17,A-Level,International,Day,0.889,0.554,76.1,0.798,True,False,2,True,0.776,False,Medium
STU002377,16,A-Level,UK,Day,0.902,0.885,86.3,0.72,False,False,1,True,0.961,False,Low
STU002378,18,Foundation,UK,Boarding,0.938,1.0,89.5,0.885,True,False,3,True,0.944,False,Low
STU002379,17,A-Level,International,Boarding,0.968,0.772,76.7,0.862,False,False,3,False,0.708,True,Low
STU002380,19,Foundation,International,Day,0.846,0.622,63.3,0.848,True,True,2,True,0.721,False,High
STU002381,18,Foundation,EU,Boarding,0.863,0.883,84.3,0.857,False,False,0,True,1.0,False,Low
STU002382,18,Foundation,UK,Day,0.95,0.999,81.4,0.821,False,False,0,True,0.827,False,Low
STU002383,18,EAP,UK,Boarding,0.948,0.723,70.3,0.713,True,False,1,True,0.833,False,Medium
STU002384,17,A-Level,International,Day,0.864,0.947,79.2,0.755,False,False,0,True,0.974,False,Low
STU002385,17,A-Level,UK,Boarding,0.909,0.781,91.4,0.581,False,False,3,True,0.895,True,Low
STU002386,16,A-Level,UK,Day,1.0,0.663,87.2,0.78,False,False,1,True,0.748,False,Low
STU002387,17,A-Level,International,Homestay,0.928,0.86,80.8,0.626,False,False,1,True,0.815,False,Low
STU002388,17,A-Level,UK,Day,0.894,0.805,73.0,0.807,False,False,0,True,0.862,False,Low
STU002389,19,Foundation,International,Homestay,0.96,0.808,81.0,0.857,True,False,0,True,0.884,False,Low
STU002390,17,A-Level,UK,Day,0.806,0.68,69.6,0.718,True,False,1,True,0.713,True,High
STU002391,17,A-Level,UK,Boarding,0.781,0.731,85.8,0.682,False,False,4,True,0.855,True,Medium
STU002392,16,GCSE,EU,Day,0.845,0.683,84.6,0.676,False,False,2,True,0.798,False,Medium
STU002393,17,A-Level,EU,Homestay,0.98,0.821,79.5,0.935,False,False,0,True,0.86,False,Low
STU002394,16,GCSE,UK,Boarding,0.936,0.918,91.5,0.87,False,False,0,True,0.72,False,Low
STU002395,19,Foundation,EU,Homestay,0.905,0.673,70.7,0.66,False,False,0,True,0.677,False,Medium
STU002396,17,A-Level,UK,Day,0.974,0.78,75.8,0.819,False,False,3,True,0.829,False,Low
STU002397,15,GCSE,International,Homestay,0.912,0.663,85.3,0.779,False,False,0,True,0.617,False,Medium
STU002398,14,GCSE,UK,Day,0.884,0.854,82.5,0.703,False,False,0,True,0.841,True,Low
STU002399,17,A-Level,International,Day,0.958,0.968,100.0,0.617,False,False,1,True,0.892,True,Low
STU002400,16,A-Level,International,Day,0.873,0.584,66.4,0.496,False,False,2,True,0.883,False,High
STU002401,17,A-Level,UK,Day,0.934,0.778,74.4,0.791,False,False,0,True,0.736,False,Medium
STU002402,15,GCSE,UK,Boarding,0.844,0.682,65.6,0.507,False,False,2,True,0.817,False,High
STU002403,17,A-Level,EU,Day,0.826,0.801,77.0,0.659,False,False,1,True,0.837,False,Medium
STU002404,17,A-Level,UK,Day,0.839,0.796,71.4,0.81,False,False,3,True,0.868,False,Medium
STU002405,18,A-Level,UK,Boarding,0.898,0.957,82.7,0.804,False,False,0,True,0.813,False,Low
STU002406,16,A-Level,UK,Homestay,0.855,0.69,65.8,0.663,False,False,2,True,0.724,False,High
STU002407,16,A-Level,International,Boarding,0.857,0.823,76.3,0.843,False,False,0,True,0.9,False,Low
STU002408,14,GCSE,EU,Boarding,0.889,0.82,76.3,0.793,False,False,0,True,0.754,False,Low
STU002409,19,EAP,UK,Boarding,0.895,0.66,78.9,0.744,False,False,1,False,0.75,False,Medium
STU002410,18,A-Level,EU,Boarding,0.791,0.802,77.6,0.889,False,False,0,True,0.943,False,Low
STU002411,17,A-Level,International,Homestay,0.723,0.744,71.9,0.734,False,False,1,True,0.705,True,Medium
STU002412,16,GCSE,UK,Boarding,0.928,0.659,70.7,0.654,False,False,3,True,0.794,False,Medium
STU002413,16,A-Level,International,Day,0.91,0.655,60.9,0.513,False,False,1,True,0.731,True,High
STU002414,16,GCSE,EU,Homestay,0.804,0.895,74.7,0.719,False,False,1,True,0.775,True,Medium
STU002415,16,A-Level,International,Homestay,0.931,0.742,88.8,0.708,False,False,1,True,0.903,True,Low
STU002416,16,EAP,UK,Day,0.93,0.857,74.0,0.821,False,False,1,True,0.892,False,Low
STU002417,16,A-Level,International,Boarding,0.879,0.758,75.0,0.717,False,False,1,True,0.958,False,Medium
STU002418,15,GCSE,International,Boarding,1.0,0.707,68.9,0.516,False,False,2,True,0.813,False,Medium
STU002419,16,GCSE,EU,Boarding,0.989,0.745,83.3,0.74,False,False,1,False,0.683,False,Low
STU002420,17,A-Level,EU,Day,0.872,0.766,71.1,0.61,False,False,0,True,0.878,False,Medium
STU002421,16,GCSE,UK,Boarding,0.873,0.683,75.4,0.662,False,False,2,True,0.824,False,Medium
STU002422,15,GCSE,International,Day,0.798,0.674,79.0,0.62,False,False,0,True,0.768,False,Medium
STU002423,17,Foundation,International,Day,0.947,0.887,80.8,0.756,True,False,0,True,0.762,False,Low
STU002424,17,A-Level,UK,Homestay,0.917,0.761,75.4,0.799,False,False,1,True,0.828,False,Low
STU002425,17,A-Level,UK,Boarding,0.958,0.957,97.1,0.836,False,False,1,True,0.875,False,Low
STU002426,19,EAP,UK,Homestay,0.751,0.581,61.8,0.45,False,False,0,True,0.736,True,High
STU002427,15,GCSE,International,Homestay,0.954,0.885,91.2,0.93,False,False,1,True,0.811,False,Low
STU002428,18,EAP,International,Boarding,0.864,0.763,71.6,0.593,False,False,1,True,0.849,False,Medium
STU002429,17,A-Level,EU,Homestay,0.941,0.719,83.6,0.772,False,False,1,True,0.718,False,Medium
STU002430,18,Foundation,UK,Day,0.936,0.86,86.8,0.702,False,False,2,True,0.785,True,Low
STU002431,18,A-Level,EU,Boarding,0.899,0.741,90.5,0.79,False,False,1,True,0.817,False,Low
STU002432,17,Foundation,EU,Boarding,0.749,0.608,52.5,0.455,True,True,5,True,0.835,False,High
STU002433,19,EAP,UK,Boarding,0.928,0.824,93.5,1.0,False,False,2,True,0.794,False,Low
STU002434,17,A-Level,UK,Day,0.841,0.782,81.8,0.686,False,False,0,True,0.635,True,Medium
STU002435,17,EAP,UK,Day,0.974,0.786,82.7,0.898,False,False,0,True,0.792,False,Low
STU002436,18,A-Level,International,Day,0.849,0.692,66.5,0.636,False,False,3,True,0.871,False,Medium
STU002437,17,A-Level,International,Boarding,0.902,0.844,73.8,0.955,False,False,0,True,0.756,False,Low
STU002438,17,A-Level,International,Homestay,0.771,0.656,62.6,0.497,True,False,3,True,0.779,False,High
STU002439,16,A-Level,UK,Homestay,0.838,0.695,60.2,0.39,True,False,1,True,0.924,True,High
STU002440,14,GCSE,International,Day,0.765,0.668,69.9,0.789,True,False,2,True,0.827,False,High
STU002441,18,A-Level,International,Day,0.78,0.578,59.1,0.509,True,False,4,True,0.698,False,High
STU002442,17,A-Level,EU,Day,1.0,0.809,88.2,0.792,False,False,0,True,0.709,False,Low
STU002443,19,Foundation,UK,Day,0.959,1.0,90.2,0.999,False,False,0,True,0.685,True,Low
STU002444,18,Foundation,International,Homestay,0.926,0.793,81.4,0.748,False,False,0,True,0.931,False,Low
STU002445,16,A-Level,International,Homestay,0.889,0.782,63.6,0.743,True,False,0,True,0.789,False,Medium
STU002446,16,A-Level,UK,Day,0.921,0.89,85.1,0.862,False,False,0,True,0.831,True,Low
STU002447,17,A-Level,UK,Day,0.817,0.618,72.8,0.681,True,False,0,True,0.735,False,High
STU002448,16,GCSE,International,Day,0.953,0.938,86.6,0.915,False,False,0,True,0.684,False,Low
STU002449,15,GCSE,International,Day,0.842,0.895,70.3,0.794,False,False,0,True,1.0,False,Low
STU002450,17,A-Level,International,Homestay,1.0,0.791,78.4,0.693,False,False,1,True,0.672,True,Medium
STU002451,18,A-Level,UK,Boarding,0.83,0.807,83.6,0.781,True,False,0,True,0.495,False,Medium
STU002452,18,EAP,UK,Boarding,0.956,0.883,75.3,0.826,False,False,0,True,0.887,True,Low
STU002453,16,A-Level,UK,Boarding,0.951,0.685,54.6,0.724,True,False,1,True,0.754,False,High
STU002454,18,A-Level,International,Day,0.934,0.968,86.5,0.81,False,False,3,True,0.765,False,Low
STU002455,17,A-Level,International,Day,0.843,0.876,72.7,0.84,False,False,1,True,0.828,True,Low
STU002456,14,GCSE,EU,Day,0.985,0.704,65.5,0.658,False,False,1,True,0.847,False,Medium
STU002457,16,A-Level,UK,Boarding,1.0,0.858,87.2,0.957,False,False,2,True,0.85,False,Low
STU002458,17,A-Level,International,Homestay,0.764,0.884,91.5,0.843,False,False,3,True,1.0,False,Low
STU002459,17,A-Level,International,Boarding,0.893,0.693,71.2,0.676,False,False,0,True,0.804,False,Medium
STU002460,17,A-Level,International,Day,0.92,0.797,73.0,0.975,False,False,0,True,0.788,False,Low
STU002461,17,EAP,EU,Boarding,0.882,0.681,59.8,0.776,False,False,1,True,0.854,False,Medium
STU002462,19,Foundation,International,Day,0.813,0.738,78.4,0.814,False,False,1,True,0.856,False,Medium
STU002463,18,A-Level,International,Day,0.764,0.689,68.6,0.582,True,False,0,True,0.835,True,High
STU002464,17,A-Level,UK,Day,0.712,0.748,68.3,0.769,False,True,3,False,0.853,False,High
STU002465,17,A-Level,International,Day,0.967,0.726,85.7,0.732,False,False,0,True,0.752,True,Low
STU002466,14,GCSE,UK,Homestay,0.996,0.844,90.4,0.797,False,False,0,True,0.889,False,Low
STU002467,16,A-Level,International,Boarding,0.995,0.791,69.3,0.484,False,False,0,True,0.82,True,Medium
STU002468,14,GCSE,International,Day,0.898,0.706,83.5,0.677,False,False,1,True,0.951,True,Medium
STU002469,17,A-Level,UK,Day,0.919,0.778,79.4,0.696,False,False,0,True,0.88,False,Medium
STU002470,17,A-Level,International,Day,0.975,0.902,78.8,0.562,False,False,3,True,0.807,True,Low
STU002471,15,GCSE,EU,Day,0.826,0.795,67.3,0.794,False,True,0,True,0.859,False,Medium
STU002472,18,EAP,International,Day,0.79,0.793,66.6,0.661,True,False,2,True,0.692,False,High
STU002473,17,EAP,International,Boarding,0.86,0.652,63.5,0.569,False,False,1,True,0.96,False,High
STU002474,18,Foundation,International,Day,0.912,0.822,92.6,0.863,False,False,0,True,0.796,False,Low
STU002475,17,A-Level,International,Homestay,0.85,0.928,81.5,0.863,False,False,0,True,0.727,False,Low
STU002476,18,Foundation,UK,Day,0.933,0.838,82.9,0.784,False,False,0,True,0.737,False,Low
STU002477,14,GCSE,UK,Day,0.743,0.464,42.7,0.423,True,False,2,True,0.768,False,High
STU002478,18,Foundation,UK,Day,0.883,0.88,69.9,0.551,False,False,2,True,0.846,False,Medium
STU002479,15,GCSE,International,Boarding,0.874,0.7,62.7,0.555,True,False,4,True,0.782,False,High
STU002480,17,Foundation,UK,Boarding,0.909,0.935,96.9,0.69,False,False,1,True,0.845,False,Low
STU002481,18,A-Level,International,Day,0.849,0.803,80.0,0.937,False,False,1,True,0.938,False,Low
STU002482,19,Foundation,UK,Homestay,0.951,0.828,80.4,0.784,False,False,0,True,0.927,False,Low
STU002483,17,EAP,International,Day,0.918,0.831,70.1,0.661,False,False,0,True,0.9,False,Medium
STU002484,14,GCSE,UK,Homestay,0.754,0.79,68.7,0.595,False,False,3,True,0.749,False,High
STU002485,17,A-Level,International,Day,0.932,0.962,83.8,0.898,False,False,1,True,0.635,False,Low
STU002486,17,EAP,International,Boarding,0.87,0.642,84.1,0.858,False,False,2,True,0.803,False,Medium
STU002487,17,A-Level,International,Boarding,0.863,0.73,60.4,0.744,False,False,0,True,0.855,True,Medium
STU002488,17,Foundation,International,Boarding,0.792,0.701,56.4,0.689,True,False,1,True,0.88,False,High
STU002489,16,A-Level,International,Day,0.83,0.824,79.7,0.724,False,False,2,True,0.923,False,Medium
STU002490,17,A-Level,International,Day,0.914,0.795,86.0,0.78,False,False,2,False,0.769,False,Low
STU002491,18,A-Level,International,Boarding,0.938,0.79,73.8,0.749,False,False,1,True,0.888,False,Low
STU002492,14,GCSE,UK,Homestay,0.911,0.828,89.1,0.752,False,False,1,True,0.898,False,Low
STU002493,18,Foundation,International,Boarding,0.966,0.777,80.4,0.779,False,False,1,True,0.92,True,Low
STU002494,16,A-Level,International,Day,0.941,0.739,69.7,0.671,False,False,0,True,0.901,False,Medium
STU002495,16,A-Level,UK,Day,0.692,0.627,54.1,0.592,True,False,1,True,0.768,False,High
STU002496,18,A-Level,International,Boarding,0.836,0.779,79.7,0.766,False,False,0,False,0.634,False,Medium
STU002497,17,A-Level,International,Day,0.983,0.731,82.8,0.705,False,False,2,True,0.788,False,Low
STU002498,18,Foundation,International,Day,0.776,0.741,52.8,0.74,True,False,0,True,0.993,False,High
STU002499,18,EAP,International,Boarding,0.709,0.779,71.4,0.818,False,False,1,True,0.893,True,Medium
STU002500,18,A-Level,UK,Day,1.0,0.997,78.6,0.841,False,False,1,True,0.921,False,Low
STU002501,19,Foundation,UK,Day,0.878,0.728,71.1,0.687,True,False,3,True,0.764,False,Medium
STU002502,17,Foundation,UK,Day,0.852,0.884,80.5,0.775,False,False,0,True,0.647,False,Low
STU002503,16,A-Level,UK,Boarding,0.841,0.615,70.1,0.747,False,False,1,True,0.874,False,Medium
STU002504,18,EAP,International,Day,0.944,0.86,100.0,0.849,False,False,2,True,0.806,False,Low
STU002505,15,GCSE,UK,Homestay,0.877,0.758,85.2,0.848,True,False,1,True,0.869,False,Medium
STU002506,16,GCSE,International,Day,0.923,0.718,78.0,0.606,False,False,1,True,0.824,False,Medium
STU002507,18,Foundation,International,Day,0.887,0.855,75.4,0.804,False,False,0,True,0.851,False,Low
STU002508,18,A-Level,International,Boarding,0.81,0.585,63.6,0.667,False,False,1,False,0.751,False,High
STU002509,18,Foundation,UK,Boarding,0.897,0.622,81.1,0.634,False,False,0,True,0.728,False,Medium
STU002510,19,Foundation,UK,Day,0.897,0.75,61.9,0.593,True,False,0,True,0.794,False,High
STU002511,15,GCSE,UK,Day,0.862,0.832,83.0,0.823,False,False,0,True,0.709,False,Low
STU002512,19,Foundation,UK,Day,0.942,0.72,90.2,0.635,False,False,1,True,0.916,False,Low
STU002513,16,A-Level,International,Boarding,0.872,0.907,71.1,0.778,False,False,1,True,0.672,True,Medium
STU002514,17,A-Level,International,Day,0.906,0.899,86.4,0.773,False,True,2,True,0.728,False,Medium
STU002515,17,A-Level,EU,Boarding,0.831,0.75,78.8,0.621,False,False,3,True,0.808,False,Medium
STU002516,17,EAP,International,Boarding,0.901,0.756,83.8,0.906,False,False,1,True,0.579,False,Low
STU002517,15,GCSE,UK,Boarding,0.932,0.87,82.1,0.608,False,False,1,True,0.716,True,Medium
STU002518,18,A-Level,International,Boarding,0.822,0.508,65.9,0.595,True,False,3,True,0.858,False,High
STU002519,17,A-Level,UK,Boarding,0.925,0.681,78.2,0.635,False,False,2,True,0.777,False,Medium
STU002520,18,Foundation,International,Day,0.898,0.919,81.6,0.876,False,False,0,True,0.791,False,Low
STU002521,16,A-Level,EU,Day,0.897,0.742,83.9,0.896,False,False,2,True,0.702,True,Low
STU002522,16,GCSE,UK,Day,0.853,0.891,78.0,0.743,False,False,1,True,0.87,False,Low
STU002523,17,A-Level,UK,Boarding,0.97,1.0,86.4,1.0,False,False,1,True,0.945,False,Low
STU002524,17,A-Level,UK,Boarding,0.834,0.838,77.1,0.779,False,False,0,True,0.751,False,Low
STU002525,17,Foundation,International,Day,0.92,0.803,80.8,0.87,False,False,0,True,0.722,True,Low
STU002526,17,A-Level,UK,Homestay,0.841,0.714,89.9,0.849,False,False,0,True,0.645,True,Medium
STU002527,14,GCSE,International,Boarding,0.895,0.642,81.2,0.652,False,False,1,True,0.919,True,Medium
STU002528,16,EAP,International,Day,0.945,0.899,87.4,0.874,False,False,3,True,0.91,False,Low
STU002529,15,GCSE,International,Day,0.88,0.748,65.7,0.61,False,False,2,True,1.0,True,Medium
STU002530,17,EAP,International,Day,0.636,0.614,55.4,0.528,False,True,4,True,0.788,False,High
STU002531,16,A-Level,UK,Boarding,0.746,0.83,85.3,0.79,True,False,0,True,0.793,False,Medium
STU002532,18,Foundation,EU,Day,0.749,0.746,63.2,0.615,False,False,2,True,0.861,True,High
STU002533,16,A-Level,International,Day,0.905,0.843,86.7,0.779,False,False,0,True,0.878,False,Low
STU002534,15,GCSE,International,Homestay,0.9,0.885,81.4,0.931,False,False,0,False,0.65,False,Low
STU002535,17,Foundation,International,Boarding,0.875,0.635,75.2,0.557,False,False,2,True,0.67,True,High
STU002536,18,Foundation,International,Boarding,0.856,0.862,83.6,0.843,False,False,1,True,0.751,True,Low
STU002537,18,Foundation,UK,Boarding,0.915,0.847,83.8,0.789,False,False,1,True,0.841,True,Low
STU002538,15,GCSE,International,Day,0.799,0.819,69.2,0.681,False,False,0,True,0.731,False,Medium
STU002539,18,Foundation,International,Homestay,0.967,0.886,88.1,0.822,False,False,0,True,0.962,False,Low
STU002540,17,Foundation,UK,Homestay,0.849,0.909,77.4,0.715,True,False,2,True,0.967,False,Medium
STU002541,16,A-Level,International,Boarding,0.834,0.886,80.2,0.788,False,False,1,False,0.666,True,Medium
STU002542,18,Foundation,UK,Day,0.871,0.602,65.8,0.646,False,False,0,True,0.811,False,Medium
STU002543,19,Foundation,EU,Day,0.891,0.856,80.0,0.841,False,False,0,False,0.805,False,Low
STU002544,16,A-Level,International,Day,0.803,0.794,67.1,0.576,False,False,1,True,0.88,True,Medium
STU002545,15,GCSE,International,Boarding,0.947,0.877,85.6,1.0,False,False,0,True,0.848,False,Low
STU002546,16,A-Level,International,Day,0.968,0.793,85.1,0.773,False,False,0,True,0.9,False,Low
STU002547,15,GCSE,International,Boarding,0.908,0.947,74.7,0.76,False,False,1,True,0.917,False,Low
STU002548,17,A-Level,UK,Boarding,0.966,0.855,87.5,0.997,False,False,0,True,0.885,False,Low
STU002549,17,A-Level,International,Day,1.0,0.88,80.0,0.707,False,False,1,True,0.797,False,Low
STU002550,16,GCSE,UK,Boarding,0.769,0.707,81.4,0.674,False,False,1,True,0.909,False,Medium
STU002551,17,A-Level,UK,Day,0.904,0.797,74.4,0.587,False,False,1,True,0.885,False,Medium
STU002552,14,GCSE,UK,Homestay,0.806,0.647,69.3,0.576,False,False,0,True,0.79,False,High
STU002553,18,Foundation,International,Day,1.0,0.76,82.3,0.659,False,False,3,True,0.711,False,Medium
STU002554,18,EAP,EU,Day,0.917,0.965,100.0,0.909,False,False,0,True,0.865,False,Low
STU002555,15,GCSE,International,Day,0.851,0.923,85.7,0.781,False,False,1,True,0.815,False,Low
STU002556,18,EAP,International,Homestay,0.882,0.78,95.6,0.744,False,False,2,False,0.713,True,Low
STU002557,17,A-Level,UK,Boarding,0.994,0.877,92.5,0.736,False,False,1,True,0.698,False,Low
STU002558,17,A-Level,International,Day,0.932,0.941,86.7,0.886,False,False,0,True,0.854,False,Low
STU002559,16,GCSE,UK,Day,0.941,0.84,63.1,0.753,False,False,0,True,0.833,True,Medium
STU002560,17,A-Level,EU,Boarding,0.975,0.868,73.8,0.685,False,True,1,False,0.682,False,Medium
STU002561,19,Foundation,International,Day,0.9,0.936,84.4,0.876,True,True,3,True,0.716,False,Medium
STU002562,18,Foundation,EU,Homestay,0.941,0.672,64.4,0.766,True,False,3,True,0.819,False,Medium
STU002563,15,GCSE,International,Homestay,0.836,0.833,63.0,0.744,True,False,1,True,0.749,False,High
STU002564,16,GCSE,International,Boarding,0.742,0.874,78.7,0.673,False,False,1,True,0.847,True,Medium
STU002565,17,A-Level,EU,Homestay,0.907,0.994,79.3,1.0,False,False,1,True,0.798,False,Low
STU002566,17,A-Level,International,Day,0.853,0.669,74.8,0.709,False,False,0,True,0.844,False,Medium
STU002567,15,GCSE,UK,Day,0.955,0.87,77.9,0.519,False,False,1,True,0.877,False,Medium
STU002568,16,A-Level,UK,Day,0.723,0.683,57.2,0.648,False,True,3,True,0.83,False,High
STU002569,18,Foundation,UK,Day,0.958,0.916,99.9,0.843,False,False,1,True,0.863,False,Low
STU002570,16,EAP,UK,Homestay,0.913,0.941,81.9,0.866,False,False,0,True,0.803,False,Low
STU002571,18,A-Level,UK,Day,0.925,0.978,94.9,0.863,False,False,0,True,0.945,False,Low
STU002572,19,EAP,International,Homestay,0.943,0.761,89.0,0.755,False,False,0,True,0.722,False,Low
STU002573,16,A-Level,EU,Boarding,0.898,0.886,80.7,0.942,False,False,0,True,0.857,False,Low
STU002574,16,A-Level,International,Day,0.877,0.862,97.8,0.86,False,False,0,True,0.961,False,Low
STU002575,15,GCSE,UK,Day,0.979,0.786,76.2,0.786,False,False,0,False,0.85,True,Low
STU002576,17,A-Level,UK,Day,0.942,0.863,81.1,0.69,False,False,1,True,0.829,False,Low
STU002577,16,EAP,UK,Day,0.948,0.906,91.0,1.0,False,False,0,True,0.906,True,Low
STU002578,17,A-Level,International,Day,0.894,0.845,72.9,0.84,False,False,0,True,0.737,False,Medium
STU002579,17,A-Level,EU,Day,0.908,0.749,76.5,0.699,False,False,0,True,0.933,False,Medium
STU002580,16,A-Level,EU,Boarding,0.899,0.92,91.2,0.923,False,False,1,True,0.712,True,Low
STU002581,16,GCSE,EU,Boarding,0.778,0.686,75.1,0.706,False,False,4,True,0.834,False,Medium
STU002582,19,Foundation,International,Day,0.803,0.827,90.7,0.923,False,False,2,True,0.885,False,Low
STU002583,17,A-Level,UK,Day,0.891,0.762,68.5,0.65,False,False,1,True,0.677,False,Medium
STU002584,18,A-Level,International,Homestay,0.769,0.672,69.8,0.672,False,False,2,True,0.729,False,High
STU002585,16,A-Level,EU,Day,0.892,0.723,76.9,0.917,False,False,1,True,0.867,False,Low
STU002586,17,A-Level,International,Day,0.771,0.677,60.4,0.56,True,False,1,True,0.783,False,High
STU002587,14,GCSE,UK,Boarding,0.895,0.781,76.3,0.702,False,False,0,True,0.834,False,Medium
STU002588,17,A-Level,UK,Homestay,0.912,0.655,71.8,0.432,False,False,1,True,0.607,False,High
STU002589,16,GCSE,UK,Homestay,0.77,0.734,69.4,0.726,False,False,4,True,0.76,True,Medium
STU002590,18,Foundation,International,Day,0.923,0.956,83.5,0.934,False,False,0,True,0.866,False,Low
STU002591,19,Foundation,EU,Boarding,0.869,0.927,83.7,0.66,False,False,0,True,0.92,False,Low
STU002592,18,Foundation,International,Day,0.737,0.601,78.8,0.766,False,False,1,True,0.814,False,Medium
STU002593,17,A-Level,EU,Homestay,0.868,0.795,85.4,0.676,False,False,0,True,0.882,True,Medium
STU002594,17,A-Level,UK,Day,0.927,0.714,78.5,0.586,False,False,2,True,0.759,False,Medium
STU002595,14,GCSE,EU,Day,0.872,0.88,72.4,0.683,False,False,1,True,0.852,False,Medium
STU002596,17,Foundation,UK,Homestay,0.867,0.666,67.4,0.701,False,False,0,False,0.504,False,Medium
STU002597,17,A-Level,International,Homestay,0.911,0.828,77.2,0.775,False,False,0,True,0.874,False,Low
STU002598,17,A-Level,International,Boarding,0.866,0.759,73.6,0.703,False,False,0,True,0.76,False,Medium
STU002599,17,A-Level,International,Day,0.881,0.77,83.2,0.907,False,False,3,True,0.809,True,Low
STU002600,15,GCSE,International,Day,0.807,0.662,66.8,0.626,False,False,3,True,0.718,False,High
STU002601,17,A-Level,EU,Homestay,0.864,0.753,80.1,0.723,False,False,0,True,0.918,False,Medium
STU002602,15,GCSE,International,Boarding,1.0,0.886,78.9,0.809,False,False,1,True,0.935,True,Low
STU002603,18,Foundation,UK,Day,0.912,0.633,83.8,0.785,False,False,0,True,0.779,False,Medium
STU002604,17,A-Level,International,Day,0.919,0.771,77.8,0.699,False,False,0,True,0.919,False,Medium
STU002605,16,GCSE,EU,Homestay,0.731,0.701,65.6,0.624,True,True,3,True,0.88,False,High
STU002606,17,A-Level,International,Boarding,0.872,0.921,84.3,0.806,False,False,0,True,0.827,False,Low
STU002607,15,GCSE,International,Boarding,0.884,0.857,74.2,0.836,False,False,0,True,0.763,True,Low
STU002608,18,A-Level,International,Day,0.961,0.788,82.1,0.528,False,False,1,True,0.892,False,Medium
STU002609,19,Foundation,EU,Boarding,0.984,0.795,78.5,0.884,False,False,1,True,0.691,False,Low
STU002610,16,GCSE,UK,Homestay,0.868,0.719,71.4,0.64,False,False,1,True,0.984,False,Medium
STU002611,18,Foundation,EU,Day,0.898,0.774,69.5,0.923,False,False,1,True,0.93,False,Low
STU002612,14,GCSE,International,Boarding,0.884,0.818,76.3,0.839,False,False,0,True,0.694,False,Medium
STU002613,15,GCSE,International,Day,0.953,1.0,84.1,0.87,False,False,1,True,0.862,False,Low
STU002614,18,Foundation,UK,Day,0.933,0.929,79.8,0.73,False,False,0,True,0.839,True,Low
STU002615,18,A-Level,EU,Boarding,0.894,0.8,79.0,0.585,False,False,0,False,0.775,True,Medium
STU002616,15,GCSE,UK,Homestay,0.971,0.93,90.8,0.919,False,False,1,True,0.715,True,Low
STU002617,16,A-Level,International,Boarding,0.88,0.785,93.0,0.85,True,False,1,True,0.853,False,Low
STU002618,16,A-Level,UK,Day,0.846,0.729,78.1,0.49,False,False,1,True,0.79,False,Medium
STU002619,17,Foundation,International,Day,0.901,0.837,97.7,0.95,False,False,0,True,0.684,False,Low
STU002620,17,A-Level,UK,Homestay,0.888,0.99,77.9,0.792,False,False,1,True,0.798,False,Low
STU002621,18,Foundation,UK,Day,0.831,0.848,79.7,0.77,False,False,4,True,0.96,False,Low
STU002622,19,Foundation,International,Homestay,0.884,0.847,90.1,0.679,False,False,0,True,0.882,False,Low
STU002623,18,A-Level,UK,Day,0.98,0.866,88.6,0.913,False,False,0,True,0.861,False,Low
STU002624,17,EAP,UK,Homestay,0.977,0.816,84.3,0.784,False,False,1,True,0.753,False,Low
STU002625,17,A-Level,UK,Homestay,0.964,0.766,84.6,0.728,False,False,0,True,0.754,False,Low
STU002626,17,EAP,EU,Day,0.955,0.659,64.0,0.573,False,False,1,True,0.905,True,Medium
STU002627,15,GCSE,International,Boarding,0.85,0.79,80.7,0.568,True,False,0,False,0.549,False,High
STU002628,18,A-Level,UK,Day,0.858,0.788,69.3,0.617,False,False,1,True,0.847,False,Medium
STU002629,17,A-Level,International,Day,0.939,0.699,69.4,0.524,False,False,3,True,0.696,False,Medium
STU002630,17,A-Level,UK,Day,0.785,0.761,72.4,0.89,False,False,2,True,0.873,False,Medium
STU002631,17,A-Level,International,Boarding,0.853,0.888,81.5,0.719,False,False,1,True,0.707,False,Medium
STU002632,17,Foundation,International,Day,0.913,0.74,74.4,0.567,True,False,5,True,0.779,False,Medium
STU002633,14,GCSE,International,Boarding,0.866,0.697,70.3,0.604,False,False,0,True,0.841,False,Medium
STU002634,15,GCSE,International,Day,0.945,0.892,73.9,0.685,False,False,0,True,0.884,False,Low
STU002635,18,Foundation,UK,Day,0.875,0.927,73.6,0.702,False,False,0,True,0.819,False,Low
STU002636,16,A-Level,UK,Boarding,0.939,0.823,79.2,0.868,False,False,0,True,0.857,False,Low
STU002637,18,EAP,International,Boarding,0.792,0.713,79.6,0.724,False,False,1,True,0.887,False,Medium
STU002638,19,Foundation,UK,Boarding,0.989,0.862,70.6,0.837,False,False,0,True,0.881,False,Low
STU002639,17,EAP,UK,Boarding,0.822,0.789,88.7,0.738,False,False,0,True,0.937,True,Low
STU002640,18,Foundation,UK,Homestay,0.805,0.812,75.2,0.882,False,False,0,True,0.806,False,Low
STU002641,17,A-Level,EU,Day,0.985,0.81,89.2,0.959,False,False,0,False,0.804,False,Low
STU002642,15,GCSE,EU,Day,0.9,0.719,78.8,0.719,False,False,1,True,0.792,True,Medium
STU002643,19,Foundation,UK,Boarding,0.879,0.77,73.0,0.662,False,False,1,True,0.818,True,Medium
STU002644,18,A-Level,UK,Boarding,0.918,0.869,76.4,0.721,True,True,0,True,0.759,False,Medium
STU002645,15,GCSE,International,Boarding,0.927,0.684,50.5,0.374,False,True,2,True,0.599,True,High
STU002646,17,A-Level,UK,Boarding,0.869,0.876,82.2,0.778,False,False,1,False,0.724,False,Low
STU002647,17,EAP,International,Day,0.891,0.783,63.5,0.638,False,False,1,True,1.0,False,Medium
STU002648,16,A-Level,UK,Day,0.975,0.831,83.9,0.762,False,False,0,True,0.829,True,Low
STU002649,17,A-Level,International,Boarding,0.833,0.717,82.0,0.781,False,False,1,True,0.736,True,Medium
STU002650,18,A-Level,UK,Day,1.0,0.873,78.3,0.732,False,False,0,True,0.877,False,Low
STU002651,15,GCSE,UK,Day,0.869,0.857,99.5,0.668,False,False,0,True,0.971,False,Low
STU002652,16,A-Level,EU,Day,0.839,0.68,81.5,0.759,False,False,1,True,0.815,False,Medium
STU002653,17,A-Level,EU,Day,0.976,0.874,89.4,0.722,False,False,0,True,0.862,False,Low
STU002654,15,GCSE,International,Boarding,0.951,0.831,83.3,0.869,False,False,0,True,0.945,False,Low
STU002655,18,Foundation,International,Day,0.72,0.715,66.8,0.748,True,False,1,True,0.744,False,High
STU002656,16,A-Level,UK,Homestay,0.893,0.77,88.8,0.82,False,False,2,True,0.933,False,Low
STU002657,18,Foundation,UK,Boarding,0.823,0.752,90.3,0.675,False,False,0,True,0.823,False,Medium
STU002658,17,Foundation,UK,Day,0.956,0.806,77.7,0.879,False,False,2,True,0.769,False,Low
STU002659,15,GCSE,UK,Day,0.989,0.837,73.4,0.657,True,False,3,True,0.836,True,Medium
STU002660,17,A-Level,EU,Day,0.938,0.831,85.1,0.761,False,False,0,True,0.784,False,Low
STU002661,17,A-Level,International,Boarding,0.847,0.79,82.3,0.415,False,False,1,True,0.818,False,Medium
STU002662,18,Foundation,EU,Day,0.962,0.938,82.4,0.952,False,False,2,True,0.903,False,Low
STU002663,15,GCSE,International,Day,0.896,0.8,74.9,0.941,False,False,0,True,0.793,False,Low
STU002664,17,A-Level,International,Day,0.86,0.624,59.8,0.744,True,False,0,True,0.676,True,High
STU002665,17,A-Level,International,Boarding,0.866,0.823,82.3,0.55,False,False,1,True,0.808,True,Medium
STU002666,17,A-Level,UK,Boarding,0.907,0.753,84.5,0.732,False,False,1,True,0.854,False,Low
STU002667,16,GCSE,International,Boarding,0.895,0.72,66.7,0.741,False,False,0,True,0.8,False,Medium
STU002668,17,A-Level,International,Homestay,0.732,0.809,86.9,0.681,False,False,2,True,0.821,False,Medium
STU002669,18,Foundation,UK,Day,0.902,0.871,76.0,1.0,False,False,1,True,0.965,True,Low
STU002670,16,A-Level,UK,Boarding,0.89,0.862,75.3,0.721,False,False,0,True,0.92,False,Low
STU002671,16,A-Level,International,Day,0.886,0.799,64.0,0.68,False,True,0,True,0.75,False,High
STU002672,16,A-Level,International,Boarding,0.685,0.468,64.7,0.628,True,False,0,True,0.79,True,High
STU002673,18,Foundation,UK,Boarding,0.936,0.886,94.0,0.784,False,False,0,True,0.974,True,Low
STU002674,14,GCSE,EU,Day,0.902,0.686,81.6,0.646,False,False,2,True,0.763,False,Medium
STU002675,18,Foundation,UK,Day,0.935,0.658,73.0,0.589,False,False,0,True,0.712,False,Medium
STU002676,17,A-Level,EU,Homestay,0.786,0.593,72.2,0.792,False,False,3,True,0.692,True,High
STU002677,17,A-Level,UK,Day,0.814,0.619,69.3,0.612,False,False,0,False,0.561,False,High
STU002678,16,GCSE,UK,Day,0.769,0.639,69.4,0.555,False,False,3,True,0.812,True,High
STU002679,15,GCSE,International,Homestay,0.91,0.773,81.2,0.642,False,False,2,True,0.775,False,Medium
STU002680,16,A-Level,International,Boarding,0.876,0.734,72.5,0.569,False,False,1,True,0.879,False,Medium
STU002681,17,A-Level,International,Boarding,0.89,0.903,79.7,0.829,False,False,1,True,0.893,False,Low
STU002682,18,Foundation,UK,Homestay,0.803,0.647,79.1,0.804,False,False,0,False,0.709,False,Medium
STU002683,15,GCSE,International,Day,0.755,0.551,53.5,0.693,False,True,4,True,0.906,False,High
STU002684,16,A-Level,UK,Day,0.666,0.892,79.3,0.735,False,True,3,False,0.683,False,High
STU002685,17,A-Level,UK,Boarding,0.806,0.764,89.3,0.764,False,False,2,True,0.743,False,Medium
STU002686,16,GCSE,International,Boarding,0.792,0.727,66.4,0.704,True,False,1,True,0.856,False,High
STU002687,15,GCSE,EU,Day,0.858,0.745,79.3,0.935,False,False,2,True,0.578,False,Medium
STU002688,16,A-Level,UK,Day,0.824,0.796,74.4,0.781,True,False,1,True,0.758,False,Medium
STU002689,17,A-Level,UK,Day,0.953,0.933,86.1,0.8,False,False,0,True,0.783,False,Low
STU002690,17,A-Level,EU,Homestay,0.852,0.579,70.6,0.621,False,False,1,False,0.492,False,High
STU002691,17,A-Level,International,Day,0.934,0.791,77.1,0.579,False,False,1,True,0.732,True,Medium
STU002692,17,A-Level,International,Homestay,0.954,0.794,74.2,0.568,False,False,0,False,0.704,False,Medium
STU002693,15,GCSE,International,Homestay,0.981,0.696,83.7,0.885,False,False,1,False,0.72,False,Low
STU002694,18,A-Level,International,Boarding,0.934,0.816,86.5,0.703,False,False,0,False,0.83,True,Low
STU002695,18,EAP,International,Boarding,0.862,0.712,71.2,0.768,True,False,1,True,0.797,True,Medium
STU002696,17,A-Level,International,Day,0.824,0.75,67.1,0.607,False,False,1,False,0.75,False,High
STU002697,16,A-Level,UK,Day,0.919,0.969,98.3,1.0,False,False,2,True,0.884,False,Low
STU002698,18,A-Level,International,Boarding,0.874,0.742,74.3,0.528,False,False,2,True,0.762,True,Medium
STU002699,19,Foundation,UK,Day,0.996,0.862,74.8,0.845,False,False,1,True,0.657,True,Low
STU002700,17,Foundation,International,Day,0.827,0.669,75.2,0.68,True,False,3,True,0.701,False,High
STU002701,17,A-Level,UK,Boarding,0.889,0.818,72.8,0.752,False,False,1,True,0.884,False,Medium
STU002702,17,EAP,International,Day,0.999,0.853,82.7,0.811,False,False,2,True,0.808,True,Low
STU002703,16,GCSE,International,Boarding,0.787,0.529,61.6,0.553,True,False,2,True,0.772,True,High
STU002704,15,GCSE,International,Day,0.9,0.761,72.0,0.601,False,False,1,True,0.736,False,Medium
STU002705,17,Foundation,International,Day,1.0,0.935,96.4,1.0,False,False,0,True,0.831,False,Low
STU002706,19,Foundation,UK,Day,0.919,0.802,91.2,0.758,False,False,1,True,1.0,True,Low
STU002707,14,GCSE,EU,Homestay,0.979,0.836,90.7,0.812,False,False,0,True,0.908,False,Low
STU002708,17,A-Level,UK,Homestay,0.977,0.763,78.0,0.598,False,True,2,True,0.907,False,Medium
STU002709,15,GCSE,UK,Day,0.814,0.56,58.0,0.421,True,False,4,True,0.829,True,High
STU002710,17,A-Level,UK,Day,0.964,0.883,99.5,0.702,False,False,0,True,0.749,False,Low
STU002711,17,Foundation,UK,Homestay,0.877,0.811,85.3,0.879,False,False,0,True,0.906,False,Low
STU002712,16,A-Level,EU,Day,1.0,0.878,93.8,0.803,False,False,1,True,0.85,False,Low
STU002713,17,A-Level,International,Day,1.0,0.788,77.7,0.735,False,False,0,True,0.732,True,Low
STU002714,17,A-Level,International,Day,0.952,0.773,94.3,0.83,False,False,0,True,0.767,True,Low
STU002715,14,GCSE,UK,Boarding,0.973,0.81,67.1,0.702,False,False,1,True,0.808,True,Medium
STU002716,16,A-Level,UK,Day,0.851,0.897,71.0,0.898,False,False,0,True,0.917,False,Low
STU002717,16,A-Level,UK,Day,1.0,1.0,98.2,0.97,False,False,1,True,0.789,False,Low
STU002718,18,EAP,UK,Boarding,0.837,0.817,67.8,0.707,False,False,1,True,0.971,True,Medium
STU002719,18,Foundation,UK,Day,0.928,0.724,73.4,0.705,False,False,1,False,0.669,False,Medium
STU002720,14,GCSE,UK,Boarding,0.799,0.661,68.0,0.623,True,False,2,True,0.611,True,High
STU002721,18,Foundation,EU,Boarding,0.96,0.871,85.9,0.863,False,False,1,False,0.684,False,Low
STU002722,17,Foundation,EU,Day,1.0,0.927,100.0,0.797,False,False,1,True,0.855,True,Low
STU002723,19,Foundation,EU,Day,0.932,0.93,88.2,0.925,False,False,1,True,0.73,False,Low
STU002724,18,A-Level,UK,Boarding,0.922,0.784,71.2,0.797,False,False,0,True,0.691,False,Medium
STU002725,17,A-Level,International,Day,0.892,0.882,85.8,0.882,False,False,2,True,0.906,False,Low
STU002726,18,A-Level,International,Day,0.907,0.803,73.6,0.623,False,False,0,True,0.856,True,Medium
STU002727,16,GCSE,UK,Boarding,0.831,0.71,67.9,0.582,True,False,2,True,0.847,False,High
STU002728,16,GCSE,UK,Boarding,0.942,0.792,78.8,0.795,True,False,0,True,0.893,False,Medium
STU002729,15,GCSE,UK,Day,0.956,0.784,86.9,0.766,False,False,0,True,0.764,False,Low
STU002730,17,A-Level,UK,Day,0.876,0.751,81.1,0.722,False,False,1,True,0.836,True,Medium
STU002731,18,Foundation,EU,Day,0.869,0.909,79.4,0.671,True,False,1,True,0.664,False,Medium
STU002732,17,A-Level,UK,Boarding,1.0,0.779,90.6,0.81,False,False,0,True,0.878,False,Low
STU002733,15,GCSE,EU,Boarding,0.811,0.897,75.4,0.81,True,True,1,False,0.804,True,Medium
STU002734,17,EAP,UK,Boarding,0.931,0.819,78.1,0.518,True,False,2,False,0.66,False,Medium
STU002735,17,EAP,International,Boarding,0.86,0.69,62.6,0.769,False,False,0,True,0.746,False,Medium
STU002736,18,Foundation,UK,Homestay,0.933,0.785,92.5,0.787,False,False,1,True,0.923,True,Low
STU002737,17,EAP,EU,Day,0.856,0.723,69.3,0.655,False,False,0,False,0.651,False,Medium
STU002738,17,A-Level,UK,Day,0.863,0.727,71.1,0.719,False,False,1,True,0.849,False,Medium
STU002739,19,EAP,UK,Homestay,0.956,0.735,80.3,0.633,False,False,1,True,0.8,False,Medium
STU002740,15,GCSE,International,Day,0.837,0.787,70.2,0.637,False,False,2,True,0.838,True,Medium
STU002741,17,A-Level,International,Day,0.817,0.762,69.9,0.685,False,False,0,False,0.634,False,Medium
STU002742,15,GCSE,UK,Day,0.948,0.873,95.8,0.756,False,False,0,True,0.672,True,Low
STU002743,15,GCSE,International,Homestay,0.866,0.855,95.5,0.945,False,False,0,True,0.855,True,Low
STU002744,14,GCSE,International,Day,0.88,0.73,73.9,0.628,False,False,1,True,0.704,True,Medium
STU002745,18,A-Level,EU,Day,0.774,0.604,64.1,0.539,False,False,0,True,0.811,False,High
STU002746,18,Foundation,UK,Boarding,0.811,0.849,77.3,0.864,False,False,1,False,0.81,False,Low
STU002747,16,A-Level,International,Day,0.882,0.611,40.1,0.188,True,False,3,True,0.599,False,High
STU002748,16,GCSE,UK,Homestay,0.884,0.667,80.8,0.653,False,False,2,True,0.775,False,Medium
STU002749,17,Foundation,UK,Day,0.964,0.906,86.9,0.775,False,False,0,True,0.864,False,Low
STU002750,17,A-Level,UK,Boarding,0.837,0.744,70.2,0.614,False,False,2,True,0.824,False,Medium
STU002751,16,A-Level,International,Day,0.888,0.703,93.0,0.738,False,False,0,True,0.919,False,Low
STU002752,16,A-Level,International,Homestay,0.903,0.662,61.1,0.679,False,False,2,True,0.743,False,High
STU002753,16,A-Level,International,Homestay,0.886,0.692,83.5,0.54,False,False,2,True,0.69,False,Medium
STU002754,16,A-Level,International,Boarding,0.942,0.822,75.7,0.848,False,False,0,True,0.736,False,Low
STU002755,18,EAP,International,Homestay,0.761,0.815,88.3,0.787,True,False,2,True,0.839,True,Medium
STU002756,18,A-Level,International,Day,0.936,0.751,87.9,0.653,False,False,0,True,0.89,False,Low
STU002757,17,A-Level,International,Homestay,0.98,0.788,72.8,0.726,False,False,0,True,0.998,True,Low
STU002758,19,Foundation,International,Boarding,0.842,0.836,88.0,0.982,False,False,0,True,0.784,False,Low
STU002759,18,Foundation,UK,Homestay,0.928,0.839,87.2,0.851,False,False,3,True,0.896,False,Low
STU002760,15,GCSE,International,Boarding,0.925,0.837,77.6,0.746,False,False,0,True,0.88,False,Low
STU002761,14,GCSE,International,Day,0.941,0.988,96.8,0.948,False,False,1,True,0.84,False,Low
STU002762,15,GCSE,International,Boarding,0.831,0.516,68.8,0.453,True,False,2,True,0.646,False,High
STU002763,17,A-Level,International,Day,0.999,0.804,83.3,0.556,False,False,1,False,0.653,False,Medium
STU002764,17,A-Level,International,Boarding,1.0,0.771,78.6,0.82,False,False,0,True,0.848,True,Low
STU002765,16,GCSE,International,Day,0.944,0.951,99.4,0.856,False,False,1,True,0.806,False,Low
STU002766,18,EAP,EU,Day,0.922,0.634,68.3,0.61,False,False,1,True,0.624,False,High
STU002767,17,A-Level,UK,Homestay,0.901,0.843,76.8,0.599,False,False,0,False,0.715,False,Medium
STU002768,16,GCSE,UK,Homestay,0.808,0.855,79.9,0.789,False,False,0,True,0.905,True,Low
STU002769,17,A-Level,EU,Homestay,0.8,0.626,72.0,0.572,False,False,3,True,0.863,False,High
STU002770,17,A-Level,UK,Boarding,0.819,0.701,71.5,0.688,False,False,1,True,0.744,False,Medium
STU002771,15,GCSE,EU,Boarding,0.919,0.669,75.0,0.769,False,False,0,True,0.908,True,Medium
STU002772,17,A-Level,UK,Boarding,0.887,0.703,68.2,0.864,False,False,1,False,0.583,False,Medium
STU002773,17,Foundation,International,Day,1.0,0.843,70.2,0.793,False,False,2,False,0.701,False,Low
STU002774,17,A-Level,UK,Homestay,0.652,0.62,67.9,0.662,True,False,3,True,0.727,False,High
STU002775,17,A-Level,International,Homestay,0.903,0.833,84.9,0.608,False,False,0,True,0.929,False,Low
STU002776,17,A-Level,International,Boarding,0.889,0.806,96.9,0.821,False,True,2,True,0.885,False,Low
STU002777,14,GCSE,EU,Homestay,0.963,0.784,80.7,0.654,False,False,1,True,0.836,True,Low
STU002778,16,GCSE,UK,Boarding,0.91,0.638,64.9,0.574,False,False,0,True,0.828,False,Medium
STU002779,17,A-Level,International,Day,0.926,0.905,79.0,1.0,False,False,0,True,1.0,False,Low
STU002780,15,GCSE,International,Homestay,0.912,0.902,81.9,0.96,False,False,3,True,0.791,False,Low
STU002781,15,GCSE,UK,Day,0.931,0.872,86.1,0.767,False,False,0,True,0.821,False,Low
STU002782,19,Foundation,UK,Boarding,0.867,0.802,73.2,0.917,True,False,0,True,0.864,False,Medium
STU002783,16,EAP,UK,Day,1.0,0.949,94.0,0.811,False,False,0,True,0.849,True,Low
STU002784,18,Foundation,UK,Boarding,0.94,0.84,86.9,0.787,False,False,0,True,0.829,True,Low
STU002785,18,Foundation,UK,Boarding,0.914,0.808,83.7,0.77,False,False,1,True,0.898,False,Low
STU002786,16,GCSE,UK,Boarding,0.848,0.787,64.9,0.602,False,False,1,True,0.841,True,Medium
STU002787,16,EAP,International,Boarding,0.876,0.764,82.7,0.513,False,False,2,True,0.865,False,Medium
STU002788,16,GCSE,International,Day,1.0,0.821,99.9,0.743,False,False,0,True,0.947,False,Low
STU002789,18,EAP,International,Boarding,0.726,0.924,74.3,0.883,False,False,1,True,0.824,False,Low
STU002790,17,EAP,International,Homestay,0.904,0.864,80.2,0.84,False,False,0,False,0.755,False,Low
STU002791,18,Foundation,International,Day,0.898,0.866,76.4,0.882,False,False,1,True,0.953,True,Low
STU002792,17,EAP,International,Day,0.935,0.843,86.0,0.868,False,False,0,True,0.834,False,Low
STU002793,17,A-Level,UK,Day,0.897,0.801,79.3,0.652,False,True,0,True,0.784,False,Medium
STU002794,18,A-Level,UK,Homestay,0.964,0.851,78.0,0.765,True,False,4,True,0.751,False,Medium
STU002795,17,A-Level,International,Boarding,0.847,0.703,78.9,0.635,True,False,2,True,0.772,False,Medium
STU002796,18,A-Level,International,Homestay,0.896,0.771,86.8,0.625,False,False,1,True,1.0,True,Medium
STU002797,16,GCSE,EU,Boarding,0.967,0.796,74.2,0.875,False,False,1,True,1.0,False,Low
STU002798,17,A-Level,UK,Day,1.0,0.74,80.1,0.643,False,False,0,True,0.994,True,Low
STU002799,18,EAP,International,Boarding,0.948,0.764,83.0,0.748,False,False,1,True,0.913,False,Low
STU002800,15,GCSE,UK,Day,0.971,0.957,93.1,1.0,False,False,1,True,0.765,False,Low
STU002801,18,Foundation,UK,Day,0.885,0.753,77.9,0.862,False,False,0,True,0.855,True,Low
STU002802,16,EAP,International,Day,0.909,0.683,80.5,0.838,False,False,1,True,0.832,False,Low
STU002803,18,EAP,EU,Day,1.0,0.674,65.3,0.589,False,False,4,True,0.868,False,Medium
STU002804,16,EAP,International,Day,0.903,0.815,88.1,0.738,True,False,1,True,0.774,False,Medium
STU002805,18,A-Level,International,Day,0.883,0.875,77.3,0.608,False,False,2,False,0.66,False,Medium
STU002806,19,EAP,EU,Day,0.902,0.901,79.9,0.797,False,False,0,True,0.98,False,Low
STU002807,18,Foundation,EU,Day,0.973,0.769,70.1,0.795,False,False,0,True,0.843,False,Low
STU002808,15,GCSE,UK,Boarding,0.979,0.739,90.8,0.668,False,False,0,True,0.838,False,Low
STU002809,17,A-Level,UK,Day,0.841,0.776,93.9,0.869,False,False,2,True,0.829,False,Low
STU002810,18,Foundation,International,Day,0.872,0.723,75.1,0.887,False,True,0,True,0.853,False,Medium
STU002811,15,GCSE,UK,Day,0.899,0.728,65.8,0.6,False,False,3,True,0.882,False,Medium
STU002812,17,A-Level,UK,Boarding,0.895,0.916,84.7,0.942,False,False,0,True,1.0,False,Low
STU002813,17,A-Level,UK,Boarding,0.993,0.732,77.6,0.659,False,False,0,True,0.805,False,Medium
STU002814,14,GCSE,EU,Homestay,0.883,0.773,76.6,0.927,False,False,1,True,0.749,False,Low
STU002815,16,A-Level,EU,Homestay,0.86,0.834,81.8,0.712,False,False,0,True,0.831,False,Low
STU002816,17,Foundation,International,Day,0.843,0.691,79.9,0.711,False,False,4,True,0.906,True,Medium
STU002817,17,A-Level,EU,Day,0.888,0.807,83.1,0.928,False,False,2,False,0.681,False,Low
STU002818,16,GCSE,UK,Day,0.849,0.567,59.5,0.692,False,False,2,True,0.786,False,High
STU002819,15,GCSE,EU,Homestay,0.791,0.807,72.1,0.791,True,False,2,True,0.962,False,Medium
STU002820,17,A-Level,International,Boarding,0.838,0.811,73.0,0.571,False,False,1,True,0.937,False,Medium
STU002821,16,EAP,UK,Day,0.842,0.766,75.5,0.782,False,False,0,True,0.802,False,Medium
STU002822,15,GCSE,International,Day,0.847,0.783,88.5,0.768,False,False,2,True,0.83,False,Low
STU002823,16,A-Level,EU,Day,0.928,0.92,85.9,0.911,False,False,0,True,0.769,False,Low
STU002824,15,GCSE,International,Day,0.763,0.8,80.3,0.759,False,False,1,True,0.807,True,Medium
STU002825,18,A-Level,UK,Homestay,0.789,0.695,79.3,0.675,True,False,3,True,0.909,False,High
STU002826,17,Foundation,International,Boarding,0.816,0.672,71.7,0.761,True,False,0,True,0.666,True,High
STU002827,19,Foundation,International,Boarding,0.98,0.822,82.4,0.734,False,False,0,True,0.753,False,Low
STU002828,14,GCSE,International,Day,0.883,0.786,80.9,0.8,False,False,1,True,0.793,False,Low
STU002829,17,A-Level,UK,Day,0.889,0.842,93.0,0.807,False,False,0,True,1.0,True,Low
STU002830,14,GCSE,International,Boarding,0.894,0.671,93.5,0.639,False,False,2,True,0.951,False,Medium
STU002831,17,A-Level,International,Boarding,0.772,0.826,77.6,0.712,False,False,0,True,0.86,False,Medium
STU002832,16,A-Level,UK,Day,0.946,1.0,98.4,0.868,False,False,2,True,0.919,False,Low
STU002833,15,GCSE,UK,Boarding,0.943,0.867,96.5,1.0,False,False,1,True,0.774,False,Low
STU002834,17,A-Level,International,Homestay,0.906,0.764,87.4,0.851,True,False,1,True,0.869,False,Medium
STU002835,17,A-Level,UK,Day,1.0,0.813,89.8,0.827,False,False,1,True,0.823,False,Low
STU002836,18,EAP,International,Boarding,0.809,0.745,77.4,0.798,False,False,1,True,1.0,False,Medium
STU002837,19,EAP,UK,Day,0.796,0.894,91.3,0.741,False,False,1,True,0.856,False,Low
STU002838,15,GCSE,UK,Boarding,0.949,0.789,69.3,0.771,False,False,1,True,0.98,True,Low
STU002839,17,Foundation,International,Day,0.876,0.852,78.9,0.868,False,False,1,True,0.72,False,Low
STU002840,17,A-Level,UK,Boarding,0.831,0.762,86.7,0.814,False,False,0,True,0.892,False,Low
STU002841,18,A-Level,International,Day,0.833,0.543,57.8,0.676,True,False,3,True,0.829,False,High
STU002842,18,Foundation,International,Day,0.857,0.694,87.9,0.634,False,False,1,True,0.81,False,Medium
STU002843,18,EAP,International,Boarding,1.0,0.876,77.9,0.824,False,False,0,True,0.796,False,Low
STU002844,16,EAP,International,Boarding,1.0,0.972,94.8,0.75,False,False,1,True,0.853,True,Low
STU002845,17,A-Level,International,Homestay,0.786,0.537,56.9,0.558,False,False,1,True,0.815,False,High
STU002846,17,A-Level,UK,Boarding,0.797,0.847,85.5,0.782,False,False,2,False,0.74,True,Medium
STU002847,19,Foundation,International,Boarding,0.847,0.82,73.6,0.803,False,False,1,False,0.737,True,Medium
STU002848,18,A-Level,UK,Boarding,0.852,0.724,79.7,0.623,False,False,3,True,0.841,False,Medium
STU002849,16,A-Level,UK,Day,0.846,0.674,74.1,0.692,False,False,2,True,0.75,False,Medium
STU002850,17,A-Level,EU,Day,0.886,0.911,87.0,0.786,False,False,0,True,0.901,True,Low
STU002851,16,A-Level,International,Day,0.869,0.826,84.7,0.772,False,False,1,True,0.83,False,Low
STU002852,15,GCSE,UK,Day,0.805,0.757,82.7,0.745,False,False,0,True,0.724,True,Medium
STU002853,16,GCSE,UK,Day,0.828,0.709,73.5,0.611,False,False,0,False,0.613,False,Medium
STU002854,18,EAP,International,Homestay,1.0,0.981,91.1,0.893,False,False,1,True,0.858,True,Low
STU002855,15,GCSE,UK,Homestay,0.818,0.617,65.0,0.637,True,False,1,True,0.716,False,High
STU002856,16,A-Level,International,Homestay,0.871,0.94,82.8,0.835,False,False,0,True,0.737,False,Low
STU002857,16,GCSE,International,Homestay,0.794,0.959,91.9,0.816,False,False,2,True,0.982,False,Low
STU002858,15,GCSE,UK,Day,0.808,0.839,79.9,1.0,False,True,0,True,0.772,False,Medium
STU002859,15,GCSE,UK,Day,0.967,1.0,89.0,0.922,False,False,0,True,0.75,False,Low
STU002860,14,GCSE,International,Boarding,0.942,0.784,87.7,0.769,False,False,0,True,0.689,False,Low
STU002861,18,Foundation,EU,Homestay,0.957,0.762,86.4,0.806,False,False,0,True,0.794,False,Low
STU002862,18,A-Level,UK,Day,0.816,0.662,80.2,0.605,False,False,3,True,0.758,False,Medium
STU002863,18,EAP,UK,Boarding,0.815,0.762,69.7,0.657,False,False,1,True,0.847,True,Medium
STU002864,17,A-Level,UK,Day,0.979,0.85,76.2,0.823,False,False,2,True,0.993,False,Low
STU002865,17,A-Level,UK,Day,0.958,0.89,86.3,0.817,False,False,0,True,0.759,False,Low
STU002866,17,A-Level,EU,Day,0.882,0.917,75.1,1.0,False,False,0,True,0.85,True,Low
STU002867,17,A-Level,International,Day,0.96,0.775,78.4,0.695,False,False,0,True,0.816,False,Low
STU002868,17,Foundation,EU,Homestay,0.816,0.627,66.7,0.647,False,False,1,True,0.918,True,High
STU002869,17,A-Level,International,Day,0.813,0.761,71.9,0.746,False,False,3,True,0.861,False,Medium
STU002870,17,A-Level,UK,Homestay,0.787,0.601,55.9,0.644,False,False,3,False,0.776,False,High
STU002871,18,Foundation,UK,Day,0.925,0.859,86.5,0.843,False,False,0,True,0.75,False,Low
STU002872,19,EAP,International,Homestay,0.915,0.84,82.9,0.755,False,False,1,True,1.0,False,Low
STU002873,18,Foundation,International,Boarding,0.863,0.595,71.9,0.734,False,False,1,True,0.714,False,Medium
STU002874,16,A-Level,International,Boarding,0.845,0.894,88.8,0.782,False,False,2,True,1.0,False,Low
STU002875,19,Foundation,International,Day,1.0,0.827,84.6,0.762,False,False,2,True,0.594,False,Low
STU002876,17,A-Level,International,Boarding,0.882,0.819,80.4,0.704,False,False,1,True,0.928,True,Low
STU002877,17,A-Level,UK,Homestay,0.935,0.724,80.0,0.775,True,False,1,False,0.803,False,Medium
STU002878,15,GCSE,International,Day,0.89,0.762,79.8,0.736,False,False,0,True,0.889,True,Medium
STU002879,17,A-Level,International,Day,0.865,0.882,78.5,0.662,False,False,1,False,0.802,False,Low
STU002880,14,GCSE,International,Day,0.941,0.646,68.2,0.636,True,False,2,True,0.624,False,High
STU002881,17,A-Level,International,Day,0.903,0.818,71.0,0.882,False,True,0,True,0.882,False,Medium
STU002882,19,Foundation,International,Day,0.898,0.836,81.9,0.821,False,False,1,False,0.632,False,Low
STU002883,15,GCSE,EU,Boarding,0.979,0.634,84.2,0.727,False,False,0,True,0.727,False,Medium
STU002884,15,GCSE,International,Day,1.0,0.829,88.7,0.884,False,False,0,True,0.865,False,Low
STU002885,14,GCSE,International,Boarding,0.782,0.736,67.3,0.676,True,False,2,True,0.823,False,High
STU002886,16,EAP,International,Homestay,0.933,0.81,91.0,0.982,False,False,0,True,0.876,False,Low
STU002887,17,A-Level,International,Boarding,0.871,0.844,85.3,0.848,False,False,1,True,0.847,False,Low
STU002888,17,A-Level,UK,Day,0.835,0.849,78.2,0.866,False,False,0,True,0.858,False,Low
STU002889,19,Foundation,International,Boarding,0.77,0.695,76.7,0.634,True,False,2,True,0.8,True,High
STU002890,19,Foundation,International,Day,1.0,0.754,71.7,0.723,False,False,0,True,0.883,False,Low
STU002891,17,A-Level,International,Day,0.772,0.776,76.7,0.79,False,False,1,True,0.837,False,Medium
STU002892,17,A-Level,UK,Day,0.936,0.773,76.3,0.865,False,False,0,True,0.834,True,Low
STU002893,17,Foundation,International,Homestay,0.842,0.754,84.4,0.746,False,False,1,True,0.743,True,Medium
STU002894,18,A-Level,UK,Boarding,1.0,0.889,75.6,0.675,False,False,0,True,0.87,False,Low
STU002895,15,GCSE,International,Day,0.881,0.733,71.3,0.763,False,False,1,False,0.885,False,Medium
STU002896,17,Foundation,UK,Day,0.875,0.864,97.9,0.82,False,False,0,True,0.88,False,Low
STU002897,17,A-Level,International,Day,1.0,0.799,81.0,0.637,False,False,0,True,0.85,False,Low
STU002898,18,A-Level,UK,Homestay,0.961,0.924,91.8,0.828,False,False,0,True,0.644,False,Low
STU002899,18,A-Level,UK,Homestay,0.871,0.615,70.0,0.841,True,True,2,True,0.709,False,High
STU002900,14,GCSE,International,Day,0.956,0.866,78.4,0.603,False,False,2,False,0.773,False,Low
STU002901,16,GCSE,UK,Day,0.824,0.632,78.2,0.764,False,False,2,True,0.813,True,Medium
STU002902,18,Foundation,International,Boarding,0.952,0.816,85.5,0.966,False,False,3,False,0.76,False,Low
STU002903,14,GCSE,International,Day,0.886,0.948,82.1,0.893,False,False,1,True,0.879,True,Low
STU002904,18,A-Level,International,Day,0.925,0.727,80.7,0.541,False,False,1,True,0.869,True,Medium
STU002905,18,A-Level,UK,Boarding,0.934,0.845,92.7,0.901,False,False,0,True,0.823,False,Low
STU002906,15,GCSE,International,Day,0.749,0.718,71.5,0.575,True,False,3,True,0.882,False,High
STU002907,18,EAP,UK,Boarding,0.862,0.713,77.5,0.683,True,False,3,True,0.725,False,High
STU002908,16,GCSE,International,Day,0.887,0.82,86.8,1.0,False,False,1,True,0.731,False,Low
STU002909,17,A-Level,International,Boarding,0.813,0.863,85.0,0.742,False,False,0,True,0.824,False,Low
STU002910,18,A-Level,UK,Boarding,0.89,0.803,73.2,0.704,False,False,2,True,0.959,False,Medium
STU002911,15,GCSE,UK,Boarding,0.901,0.736,82.5,0.832,False,False,0,False,0.721,True,Medium
STU002912,16,GCSE,UK,Boarding,0.905,0.821,80.3,0.939,False,True,2,True,0.75,False,Low
STU002913,19,Foundation,International,Day,0.733,0.642,66.1,0.731,False,False,2,True,0.756,False,High
STU002914,16,EAP,UK,Day,0.927,0.724,91.2,0.753,False,False,1,True,0.672,False,Low
STU002915,16,GCSE,International,Day,0.864,0.77,80.0,0.73,False,False,0,True,0.82,False,Medium
STU002916,17,A-Level,International,Day,0.957,0.889,81.0,0.911,False,False,1,True,0.77,True,Low
STU002917,18,Foundation,International,Day,0.87,0.819,73.8,0.734,False,True,1,True,0.632,False,Medium
STU002918,18,Foundation,International,Boarding,0.81,0.811,77.8,0.828,True,False,0,True,0.668,False,Medium
STU002919,16,A-Level,UK,Day,0.888,0.86,89.2,0.733,False,False,1,True,0.864,False,Low
STU002920,17,A-Level,International,Day,0.867,0.713,72.2,0.49,True,False,1,True,0.79,False,High
STU002921,18,A-Level,International,Homestay,0.964,0.959,92.6,0.966,False,False,0,True,1.0,False,Low
STU002922,18,Foundation,International,Boarding,0.838,0.824,83.3,0.797,False,False,0,True,0.904,False,Low
STU002923,18,Foundation,UK,Day,0.876,0.932,85.4,0.901,False,False,2,False,0.684,False,Low
STU002924,16,GCSE,UK,Day,1.0,0.91,86.9,0.816,False,False,1,True,0.731,True,Low
STU002925,17,A-Level,UK,Day,0.822,0.626,77.0,0.703,True,False,1,True,0.734,False,High
STU002926,17,EAP,UK,Day,0.926,0.767,97.6,0.905,False,False,0,True,1.0,False,Low
STU002927,18,Foundation,UK,Homestay,0.814,0.675,86.8,0.728,False,False,1,True,0.783,False,Medium
STU002928,18,EAP,EU,Day,0.78,0.864,75.2,0.969,False,False,1,False,0.682,False,Low
STU002929,18,Foundation,International,Boarding,0.827,0.747,71.6,0.749,False,False,0,True,0.84,True,Medium
STU002930,18,A-Level,EU,Homestay,0.852,0.882,82.3,0.952,False,False,1,True,0.77,False,Low
STU002931,17,A-Level,International,Boarding,0.973,0.861,88.5,0.86,False,False,2,True,0.891,True,Low
STU002932,18,A-Level,UK,Day,0.98,0.67,64.8,0.505,False,False,1,True,0.774,False,Medium
STU002933,15,GCSE,International,Boarding,0.716,0.4,50.4,0.475,True,False,1,True,0.906,False,High
STU002934,17,A-Level,International,Homestay,0.862,0.726,81.5,0.84,False,False,1,True,0.8,True,Low
STU002935,18,Foundation,International,Boarding,0.907,0.919,70.7,0.678,False,True,2,True,0.718,False,Medium
STU002936,15,GCSE,International,Homestay,0.893,0.806,79.9,0.569,False,False,1,True,0.7,False,Medium
STU002937,18,Foundation,UK,Boarding,0.934,0.779,86.0,0.934,True,False,0,False,0.937,True,Low
STU002938,16,A-Level,International,Homestay,0.947,0.718,83.6,0.586,False,False,1,True,0.76,False,Medium
STU002939,17,EAP,UK,Homestay,0.881,0.812,85.2,0.89,False,False,2,True,0.828,False,Low
STU002940,15,GCSE,UK,Boarding,0.887,0.861,86.4,0.686,False,False,0,True,0.709,False,Low
STU002941,17,A-Level,UK,Boarding,0.896,0.911,76.8,0.837,False,False,0,True,0.79,True,Low
STU002942,17,A-Level,EU,Boarding,0.841,0.86,84.8,0.76,False,False,1,True,0.674,True,Medium
STU002943,16,A-Level,UK,Boarding,0.966,0.668,86.7,0.536,False,False,0,True,0.646,False,Medium
STU002944,19,Foundation,International,Homestay,0.952,0.979,76.3,0.771,False,False,0,True,1.0,False,Low
STU002945,18,Foundation,UK,Day,0.875,0.768,81.9,0.744,False,True,0,True,0.774,False,Medium
STU002946,15,GCSE,International,Boarding,0.917,0.896,87.2,0.792,False,False,1,True,0.781,True,Low
STU002947,17,A-Level,International,Boarding,0.829,0.801,88.0,0.761,False,False,3,True,0.935,False,Low
STU002948,16,A-Level,UK,Boarding,0.935,0.681,69.3,0.741,False,False,2,True,0.664,False,Medium
STU002949,18,A-Level,UK,Boarding,0.909,0.717,69.2,0.623,False,False,1,True,0.939,True,Medium
STU002950,16,EAP,International,Day,1.0,0.91,98.6,0.908,False,False,1,True,0.897,False,Low
STU002951,18,Foundation,UK,Day,0.809,0.738,65.3,0.849,False,False,0,True,0.928,False,Medium
STU002952,18,A-Level,EU,Homestay,0.849,0.673,63.1,0.772,False,False,1,True,0.816,False,Medium
STU002953,18,Foundation,International,Homestay,0.789,0.702,80.4,0.709,False,False,1,True,0.701,True,Medium
STU002954,17,A-Level,UK,Day,0.885,0.884,65.0,0.704,False,False,1,True,0.784,False,Medium
STU002955,17,EAP,UK,Boarding,0.725,0.717,71.3,0.616,False,True,1,False,0.666,False,High
STU002956,17,A-Level,EU,Homestay,0.983,0.827,71.0,0.822,False,False,1,True,0.927,False,Low
STU002957,19,Foundation,UK,Boarding,0.976,0.894,88.5,0.842,False,False,0,True,0.824,True,Low
STU002958,19,Foundation,UK,Boarding,0.889,0.743,79.3,0.88,False,False,2,True,0.859,False,Low
STU002959,17,A-Level,UK,Day,0.829,0.731,88.4,0.648,False,False,4,True,0.846,True,Medium
STU002960,19,Foundation,UK,Boarding,0.793,0.602,62.7,0.751,False,False,2,True,0.839,False,High
STU002961,14,GCSE,UK,Boarding,0.851,0.609,67.2,0.555,False,False,1,True,0.74,False,High
STU002962,16,A-Level,International,Boarding,0.944,0.882,85.5,0.734,False,False,1,True,0.774,True,Low
STU002963,18,A-Level,EU,Boarding,0.845,0.697,63.3,0.663,False,False,1,True,0.641,False,High
STU002964,17,EAP,International,Day,0.99,0.84,76.2,0.929,True,False,1,True,0.656,False,Low
STU002965,17,Foundation,UK,Homestay,1.0,0.941,100.0,1.0,False,False,2,True,0.839,True,Low
STU002966,18,Foundation,UK,Boarding,0.9,0.885,80.2,0.644,False,False,1,True,0.745,True,Medium
STU002967,18,Foundation,International,Boarding,0.868,0.547,67.8,0.879,False,False,0,True,0.864,False,Medium
STU002968,17,A-Level,International,Homestay,0.823,0.656,73.4,0.744,True,False,0,True,0.714,False,High
STU002969,18,EAP,UK,Homestay,1.0,1.0,86.5,0.784,False,False,0,True,0.844,True,Low
STU002970,16,A-Level,UK,Homestay,0.854,0.833,75.8,0.644,False,False,0,True,0.902,True,Medium
STU002971,17,A-Level,EU,Boarding,0.935,0.772,86.6,0.651,True,False,1,True,0.914,False,Medium
STU002972,16,GCSE,International,Boarding,0.849,0.723,72.8,0.643,True,False,2,True,0.933,True,High
STU002973,19,Foundation,UK,Day,0.877,0.703,78.6,0.677,True,False,3,True,0.96,False,Medium
STU002974,18,Foundation,EU,Day,0.821,0.65,71.9,0.731,False,True,0,True,0.791,False,High
STU002975,18,A-Level,International,Boarding,0.877,0.732,71.7,0.683,False,False,0,True,0.9,False,Medium
STU002976,15,GCSE,International,Boarding,0.898,0.825,82.5,0.831,False,False,1,True,0.872,False,Low
STU002977,17,Foundation,International,Day,0.856,0.905,92.5,0.826,False,False,0,True,0.846,False,Low
STU002978,14,GCSE,UK,Homestay,0.921,0.77,67.4,0.684,True,False,0,True,0.988,False,Medium
STU002979,17,Foundation,International,Boarding,0.846,0.762,75.0,0.696,False,False,4,True,0.857,False,Medium
STU002980,18,EAP,International,Boarding,0.86,0.72,76.9,0.719,False,False,1,True,0.665,True,Medium
STU002981,16,A-Level,International,Day,0.995,0.848,76.5,0.85,False,False,2,True,0.861,True,Low
STU002982,15,GCSE,International,Day,0.982,0.711,85.3,0.778,False,False,0,False,0.766,True,Low
STU002983,17,Foundation,International,Homestay,0.884,0.753,72.6,0.744,True,True,1,True,0.806,True,High
STU002984,19,Foundation,UK,Day,0.766,0.674,63.5,0.828,False,False,0,True,0.794,True,Medium
STU002985,17,A-Level,UK,Boarding,0.914,0.783,76.4,0.755,False,False,0,True,0.964,False,Low
STU002986,19,EAP,International,Boarding,0.857,0.904,70.1,0.905,True,False,0,True,0.884,False,Medium
STU002987,16,GCSE,UK,Boarding,0.861,0.697,70.2,0.477,False,False,2,False,0.655,False,High
STU002988,16,A-Level,UK,Boarding,0.898,0.767,68.8,0.596,False,True,1,True,0.871,False,High
STU002989,18,Foundation,UK,Day,0.877,0.987,85.9,0.992,False,False,0,True,0.749,True,Low
STU002990,17,Foundation,International,Day,0.911,0.859,78.1,0.742,False,False,0,True,0.75,False,Medium
STU002991,16,GCSE,UK,Boarding,1.0,0.863,79.4,0.816,False,False,2,True,0.964,True,Low
STU002992,18,Foundation,International,Boarding,0.922,0.731,81.1,0.945,False,False,2,False,0.677,False,Low
STU002993,16,A-Level,UK,Day,0.883,0.777,79.7,0.788,False,True,2,True,0.713,True,Medium
STU002994,16,A-Level,UK,Day,0.957,0.878,89.7,0.89,False,False,0,False,0.705,False,Low
STU002995,15,GCSE,UK,Day,0.913,0.835,79.6,0.815,False,False,0,False,0.852,True,Low
STU002996,19,Foundation,UK,Boarding,0.823,0.686,64.2,0.868,False,False,1,True,0.958,False,Medium
STU002997,15,GCSE,International,Day,0.785,0.763,77.3,0.742,False,False,0,True,0.826,False,Medium
STU002998,18,A-Level,International,Day,0.898,0.898,84.1,0.842,False,False,2,True,0.873,False,Low
STU002999,17,A-Level,International,Boarding,0.881,0.735,72.9,0.677,False,False,1,False,0.611,False,Medium
STU003000,17,Foundation,UK,Day,0.724,0.706,73.9,0.74,True,False,3,True,0.857,False,High
STU003001,18,A-Level,EU,Boarding,0.94,0.72,82.8,0.736,True,False,2,True,0.816,True,Medium
STU003002,17,Foundation,UK,Day,0.907,0.837,92.4,0.778,False,False,0,True,0.958,False,Low
STU003003,18,A-Level,UK,Homestay,1.0,0.937,96.6,0.598,False,False,3,True,0.85,True,Low
STU003004,17,A-Level,EU,Day,0.744,0.653,68.5,0.634,False,False,1,True,0.786,True,High
STU003005,16,A-Level,International,Day,1.0,0.769,97.0,0.784,False,False,0,True,0.781,False,Low
STU003006,18,Foundation,UK,Homestay,0.866,0.929,83.7,0.956,False,False,0,True,0.897,False,Low
STU003007,19,EAP,UK,Day,0.988,0.845,85.1,0.811,False,False,2,True,1.0,False,Low
STU003008,16,GCSE,International,Boarding,0.868,0.728,84.1,0.755,False,True,2,True,0.742,False,Medium
STU003009,16,A-Level,UK,Day,0.884,0.8,72.4,0.913,False,True,0,True,0.78,True,Medium
STU003010,14,GCSE,International,Day,0.932,0.776,81.3,0.601,False,False,1,True,0.65,False,Medium
STU003011,17,A-Level,International,Boarding,0.87,0.771,85.7,0.696,False,False,0,True,0.849,False,Medium
STU003012,17,A-Level,EU,Homestay,0.855,0.921,81.5,0.84,False,False,2,True,0.865,False,Low
STU003013,17,A-Level,UK,Day,0.875,0.925,86.2,1.0,False,False,0,True,1.0,False,Low
STU003014,16,A-Level,International,Boarding,0.797,0.721,79.7,0.47,False,False,1,True,0.898,True,Medium
STU003015,18,A-Level,UK,Boarding,0.866,0.78,77.5,0.726,False,False,0,True,0.789,False,Medium
STU003016,17,A-Level,UK,Day,0.851,0.843,78.7,0.808,False,False,0,True,1.0,False,Low
STU003017,19,Foundation,International,Boarding,0.795,0.787,70.9,0.839,False,False,0,True,0.802,False,Medium
STU003018,17,A-Level,UK,Day,0.932,1.0,87.2,1.0,False,False,1,True,0.88,True,Low
STU003019,15,GCSE,UK,Day,0.825,0.696,65.6,0.567,True,False,0,True,0.569,False,High
STU003020,19,Foundation,International,Day,0.841,0.609,63.9,0.679,True,False,0,True,0.767,True,High
STU003021,17,A-Level,International,Homestay,0.916,0.671,79.8,0.523,True,False,4,True,0.776,True,High
STU003022,18,A-Level,UK,Day,0.822,0.737,68.9,0.711,True,False,3,True,0.717,True,High
STU003023,18,A-Level,UK,Boarding,0.834,0.787,91.0,0.787,False,False,0,True,0.702,False,Medium
STU003024,17,A-Level,UK,Day,0.864,0.909,95.9,0.957,True,False,0,True,0.886,False,Low
STU003025,15,GCSE,UK,Day,0.695,0.711,81.8,0.847,False,False,0,True,0.956,False,Medium
STU003026,16,A-Level,International,Boarding,0.892,0.875,83.1,0.934,False,False,0,True,0.679,False,Low
STU003027,16,EAP,International,Boarding,0.954,0.899,80.5,0.746,False,False,0,True,0.69,False,Low
STU003028,16,A-Level,International,Day,0.91,0.645,76.8,0.762,True,False,2,True,0.601,False,Medium
STU003029,16,A-Level,UK,Day,0.863,0.725,77.7,0.785,False,False,0,True,0.88,False,Medium
STU003030,17,A-Level,UK,Homestay,0.743,0.883,79.8,0.74,False,False,0,True,0.734,True,Medium
STU003031,15,GCSE,UK,Day,0.716,0.651,78.0,0.647,False,False,1,True,0.765,False,High
STU003032,17,A-Level,UK,Boarding,0.945,0.956,80.0,0.911,False,False,2,True,0.898,False,Low
STU003033,18,Foundation,UK,Boarding,0.875,0.872,80.7,0.731,False,False,1,True,0.79,False,Low
STU003034,14,GCSE,UK,Boarding,1.0,0.774,82.6,0.82,False,False,0,True,0.819,True,Low
STU003035,16,A-Level,UK,Homestay,0.801,0.746,79.3,0.885,False,False,2,True,0.849,False,Medium
STU003036,17,A-Level,International,Boarding,0.924,0.917,95.0,1.0,False,False,0,True,0.886,True,Low
STU003037,17,A-Level,International,Day,0.973,0.684,88.9,0.634,True,False,1,True,0.763,False,Medium
STU003038,17,EAP,EU,Day,0.914,0.895,84.1,0.878,False,False,1,True,0.782,False,Low
STU003039,15,GCSE,UK,Day,0.789,0.793,81.6,0.739,False,False,0,True,0.883,True,Medium
STU003040,18,A-Level,International,Day,1.0,0.945,83.7,0.946,False,False,1,True,0.876,False,Low
STU003041,15,GCSE,International,Homestay,1.0,0.936,91.5,0.976,False,False,1,True,0.994,False,Low
STU003042,18,EAP,UK,Day,0.884,0.847,91.1,0.758,False,False,0,True,0.886,True,Low
STU003043,16,GCSE,International,Boarding,0.883,0.805,76.7,0.675,True,False,0,True,0.71,False,Medium
STU003044,18,A-Level,International,Boarding,0.879,0.869,88.8,0.725,True,False,0,True,0.706,False,Medium
STU003045,18,Foundation,EU,Homestay,0.945,0.892,81.7,0.863,False,False,1,True,0.788,False,Low
STU003046,18,Foundation,UK,Boarding,0.803,0.728,78.6,0.841,False,False,2,True,0.631,False,Medium
STU003047,16,A-Level,EU,Boarding,0.923,0.789,70.2,0.72,False,False,1,True,0.687,False,Medium
STU003048,17,A-Level,EU,Day,1.0,1.0,100.0,1.0,False,False,0,False,0.727,False,Low
STU003049,18,A-Level,UK,Boarding,0.935,0.829,70.4,0.551,False,False,1,True,0.738,True,Medium
STU003050,17,A-Level,International,Day,0.928,0.853,80.8,0.624,False,False,1,True,1.0,False,Low
STU003051,16,GCSE,International,Homestay,0.862,0.79,93.4,0.791,False,False,1,False,0.704,False,Low
STU003052,17,A-Level,UK,Day,0.837,0.777,81.1,0.707,False,False,0,True,0.976,False,Medium
STU003053,18,A-Level,EU,Day,0.79,0.752,68.2,0.638,False,False,0,True,0.694,False,High
STU003054,17,A-Level,International,Day,0.883,0.909,66.7,0.835,True,False,0,True,0.74,False,Medium
STU003055,16,A-Level,UK,Boarding,0.885,0.776,73.0,0.846,False,False,1,True,0.866,True,Low
STU003056,18,EAP,UK,Boarding,0.806,0.865,85.8,0.913,False,False,2,True,0.901,True,Low
STU003057,17,A-Level,International,Day,0.968,0.759,84.8,0.661,False,False,0,True,0.805,False,Low
STU003058,14,GCSE,EU,Day,0.859,0.906,82.9,0.814,False,False,0,True,0.792,False,Low
STU003059,16,GCSE,UK,Day,0.84,0.797,70.9,0.804,False,False,1,True,0.811,False,Medium
STU003060,17,EAP,UK,Day,0.865,0.776,74.8,0.668,False,False,2,True,0.702,True,Medium
STU003061,17,A-Level,EU,Boarding,0.886,0.733,75.9,0.754,False,False,0,True,0.794,False,Medium
STU003062,15,GCSE,EU,Day,0.932,0.831,92.0,0.866,False,False,0,True,0.749,False,Low
STU003063,16,A-Level,UK,Boarding,0.705,0.834,75.5,0.788,True,True,3,True,0.738,False,High
STU003064,18,A-Level,International,Day,0.915,0.814,78.7,0.722,True,False,1,True,0.695,False,Medium
STU003065,17,A-Level,UK,Homestay,0.934,0.791,86.0,0.638,False,False,0,True,0.65,True,Medium
STU003066,17,A-Level,UK,Day,0.787,0.875,80.9,0.845,True,False,1,True,0.8,False,Medium
STU003067,15,GCSE,EU,Boarding,0.889,0.915,90.5,0.735,False,False,1,True,0.938,False,Low
STU003068,18,EAP,UK,Boarding,0.801,0.625,69.1,0.494,True,False,3,True,0.634,False,High
STU003069,18,A-Level,International,Day,0.905,0.737,80.5,0.728,False,False,1,True,0.727,False,Medium
STU003070,17,A-Level,UK,Day,1.0,0.912,89.0,0.936,False,False,1,False,0.61,False,Low
STU003071,18,Foundation,International,Day,0.87,0.713,87.9,0.625,False,False,0,True,0.839,False,Medium
STU003072,18,A-Level,UK,Day,0.913,0.829,84.8,0.775,False,False,1,True,0.889,True,Low
STU003073,16,A-Level,UK,Day,0.851,0.782,74.7,0.694,False,False,0,True,0.787,False,Medium
STU003074,17,A-Level,International,Day,0.937,1.0,78.3,0.767,False,False,0,True,0.703,False,Low
STU003075,18,A-Level,EU,Day,0.919,0.715,86.3,0.711,False,False,1,True,0.899,False,Low
STU003076,18,Foundation,International,Day,0.993,0.797,83.8,0.887,False,False,0,True,0.804,True,Low
STU003077,19,EAP,EU,Day,0.842,0.733,78.2,0.752,False,False,1,True,0.903,True,Medium
STU003078,15,GCSE,EU,Day,0.914,0.529,81.3,0.796,True,False,1,True,0.789,False,Medium
STU003079,16,GCSE,International,Day,0.988,0.686,82.1,0.731,False,False,0,False,0.627,True,Medium
STU003080,19,EAP,International,Boarding,0.869,0.755,84.7,0.925,False,False,0,True,0.813,False,Low
STU003081,18,Foundation,International,Boarding,0.891,0.905,86.8,0.783,False,False,0,True,0.756,False,Low
STU003082,17,Foundation,International,Homestay,0.913,0.661,75.5,0.646,False,False,1,True,0.699,False,Medium
STU003083,15,GCSE,International,Day,0.883,0.612,69.0,0.625,False,False,0,True,0.783,False,Medium
STU003084,17,A-Level,UK,Day,0.912,0.692,78.1,0.622,False,False,1,True,0.837,False,Medium
STU003085,18,Foundation,EU,Day,0.947,0.828,74.7,0.674,False,False,0,True,0.933,False,Low
STU003086,16,A-Level,UK,Boarding,0.892,0.698,71.5,0.594,False,False,0,True,0.794,False,Medium
STU003087,17,A-Level,UK,Boarding,0.891,0.722,62.2,0.621,False,False,0,True,0.876,False,Medium
STU003088,16,GCSE,UK,Day,0.919,0.765,73.2,0.743,False,False,1,True,0.839,False,Medium
STU003089,17,A-Level,International,Boarding,0.872,0.719,82.7,0.831,False,False,2,True,0.823,True,Low
STU003090,17,A-Level,EU,Boarding,0.808,0.555,65.7,0.503,True,False,5,False,0.783,False,High
STU003091,16,A-Level,International,Homestay,0.837,0.663,77.0,0.63,False,False,1,True,0.727,False,Medium
STU003092,17,EAP,UK,Day,0.897,0.914,64.8,0.9,False,False,0,True,0.885,False,Low
STU003093,16,A-Level,EU,Day,0.931,0.73,79.3,0.75,False,False,0,True,0.931,False,Low
STU003094,17,Foundation,International,Day,0.881,0.807,83.9,0.571,False,False,0,True,0.688,False,Medium
STU003095,16,GCSE,UK,Day,0.846,0.821,83.7,0.715,False,False,0,True,1.0,False,Low
STU003096,18,A-Level,UK,Homestay,0.841,0.599,68.8,0.724,True,False,3,True,0.759,False,High
STU003097,17,EAP,UK,Day,0.928,0.89,89.9,0.855,False,False,0,True,0.589,False,Low
STU003098,14,GCSE,International,Boarding,0.909,0.913,81.1,1.0,False,False,1,True,0.867,False,Low
STU003099,15,GCSE,EU,Day,1.0,0.935,92.3,0.69,False,False,0,True,0.874,False,Low
STU003100,17,A-Level,EU,Day,0.854,0.765,78.2,0.866,False,False,0,True,0.88,False,Low
STU003101,14,GCSE,International,Day,0.889,0.844,74.8,0.727,False,False,0,True,0.722,True,Medium
STU003102,18,Foundation,UK,Day,0.917,0.868,80.5,0.821,True,False,1,True,0.947,False,Low
STU003103,17,EAP,International,Boarding,0.851,0.625,68.3,0.705,False,False,0,True,0.938,False,Medium
STU003104,17,A-Level,UK,Homestay,1.0,0.942,77.9,0.719,False,False,0,True,0.778,True,Low
STU003105,17,A-Level,UK,Boarding,0.9,0.688,72.5,0.605,False,False,0,True,0.768,False,Medium
STU003106,17,A-Level,International,Boarding,0.939,0.799,80.1,0.597,False,False,0,True,0.75,False,Medium
STU003107,18,Foundation,International,Day,0.901,0.834,88.7,0.866,False,False,0,True,0.953,False,Low
STU003108,16,GCSE,International,Homestay,0.939,0.727,75.2,0.638,True,False,2,False,0.756,True,Medium
STU003109,18,A-Level,International,Day,0.826,0.807,99.7,1.0,False,False,1,True,0.805,False,Low
STU003110,16,A-Level,UK,Homestay,1.0,0.8,84.2,0.743,False,False,1,True,0.908,False,Low
STU003111,16,A-Level,UK,Boarding,0.916,0.885,95.7,0.843,False,False,2,True,0.732,False,Low
STU003112,15,GCSE,UK,Day,0.946,0.944,87.4,0.762,False,False,1,True,0.952,False,Low
STU003113,17,Foundation,International,Day,0.848,0.601,73.9,0.543,False,False,2,True,0.767,False,High
STU003114,15,GCSE,International,Homestay,0.924,0.707,75.1,0.584,False,False,1,True,0.764,True,Medium
STU003115,15,GCSE,International,Day,0.832,0.705,74.1,0.523,False,False,1,True,0.77,False,Medium
STU003116,18,Foundation,UK,Day,0.921,0.866,84.9,0.924,True,False,3,False,0.631,True,Low
STU003117,18,Foundation,EU,Day,0.81,0.865,89.5,0.9,False,False,0,True,0.905,False,Low
STU003118,15,GCSE,International,Boarding,0.911,0.991,78.5,0.971,False,False,0,True,0.874,True,Low
STU003119,16,GCSE,International,Day,0.873,0.538,64.3,0.456,False,False,2,True,0.732,True,High
STU003120,14,GCSE,International,Boarding,0.791,0.619,60.8,0.521,False,False,3,False,0.63,False,High
STU003121,17,A-Level,International,Homestay,0.756,0.786,57.8,0.707,True,False,4,True,1.0,False,High
STU003122,14,GCSE,UK,Homestay,0.898,0.694,73.4,0.609,True,False,2,True,0.624,False,High
STU003123,14,GCSE,UK,Day,0.837,0.701,74.3,0.79,False,False,2,True,0.984,True,Medium
STU003124,17,A-Level,UK,Boarding,0.853,0.655,69.1,0.68,False,False,1,True,0.731,False,Medium
STU003125,17,Foundation,UK,Day,0.926,0.808,81.9,0.731,False,False,1,True,0.972,False,Low
STU003126,16,A-Level,UK,Boarding,0.964,0.727,81.1,0.566,False,False,2,True,0.789,False,Medium
STU003127,16,A-Level,UK,Homestay,0.946,0.981,89.8,0.707,False,False,0,True,0.79,False,Low
STU003128,15,GCSE,UK,Boarding,0.845,0.698,67.1,0.698,True,False,3,True,0.822,False,High
STU003129,18,EAP,International,Homestay,0.915,0.728,78.1,0.693,False,False,2,True,0.838,False,Medium
STU003130,18,Foundation,International,Homestay,0.908,0.927,91.0,0.797,False,False,0,True,0.879,True,Low
STU003131,18,Foundation,International,Day,0.827,0.717,59.8,0.627,False,False,3,True,0.93,False,Medium
STU003132,17,Foundation,UK,Boarding,0.847,0.758,64.9,0.642,True,False,1,True,0.789,True,High
STU003133,18,EAP,UK,Day,0.827,0.898,79.4,0.687,False,False,0,True,0.821,False,Low
STU003134,17,A-Level,UK,Day,0.943,0.975,77.2,0.83,False,False,1,True,0.867,True,Low
STU003135,15,GCSE,International,Day,0.909,0.876,76.9,0.842,False,False,0,True,0.768,False,Low
STU003136,18,A-Level,EU,Homestay,0.749,0.858,89.9,0.907,False,False,2,True,0.937,True,Low
STU003137,19,Foundation,UK,Day,0.969,1.0,92.1,0.909,False,False,0,True,0.877,False,Low
STU003138,17,Foundation,International,Boarding,0.863,0.737,78.1,0.812,False,False,1,True,0.819,False,Medium
STU003139,18,A-Level,UK,Boarding,0.823,0.698,67.9,0.894,True,False,3,True,0.73,True,High
STU003140,14,GCSE,International,Boarding,0.967,1.0,85.6,0.798,False,False,0,True,0.812,False,Low
STU003141,18,A-Level,UK,Boarding,0.889,0.729,69.4,0.824,False,False,3,True,0.961,False,Medium
STU003142,17,EAP,UK,Day,0.942,1.0,88.4,0.939,False,False,0,False,0.626,False,Low
STU003143,17,A-Level,EU,Boarding,0.854,0.731,64.4,0.755,False,False,0,True,0.797,False,Medium
STU003144,16,A-Level,International,Boarding,0.89,0.677,82.5,0.715,True,False,3,True,0.751,False,Medium
STU003145,16,A-Level,International,Boarding,0.914,0.871,76.0,0.741,False,False,2,True,0.924,False,Low
STU003146,17,A-Level,EU,Day,0.928,0.669,68.7,0.699,False,False,2,True,0.917,True,Medium
STU003147,19,Foundation,UK,Day,0.888,0.993,84.2,0.72,False,False,1,True,0.956,False,Low
STU003148,17,A-Level,UK,Homestay,1.0,1.0,94.6,0.927,False,False,0,True,1.0,True,Low
STU003149,18,Foundation,International,Day,1.0,0.953,86.7,0.698,False,False,0,True,0.572,False,Low
STU003150,17,A-Level,International,Day,0.704,0.568,69.1,0.683,False,True,3,True,0.68,False,High
STU003151,17,A-Level,International,Day,0.965,0.95,80.9,0.781,False,False,0,True,0.866,False,Low
STU003152,14,GCSE,UK,Day,0.789,0.692,65.7,0.462,True,False,3,True,0.69,False,High
STU003153,17,Foundation,EU,Day,0.936,0.895,86.6,0.902,False,False,1,True,0.82,False,Low
STU003154,17,A-Level,UK,Boarding,0.776,0.732,74.0,0.539,False,False,1,True,0.807,False,Medium
STU003155,16,A-Level,International,Homestay,0.928,0.838,83.7,0.678,False,False,1,False,0.75,True,Low
STU003156,16,A-Level,International,Day,0.841,0.669,79.9,0.718,False,False,1,True,0.822,False,Medium
STU003157,17,EAP,EU,Day,0.868,0.843,98.1,0.969,False,False,0,True,0.699,True,Low
STU003158,14,GCSE,EU,Boarding,0.87,0.781,78.4,0.784,False,False,1,True,0.793,False,Low
STU003159,19,Foundation,UK,Day,0.815,0.659,61.1,0.784,False,True,0,True,0.701,False,High
STU003160,16,A-Level,UK,Homestay,0.85,0.901,80.7,0.895,False,False,0,True,0.868,False,Low
STU003161,17,A-Level,International,Day,0.872,0.867,78.2,0.711,False,False,0,True,0.88,False,Low
STU003162,15,GCSE,UK,Day,0.889,0.924,92.1,0.97,False,False,0,True,0.774,True,Low
STU003163,17,A-Level,International,Boarding,0.923,0.995,92.4,0.826,False,False,3,True,0.814,False,Low
STU003164,16,A-Level,International,Boarding,1.0,0.904,88.6,0.816,False,False,1,True,0.78,False,Low
STU003165,15,GCSE,International,Boarding,0.834,0.673,70.9,0.49,False,False,3,True,0.837,False,High
STU003166,16,A-Level,International,Day,0.909,0.815,80.8,0.876,False,False,1,True,0.741,False,Low
STU003167,17,EAP,International,Day,0.954,0.909,87.2,0.894,False,False,0,True,0.949,False,Low
STU003168,14,GCSE,International,Homestay,0.85,0.541,61.1,0.686,False,False,0,False,0.723,False,High
STU003169,18,Foundation,UK,Homestay,0.708,0.766,67.1,0.599,True,False,2,True,0.737,False,High
STU003170,17,A-Level,International,Day,0.766,0.851,82.9,0.936,False,False,4,True,0.749,True,Low
STU003171,17,A-Level,International,Homestay,0.745,0.762,79.1,0.589,False,False,0,True,0.856,False,Medium
STU003172,17,A-Level,UK,Boarding,1.0,0.978,78.9,0.842,False,False,1,True,0.805,True,Low
STU003173,15,GCSE,International,Boarding,0.943,0.887,86.3,0.759,False,False,1,True,0.764,False,Low
STU003174,16,GCSE,International,Day,0.953,0.784,95.0,0.841,False,False,0,True,0.775,False,Low
STU003175,14,GCSE,International,Boarding,0.969,0.481,70.1,0.535,False,False,2,True,0.664,True,High
STU003176,15,GCSE,UK,Day,0.86,0.981,84.1,0.798,False,False,1,True,0.774,False,Low
STU003177,17,A-Level,International,Boarding,1.0,0.948,96.0,0.992,False,False,1,True,0.716,True,Low
STU003178,18,Foundation,UK,Day,0.923,0.715,75.0,0.567,False,False,0,True,0.775,True,Medium
STU003179,18,Foundation,International,Boarding,0.895,0.749,69.0,0.669,False,False,2,True,0.667,False,Medium
STU003180,17,A-Level,EU,Day,0.978,0.846,84.8,0.858,False,False,1,True,0.878,True,Low
STU003181,14,GCSE,EU,Day,0.947,0.821,86.5,0.74,False,False,0,True,0.935,False,Low
STU003182,16,A-Level,UK,Day,0.993,0.892,72.4,0.879,False,False,1,True,0.78,True,Low
STU003183,16,A-Level,UK,Day,0.998,0.914,85.6,0.888,False,False,1,True,0.768,False,Low
STU003184,14,GCSE,UK,Day,0.875,0.775,69.7,0.751,False,False,0,True,0.998,True,Medium
STU003185,17,A-Level,UK,Day,0.844,0.873,78.3,0.912,True,False,1,True,0.981,False,Medium
STU003186,18,A-Level,International,Homestay,0.806,0.793,77.5,0.767,True,False,1,True,0.761,True,Medium
STU003187,16,A-Level,International,Boarding,0.786,0.629,66.9,0.545,False,False,3,True,0.923,False,High
STU003188,18,A-Level,UK,Boarding,0.959,0.893,82.8,0.865,False,False,2,True,0.834,False,Low
STU003189,19,Foundation,UK,Day,0.967,0.766,76.4,0.811,False,False,0,True,0.894,False,Low
STU003190,19,Foundation,EU,Day,0.761,0.808,72.1,0.788,False,False,0,True,0.832,False,Medium
STU003191,18,A-Level,International,Day,0.85,0.967,90.3,0.873,False,False,0,True,0.596,True,Low
STU003192,17,EAP,UK,Boarding,0.904,0.977,93.8,1.0,False,False,0,True,0.953,False,Low
STU003193,16,EAP,UK,Day,0.911,0.831,94.3,0.82,False,False,0,True,0.904,False,Low
STU003194,17,A-Level,UK,Boarding,1.0,0.773,83.5,0.879,True,False,0,True,0.858,False,Low
STU003195,17,A-Level,UK,Day,0.856,0.782,82.7,0.606,False,False,1,False,0.582,True,Medium
STU003196,18,A-Level,UK,Homestay,0.888,0.73,69.0,0.694,False,False,0,True,0.825,False,Medium
STU003197,19,EAP,UK,Day,0.945,0.831,80.5,0.758,False,False,0,True,0.874,False,Low
STU003198,18,Foundation,International,Day,0.875,0.915,77.2,0.898,False,False,2,True,0.848,False,Low
STU003199,15,GCSE,International,Boarding,0.865,0.795,80.3,0.926,False,False,0,True,0.883,False,Low
STU003200,16,A-Level,UK,Homestay,0.859,0.895,82.3,1.0,False,False,1,True,0.753,True,Low
STU003201,16,A-Level,International,Boarding,0.916,0.776,83.8,0.866,False,False,0,True,0.862,True,Low
STU003202,17,A-Level,EU,Day,0.888,0.827,82.5,0.884,False,False,0,True,0.866,False,Low
STU003203,15,GCSE,International,Boarding,0.897,0.62,69.2,0.481,True,False,3,True,0.756,False,High
STU003204,19,Foundation,UK,Homestay,0.925,0.847,87.3,0.582,False,False,2,True,0.712,False,Medium
STU003205,17,A-Level,International,Day,0.696,0.654,69.2,0.559,False,False,0,True,0.755,False,High
STU003206,19,Foundation,International,Day,0.777,0.629,68.2,0.579,False,False,4,True,0.927,True,High
STU003207,18,Foundation,UK,Homestay,0.865,0.789,81.5,0.831,False,False,0,True,0.996,False,Low
STU003208,19,Foundation,International,Homestay,0.969,1.0,100.0,1.0,False,False,1,False,0.67,False,Low
STU003209,16,A-Level,EU,Boarding,0.854,0.654,68.5,0.736,False,False,2,True,0.795,False,Medium
STU003210,18,A-Level,International,Homestay,0.926,0.728,77.6,0.688,False,False,3,True,0.938,True,Medium
STU003211,15,GCSE,UK,Day,0.942,0.757,73.6,0.79,False,False,1,True,0.862,False,Low
STU003212,16,A-Level,UK,Boarding,0.938,0.81,77.8,0.686,False,False,0,True,0.813,True,Low
STU003213,14,GCSE,EU,Boarding,0.796,0.677,71.1,0.583,True,False,3,True,0.791,True,High
STU003214,18,A-Level,UK,Boarding,0.82,0.736,77.6,0.695,False,False,3,True,0.794,False,Medium
STU003215,14,GCSE,EU,Boarding,0.808,0.754,76.7,0.74,False,False,2,True,0.808,False,Medium
STU003216,15,GCSE,UK,Homestay,1.0,0.675,65.2,0.58,False,False,1,True,0.938,False,Medium
STU003217,15,GCSE,International,Day,0.874,0.569,67.9,0.435,True,False,1,True,0.704,False,High
STU003218,15,GCSE,EU,Day,0.925,0.759,80.2,0.6,True,True,1,True,0.924,True,High
STU003219,19,Foundation,UK,Day,0.842,0.691,65.5,0.821,False,False,3,True,0.888,True,Medium
STU003220,18,Foundation,International,Boarding,0.987,0.793,84.8,0.673,False,False,0,False,0.787,False,Low
STU003221,17,A-Level,UK,Day,0.867,0.951,79.0,0.96,False,False,1,True,0.655,False,Low
STU003222,16,GCSE,UK,Homestay,0.898,0.856,90.1,0.836,False,False,2,True,0.81,False,Low
STU003223,16,GCSE,UK,Day,0.88,0.764,85.3,0.806,False,False,0,True,0.806,False,Low
STU003224,16,GCSE,UK,Day,0.838,0.859,90.9,0.81,False,False,3,True,0.93,False,Low
STU003225,15,GCSE,UK,Boarding,0.84,0.724,72.8,0.759,False,False,3,True,0.864,False,Medium
STU003226,18,Foundation,International,Boarding,0.897,0.846,78.8,0.845,False,False,0,True,0.802,False,Low
STU003227,15,GCSE,UK,Day,0.798,0.67,83.4,0.81,True,False,5,True,0.809,False,Medium
STU003228,17,A-Level,UK,Boarding,0.909,0.742,79.6,0.879,False,False,1,True,0.744,False,Medium
STU003229,14,GCSE,UK,Day,0.841,0.767,74.0,0.745,False,False,1,True,0.631,False,Medium
STU003230,15,GCSE,UK,Day,0.875,0.907,75.3,0.928,True,False,1,True,0.76,True,Low
STU003231,16,A-Level,EU,Day,0.868,0.882,71.5,0.75,False,False,0,True,0.827,False,Low
STU003232,17,A-Level,UK,Boarding,1.0,0.907,83.1,0.745,False,False,1,True,1.0,False,Low
STU003233,16,GCSE,EU,Day,0.861,0.691,73.8,0.48,True,False,2,True,0.709,False,High
STU003234,14,GCSE,UK,Homestay,0.893,0.821,68.5,0.645,False,False,0,True,0.902,True,Medium
STU003235,17,A-Level,International,Boarding,1.0,0.912,88.7,0.944,False,False,0,False,0.644,False,Low
STU003236,16,GCSE,UK,Day,0.865,0.676,75.1,0.715,False,False,1,True,0.699,True,Medium
STU003237,14,GCSE,EU,Day,0.872,0.818,71.7,0.78,False,False,0,True,0.935,False,Medium
STU003238,18,EAP,International,Day,0.851,0.875,72.1,0.793,False,False,0,True,0.801,False,Low
STU003239,18,A-Level,UK,Boarding,0.914,0.827,77.8,0.617,False,False,1,True,0.856,False,Medium
STU003240,18,A-Level,International,Boarding,0.849,0.78,84.4,0.697,False,False,0,True,0.879,False,Medium
STU003241,16,A-Level,International,Boarding,0.954,0.828,73.7,0.679,False,False,1,True,1.0,False,Low
STU003242,16,A-Level,UK,Day,0.897,0.672,71.7,0.701,False,False,3,True,0.809,True,Medium
STU003243,16,A-Level,EU,Day,0.959,0.926,83.7,0.675,False,False,0,True,0.943,True,Low
STU003244,17,A-Level,International,Day,0.839,0.736,79.1,0.748,True,True,1,False,0.573,False,High
STU003245,18,Foundation,International,Day,0.786,0.563,73.6,0.791,True,False,1,True,0.716,True,High
STU003246,15,GCSE,International,Day,0.848,0.757,87.6,0.716,False,False,0,True,0.863,False,Medium
STU003247,17,A-Level,UK,Homestay,0.877,0.703,78.0,0.506,False,False,0,True,0.724,False,Medium
STU003248,16,A-Level,EU,Boarding,0.901,0.785,83.9,0.593,False,False,2,True,0.755,False,Medium
STU003249,18,Foundation,International,Boarding,0.923,0.859,73.5,0.873,False,False,1,False,0.73,True,Low
STU003250,17,A-Level,UK,Day,0.931,0.744,59.8,0.678,False,False,1,True,0.853,False,Medium
STU003251,17,A-Level,International,Day,0.898,0.727,82.4,0.663,False,False,2,True,0.822,False,Medium
STU003252,15,GCSE,UK,Day,0.852,0.772,80.1,0.722,False,False,0,True,0.95,False,Medium
STU003253,17,A-Level,International,Day,0.836,0.714,54.7,0.632,False,True,5,True,0.752,False,High
STU003254,15,GCSE,UK,Boarding,0.936,0.879,73.1,0.497,False,False,1,True,0.864,True,Medium
STU003255,16,A-Level,UK,Day,0.854,0.708,70.6,0.624,False,False,1,True,0.991,False,Medium
STU003256,15,GCSE,International,Homestay,0.939,0.743,83.8,0.704,False,False,0,True,0.849,False,Low
STU003257,16,A-Level,UK,Homestay,0.942,0.893,83.6,0.707,False,False,0,True,0.762,False,Low
STU003258,15,GCSE,UK,Day,1.0,0.896,93.3,0.864,False,False,1,True,0.727,True,Low
STU003259,16,A-Level,UK,Boarding,0.866,0.863,72.5,0.75,False,False,2,True,0.767,False,Low
STU003260,17,Foundation,International,Boarding,0.877,0.799,68.1,0.777,False,False,1,True,0.898,True,Medium
STU003261,15,GCSE,International,Day,0.738,0.81,63.6,0.801,False,False,1,True,0.79,False,Medium
STU003262,17,A-Level,UK,Homestay,0.834,0.792,77.7,0.538,False,False,2,True,0.777,False,Medium
STU003263,17,A-Level,EU,Day,0.833,0.954,84.9,0.913,False,False,2,True,0.91,True,Low
STU003264,15,GCSE,UK,Boarding,0.874,0.853,79.9,0.876,True,False,1,True,0.799,True,Medium
STU003265,18,Foundation,International,Day,0.977,0.621,72.9,0.747,True,False,2,True,0.857,False,Medium
STU003266,16,GCSE,UK,Day,0.941,0.685,62.3,0.706,False,False,1,True,0.828,False,Medium
STU003267,16,A-Level,UK,Day,0.969,0.939,88.8,0.947,False,False,0,True,0.815,False,Low
STU003268,17,A-Level,UK,Homestay,0.85,0.646,80.4,0.701,False,False,0,True,0.892,False,Medium
STU003269,18,A-Level,EU,Day,0.745,0.592,73.1,0.686,True,False,5,True,0.693,False,High
STU003270,18,A-Level,International,Day,0.883,0.882,77.6,0.781,False,False,0,True,0.919,False,Low
STU003271,16,A-Level,EU,Day,0.856,0.75,73.7,0.794,False,False,1,True,0.844,False,Medium
STU003272,15,GCSE,UK,Day,0.84,0.663,74.2,0.576,False,False,5,False,0.715,False,High
STU003273,17,Foundation,EU,Boarding,0.915,0.818,82.8,0.845,False,False,0,True,0.872,False,Low
STU003274,17,A-Level,International,Boarding,0.817,0.809,66.9,0.612,False,False,1,True,0.874,False,Medium
STU003275,18,Foundation,UK,Homestay,0.958,0.928,82.0,0.739,False,False,1,True,0.852,False,Low
STU003276,18,Foundation,UK,Boarding,0.872,1.0,92.7,0.884,False,False,0,True,0.901,False,Low
STU003277,18,Foundation,UK,Homestay,0.897,0.861,74.1,0.723,False,False,1,True,0.795,False,Low
STU003278,17,A-Level,International,Boarding,0.907,0.907,95.6,0.682,False,False,0,True,0.819,False,Low
STU003279,17,A-Level,EU,Homestay,0.867,0.74,77.5,0.765,False,False,3,True,0.798,False,Medium
STU003280,19,Foundation,EU,Day,0.989,0.827,84.3,0.986,False,False,0,True,0.748,False,Low
STU003281,17,A-Level,UK,Day,0.788,0.9,91.1,0.993,False,False,0,True,0.78,False,Low
STU003282,14,GCSE,UK,Homestay,0.99,0.895,90.4,0.913,False,False,0,True,0.814,True,Low
STU003283,18,Foundation,International,Boarding,0.876,0.991,92.8,0.91,False,False,1,True,0.861,False,Low
STU003284,18,Foundation,UK,Homestay,0.964,0.828,72.2,0.811,False,False,1,True,0.92,True,Low
STU003285,17,A-Level,International,Day,0.914,0.862,87.9,1.0,False,False,1,True,0.728,False,Low
STU003286,16,GCSE,EU,Homestay,0.96,0.822,87.7,0.786,False,False,0,True,0.686,False,Low
STU003287,18,A-Level,UK,Boarding,0.892,0.797,81.0,0.747,False,False,2,True,0.915,False,Low
STU003288,18,Foundation,EU,Day,0.917,0.85,89.3,0.838,False,False,0,True,0.811,False,Low
STU003289,17,EAP,International,Day,0.977,0.9,97.7,0.871,False,False,1,True,0.585,True,Low
STU003290,14,GCSE,UK,Day,0.866,0.783,76.5,0.52,True,False,0,True,0.707,True,High
STU003291,15,GCSE,International,Homestay,0.993,0.732,79.6,0.693,False,False,1,False,0.641,True,Medium
STU003292,17,Foundation,UK,Boarding,0.925,0.924,97.6,0.842,False,False,0,True,0.756,False,Low
STU003293,17,A-Level,EU,Homestay,0.785,0.71,78.2,0.556,True,False,2,True,0.836,False,High
STU003294,16,A-Level,International,Day,0.875,0.848,89.2,0.822,False,False,1,True,0.774,False,Low
STU003295,17,EAP,International,Homestay,0.962,0.904,82.9,0.837,False,False,0,True,0.954,False,Low
STU003296,14,GCSE,EU,Day,0.813,0.753,71.6,0.808,False,False,1,True,0.96,False,Medium
STU003297,18,A-Level,International,Day,0.956,0.725,77.6,0.765,False,False,1,True,0.878,False,Low
STU003298,15,GCSE,UK,Day,0.874,0.837,83.8,0.781,False,False,0,True,0.682,False,Low
STU003299,17,A-Level,UK,Homestay,0.765,0.524,56.1,0.422,True,False,3,True,0.782,True,High
STU003300,17,Foundation,UK,Day,0.915,0.797,78.6,0.598,False,False,0,True,0.644,False,Medium
STU003301,17,A-Level,UK,Day,0.851,0.712,76.5,0.637,False,False,0,True,0.755,True,Medium
STU003302,17,EAP,UK,Day,0.86,0.885,91.4,0.824,False,False,1,True,0.916,False,Low
STU003303,17,A-Level,UK,Day,0.856,0.827,89.7,0.642,False,False,0,True,0.886,False,Low
STU003304,18,A-Level,International,Homestay,0.908,0.921,85.8,0.846,False,False,0,False,0.828,True,Low
STU003305,15,GCSE,International,Boarding,0.873,0.901,77.2,0.769,False,False,0,True,0.865,False,Low
STU003306,17,A-Level,UK,Boarding,0.88,0.718,77.4,0.648,True,False,1,False,0.626,False,High
STU003307,17,A-Level,International,Homestay,0.909,0.843,73.5,0.752,True,False,3,True,0.915,True,Medium
STU003308,16,GCSE,UK,Boarding,0.873,0.683,63.0,0.614,True,False,1,True,0.856,True,High
STU003309,18,A-Level,EU,Homestay,1.0,0.842,94.2,0.838,False,False,0,True,0.965,False,Low
STU003310,17,A-Level,International,Day,1.0,0.852,80.0,0.739,False,False,0,True,0.894,False,Low
STU003311,18,Foundation,UK,Homestay,0.88,0.93,93.4,0.823,False,False,0,True,0.72,False,Low
STU003312,17,A-Level,International,Day,0.819,0.805,72.0,0.882,False,False,0,True,0.799,True,Medium
STU003313,17,Foundation,UK,Boarding,0.81,0.717,74.6,0.571,True,False,1,True,0.815,False,High
STU003314,15,GCSE,UK,Boarding,0.908,0.691,88.6,0.655,False,False,2,True,0.882,False,Medium
STU003315,15,GCSE,UK,Day,1.0,0.681,68.8,0.702,False,False,1,True,0.752,True,Medium
STU003316,16,A-Level,International,Day,0.874,0.767,83.0,0.781,False,False,0,True,0.703,False,Medium
STU003317,16,A-Level,International,Day,0.892,0.838,74.7,0.852,False,True,0,True,0.796,False,Medium
STU003318,15,GCSE,International,Day,0.788,0.669,58.2,0.422,True,False,6,True,0.797,False,High
STU003319,19,Foundation,EU,Boarding,0.876,0.776,100.0,0.752,False,False,2,True,0.819,True,Low
STU003320,18,Foundation,UK,Homestay,0.815,0.896,73.2,0.75,False,False,1,True,0.858,False,Medium
STU003321,17,A-Level,International,Boarding,0.798,0.825,83.1,0.815,False,False,1,True,0.88,True,Low
STU003322,15,GCSE,UK,Boarding,0.942,0.708,66.4,0.616,True,False,3,True,0.846,False,Medium
STU003323,18,Foundation,UK,Day,0.975,0.92,89.2,0.906,False,False,3,False,0.712,False,Low
STU003324,17,A-Level,International,Day,0.832,0.623,68.0,0.702,True,False,5,True,0.797,False,High
STU003325,18,Foundation,UK,Boarding,0.974,0.92,94.2,1.0,False,False,0,True,0.778,False,Low
STU003326,17,Foundation,UK,Homestay,0.758,0.768,76.4,0.951,True,False,2,True,0.795,False,Medium
STU003327,18,Foundation,International,Homestay,0.888,0.865,83.8,0.875,False,False,0,True,0.901,True,Low
STU003328,17,A-Level,International,Day,0.912,0.779,81.7,0.729,False,False,1,True,0.911,False,Low
STU003329,15,GCSE,International,Boarding,0.936,0.883,82.4,0.81,False,True,0,True,0.766,False,Low
STU003330,18,A-Level,UK,Boarding,0.914,0.715,85.9,0.831,False,False,3,False,0.617,False,Medium
STU003331,16,A-Level,UK,Boarding,0.938,0.945,83.9,0.835,False,False,0,True,0.83,True,Low
STU003332,18,Foundation,International,Boarding,0.867,0.817,71.8,0.821,False,False,1,True,0.729,False,Medium
STU003333,15,GCSE,International,Boarding,0.918,0.897,79.0,0.807,False,False,1,True,0.988,False,Low
STU003334,16,GCSE,EU,Day,0.989,0.988,94.0,0.901,False,False,0,True,0.848,True,Low
STU003335,18,Foundation,International,Homestay,0.787,0.868,75.5,0.998,False,False,1,True,0.773,True,Low
STU003336,18,Foundation,International,Day,0.98,0.852,72.4,0.604,False,False,0,True,0.836,False,Low
STU003337,19,EAP,UK,Day,0.885,0.909,79.7,0.954,False,False,2,True,0.874,True,Low
STU003338,18,Foundation,International,Homestay,0.802,0.789,72.7,0.758,False,False,1,True,0.75,False,Medium
STU003339,17,A-Level,EU,Day,0.835,0.627,60.8,0.589,True,False,3,True,0.744,False,High
STU003340,17,A-Level,EU,Day,0.99,0.896,83.4,0.634,False,False,1,True,0.859,False,Low
STU003341,19,Foundation,UK,Day,0.866,0.821,79.8,0.806,False,False,2,True,0.87,True,Low
STU003342,16,A-Level,EU,Boarding,0.846,0.82,78.2,0.692,True,False,1,True,0.801,False,Medium
STU003343,17,A-Level,International,Day,0.787,0.595,62.7,0.575,False,False,3,True,0.689,False,High
STU003344,15,GCSE,International,Day,0.772,0.67,76.6,0.674,False,False,2,False,0.564,False,High
STU003345,17,A-Level,International,Day,0.757,0.609,60.1,0.781,True,False,2,True,0.661,True,High
STU003346,18,Foundation,UK,Homestay,0.971,1.0,100.0,1.0,False,False,2,True,0.96,False,Low
STU003347,17,A-Level,UK,Day,0.896,0.859,71.9,0.769,False,False,2,True,0.86,True,Low
STU003348,14,GCSE,UK,Boarding,0.934,0.633,72.2,0.726,True,False,1,True,0.779,True,Medium
STU003349,17,A-Level,UK,Day,0.981,0.82,87.4,0.866,False,False,0,True,0.776,False,Low
STU003350,15,GCSE,EU,Boarding,0.847,0.731,83.7,0.851,False,False,0,True,0.85,False,Low
STU003351,16,GCSE,UK,Day,1.0,0.953,75.7,0.802,False,False,0,True,0.947,False,Low
STU003352,17,A-Level,EU,Boarding,0.862,0.896,74.1,0.78,False,False,1,True,0.881,False,Low
STU003353,19,EAP,UK,Boarding,0.97,0.814,81.9,0.789,False,False,0,True,0.907,True,Low
STU003354,17,A-Level,UK,Day,0.967,0.676,74.1,0.766,False,False,0,True,0.847,False,Medium
STU003355,14,GCSE,UK,Homestay,0.905,0.613,76.9,0.661,False,False,1,True,0.669,True,Medium
STU003356,15,GCSE,International,Homestay,0.848,0.821,68.0,0.587,False,True,1,False,0.612,False,High
STU003357,16,A-Level,UK,Day,0.922,0.862,84.9,0.621,False,False,0,True,0.923,True,Low
STU003358,18,A-Level,UK,Boarding,0.867,0.812,61.1,0.612,True,False,0,True,0.798,True,High
STU003359,19,Foundation,International,Boarding,0.873,0.747,84.5,0.661,False,False,2,True,0.841,False,Medium
STU003360,17,A-Level,International,Day,0.867,0.636,85.8,0.776,False,False,2,True,0.633,False,Medium
STU003361,18,Foundation,International,Day,0.873,0.863,91.5,0.827,False,False,0,True,0.756,True,Low
STU003362,17,A-Level,UK,Homestay,0.985,0.801,85.8,0.743,False,False,0,True,0.842,True,Low
STU003363,17,A-Level,UK,Boarding,0.789,0.838,67.5,0.604,False,False,0,True,1.0,False,Medium
STU003364,17,A-Level,International,Homestay,0.865,0.943,86.5,0.998,False,False,0,True,0.821,False,Low
STU003365,17,EAP,International,Boarding,0.877,0.807,77.1,0.742,False,False,0,True,0.858,False,Medium
STU003366,17,A-Level,EU,Day,0.884,0.737,76.4,0.677,False,False,1,True,0.844,True,Medium
STU003367,16,A-Level,UK,Day,0.921,0.852,75.6,0.576,False,False,2,True,0.917,True,Medium
STU003368,18,A-Level,UK,Boarding,0.806,0.715,77.4,0.775,False,False,4,True,0.769,False,Medium
STU003369,16,GCSE,UK,Boarding,0.972,0.821,80.3,0.986,False,False,3,True,0.835,True,Low
STU003370,17,A-Level,International,Day,0.962,0.844,73.8,0.761,False,False,0,True,0.768,False,Low
STU003371,16,GCSE,UK,Boarding,0.947,0.899,86.4,0.715,False,False,1,True,0.774,False,Low
STU003372,16,A-Level,International,Homestay,0.83,0.852,80.6,0.736,True,False,1,True,0.96,False,Medium
STU003373,16,A-Level,UK,Boarding,0.848,0.663,67.1,0.769,False,False,3,True,0.671,False,Medium
STU003374,17,A-Level,International,Day,0.877,0.775,74.7,0.445,False,False,0,True,0.934,False,Medium
STU003375,18,Foundation,UK,Day,0.864,0.823,84.9,0.847,False,True,3,True,0.655,False,Medium
STU003376,18,Foundation,EU,Homestay,0.893,0.911,78.8,0.955,True,True,2,True,0.634,False,Medium
STU003377,19,Foundation,UK,Homestay,0.894,0.704,82.2,0.789,False,False,2,True,0.732,False,Medium
STU003378,16,GCSE,International,Day,0.925,0.779,67.7,0.733,False,False,2,True,0.599,True,Medium
STU003379,15,GCSE,EU,Homestay,0.836,0.849,73.2,0.802,False,True,0,True,0.767,False,Medium
STU003380,17,A-Level,UK,Day,0.92,0.852,82.2,0.845,False,False,0,True,0.979,True,Low
STU003381,16,A-Level,International,Day,0.84,0.713,76.2,0.725,True,False,3,True,0.835,False,Medium
STU003382,16,A-Level,EU,Day,0.919,0.829,84.2,0.856,False,False,0,True,0.772,False,Low
STU003383,15,GCSE,International,Day,0.776,0.761,82.2,0.778,False,False,1,True,0.836,True,Medium
STU003384,17,A-Level,International,Homestay,0.864,0.672,59.9,0.556,True,False,1,False,0.485,True,High
STU003385,15,GCSE,International,Boarding,0.938,0.677,69.9,0.614,False,False,0,False,0.669,True,Medium
STU003386,18,Foundation,UK,Day,0.883,0.701,76.6,0.622,False,True,2,True,0.758,False,Medium
STU003387,15,GCSE,UK,Homestay,0.831,0.73,77.1,0.522,False,False,1,True,0.75,True,Medium
STU003388,16,A-Level,International,Homestay,0.85,0.804,76.0,0.83,False,False,0,True,0.8,False,Low
STU003389,15,GCSE,EU,Day,0.839,0.839,79.2,0.805,False,False,0,True,0.917,False,Low
STU003390,16,A-Level,UK,Boarding,0.923,0.83,79.1,0.819,False,False,0,True,0.843,True,Low
STU003391,16,A-Level,International,Boarding,0.946,0.87,75.1,0.975,False,False,0,True,0.833,False,Low
STU003392,18,Foundation,UK,Boarding,0.787,0.759,70.9,0.651,True,False,2,True,0.614,False,High
STU003393,18,Foundation,International,Boarding,0.992,0.895,76.4,0.744,False,False,1,True,0.871,False,Low
STU003394,18,A-Level,International,Day,0.991,0.862,84.0,0.811,False,False,0,False,0.779,True,Low
STU003395,16,EAP,International,Day,0.91,0.95,83.5,0.946,False,False,0,True,0.833,False,Low
STU003396,17,EAP,UK,Homestay,0.926,0.865,80.4,0.746,False,False,0,True,0.89,False,Low
STU003397,18,Foundation,UK,Homestay,0.782,0.792,94.0,0.965,False,False,2,True,0.939,False,Low
STU003398,18,Foundation,UK,Day,0.863,0.805,66.7,0.76,False,False,0,True,0.836,False,Medium
STU003399,14,GCSE,EU,Day,0.812,0.799,93.1,0.757,False,False,2,True,0.764,False,Low
STU003400,16,A-Level,UK,Homestay,0.836,0.814,78.5,0.746,False,False,3,True,0.936,False,Medium
STU003401,16,GCSE,EU,Day,0.936,0.943,88.8,0.704,False,False,2,True,1.0,False,Low
STU003402,15,GCSE,EU,Day,0.895,0.844,67.3,0.816,True,False,1,True,0.746,False,Medium
STU003403,17,EAP,EU,Day,0.956,0.748,81.9,0.413,False,False,1,True,0.866,False,Medium
STU003404,17,A-Level,International,Day,0.917,0.715,76.9,0.722,False,False,3,True,0.748,False,Medium
STU003405,18,Foundation,EU,Day,0.937,1.0,85.8,0.897,False,False,1,True,0.897,True,Low
STU003406,18,Foundation,UK,Boarding,0.789,0.576,62.7,0.561,False,False,2,True,0.696,False,High
STU003407,18,Foundation,International,Day,0.81,0.684,58.4,0.66,False,False,0,True,0.702,True,High
STU003408,19,EAP,International,Homestay,0.885,0.753,71.0,0.739,False,False,0,True,0.812,False,Medium
STU003409,14,GCSE,UK,Homestay,0.942,0.784,73.3,0.714,False,False,0,True,0.719,False,Medium
STU003410,16,GCSE,International,Homestay,0.869,0.68,66.7,0.649,False,False,2,True,0.675,True,High
STU003411,16,A-Level,UK,Homestay,0.735,0.482,64.5,0.505,True,False,3,True,0.615,False,High
STU003412,14,GCSE,UK,Boarding,0.852,0.859,82.1,0.705,False,False,0,True,0.771,False,Low
STU003413,14,GCSE,International,Day,0.835,0.755,87.5,0.802,False,False,1,True,0.795,False,Low
STU003414,16,A-Level,International,Day,0.779,0.58,58.9,0.747,False,False,2,True,0.86,False,High
STU003415,19,Foundation,EU,Day,1.0,0.908,83.1,0.953,False,False,1,True,0.713,False,Low
STU003416,17,A-Level,International,Day,0.986,0.887,87.2,0.77,False,False,2,True,0.912,False,Low
STU003417,16,A-Level,International,Boarding,0.762,0.653,69.1,0.844,False,False,1,True,0.757,True,Medium
STU003418,18,A-Level,International,Homestay,0.765,0.71,65.7,0.541,False,False,2,True,0.792,False,High
STU003419,16,GCSE,EU,Day,0.795,0.821,78.0,0.845,False,True,0,True,0.755,False,Medium
STU003420,16,GCSE,EU,Boarding,0.796,0.716,70.8,0.819,False,False,1,True,0.897,False,Medium
STU003421,19,Foundation,UK,Boarding,1.0,0.829,66.0,0.641,False,False,1,True,0.768,False,Medium
STU003422,16,A-Level,UK,Day,0.844,0.924,78.2,0.786,False,False,2,True,0.919,False,Low
STU003423,19,Foundation,UK,Homestay,0.925,0.833,90.8,0.781,False,False,1,True,0.692,False,Low
STU003424,15,GCSE,International,Boarding,0.865,0.732,76.0,0.706,False,False,1,True,0.868,False,Medium
STU003425,19,Foundation,International,Day,0.818,0.705,73.4,0.756,False,False,1,True,0.989,False,Medium
STU003426,17,A-Level,International,Homestay,0.973,0.969,90.1,0.714,False,False,0,True,0.805,False,Low
STU003427,17,A-Level,UK,Boarding,0.946,0.864,82.4,0.888,False,False,1,True,0.95,True,Low
STU003428,17,A-Level,EU,Day,0.896,0.786,62.1,0.754,False,False,0,True,0.797,False,Medium
STU003429,18,Foundation,UK,Boarding,1.0,0.898,73.9,0.695,False,False,0,True,0.797,False,Low
STU003430,17,A-Level,UK,Boarding,0.916,0.861,77.4,0.758,False,False,0,True,1.0,False,Low
STU003431,16,A-Level,International,Day,0.834,0.632,68.2,0.668,False,True,3,True,0.715,False,High
STU003432,19,EAP,EU,Homestay,1.0,0.936,97.8,0.924,False,False,0,True,0.888,False,Low
STU003433,18,Foundation,International,Homestay,0.928,0.735,72.4,0.64,False,False,1,True,0.91,False,Medium
STU003434,17,A-Level,UK,Boarding,1.0,1.0,100.0,1.0,False,False,1,True,0.928,False,Low
STU003435,18,Foundation,UK,Boarding,0.897,0.731,85.5,0.798,False,False,1,True,0.807,True,Low
STU003436,18,A-Level,International,Homestay,0.689,0.678,62.4,0.512,False,False,0,True,0.809,False,High
STU003437,15,GCSE,UK,Day,0.791,0.564,70.4,0.662,False,False,1,True,0.711,False,High
STU003438,17,A-Level,UK,Homestay,0.976,0.883,87.2,0.731,False,False,0,True,0.773,False,Low
STU003439,19,EAP,UK,Boarding,0.859,0.825,82.0,0.691,False,False,2,True,0.787,True,Low
STU003440,17,EAP,International,Day,0.918,0.787,80.9,0.864,False,False,2,False,0.747,False,Low
STU003441,17,A-Level,International,Boarding,0.979,1.0,97.0,1.0,False,False,0,True,0.849,False,Low
STU003442,17,A-Level,International,Boarding,0.841,0.797,87.9,0.9,True,False,0,False,0.727,False,Medium
STU003443,16,GCSE,International,Day,0.84,0.596,87.9,0.732,False,False,1,True,0.88,False,Medium
STU003444,18,EAP,International,Boarding,0.899,0.813,81.9,0.711,False,False,0,True,0.87,False,Low
STU003445,17,EAP,International,Boarding,0.907,0.781,82.1,0.842,False,False,0,True,1.0,False,Low
STU003446,18,A-Level,EU,Boarding,0.871,0.899,81.2,0.831,False,False,0,True,0.848,False,Low
STU003447,18,Foundation,EU,Day,0.772,0.781,67.6,0.72,True,False,1,True,0.834,False,High
STU003448,18,Foundation,UK,Boarding,0.875,0.806,70.4,0.863,False,False,0,True,0.947,True,Low
STU003449,18,A-Level,International,Boarding,0.843,0.661,59.8,0.762,True,False,2,True,0.768,False,High
STU003450,14,GCSE,UK,Homestay,0.744,0.712,75.0,0.699,False,True,1,True,0.83,False,High
STU003451,17,A-Level,UK,Homestay,0.836,0.767,70.2,0.58,False,False,1,True,0.868,False,Medium
STU003452,17,A-Level,International,Homestay,0.85,0.72,71.5,0.717,False,False,0,True,0.817,False,Medium
STU003453,18,A-Level,UK,Day,0.77,0.853,82.2,0.926,False,False,1,False,0.595,True,Low
STU003454,16,A-Level,International,Homestay,0.909,0.908,91.4,0.818,False,False,1,True,0.927,False,Low
STU003455,17,EAP,International,Day,0.917,0.983,86.7,0.953,False,False,0,True,0.949,False,Low
STU003456,16,GCSE,UK,Day,0.862,0.902,69.9,0.959,False,False,0,True,0.955,False,Low
STU003457,16,A-Level,International,Day,0.732,0.466,44.3,0.493,True,True,2,True,0.722,True,High
STU003458,16,A-Level,International,Homestay,0.928,0.894,100.0,1.0,False,False,0,True,0.834,False,Low
STU003459,18,A-Level,UK,Day,0.938,0.861,95.6,0.889,False,False,1,True,0.719,False,Low
STU003460,17,A-Level,International,Day,0.907,0.874,99.5,0.898,False,False,0,True,0.705,False,Low
STU003461,18,A-Level,International,Day,0.903,0.571,71.4,0.676,False,False,0,True,0.785,False,Medium
STU003462,14,GCSE,UK,Boarding,0.942,0.796,75.7,0.841,False,False,0,True,0.971,False,Low
STU003463,17,A-Level,UK,Homestay,0.893,0.75,76.0,0.656,False,False,2,True,0.751,False,Medium
STU003464,17,A-Level,UK,Day,0.836,0.809,74.5,0.744,False,False,0,True,0.738,True,Medium
STU003465,15,GCSE,UK,Boarding,0.895,0.993,97.6,0.773,False,False,1,True,0.83,False,Low
STU003466,18,Foundation,UK,Day,0.873,0.843,78.7,0.744,False,False,0,True,0.804,False,Low
STU003467,17,A-Level,International,Day,0.895,0.779,100.0,0.891,False,False,3,True,0.84,True,Low
STU003468,18,A-Level,UK,Day,0.928,0.668,75.4,0.667,True,False,2,True,0.72,False,High
STU003469,18,Foundation,International,Day,0.816,0.615,77.8,0.506,False,False,0,True,0.839,True,High
STU003470,15,GCSE,UK,Boarding,0.871,0.681,59.5,0.635,True,False,0,True,0.671,True,High
STU003471,14,GCSE,EU,Day,0.777,0.744,88.1,0.802,True,False,1,True,0.92,False,Medium
STU003472,18,Foundation,International,Homestay,0.836,0.801,82.8,1.0,False,False,1,True,0.75,False,Low
STU003473,17,A-Level,International,Homestay,1.0,0.916,87.8,0.958,False,False,0,False,0.689,False,Low
STU003474,17,A-Level,EU,Day,0.932,0.862,78.4,0.897,False,False,3,True,0.828,True,Low
STU003475,18,Foundation,UK,Day,0.911,0.835,71.9,0.745,False,False,1,True,0.72,False,Medium
STU003476,17,Foundation,International,Boarding,0.784,0.82,84.8,1.0,False,False,1,True,0.776,True,Low
STU003477,16,EAP,UK,Day,0.883,0.788,74.4,0.88,False,False,0,True,0.971,False,Low
STU003478,17,A-Level,UK,Day,0.755,0.694,82.6,0.777,False,False,2,True,0.726,True,Medium
STU003479,17,A-Level,UK,Day,0.903,0.87,81.4,0.832,False,False,0,True,0.824,True,Low
STU003480,18,A-Level,International,Homestay,0.813,0.638,68.7,0.577,False,False,1,True,0.761,False,High
STU003481,15,GCSE,UK,Boarding,0.939,0.898,77.4,0.799,False,False,0,True,0.94,False,Low
STU003482,16,A-Level,EU,Day,0.911,0.774,81.3,0.586,False,False,0,True,0.831,True,Medium
STU003483,17,A-Level,EU,Day,0.815,0.706,73.7,0.816,False,False,3,True,0.854,False,Medium
STU003484,16,EAP,International,Day,0.927,0.959,82.5,0.857,False,False,3,True,0.785,False,Low
STU003485,17,A-Level,UK,Day,1.0,0.846,76.9,0.724,False,False,0,False,0.838,True,Low
STU003486,18,A-Level,UK,Day,0.886,0.799,88.9,0.884,False,False,0,True,0.878,False,Low
STU003487,17,A-Level,UK,Homestay,0.892,0.866,78.3,0.666,True,False,3,True,0.872,True,Medium
STU003488,15,GCSE,UK,Day,0.753,0.689,68.2,0.629,False,False,4,True,0.782,False,High
STU003489,14,GCSE,International,Day,0.933,0.874,91.4,0.814,False,False,1,True,0.79,False,Low
STU003490,17,A-Level,International,Day,0.86,0.782,79.8,0.735,False,False,1,True,0.782,False,Medium
STU003491,16,GCSE,International,Day,0.881,0.914,83.7,0.755,False,False,0,True,0.942,False,Low
STU003492,16,A-Level,International,Homestay,0.942,1.0,85.4,0.898,False,False,4,False,0.809,False,Low
STU003493,18,Foundation,International,Day,0.883,0.794,83.2,0.689,False,False,0,True,0.808,False,Low
STU003494,18,Foundation,UK,Day,0.787,0.714,77.7,0.635,False,False,0,True,0.884,False,Medium
STU003495,17,A-Level,International,Day,1.0,0.934,88.9,0.772,False,False,1,True,0.774,True,Low
STU003496,15,GCSE,UK,Day,0.759,0.623,65.4,0.63,True,False,2,True,0.795,False,High
STU003497,19,Foundation,International,Homestay,0.771,0.713,82.5,0.754,True,False,1,False,0.596,False,High
STU003498,17,Foundation,EU,Day,0.909,0.857,80.5,1.0,False,False,0,False,0.689,True,Low
STU003499,15,GCSE,International,Day,0.91,0.954,82.3,0.734,False,False,0,True,0.809,False,Low
STU003500,18,Foundation,EU,Day,0.93,0.926,79.5,0.803,False,False,0,True,0.933,False,Low
STU003501,16,A-Level,International,Boarding,0.909,0.924,84.0,0.681,False,False,0,True,0.897,True,Low
STU003502,18,Foundation,International,Boarding,0.945,0.728,67.0,0.67,True,False,0,True,0.745,True,High
STU003503,17,EAP,International,Boarding,0.934,0.954,86.0,0.902,False,False,1,True,0.853,True,Low
STU003504,14,GCSE,International,Day,0.817,0.782,82.4,0.702,False,False,1,True,0.81,True,Medium
STU003505,17,Foundation,UK,Homestay,0.718,0.789,69.5,0.853,False,False,0,True,0.727,False,Medium
STU003506,18,A-Level,UK,Day,0.911,1.0,94.8,0.896,False,False,1,False,0.622,False,Low
STU003507,18,EAP,International,Boarding,0.948,0.786,73.3,0.887,True,False,2,False,0.6,False,Medium
STU003508,17,A-Level,International,Boarding,0.812,0.633,70.3,0.54,False,False,0,True,0.715,False,High
STU003509,18,Foundation,EU,Boarding,0.827,0.763,81.4,0.834,False,False,0,True,0.938,False,Low
STU003510,15,GCSE,UK,Day,0.925,0.654,81.5,0.634,False,False,0,True,0.814,False,Medium
STU003511,17,A-Level,UK,Day,0.934,0.578,76.8,0.544,False,False,0,True,0.782,True,Medium
STU003512,16,GCSE,UK,Day,0.979,0.846,78.1,0.797,False,False,1,True,0.894,True,Low
STU003513,18,EAP,EU,Day,1.0,1.0,94.9,1.0,False,False,0,True,0.869,False,Low
STU003514,18,Foundation,UK,Boarding,0.917,0.846,78.5,0.878,False,False,0,False,0.551,False,Low
STU003515,17,Foundation,UK,Day,0.772,0.562,68.3,0.596,True,False,5,True,0.765,True,High
STU003516,18,EAP,EU,Boarding,0.837,0.974,95.4,1.0,False,False,1,True,0.833,True,Low
STU003517,15,GCSE,EU,Homestay,0.81,0.69,71.6,0.792,False,True,5,True,0.7,False,High
STU003518,18,A-Level,UK,Day,0.942,0.645,72.5,0.673,False,True,1,True,0.75,False,High
STU003519,15,GCSE,EU,Day,0.865,0.557,66.3,0.474,False,False,1,True,0.672,False,High
STU003520,15,GCSE,International,Homestay,0.967,0.957,82.5,0.741,False,False,1,True,0.915,False,Low
STU003521,15,GCSE,EU,Boarding,0.728,0.533,53.8,0.363,True,False,4,False,0.576,False,High
STU003522,16,A-Level,International,Day,0.92,0.872,87.5,0.64,False,False,0,True,0.738,False,Low
STU003523,16,A-Level,International,Day,0.847,0.79,72.7,0.527,False,False,2,True,0.783,False,Medium
STU003524,16,GCSE,UK,Boarding,0.937,0.631,75.2,0.661,False,False,0,True,0.823,False,Medium
STU003525,15,GCSE,UK,Boarding,0.882,0.767,81.2,0.663,False,False,2,True,0.736,True,Medium
STU003526,16,GCSE,EU,Boarding,0.956,0.854,82.9,0.655,False,False,1,True,0.711,False,Low
STU003527,19,EAP,EU,Boarding,0.87,0.805,79.1,1.0,False,False,0,True,0.821,True,Low
STU003528,18,Foundation,UK,Boarding,0.898,0.706,76.9,0.762,False,False,1,True,0.695,False,Medium
STU003529,18,EAP,UK,Day,0.957,0.967,95.0,0.99,False,False,0,True,0.915,True,Low
STU003530,16,A-Level,International,Boarding,0.84,0.637,71.4,0.742,True,False,0,False,0.656,False,High
STU003531,18,A-Level,UK,Homestay,0.904,0.823,71.0,0.732,False,False,3,True,0.894,False,Medium
STU003532,18,Foundation,International,Day,0.953,0.89,73.9,0.752,False,False,1,True,0.689,False,Low
STU003533,17,A-Level,UK,Boarding,0.895,0.94,82.0,0.915,False,False,0,True,0.832,False,Low
STU003534,17,A-Level,International,Day,0.789,0.752,70.6,0.581,False,False,1,True,0.655,True,High
STU003535,15,GCSE,UK,Day,0.86,0.846,73.7,0.642,False,False,2,True,0.842,False,Medium
STU003536,15,GCSE,UK,Homestay,0.765,0.603,55.8,0.597,False,False,2,True,0.711,False,High
STU003537,17,A-Level,UK,Day,0.883,0.935,74.2,0.756,False,False,0,True,1.0,True,Low
STU003538,17,A-Level,International,Day,0.933,0.743,74.9,0.661,False,False,1,True,0.77,True,Medium
STU003539,18,A-Level,UK,Day,0.869,0.672,84.8,0.796,True,False,3,True,0.77,False,Medium
STU003540,15,GCSE,International,Day,0.998,0.998,100.0,0.908,False,False,1,True,0.673,False,Low
STU003541,15,GCSE,International,Boarding,0.99,0.871,87.6,0.689,False,False,0,True,0.745,False,Low
STU003542,19,Foundation,International,Day,0.918,0.719,78.8,0.856,False,False,0,True,0.692,False,Medium
STU003543,14,GCSE,UK,Day,0.733,0.723,70.3,0.559,False,False,1,True,0.824,False,High
STU003544,18,A-Level,International,Day,0.947,0.868,84.7,0.798,False,False,0,True,1.0,False,Low
STU003545,18,Foundation,International,Boarding,0.846,0.844,84.6,0.901,False,False,0,True,0.712,False,Low
STU003546,15,GCSE,UK,Boarding,0.923,0.71,73.2,0.719,True,False,3,True,0.592,False,Medium
STU003547,15,GCSE,EU,Boarding,0.849,0.828,70.1,0.664,True,False,2,True,0.899,True,Medium
STU003548,17,A-Level,International,Boarding,0.946,1.0,100.0,1.0,False,False,0,True,0.903,False,Low
STU003549,18,A-Level,International,Day,0.889,0.869,70.0,0.793,False,True,0,True,0.797,False,Medium
STU003550,16,A-Level,UK,Boarding,1.0,0.73,85.9,0.699,False,False,2,True,0.783,False,Low
STU003551,18,Foundation,International,Day,0.936,0.7,64.4,0.691,False,False,2,True,0.798,True,Medium
STU003552,15,GCSE,UK,Day,0.81,0.786,84.3,0.968,False,False,3,True,0.979,True,Low
STU003553,18,A-Level,UK,Boarding,0.888,0.766,58.6,0.604,True,True,1,True,0.68,False,High
STU003554,16,A-Level,UK,Day,0.87,0.728,88.5,0.657,False,False,0,True,0.894,False,Medium
STU003555,16,GCSE,UK,Day,0.953,0.837,72.4,0.721,True,False,1,True,0.844,False,Medium
STU003556,17,A-Level,International,Day,1.0,0.858,87.7,0.888,False,False,0,True,0.902,True,Low
STU003557,16,A-Level,EU,Boarding,0.944,0.887,88.1,0.626,False,False,0,True,0.796,False,Low
STU003558,17,A-Level,UK,Day,0.811,0.645,64.3,0.681,False,False,1,True,0.833,True,Medium
STU003559,14,GCSE,UK,Homestay,0.868,0.697,73.4,0.56,False,False,1,True,0.877,True,Medium
STU003560,17,A-Level,UK,Day,0.994,0.84,82.0,0.779,False,False,1,True,0.985,False,Low
STU003561,16,A-Level,International,Boarding,1.0,0.964,97.1,0.899,False,False,0,True,0.787,False,Low
STU003562,18,Foundation,International,Homestay,0.779,0.715,74.9,0.675,True,True,2,True,0.969,False,High
STU003563,15,GCSE,UK,Boarding,0.881,1.0,91.8,0.963,False,False,0,False,0.698,False,Low
STU003564,17,A-Level,International,Boarding,0.817,0.818,66.7,0.616,False,False,0,True,0.867,False,Medium
STU003565,17,A-Level,UK,Boarding,0.761,0.628,62.4,0.676,True,False,4,True,0.881,False,High
STU003566,18,Foundation,International,Day,0.916,0.896,86.2,0.949,False,False,0,True,0.896,False,Low
STU003567,16,A-Level,International,Homestay,0.949,0.886,95.3,0.898,False,False,0,True,0.757,False,Low
STU003568,17,A-Level,UK,Day,0.742,0.747,64.1,0.969,True,False,1,True,0.721,False,High
STU003569,19,Foundation,International,Homestay,0.958,0.748,79.8,0.85,False,False,0,True,0.785,False,Low
STU003570,19,Foundation,UK,Boarding,0.996,0.835,92.0,0.721,False,False,1,True,0.898,True,Low
STU003571,16,A-Level,UK,Homestay,0.944,0.909,83.5,0.785,False,False,1,True,0.808,False,Low
STU003572,16,A-Level,EU,Day,1.0,0.845,82.9,0.699,False,False,0,True,0.804,False,Low
STU003573,19,Foundation,International,Homestay,0.925,0.867,70.8,0.811,False,False,1,False,0.736,False,Low
STU003574,18,EAP,EU,Day,0.926,1.0,87.3,0.965,False,False,1,True,0.806,False,Low
STU003575,18,Foundation,International,Boarding,0.924,0.798,86.8,0.88,False,False,1,True,0.78,False,Low
STU003576,17,A-Level,International,Day,0.995,0.798,77.4,0.785,False,False,1,True,0.953,False,Low
STU003577,15,GCSE,UK,Boarding,0.938,0.755,65.9,0.67,False,False,0,True,0.798,False,Medium
STU003578,17,A-Level,UK,Boarding,0.863,0.886,75.4,0.777,False,False,2,True,0.724,False,Medium
STU003579,19,Foundation,International,Day,0.93,0.935,95.6,0.862,False,False,1,True,0.858,False,Low
STU003580,17,A-Level,EU,Boarding,0.93,0.787,80.6,0.618,False,False,2,True,0.927,False,Medium
STU003581,16,A-Level,UK,Day,0.885,0.863,85.5,0.626,False,False,0,True,0.743,False,Medium
STU003582,17,Foundation,International,Boarding,0.972,0.776,85.8,0.782,False,False,0,True,0.826,True,Low
STU003583,16,A-Level,International,Boarding,0.906,0.713,92.3,0.598,False,False,0,True,0.792,False,Medium
STU003584,19,Foundation,UK,Day,0.917,0.71,78.7,0.549,True,False,2,True,0.879,False,Medium
STU003585,17,A-Level,International,Boarding,0.901,0.742,70.4,0.632,False,True,0,True,0.763,False,Medium
STU003586,16,A-Level,UK,Boarding,0.849,0.861,79.3,0.778,False,False,0,True,0.705,True,Medium
STU003587,18,A-Level,EU,Day,0.776,0.816,75.3,0.674,True,False,3,True,0.779,False,Medium
STU003588,17,Foundation,International,Homestay,0.803,0.665,76.9,0.668,True,False,0,False,0.753,True,High
STU003589,14,GCSE,International,Boarding,0.842,0.75,65.3,0.597,False,True,4,False,0.702,False,High
STU003590,14,GCSE,UK,Day,1.0,0.954,91.6,0.824,False,False,0,False,0.651,False,Low
STU003591,17,EAP,EU,Day,0.819,0.784,76.9,0.768,True,False,1,True,0.712,False,Medium
STU003592,15,GCSE,International,Boarding,0.926,1.0,91.5,0.896,False,False,0,True,0.818,True,Low
STU003593,18,A-Level,UK,Day,0.961,0.758,73.3,0.481,False,False,0,True,0.819,False,Medium
STU003594,18,A-Level,UK,Day,0.875,0.712,76.8,0.534,False,False,2,True,0.768,False,Medium
STU003595,17,A-Level,EU,Day,0.871,0.756,89.0,0.855,False,False,1,True,0.942,False,Low
STU003596,17,A-Level,International,Boarding,0.974,0.904,89.2,0.845,False,False,0,True,0.853,False,Low
STU003597,15,GCSE,UK,Boarding,0.94,0.795,70.4,0.865,False,False,0,True,0.648,False,Medium
STU003598,16,A-Level,UK,Day,0.861,0.663,66.2,0.63,False,False,0,True,0.612,True,High
STU003599,16,A-Level,UK,Boarding,0.871,0.803,90.5,0.695,False,False,1,True,0.989,False,Low
STU003600,18,A-Level,UK,Homestay,0.906,0.723,66.9,0.604,False,False,2,True,0.829,True,Medium
STU003601,14,GCSE,EU,Homestay,0.923,0.508,57.9,0.465,False,False,2,True,0.761,False,High
STU003602,16,A-Level,UK,Homestay,0.987,1.0,85.2,0.811,False,False,0,True,0.954,False,Low
STU003603,15,GCSE,UK,Homestay,0.897,0.698,69.9,0.847,True,False,2,True,0.842,False,Medium
STU003604,17,A-Level,International,Day,0.801,0.676,67.4,0.666,True,False,2,True,0.696,False,High
STU003605,14,GCSE,UK,Day,0.766,0.529,63.6,0.541,True,False,3,True,0.834,False,High
STU003606,14,GCSE,EU,Day,0.922,0.738,79.1,0.61,False,False,2,True,0.991,False,Medium
STU003607,18,Foundation,International,Boarding,0.91,0.844,81.3,0.923,False,False,0,False,0.802,False,Low
STU003608,17,A-Level,International,Homestay,0.789,0.652,64.5,0.685,True,False,0,True,0.728,True,High
STU003609,17,EAP,International,Day,0.974,0.872,83.6,0.853,False,False,0,False,0.669,False,Low
STU003610,17,EAP,UK,Day,0.698,0.545,69.6,0.541,False,True,0,True,0.787,False,High
STU003611,17,A-Level,UK,Boarding,0.923,0.821,76.4,0.656,False,False,1,True,0.953,True,Medium
STU003612,16,GCSE,International,Day,0.792,0.801,80.3,0.774,False,False,1,True,0.861,False,Medium
STU003613,17,A-Level,International,Day,0.962,0.826,80.9,0.72,False,False,0,True,0.946,False,Low
STU003614,17,Foundation,UK,Day,0.802,0.699,65.7,0.633,True,False,5,True,0.669,False,High
STU003615,17,A-Level,EU,Homestay,0.952,1.0,97.5,1.0,False,False,0,True,0.795,False,Low
STU003616,15,GCSE,International,Day,0.815,0.585,61.6,0.676,True,False,0,True,0.637,False,High
STU003617,16,A-Level,UK,Boarding,0.993,0.986,90.0,0.776,False,False,1,True,1.0,True,Low
STU003618,18,Foundation,EU,Day,0.769,0.864,82.4,0.71,False,False,2,True,0.929,False,Medium
STU003619,17,Foundation,EU,Boarding,0.857,0.779,71.1,0.646,True,True,1,True,0.66,False,High
STU003620,14,GCSE,International,Day,0.857,0.743,78.7,0.707,False,False,0,True,0.816,True,Medium
STU003621,17,A-Level,International,Day,0.926,1.0,91.5,1.0,False,False,0,True,0.77,False,Low
STU003622,15,GCSE,International,Day,0.929,0.927,86.2,0.798,False,False,1,False,0.707,True,Low
STU003623,16,GCSE,UK,Day,0.803,0.541,65.1,0.5,False,False,3,True,0.781,True,High
STU003624,18,Foundation,UK,Boarding,0.97,0.812,78.8,0.764,False,False,3,True,0.988,True,Low
STU003625,15,GCSE,UK,Day,0.928,0.87,78.8,0.76,False,False,0,True,0.885,True,Low
STU003626,17,A-Level,International,Homestay,0.908,0.638,72.2,0.578,False,False,2,True,0.844,True,Medium
STU003627,15,GCSE,International,Day,0.927,0.882,83.2,0.691,False,False,0,True,0.953,True,Low
STU003628,17,Foundation,International,Day,0.885,0.747,74.1,0.663,False,True,0,False,0.867,False,Medium
STU003629,19,Foundation,EU,Homestay,0.893,0.667,75.3,0.694,True,False,0,True,0.77,False,Medium
STU003630,18,A-Level,International,Day,0.867,0.775,70.4,0.749,False,False,0,False,0.574,True,Medium
STU003631,17,Foundation,EU,Day,0.959,0.845,87.9,0.895,False,False,0,True,0.911,False,Low
STU003632,14,GCSE,UK,Day,0.94,0.631,75.7,0.615,False,False,0,True,0.601,False,Medium
STU003633,16,A-Level,EU,Homestay,0.815,0.686,71.6,0.659,True,False,1,True,0.708,False,High
STU003634,17,A-Level,EU,Homestay,1.0,0.821,86.3,0.761,False,False,2,True,0.95,True,Low
STU003635,15,GCSE,International,Day,0.932,0.818,75.6,0.723,False,False,0,True,0.88,False,Low
STU003636,18,A-Level,UK,Boarding,0.914,0.69,77.0,0.663,False,False,3,True,0.632,False,Medium
STU003637,18,EAP,International,Boarding,0.94,0.863,85.7,0.817,False,False,0,False,0.745,False,Low
STU003638,15,GCSE,EU,Homestay,0.893,1.0,74.7,0.791,False,False,2,True,0.848,False,Low
STU003639,17,A-Level,UK,Day,0.984,0.693,86.6,0.626,False,False,1,True,0.779,True,Medium
STU003640,15,GCSE,UK,Homestay,0.899,0.886,79.8,0.942,False,False,2,True,0.909,False,Low
STU003641,15,GCSE,UK,Day,0.957,0.906,88.5,0.874,False,False,1,True,0.833,False,Low
STU003642,18,EAP,EU,Day,0.825,0.71,57.6,0.582,False,False,2,True,0.755,True,High
STU003643,17,A-Level,UK,Day,0.738,0.699,78.6,0.812,True,False,1,True,0.744,True,High
STU003644,17,A-Level,UK,Boarding,0.928,0.904,83.2,0.949,False,False,0,False,0.626,False,Low
STU003645,18,Foundation,International,Boarding,0.873,0.744,74.1,0.713,False,False,1,True,0.697,False,Medium
STU003646,15,GCSE,International,Boarding,0.887,0.935,76.9,0.754,False,False,0,True,0.859,False,Low
STU003647,17,A-Level,International,Boarding,0.736,0.741,69.6,0.692,False,False,1,True,0.871,True,Medium
STU003648,17,A-Level,UK,Boarding,1.0,0.754,79.9,0.635,False,False,0,True,0.968,True,Low
STU003649,17,A-Level,EU,Boarding,0.907,0.958,98.2,0.882,False,False,0,True,0.813,True,Low
STU003650,18,EAP,UK,Day,0.993,0.738,84.3,0.621,False,False,0,True,0.806,True,Low
STU003651,18,Foundation,International,Day,0.803,0.681,80.4,0.776,False,False,3,True,0.687,False,Medium
STU003652,16,A-Level,UK,Day,0.907,0.853,76.9,0.946,False,False,1,True,0.705,False,Low
STU003653,17,Foundation,EU,Day,0.861,0.76,71.6,0.522,True,False,2,True,0.634,False,High
STU003654,15,GCSE,EU,Boarding,0.909,0.701,73.5,0.704,False,False,2,True,0.874,False,Medium
STU003655,15,GCSE,EU,Boarding,0.916,0.841,76.2,0.879,False,False,0,True,0.913,False,Low
STU003656,16,GCSE,International,Boarding,0.803,0.71,70.2,0.739,False,False,2,True,0.919,False,Medium
STU003657,17,A-Level,UK,Day,0.922,0.93,86.7,0.865,False,False,0,True,0.865,True,Low
STU003658,17,A-Level,UK,Boarding,0.785,0.57,61.0,0.591,True,False,3,True,0.723,False,High
STU003659,16,A-Level,International,Day,0.857,0.785,78.4,0.623,False,False,0,True,0.809,False,Medium
STU003660,16,EAP,EU,Homestay,0.901,0.711,69.2,0.782,False,False,3,True,0.768,False,Medium
STU003661,17,A-Level,UK,Day,0.875,0.892,99.3,0.776,False,False,2,True,0.949,False,Low
STU003662,16,A-Level,UK,Boarding,0.803,0.745,74.4,0.745,True,False,3,True,0.751,True,Medium
STU003663,15,GCSE,International,Boarding,0.979,0.929,83.8,0.824,False,False,2,False,0.516,False,Low
STU003664,15,GCSE,International,Homestay,0.867,0.839,76.4,0.837,False,True,1,True,0.757,False,Medium
STU003665,17,A-Level,International,Day,0.872,0.71,66.6,0.756,False,False,1,True,0.89,False,Medium
STU003666,18,A-Level,International,Day,0.891,0.815,67.2,0.625,False,False,1,True,0.852,False,Medium
STU003667,18,Foundation,EU,Day,0.822,0.752,72.4,0.587,False,False,1,True,0.766,True,Medium
STU003668,15,GCSE,UK,Day,0.849,0.704,73.0,0.762,True,False,0,True,0.787,False,Medium
STU003669,16,GCSE,UK,Boarding,0.951,0.78,74.0,0.878,False,False,0,True,0.704,True,Low
STU003670,18,A-Level,International,Homestay,0.922,0.92,82.4,1.0,False,False,1,True,0.9,True,Low
STU003671,14,GCSE,EU,Day,0.903,0.918,89.0,1.0,False,False,0,True,0.658,False,Low
STU003672,14,GCSE,International,Boarding,0.873,0.83,70.8,0.782,True,False,2,True,0.995,False,Medium
STU003673,17,Foundation,International,Homestay,0.861,0.762,85.3,0.812,False,False,1,True,0.832,False,Low
STU003674,15,GCSE,International,Day,0.877,0.795,75.7,0.674,False,True,2,True,0.702,True,Medium
STU003675,18,A-Level,EU,Day,0.998,0.905,81.5,0.694,False,False,2,True,0.625,False,Low
STU003676,17,A-Level,UK,Homestay,0.834,0.603,69.4,0.734,False,True,2,True,0.656,False,High
STU003677,15,GCSE,UK,Homestay,0.943,0.634,70.0,0.742,False,False,3,True,0.708,False,Medium
STU003678,18,A-Level,EU,Boarding,0.944,0.939,83.9,1.0,False,False,1,True,0.757,False,Low
STU003679,18,Foundation,International,Day,0.847,0.837,91.5,0.831,False,False,1,True,0.718,True,Low
STU003680,17,A-Level,UK,Day,0.948,0.776,92.1,0.749,False,False,0,False,0.769,False,Low
STU003681,19,Foundation,International,Boarding,0.858,0.632,69.2,0.66,False,False,0,True,0.707,True,High
STU003682,16,GCSE,International,Day,0.93,0.989,87.6,0.813,False,False,0,True,0.736,True,Low
STU003683,19,Foundation,EU,Day,0.856,0.803,76.6,0.782,False,False,0,True,1.0,False,Medium
STU003684,15,GCSE,UK,Boarding,0.92,0.799,87.3,0.69,False,False,1,True,0.733,False,Medium
STU003685,17,A-Level,UK,Boarding,0.909,0.74,90.7,0.677,False,False,3,True,0.823,False,Low
STU003686,16,A-Level,UK,Homestay,0.908,0.826,78.2,0.824,False,False,0,True,0.756,False,Low
STU003687,18,EAP,UK,Day,0.919,0.798,72.0,0.765,False,False,0,True,1.0,False,Low
STU003688,18,A-Level,EU,Day,0.863,0.878,86.8,0.699,False,False,0,True,0.954,False,Low
STU003689,15,GCSE,UK,Homestay,0.775,0.86,78.6,0.589,True,False,1,True,0.899,False,Medium
STU003690,16,GCSE,International,Boarding,0.906,0.844,95.0,1.0,False,False,3,True,0.75,False,Low
STU003691,18,Foundation,UK,Homestay,0.934,0.935,82.9,0.819,False,True,5,True,0.944,True,Low
STU003692,16,A-Level,UK,Homestay,0.941,0.922,68.9,0.675,False,False,1,True,0.586,False,Medium
STU003693,19,Foundation,EU,Homestay,0.83,0.53,46.9,0.423,True,True,4,True,0.95,False,High
STU003694,14,GCSE,International,Boarding,0.864,0.653,83.3,0.522,False,False,1,True,0.718,True,Medium
STU003695,17,A-Level,International,Day,0.913,0.706,76.7,0.726,False,False,2,True,0.815,False,Medium
STU003696,14,GCSE,EU,Boarding,0.842,0.796,75.3,0.912,False,False,0,True,0.797,True,Low
STU003697,19,EAP,International,Boarding,0.793,0.765,65.0,1.0,True,False,1,True,0.889,False,Medium
STU003698,17,A-Level,International,Day,0.925,0.794,83.6,0.738,False,False,0,True,0.761,False,Low
STU003699,17,EAP,International,Boarding,0.773,0.662,73.9,0.791,False,False,1,True,0.724,False,Medium
STU003700,16,A-Level,UK,Day,1.0,0.91,77.7,0.78,False,False,0,True,0.821,False,Low
STU003701,18,A-Level,International,Boarding,0.807,0.837,72.6,0.768,False,False,2,True,0.943,True,Medium
STU003702,17,A-Level,UK,Day,1.0,0.824,78.0,0.771,False,False,2,True,1.0,False,Low
STU003703,17,A-Level,International,Day,0.841,0.658,75.8,0.662,False,False,2,True,0.758,False,Medium
STU003704,18,Foundation,UK,Homestay,0.841,0.766,88.1,0.679,False,False,2,True,0.757,False,Medium
STU003705,18,EAP,International,Day,0.824,0.782,74.1,0.82,True,False,2,True,0.895,True,Medium
STU003706,17,Foundation,International,Boarding,0.869,0.805,94.0,0.927,False,False,0,True,0.995,False,Low
STU003707,18,Foundation,UK,Day,0.796,0.649,68.2,0.66,True,False,4,True,0.653,False,High
STU003708,16,A-Level,International,Homestay,0.874,0.788,74.7,0.831,False,False,0,True,0.888,False,Low
STU003709,18,A-Level,UK,Homestay,0.906,0.882,92.8,0.777,False,False,1,True,1.0,True,Low
STU003710,18,EAP,UK,Homestay,0.837,0.785,81.0,0.731,False,False,1,True,0.842,False,Medium
STU003711,15,GCSE,UK,Homestay,0.959,0.722,90.2,0.843,False,False,1,True,0.887,True,Low
STU003712,17,Foundation,International,Boarding,0.999,1.0,95.5,0.991,False,False,0,True,0.87,False,Low
STU003713,19,Foundation,EU,Day,0.764,0.659,87.1,0.625,False,False,0,True,0.793,True,Medium
STU003714,16,A-Level,EU,Day,1.0,0.915,88.1,0.761,False,False,1,True,1.0,False,Low
STU003715,17,EAP,International,Day,0.954,0.934,93.5,1.0,False,False,0,True,0.886,True,Low
STU003716,16,A-Level,International,Boarding,0.918,0.776,74.8,0.758,False,False,2,True,0.911,False,Low
STU003717,17,A-Level,International,Boarding,0.785,0.709,68.1,0.587,True,True,1,True,0.628,False,High
STU003718,16,GCSE,UK,Day,0.912,0.959,84.3,0.761,False,False,0,True,0.823,False,Low
STU003719,17,A-Level,UK,Day,0.963,0.757,85.8,0.784,False,False,0,True,0.915,False,Low
STU003720,16,A-Level,UK,Day,1.0,0.804,90.3,0.869,True,False,2,True,0.773,False,Low
STU003721,17,A-Level,International,Day,0.997,0.99,85.0,0.794,False,True,1,True,0.912,False,Low
STU003722,18,Foundation,UK,Boarding,0.74,0.847,77.9,0.682,True,False,1,True,0.777,False,Medium
STU003723,17,EAP,UK,Boarding,0.885,0.845,91.6,0.792,False,False,0,True,0.853,False,Low
STU003724,14,GCSE,International,Boarding,0.905,0.918,76.9,0.758,False,False,1,True,0.98,False,Low
STU003725,18,A-Level,UK,Day,0.994,0.901,90.5,0.979,False,False,1,True,0.836,False,Low
STU003726,19,EAP,EU,Homestay,0.894,0.725,68.7,0.889,False,False,0,False,0.798,False,Medium
STU003727,16,GCSE,UK,Day,0.847,0.71,72.0,0.586,False,False,3,True,0.902,False,Medium
STU003728,16,GCSE,UK,Day,0.828,0.824,81.3,0.69,True,False,3,True,0.743,False,Medium
STU003729,14,GCSE,UK,Boarding,0.873,0.741,65.0,0.764,False,False,1,True,0.751,False,Medium
STU003730,16,A-Level,UK,Day,0.969,0.998,83.2,0.831,False,False,0,True,0.98,False,Low
STU003731,15,GCSE,International,Day,1.0,0.891,73.7,0.602,False,False,0,True,0.906,False,Low
STU003732,17,EAP,UK,Day,0.964,0.888,92.0,0.851,False,False,1,False,0.7,False,Low
STU003733,18,A-Level,UK,Boarding,0.9,0.962,81.8,0.661,True,False,0,True,0.793,True,Medium
STU003734,17,A-Level,International,Homestay,0.986,0.777,87.2,0.614,False,False,0,True,0.753,False,Low
STU003735,15,GCSE,International,Boarding,0.932,0.773,89.3,0.894,False,False,0,True,0.676,True,Low
STU003736,16,A-Level,International,Boarding,0.872,0.75,73.3,0.709,False,False,0,True,0.878,True,Medium
STU003737,18,A-Level,International,Day,0.827,0.725,69.9,0.636,True,False,1,True,0.797,False,High
STU003738,19,Foundation,International,Day,0.901,0.778,74.0,0.87,True,False,1,True,0.725,False,Medium
STU003739,17,Foundation,UK,Day,0.889,0.738,85.4,0.883,True,False,0,True,0.614,True,Medium
STU003740,18,A-Level,International,Homestay,0.769,0.711,71.2,0.615,True,False,4,True,0.866,True,High
STU003741,17,EAP,EU,Day,0.992,0.954,95.5,0.85,False,False,0,True,0.931,False,Low
STU003742,17,Foundation,UK,Homestay,0.846,0.76,80.6,0.639,False,False,1,True,0.812,False,Medium
STU003743,18,Foundation,UK,Day,0.78,0.62,60.1,0.56,True,False,1,True,0.825,False,High
STU003744,15,GCSE,UK,Boarding,0.839,0.777,73.4,0.863,False,False,0,True,0.864,False,Medium
STU003745,14,GCSE,UK,Homestay,0.921,0.758,82.7,0.75,False,False,1,True,0.865,True,Low
STU003746,15,GCSE,UK,Day,0.968,0.868,96.4,0.882,False,False,2,True,0.873,False,Low
STU003747,18,A-Level,UK,Boarding,0.918,0.71,79.9,0.743,False,False,5,True,0.88,False,Medium
STU003748,17,A-Level,International,Day,0.861,0.755,70.1,0.788,False,False,0,False,0.768,False,Medium
STU003749,17,A-Level,International,Day,0.843,0.712,75.8,0.52,False,False,2,False,0.751,False,Medium
STU003750,18,Foundation,EU,Day,0.954,0.802,80.7,0.913,False,False,1,True,0.866,False,Low
STU003751,17,Foundation,International,Homestay,0.894,0.648,63.5,0.779,False,False,2,False,0.823,True,Medium
STU003752,17,EAP,UK,Day,0.924,0.782,91.5,0.759,False,False,1,True,0.796,True,Low
STU003753,16,A-Level,International,Day,0.89,0.735,73.4,0.826,False,False,1,True,0.751,False,Medium
STU003754,16,A-Level,EU,Homestay,0.844,0.7,82.2,0.802,True,False,2,True,0.778,False,Medium
STU003755,16,A-Level,UK,Day,0.927,0.873,91.9,0.719,False,False,2,True,0.741,False,Low
STU003756,15,GCSE,UK,Day,1.0,0.832,80.6,0.592,True,False,3,False,0.658,False,Medium
STU003757,15,GCSE,UK,Homestay,0.928,0.892,81.1,0.948,False,False,0,True,0.709,False,Low
STU003758,18,A-Level,UK,Day,0.873,0.826,87.8,0.717,False,False,1,True,0.856,True,Low
STU003759,16,A-Level,UK,Day,0.912,0.88,73.1,0.53,False,False,0,True,0.846,False,Medium
STU003760,18,Foundation,UK,Homestay,0.834,0.737,75.3,0.704,False,False,3,True,0.89,False,Medium
STU003761,14,GCSE,UK,Day,0.833,0.701,73.8,0.759,False,False,2,True,0.776,False,Medium
STU003762,18,Foundation,UK,Day,0.935,0.838,77.2,0.742,True,False,1,True,0.957,True,Medium
STU003763,16,A-Level,International,Day,0.921,0.774,81.4,0.749,False,False,1,True,0.898,True,Low
STU003764,18,A-Level,UK,Boarding,0.978,0.753,68.7,0.748,False,False,1,True,0.729,False,Medium
STU003765,17,A-Level,UK,Day,0.786,0.695,67.5,0.653,False,False,0,True,0.667,False,High
STU003766,17,A-Level,International,Day,0.795,0.711,61.1,0.554,False,True,1,True,0.779,True,High
STU003767,16,A-Level,International,Day,0.921,0.787,81.4,0.609,False,False,0,True,0.724,True,Medium
STU003768,17,A-Level,UK,Day,0.842,0.677,80.2,0.773,False,False,1,True,0.793,False,Medium
STU003769,16,GCSE,International,Boarding,0.769,0.751,72.3,0.776,True,False,2,True,0.815,False,Medium
STU003770,14,GCSE,UK,Day,0.824,0.621,75.6,0.668,False,False,4,True,0.707,True,High
STU003771,17,A-Level,UK,Boarding,0.878,0.756,80.6,0.911,False,False,0,True,0.783,False,Low
STU003772,19,EAP,UK,Boarding,0.929,1.0,88.3,0.95,False,False,0,True,0.783,False,Low
STU003773,17,A-Level,International,Day,1.0,0.726,83.2,0.784,False,False,0,True,0.857,False,Low
STU003774,19,Foundation,UK,Day,0.826,0.611,75.4,0.828,False,False,2,True,0.809,False,Medium
STU003775,18,A-Level,International,Day,0.83,0.821,72.0,0.782,False,False,5,True,0.78,False,Medium
STU003776,19,EAP,UK,Day,0.798,0.691,79.8,0.699,False,False,2,True,0.755,False,Medium
STU003777,18,Foundation,International,Boarding,0.94,0.709,64.5,0.544,False,False,0,True,0.698,False,Medium
STU003778,17,A-Level,UK,Boarding,0.909,0.938,75.7,0.776,False,False,1,True,0.778,False,Low
STU003779,17,A-Level,EU,Day,0.832,0.883,74.7,0.809,False,False,0,True,0.894,False,Low
STU003780,18,Foundation,EU,Boarding,0.842,0.831,78.3,0.692,False,False,2,True,0.818,False,Medium
STU003781,18,A-Level,International,Homestay,0.891,0.9,98.1,0.992,False,False,0,False,0.61,True,Low
STU003782,16,A-Level,UK,Day,0.895,0.895,94.0,0.877,False,False,1,True,0.826,False,Low
STU003783,15,GCSE,International,Day,0.827,0.644,63.0,0.526,False,False,6,True,0.868,False,High
STU003784,18,Foundation,International,Boarding,0.912,0.769,78.9,0.767,False,False,2,True,0.945,False,Low
STU003785,18,Foundation,UK,Day,0.804,0.718,64.5,0.641,False,False,4,True,0.698,True,High
STU003786,14,GCSE,International,Boarding,0.863,0.806,70.2,0.674,False,True,2,True,0.868,False,Medium
STU003787,17,A-Level,International,Homestay,0.888,0.955,99.2,0.828,False,False,1,True,0.897,False,Low
STU003788,16,A-Level,EU,Day,0.928,0.898,82.0,0.737,False,False,2,True,0.839,False,Low
STU003789,15,GCSE,UK,Homestay,0.985,0.879,91.9,0.705,False,False,0,True,0.883,True,Low
STU003790,18,EAP,EU,Day,0.815,0.769,79.8,0.778,False,True,1,True,0.667,False,Medium
STU003791,15,GCSE,UK,Day,0.9,0.815,77.0,0.826,False,False,1,True,0.86,True,Low
STU003792,15,GCSE,UK,Day,0.761,0.766,69.7,0.763,False,False,0,True,0.783,False,Medium
STU003793,17,A-Level,UK,Day,1.0,0.914,87.8,0.874,False,False,0,False,0.644,True,Low
STU003794,19,Foundation,International,Boarding,0.77,0.717,75.8,0.891,False,False,4,True,0.983,False,Medium
STU003795,16,GCSE,UK,Day,0.894,0.761,84.4,0.722,False,False,1,True,0.922,False,Low
STU003796,18,A-Level,International,Boarding,0.722,0.68,67.9,0.631,False,False,4,True,0.657,False,High
STU003797,18,A-Level,UK,Day,0.842,0.815,84.5,0.71,False,False,3,True,1.0,False,Low
STU003798,15,GCSE,UK,Day,0.966,0.752,70.4,0.63,True,False,2,True,0.851,False,Medium
STU003799,16,GCSE,International,Day,0.98,0.963,85.7,0.671,False,False,1,True,0.732,False,Low
STU003800,18,A-Level,International,Day,0.969,0.837,78.1,0.875,False,False,0,True,0.823,False,Low
STU003801,18,A-Level,UK,Day,0.887,0.858,71.3,0.849,False,False,1,True,0.937,False,Low
STU003802,16,EAP,UK,Boarding,0.939,0.665,61.8,0.472,True,False,1,True,0.822,False,High
STU003803,19,Foundation,UK,Day,0.918,0.909,90.0,0.906,False,False,1,True,0.761,False,Low
STU003804,18,EAP,EU,Boarding,0.877,0.736,82.0,0.718,True,False,0,True,0.8,False,Medium
STU003805,17,A-Level,UK,Day,1.0,0.815,81.5,0.724,False,False,0,False,0.828,False,Low
STU003806,16,EAP,International,Boarding,0.932,0.822,82.2,0.75,True,False,2,True,0.89,True,Medium
STU003807,17,A-Level,EU,Boarding,0.895,0.678,71.3,0.601,False,False,0,True,0.848,False,Medium
STU003808,17,A-Level,UK,Day,0.888,0.639,67.3,0.679,True,False,3,True,0.79,False,High
STU003809,15,GCSE,UK,Boarding,0.998,1.0,100.0,1.0,False,False,0,False,0.482,False,Low
STU003810,14,GCSE,UK,Day,0.944,0.754,85.5,0.569,False,False,1,True,0.868,True,Medium
STU003811,18,A-Level,UK,Homestay,0.923,0.907,89.4,0.786,True,False,0,True,0.742,False,Low
STU003812,16,A-Level,EU,Boarding,0.99,0.911,94.4,0.913,False,False,1,True,0.864,True,Low
STU003813,15,GCSE,EU,Boarding,1.0,0.774,78.6,0.85,False,True,0,True,0.483,False,Medium
STU003814,16,A-Level,International,Homestay,0.835,0.873,79.3,0.91,False,False,0,True,0.758,False,Low
STU003815,17,A-Level,UK,Homestay,0.949,0.742,70.5,0.895,False,False,1,True,0.956,False,Low
STU003816,17,A-Level,International,Boarding,0.932,0.731,94.1,0.85,False,False,1,True,0.817,True,Low
STU003817,17,A-Level,UK,Day,0.873,0.841,72.3,0.867,False,False,0,True,0.819,False,Low
STU003818,18,Foundation,UK,Boarding,0.855,0.854,83.2,0.884,False,False,0,True,0.892,False,Low
STU003819,18,Foundation,International,Day,1.0,0.876,74.3,0.788,False,False,1,True,0.809,False,Low
STU003820,16,A-Level,International,Boarding,0.828,0.731,84.5,0.799,False,False,0,True,0.879,True,Medium
STU003821,16,A-Level,UK,Boarding,0.801,0.668,75.0,0.678,False,False,1,True,0.668,False,Medium
STU003822,16,A-Level,International,Boarding,0.861,0.934,89.2,0.577,False,False,2,True,0.755,False,Low
STU003823,19,Foundation,International,Boarding,0.775,0.738,80.1,0.949,False,False,3,True,0.988,False,Medium
STU003824,17,A-Level,International,Boarding,0.804,0.612,69.0,0.592,True,False,5,True,0.766,False,High
STU003825,15,GCSE,UK,Day,0.826,0.921,85.8,0.833,False,False,0,False,0.886,False,Low
STU003826,14,GCSE,International,Day,0.906,0.764,88.9,0.802,False,False,0,True,0.844,False,Low
STU003827,17,A-Level,International,Boarding,0.948,0.733,77.2,0.627,True,False,2,True,0.756,False,Medium
STU003828,16,A-Level,International,Day,0.859,0.747,82.4,0.643,False,False,2,True,0.722,True,Medium
STU003829,17,Foundation,International,Boarding,0.961,0.849,99.1,0.86,False,False,0,True,0.953,False,Low
STU003830,15,GCSE,International,Day,0.953,0.943,81.0,0.807,False,False,0,False,0.736,False,Low
STU003831,17,A-Level,UK,Day,0.745,0.772,68.2,0.64,False,False,1,True,0.779,False,Medium
STU003832,17,Foundation,UK,Boarding,0.813,0.693,74.8,0.531,True,False,4,True,0.844,False,High
STU003833,18,Foundation,EU,Boarding,0.815,0.921,82.4,0.843,False,True,3,True,0.927,False,Medium
STU003834,18,A-Level,UK,Day,0.878,0.575,64.5,0.368,True,False,3,True,0.732,False,High
STU003835,17,A-Level,UK,Day,0.94,0.95,91.3,0.815,False,False,0,True,1.0,False,Low
STU003836,17,A-Level,EU,Day,0.923,0.914,88.4,0.901,False,False,1,True,0.845,False,Low
STU003837,19,EAP,UK,Day,0.837,0.626,58.6,0.555,False,False,4,True,0.777,False,High
STU003838,16,GCSE,International,Day,0.819,0.795,77.0,0.718,False,True,4,False,0.893,False,Medium
STU003839,18,EAP,International,Boarding,0.761,0.654,58.7,0.669,True,False,1,True,0.867,False,High
STU003840,17,A-Level,UK,Homestay,0.905,0.699,81.4,0.78,False,False,1,True,0.832,False,Medium
STU003841,16,A-Level,International,Day,0.874,0.717,82.1,0.861,False,False,2,True,1.0,True,Low
STU003842,15,GCSE,UK,Day,0.937,0.681,76.7,0.59,False,False,1,True,0.763,False,Medium
STU003843,17,A-Level,International,Boarding,0.949,0.952,84.9,0.75,False,False,0,True,0.84,False,Low
STU003844,16,A-Level,International,Homestay,0.877,0.567,86.6,0.725,False,False,2,True,0.783,False,Medium
STU003845,15,GCSE,UK,Day,0.92,0.697,88.8,0.51,False,False,0,True,0.845,False,Medium
STU003846,16,A-Level,UK,Day,0.885,0.869,70.4,0.817,False,False,0,True,0.663,False,Medium
STU003847,18,EAP,UK,Day,0.822,0.844,79.9,0.965,False,False,2,True,0.774,True,Low
STU003848,17,A-Level,International,Day,0.844,0.776,91.0,0.81,False,False,2,False,0.573,False,Low
STU003849,18,Foundation,International,Boarding,0.741,0.661,78.6,0.729,False,False,2,True,0.729,True,Medium
STU003850,14,GCSE,UK,Homestay,0.872,0.942,83.1,0.829,False,False,0,True,0.922,False,Low
STU003851,16,A-Level,EU,Boarding,0.858,0.716,83.4,0.665,False,False,0,True,0.9,False,Medium
STU003852,15,GCSE,UK,Homestay,0.758,0.523,53.5,0.509,True,False,2,True,0.783,True,High
STU003853,18,A-Level,EU,Day,0.957,0.828,79.0,0.842,False,False,1,True,0.94,False,Low
STU003854,16,EAP,International,Homestay,0.937,0.883,85.3,0.849,False,False,2,True,0.876,False,Low
STU003855,17,A-Level,UK,Day,0.939,0.785,85.1,0.81,False,False,1,True,0.907,False,Low
STU003856,16,GCSE,International,Day,0.948,0.821,83.2,0.654,False,False,1,True,0.805,False,Low
STU003857,16,A-Level,International,Boarding,0.9,0.731,76.7,0.574,False,False,1,False,0.563,False,Medium
STU003858,18,A-Level,International,Day,0.899,0.786,78.5,0.63,False,False,0,True,1.0,False,Medium
STU003859,17,A-Level,UK,Day,0.958,0.915,82.4,0.679,False,False,0,True,0.774,False,Low
STU003860,18,Foundation,UK,Boarding,0.874,0.513,58.4,0.496,True,False,0,True,0.624,False,High
STU003861,18,Foundation,UK,Day,0.972,0.854,85.7,0.874,False,False,0,True,0.825,False,Low
STU003862,17,A-Level,International,Boarding,0.897,0.672,75.7,0.599,False,False,0,True,0.708,False,Medium
STU003863,17,A-Level,International,Day,0.831,0.641,64.5,0.563,False,False,1,True,0.815,False,High
STU003864,18,A-Level,UK,Boarding,0.917,0.815,71.0,0.731,False,False,0,True,0.775,False,Medium
STU003865,15,GCSE,International,Day,0.86,0.729,74.9,0.608,False,False,1,True,0.806,False,Medium
STU003866,17,A-Level,UK,Boarding,0.946,0.624,74.2,0.586,False,False,3,False,0.588,False,Medium
STU003867,17,A-Level,UK,Day,0.887,0.561,62.4,0.536,True,False,2,True,0.735,False,High
STU003868,17,A-Level,UK,Boarding,0.904,0.924,81.3,0.821,False,False,0,True,0.741,False,Low
STU003869,17,A-Level,UK,Boarding,0.873,0.664,75.6,0.702,False,False,6,True,0.777,True,Medium
STU003870,15,GCSE,UK,Day,0.895,0.701,70.0,0.506,True,False,3,True,0.762,False,High
STU003871,17,A-Level,UK,Day,0.965,0.763,83.8,0.959,False,False,0,True,0.839,False,Low
STU003872,15,GCSE,International,Day,0.861,0.61,85.0,0.632,False,False,0,True,0.679,False,Medium
STU003873,15,GCSE,International,Boarding,0.814,0.811,65.6,0.76,False,False,1,True,0.734,True,Medium
STU003874,19,Foundation,UK,Boarding,0.913,0.941,76.1,0.778,False,False,1,True,0.772,False,Low
STU003875,15,GCSE,International,Day,0.983,0.933,85.5,0.784,False,False,1,True,0.675,True,Low
STU003876,16,A-Level,EU,Boarding,0.754,0.599,70.9,0.637,True,False,1,False,0.596,False,High
STU003877,15,GCSE,UK,Homestay,0.871,0.578,59.7,0.506,True,False,1,True,0.549,False,High
STU003878,18,Foundation,International,Day,0.81,0.858,70.1,0.962,True,False,3,True,0.766,True,Medium
STU003879,17,A-Level,International,Day,0.829,0.595,68.7,0.632,False,False,3,True,0.83,False,High
STU003880,16,GCSE,International,Boarding,0.965,0.915,85.9,0.863,False,False,2,True,0.878,False,Low
STU003881,17,A-Level,International,Boarding,0.894,0.67,57.9,0.599,True,False,0,True,0.801,False,High
STU003882,18,Foundation,International,Day,0.889,0.889,83.5,0.648,False,False,0,True,0.769,False,Low
STU003883,18,EAP,UK,Day,0.955,0.951,89.2,0.994,False,False,1,True,0.911,False,Low
STU003884,14,GCSE,International,Day,0.948,0.89,90.9,0.943,False,False,0,False,0.581,False,Low
STU003885,18,Foundation,UK,Boarding,0.796,0.793,81.1,0.793,False,False,0,True,0.788,False,Medium
STU003886,19,EAP,International,Boarding,0.906,0.841,68.4,0.905,False,False,1,True,0.777,True,Low
STU003887,18,EAP,UK,Day,0.999,0.869,83.4,0.699,False,False,1,True,0.844,False,Low
STU003888,16,A-Level,UK,Day,0.933,0.789,81.5,0.849,False,False,1,True,0.791,False,Low
STU003889,16,A-Level,International,Day,0.717,0.809,72.4,0.75,False,False,1,True,0.819,False,Medium
STU003890,17,A-Level,UK,Homestay,0.825,0.752,79.1,0.774,False,False,0,True,0.784,True,Medium
STU003891,19,Foundation,International,Day,0.97,1.0,89.9,1.0,False,False,3,True,0.977,False,Low
STU003892,18,A-Level,UK,Boarding,0.861,0.734,67.0,0.464,False,False,1,True,0.818,True,Medium
STU003893,17,A-Level,International,Boarding,0.899,0.739,72.0,0.695,True,False,1,True,0.646,True,High
STU003894,18,A-Level,UK,Homestay,1.0,0.996,86.7,0.978,False,False,0,True,0.962,False,Low
STU003895,18,Foundation,UK,Boarding,0.883,0.72,75.9,0.644,False,False,1,True,0.831,False,Medium
STU003896,18,Foundation,UK,Day,0.801,0.769,70.0,0.784,True,False,3,True,0.971,True,Medium
STU003897,15,GCSE,International,Homestay,0.83,0.603,68.3,0.645,False,False,1,True,0.864,False,High
STU003898,17,Foundation,International,Boarding,0.953,0.772,71.3,0.819,False,False,0,True,0.706,False,Medium
STU003899,18,A-Level,EU,Boarding,0.858,0.715,65.9,0.609,False,False,3,True,0.691,False,High
STU003900,17,Foundation,International,Day,0.872,0.741,84.6,1.0,False,False,1,True,0.935,False,Low
STU003901,17,A-Level,International,Day,0.822,0.71,81.2,0.582,False,False,1,True,0.849,False,Medium
STU003902,18,A-Level,International,Boarding,0.83,0.865,74.1,0.685,True,False,1,True,0.651,False,Medium
STU003903,18,EAP,UK,Homestay,0.851,0.726,88.3,0.752,False,False,3,True,0.739,True,Medium
STU003904,18,A-Level,UK,Boarding,0.699,0.691,72.3,0.77,True,False,1,True,0.63,True,High
STU003905,18,Foundation,UK,Homestay,0.787,0.619,65.2,0.707,True,False,4,True,0.702,True,High
STU003906,17,A-Level,UK,Boarding,0.952,0.851,90.6,0.589,False,False,1,True,0.762,False,Low
STU003907,18,A-Level,EU,Day,0.994,0.818,76.8,0.72,False,False,0,True,0.974,True,Low
STU003908,16,A-Level,EU,Boarding,0.893,0.697,74.6,0.492,False,False,3,True,0.661,True,High
STU003909,18,A-Level,EU,Boarding,0.902,0.795,81.6,0.765,False,False,0,True,0.727,False,Medium
STU003910,16,A-Level,International,Boarding,0.883,0.797,63.3,0.907,True,False,1,True,0.756,False,Medium
STU003911,16,GCSE,International,Homestay,1.0,0.754,79.3,0.756,False,False,2,True,0.87,False,Low
STU003912,16,A-Level,International,Day,0.829,0.793,90.4,0.764,False,False,1,True,0.853,False,Low
STU003913,15,GCSE,UK,Day,0.812,0.775,75.1,0.828,False,False,2,True,0.78,True,Medium
STU003914,19,EAP,UK,Homestay,0.896,0.673,71.9,0.72,False,False,0,True,0.76,False,Medium
STU003915,18,EAP,UK,Day,0.928,0.75,86.6,0.949,False,False,0,True,0.905,True,Low
STU003916,17,A-Level,UK,Boarding,0.898,0.884,71.0,0.983,False,False,1,True,0.737,False,Low
STU003917,19,Foundation,EU,Homestay,0.804,0.649,74.6,0.529,False,False,3,True,0.833,False,High
STU003918,17,A-Level,EU,Day,0.962,0.795,81.7,0.919,False,False,0,True,0.893,False,Low
STU003919,18,A-Level,UK,Homestay,0.849,0.713,60.8,0.524,True,False,2,False,0.56,False,High
STU003920,18,Foundation,International,Day,0.939,0.765,85.5,0.709,False,False,0,True,0.923,False,Low
STU003921,17,EAP,International,Boarding,0.891,0.856,80.8,0.879,True,True,1,True,0.842,False,Medium
STU003922,16,A-Level,UK,Day,0.798,0.691,84.5,0.748,False,False,0,True,0.85,False,Medium
STU003923,18,Foundation,UK,Boarding,0.78,0.691,75.0,0.676,False,False,1,True,0.627,True,Medium
STU003924,16,A-Level,International,Boarding,0.94,0.874,88.8,1.0,False,False,0,False,0.875,True,Low
STU003925,18,EAP,EU,Day,0.758,0.691,73.9,0.701,False,False,2,True,0.817,False,Medium
STU003926,14,GCSE,UK,Boarding,0.872,0.852,81.7,0.854,False,False,1,True,0.899,True,Low
STU003927,16,A-Level,UK,Homestay,0.86,0.745,69.8,0.7,False,False,2,True,0.94,False,Medium
STU003928,16,A-Level,UK,Boarding,0.925,0.895,89.4,0.821,False,False,1,True,0.856,False,Low
STU003929,18,A-Level,UK,Homestay,0.802,0.631,68.8,0.745,True,False,5,True,0.888,False,High
STU003930,15,GCSE,International,Day,0.934,0.767,86.1,0.76,False,False,0,True,0.82,False,Low
STU003931,17,EAP,UK,Boarding,0.825,0.739,68.9,0.601,False,False,1,True,0.751,False,Medium
STU003932,16,GCSE,UK,Day,0.813,0.829,72.4,0.729,False,False,0,True,0.815,True,Medium
STU003933,16,A-Level,UK,Homestay,0.845,0.701,69.9,0.622,True,False,3,True,0.84,False,High
STU003934,16,GCSE,International,Day,0.907,0.841,80.6,0.683,False,False,0,False,0.714,False,Medium
STU003935,17,A-Level,UK,Day,0.921,0.777,82.8,0.836,False,False,1,True,0.986,False,Low
STU003936,16,A-Level,UK,Day,1.0,0.856,85.3,0.863,False,False,2,True,0.893,False,Low
STU003937,17,A-Level,EU,Day,0.99,0.873,91.6,0.705,False,False,0,True,0.669,False,Low
STU003938,16,GCSE,UK,Homestay,0.932,0.8,68.8,0.775,False,False,0,True,0.891,False,Low
STU003939,15,GCSE,UK,Day,0.957,0.799,77.7,0.763,False,False,0,True,1.0,False,Low
STU003940,18,A-Level,UK,Homestay,0.862,0.652,68.4,0.612,True,False,2,False,0.774,False,High
STU003941,17,Foundation,International,Day,0.983,0.736,80.3,0.726,False,False,0,True,0.991,False,Low
STU003942,18,Foundation,International,Homestay,0.925,0.713,75.3,0.702,False,False,0,True,1.0,False,Medium
STU003943,14,GCSE,UK,Boarding,0.861,0.719,69.2,0.716,False,False,0,True,0.648,False,Medium
STU003944,16,A-Level,UK,Day,0.847,0.874,60.4,0.695,False,False,1,True,0.99,False,Medium
STU003945,14,GCSE,UK,Day,0.903,0.726,78.7,0.705,True,False,1,True,0.86,True,Medium
STU003946,16,GCSE,International,Day,0.887,0.72,76.2,0.624,False,False,0,True,0.814,False,Medium
STU003947,16,A-Level,EU,Day,1.0,0.915,92.9,0.779,False,False,1,False,0.852,False,Low
STU003948,17,A-Level,International,Day,0.823,0.753,61.8,0.708,False,False,0,True,1.0,True,Medium
STU003949,15,GCSE,International,Day,0.988,0.831,77.3,0.814,False,False,1,True,0.907,False,Low
STU003950,16,GCSE,International,Day,0.87,0.844,81.9,0.898,False,False,2,True,0.853,False,Low
STU003951,16,GCSE,International,Boarding,0.929,0.796,72.3,0.877,False,False,0,True,1.0,True,Low
STU003952,19,Foundation,International,Day,0.809,0.662,70.7,0.735,False,False,3,False,0.783,False,Medium
STU003953,19,EAP,EU,Boarding,0.771,0.747,77.8,0.556,False,False,1,True,0.897,False,Medium
STU003954,16,GCSE,UK,Homestay,1.0,0.862,78.0,0.718,False,False,1,True,0.862,False,Low
STU003955,16,GCSE,EU,Day,0.827,0.572,77.1,0.771,True,False,3,True,0.779,False,High
STU003956,18,Foundation,EU,Day,0.969,0.924,80.9,0.809,False,False,2,True,0.638,False,Low
STU003957,16,EAP,International,Day,0.83,0.706,73.4,0.623,False,True,4,True,0.701,False,High
STU003958,17,A-Level,UK,Day,0.969,0.82,76.9,0.761,False,False,0,True,0.944,True,Low
STU003959,15,GCSE,International,Boarding,0.87,0.831,88.2,0.665,False,False,0,True,0.907,True,Low
STU003960,15,GCSE,EU,Day,0.815,0.727,79.9,0.848,False,False,1,True,0.894,True,Medium
STU003961,17,A-Level,International,Day,0.945,0.812,83.8,0.705,False,False,0,True,0.802,False,Low
STU003962,17,A-Level,UK,Day,0.966,0.983,81.8,0.834,False,False,2,True,0.95,False,Low
STU003963,16,GCSE,UK,Homestay,0.945,0.837,79.1,0.838,False,False,0,True,0.832,False,Low
STU003964,16,A-Level,UK,Boarding,0.89,0.707,77.2,0.602,False,False,0,True,0.748,False,Medium
STU003965,16,GCSE,International,Homestay,0.778,0.818,78.7,0.591,False,False,2,True,0.921,True,Medium
STU003966,18,Foundation,EU,Homestay,0.825,0.708,67.6,0.7,False,False,2,True,0.864,True,Medium
STU003967,18,A-Level,UK,Day,0.851,0.838,88.8,0.749,False,False,2,True,0.874,False,Low
STU003968,16,GCSE,UK,Day,0.882,0.657,74.7,0.655,False,False,1,True,0.818,False,Medium
STU003969,17,A-Level,International,Day,0.979,0.854,85.0,0.626,False,False,1,True,0.814,False,Low
STU003970,17,A-Level,UK,Boarding,0.892,0.709,77.3,0.63,False,False,0,True,0.93,False,Medium
STU003971,17,EAP,International,Boarding,0.753,0.852,70.3,0.851,False,False,1,True,1.0,False,Medium
STU003972,17,A-Level,EU,Day,0.719,0.748,87.8,0.922,False,False,1,True,0.861,True,Medium
STU003973,17,A-Level,UK,Day,0.851,0.833,90.5,0.77,False,False,0,True,0.778,False,Low
STU003974,19,Foundation,International,Day,0.864,0.694,76.4,0.898,False,False,0,True,0.774,False,Medium
STU003975,17,A-Level,UK,Homestay,0.925,0.831,96.4,0.809,False,False,0,True,0.835,False,Low
STU003976,17,EAP,International,Homestay,0.762,0.741,72.4,0.789,True,False,3,True,0.758,False,Medium
STU003977,17,A-Level,UK,Day,0.803,0.703,77.0,0.8,False,False,2,True,0.93,False,Medium
STU003978,17,A-Level,International,Day,0.886,0.792,76.4,0.777,True,False,1,True,0.872,False,Medium
STU003979,14,GCSE,International,Day,0.993,1.0,88.4,0.82,False,False,2,True,0.907,True,Low
STU003980,16,A-Level,International,Homestay,0.763,0.646,84.7,0.71,False,False,1,True,0.81,False,Medium
STU003981,17,Foundation,UK,Homestay,0.846,0.802,84.0,0.712,False,False,0,True,0.882,False,Medium
STU003982,19,Foundation,UK,Day,0.978,0.846,86.7,0.883,False,False,0,True,0.737,False,Low
STU003983,15,GCSE,International,Day,0.965,0.951,83.8,0.802,False,False,0,True,0.778,True,Low
STU003984,15,GCSE,International,Day,0.784,0.631,61.8,0.537,True,False,3,True,0.813,False,High
STU003985,19,Foundation,UK,Boarding,0.981,0.887,87.1,0.964,False,False,0,True,0.773,True,Low
STU003986,17,EAP,UK,Boarding,0.903,0.887,78.7,0.925,False,False,0,True,0.717,False,Low
STU003987,14,GCSE,UK,Boarding,0.946,0.973,88.4,0.779,False,False,1,True,0.887,True,Low
STU003988,17,A-Level,International,Homestay,0.851,0.794,91.3,0.874,False,False,0,True,0.873,False,Low
STU003989,16,A-Level,UK,Day,0.868,0.823,84.2,0.778,True,False,0,True,0.814,False,Medium
STU003990,17,Foundation,UK,Boarding,0.818,0.661,59.4,0.695,False,False,0,True,0.792,False,High
STU003991,14,GCSE,UK,Day,0.862,0.721,72.9,0.5,False,False,3,True,0.819,False,Medium
STU003992,15,GCSE,UK,Day,0.879,0.69,56.4,0.504,False,False,4,True,0.74,True,High
STU003993,17,Foundation,UK,Boarding,0.91,0.981,95.1,0.941,False,False,3,True,0.94,False,Low
STU003994,15,GCSE,International,Homestay,1.0,0.856,84.3,0.777,False,False,0,True,0.846,False,Low
STU003995,18,A-Level,UK,Boarding,1.0,0.954,99.6,0.756,False,True,3,True,0.653,False,Low
STU003996,17,A-Level,International,Boarding,0.873,0.694,77.6,0.664,False,False,0,True,0.767,False,Medium
STU003997,18,A-Level,UK,Boarding,1.0,0.777,76.2,0.808,False,False,2,True,0.638,True,Low
STU003998,17,A-Level,UK,Day,0.784,0.651,59.0,0.786,True,False,3,False,0.678,True,High
STU003999,17,A-Level,UK,Boarding,0.928,0.823,80.4,0.67,False,False,0,False,0.666,True,Medium
STU004000,16,GCSE,International,Boarding,0.852,0.687,77.0,0.725,False,False,3,True,0.736,True,Medium
STU004001,16,A-Level,International,Boarding,0.83,0.695,72.3,1.0,False,True,2,True,0.866,False,Medium
STU004002,17,Foundation,EU,Boarding,1.0,0.923,89.3,1.0,False,False,3,True,0.937,False,Low
STU004003,18,Foundation,UK,Boarding,0.873,0.708,66.9,0.505,False,False,5,True,0.782,False,Medium
STU004004,15,GCSE,International,Homestay,0.855,0.647,71.1,0.497,False,False,1,False,0.676,False,High
STU004005,16,GCSE,International,Day,0.773,0.665,67.6,0.872,True,False,2,True,0.751,True,High
STU004006,18,A-Level,UK,Homestay,0.846,0.909,79.7,0.838,False,False,1,True,0.918,False,Low
STU004007,17,A-Level,International,Homestay,0.8,0.812,69.0,0.716,False,False,2,True,1.0,False,Medium
STU004008,17,A-Level,EU,Day,0.916,0.869,95.8,0.825,False,False,1,True,0.87,False,Low
STU004009,17,A-Level,UK,Boarding,0.914,0.905,76.9,0.723,False,False,0,True,0.714,True,Low
STU004010,16,GCSE,UK,Day,0.924,0.71,81.4,0.666,False,False,2,True,0.886,False,Medium
STU004011,16,GCSE,EU,Day,0.899,0.817,80.1,0.822,False,False,0,True,0.786,True,Low
STU004012,18,A-Level,International,Boarding,0.86,0.871,83.0,0.725,False,False,0,True,0.864,False,Low
STU004013,17,A-Level,UK,Homestay,0.854,0.832,81.0,0.838,False,False,1,True,0.784,False,Low
STU004014,16,GCSE,EU,Day,0.865,0.887,72.3,0.654,False,True,0,True,0.899,False,Medium
STU004015,17,A-Level,International,Homestay,0.896,0.699,77.1,0.839,False,False,1,True,0.791,True,Medium
STU004016,16,A-Level,UK,Boarding,0.855,0.649,67.7,0.772,False,False,1,True,0.814,False,Medium
STU004017,19,Foundation,UK,Homestay,0.835,0.599,77.4,0.552,True,False,2,True,0.78,False,High
STU004018,17,Foundation,International,Homestay,1.0,0.997,90.8,1.0,False,False,0,True,0.914,True,Low
STU004019,18,A-Level,UK,Homestay,1.0,0.859,86.5,0.631,False,False,0,True,0.755,False,Low
STU004020,14,GCSE,UK,Boarding,0.818,0.732,79.3,0.819,True,False,0,True,0.916,True,Medium
STU004021,18,A-Level,UK,Homestay,0.849,0.879,85.3,0.786,False,False,0,True,0.713,False,Low
STU004022,15,GCSE,UK,Day,0.897,0.861,86.4,0.811,False,False,0,False,0.647,False,Low
STU004023,17,A-Level,International,Day,0.98,0.839,74.3,0.732,False,False,1,True,0.963,False,Low
STU004024,18,Foundation,International,Day,0.897,0.906,71.0,0.739,False,False,0,True,0.762,True,Low
STU004025,17,A-Level,UK,Boarding,0.925,0.828,68.9,0.767,False,False,0,True,0.873,False,Low
STU004026,18,Foundation,EU,Day,0.854,0.67,65.4,0.61,False,False,1,True,0.679,False,High
STU004027,17,A-Level,International,Day,0.818,0.766,80.9,0.787,False,False,1,True,0.81,False,Medium
STU004028,14,GCSE,UK,Homestay,0.953,0.734,97.2,0.716,False,False,1,True,0.767,False,Low
STU004029,17,Foundation,UK,Boarding,0.914,0.71,86.9,0.537,False,False,1,True,0.906,False,Medium
STU004030,16,A-Level,International,Homestay,0.946,0.86,97.4,1.0,False,False,0,True,0.734,False,Low
STU004031,17,A-Level,International,Day,0.78,0.638,64.1,0.733,False,False,2,True,0.661,False,High
STU004032,18,A-Level,UK,Day,1.0,0.847,92.8,0.839,False,False,1,True,0.903,True,Low
STU004033,16,GCSE,UK,Day,0.838,0.532,64.6,0.586,True,False,3,True,0.702,False,High
STU004034,17,EAP,UK,Day,0.773,0.823,68.6,0.788,False,False,1,True,0.849,False,Medium
STU004035,15,GCSE,UK,Day,0.916,0.854,92.2,0.786,True,False,2,True,0.737,False,Medium
STU004036,18,EAP,International,Day,0.874,0.822,73.8,0.619,False,False,1,True,0.719,False,Medium
STU004037,17,EAP,UK,Day,0.902,0.815,95.3,0.878,False,False,1,True,0.73,False,Low
STU004038,18,Foundation,UK,Boarding,0.867,0.783,81.2,0.643,False,False,0,True,0.702,True,Medium
STU004039,17,A-Level,EU,Day,0.893,0.65,68.9,0.598,False,False,3,True,0.689,False,High
STU004040,16,A-Level,International,Day,0.897,0.717,65.9,0.648,False,False,1,True,0.881,False,Medium
STU004041,17,Foundation,UK,Boarding,0.783,0.928,87.2,0.984,False,False,0,True,0.944,False,Low
STU004042,16,A-Level,UK,Boarding,0.961,0.977,97.7,0.876,False,False,2,True,0.731,False,Low
STU004043,17,A-Level,International,Homestay,0.908,0.821,81.7,0.756,False,False,0,True,0.851,False,Low
STU004044,16,A-Level,EU,Day,0.931,0.963,96.9,0.973,False,False,0,True,0.787,False,Low
STU004045,16,A-Level,UK,Homestay,0.957,0.78,79.3,0.67,False,False,0,True,0.734,False,Medium
STU004046,17,A-Level,UK,Homestay,0.908,0.844,76.2,0.636,False,False,0,True,0.873,False,Medium
STU004047,16,A-Level,UK,Boarding,0.923,0.705,74.0,0.655,False,False,1,True,0.868,True,Medium
STU004048,16,A-Level,EU,Day,0.761,0.78,78.2,0.896,True,False,1,True,0.895,False,Medium
STU004049,19,Foundation,UK,Day,0.842,0.919,81.0,0.863,False,False,2,True,0.824,False,Low
STU004050,14,GCSE,UK,Boarding,0.906,0.723,72.1,0.64,False,False,0,True,0.754,True,Medium
STU004051,18,EAP,UK,Boarding,0.913,0.801,69.6,0.728,False,False,1,True,0.905,False,Medium
STU004052,17,A-Level,UK,Homestay,0.928,0.873,85.0,0.802,False,False,0,True,0.798,False,Low
STU004053,18,Foundation,EU,Boarding,0.95,0.836,74.3,0.644,True,False,0,True,0.929,False,Medium
STU004054,17,A-Level,UK,Homestay,0.893,0.735,68.2,0.731,False,False,1,True,0.847,True,Medium
STU004055,18,Foundation,UK,Homestay,0.925,0.817,76.9,0.677,False,False,0,True,0.884,False,Low
STU004056,16,GCSE,International,Homestay,0.904,0.877,82.4,0.729,False,False,2,True,0.882,False,Low
STU004057,18,Foundation,EU,Day,0.883,0.925,88.1,0.875,False,False,2,True,0.756,True,Low
STU004058,16,GCSE,UK,Day,0.885,0.87,89.4,0.938,False,False,0,True,0.855,False,Low
STU004059,18,Foundation,International,Boarding,0.783,0.577,62.8,0.516,True,False,5,True,0.815,False,High
STU004060,19,EAP,UK,Boarding,0.892,0.85,77.7,0.873,False,False,1,True,0.808,False,Low
STU004061,17,A-Level,International,Day,0.885,0.773,83.0,0.829,False,False,3,True,1.0,False,Low
STU004062,16,GCSE,International,Boarding,0.773,0.687,58.6,0.625,True,True,2,True,0.669,False,High
STU004063,18,Foundation,International,Boarding,0.778,0.724,68.8,0.659,False,False,3,True,1.0,True,Medium
STU004064,17,A-Level,International,Day,0.836,0.543,60.0,0.655,False,True,1,True,0.847,False,High
STU004065,19,Foundation,UK,Boarding,0.839,0.72,68.9,0.535,False,False,3,True,0.93,False,Medium
STU004066,16,GCSE,International,Homestay,0.823,0.692,78.1,0.736,True,False,1,True,0.957,False,Medium
STU004067,16,GCSE,UK,Boarding,0.775,0.655,68.0,0.549,True,False,1,True,0.872,False,High
STU004068,17,EAP,UK,Boarding,0.86,0.778,77.2,0.566,True,False,0,True,0.872,False,Medium
STU004069,17,A-Level,International,Day,0.879,0.737,86.4,0.784,False,False,0,True,0.782,True,Low
STU004070,18,Foundation,EU,Boarding,0.856,0.775,71.3,0.803,False,False,0,True,0.823,False,Medium
STU004071,17,A-Level,International,Homestay,0.92,0.842,84.0,0.866,False,False,0,True,0.785,False,Low
STU004072,16,A-Level,UK,Day,0.926,0.807,84.1,0.985,False,False,0,True,0.792,True,Low
STU004073,17,A-Level,EU,Day,0.897,0.815,82.8,0.758,False,False,1,True,0.979,False,Low
STU004074,18,A-Level,UK,Boarding,0.94,0.852,84.5,0.737,False,False,0,True,0.784,False,Low
STU004075,16,A-Level,International,Homestay,0.871,0.739,65.8,0.695,False,False,2,True,0.885,True,Medium
STU004076,17,A-Level,UK,Day,0.928,0.855,90.7,0.732,False,False,2,True,0.956,True,Low
STU004077,17,A-Level,UK,Day,0.897,0.889,77.3,0.665,False,False,0,True,0.904,False,Low
STU004078,16,A-Level,UK,Day,0.83,0.687,74.8,0.671,False,False,1,True,0.882,True,Medium
STU004079,18,Foundation,International,Day,0.844,0.737,78.3,0.673,False,False,0,True,0.719,False,Medium
STU004080,15,GCSE,UK,Boarding,0.949,0.716,73.4,0.587,True,False,3,True,0.88,False,Medium
STU004081,16,A-Level,International,Homestay,1.0,1.0,85.1,1.0,False,False,2,True,0.908,False,Low
STU004082,16,GCSE,UK,Day,0.95,0.943,89.6,0.924,False,False,0,False,0.811,False,Low
STU004083,18,A-Level,UK,Boarding,0.859,0.778,73.8,0.513,False,False,0,True,0.809,True,Medium
STU004084,18,Foundation,UK,Homestay,1.0,0.882,86.8,0.868,False,False,0,True,0.761,False,Low
STU004085,14,GCSE,International,Day,0.943,0.967,84.4,0.747,False,False,0,True,0.73,True,Low
STU004086,15,GCSE,UK,Boarding,0.923,0.901,88.6,0.763,False,False,1,True,0.737,False,Low
STU004087,15,GCSE,UK,Boarding,1.0,0.721,88.9,0.606,False,False,0,True,0.915,False,Low
STU004088,17,A-Level,International,Day,0.84,0.585,80.1,0.506,False,False,2,True,0.547,True,High
STU004089,17,Foundation,UK,Day,0.954,0.855,89.3,0.803,False,False,0,True,0.846,True,Low
STU004090,15,GCSE,International,Boarding,0.843,0.787,81.4,0.665,False,False,0,True,0.785,True,Medium
STU004091,19,Foundation,UK,Day,0.858,0.737,65.4,0.7,False,False,1,False,0.82,True,Medium
STU004092,17,A-Level,EU,Day,1.0,0.801,83.9,0.775,False,False,0,True,0.955,False,Low
STU004093,17,A-Level,UK,Homestay,0.935,0.935,89.9,0.843,False,False,0,True,0.853,True,Low
STU004094,19,EAP,EU,Boarding,1.0,0.961,76.5,0.956,False,False,0,True,0.807,False,Low
STU004095,17,A-Level,International,Homestay,0.869,0.665,82.5,0.588,True,False,0,True,0.698,False,High
STU004096,17,A-Level,International,Day,0.928,0.724,76.2,0.661,False,False,2,True,0.783,False,Medium
STU004097,15,GCSE,EU,Homestay,0.856,0.773,71.8,0.733,False,False,0,True,0.858,False,Medium
STU004098,16,GCSE,International,Boarding,0.968,0.84,78.6,0.913,False,False,1,True,0.81,True,Low
STU004099,17,A-Level,UK,Homestay,0.902,0.871,83.6,0.73,False,False,1,False,0.679,False,Low
STU004100,16,GCSE,UK,Day,0.906,0.869,85.2,0.755,False,False,2,True,0.985,True,Low
STU004101,17,A-Level,International,Day,0.882,0.654,81.5,0.583,False,False,0,True,0.746,False,Medium
STU004102,17,A-Level,International,Boarding,0.893,0.624,63.7,0.488,False,False,0,True,0.737,False,High
STU004103,17,A-Level,UK,Boarding,0.902,1.0,90.2,1.0,False,False,1,True,0.798,False,Low
STU004104,15,GCSE,International,Homestay,0.847,0.787,74.1,0.712,True,False,1,True,0.991,False,Medium
STU004105,17,A-Level,UK,Day,0.896,0.811,75.0,0.631,False,False,1,False,0.679,False,Medium
STU004106,17,A-Level,International,Homestay,0.791,0.727,64.4,0.449,False,False,3,True,0.774,False,High
STU004107,18,EAP,International,Homestay,0.884,0.809,92.5,0.971,False,True,0,True,0.617,True,Low
STU004108,14,GCSE,EU,Boarding,0.891,0.731,81.5,0.618,False,False,0,True,0.898,False,Medium
STU004109,19,Foundation,UK,Day,0.668,0.779,71.0,0.567,False,False,0,True,0.953,False,High
STU004110,16,A-Level,International,Homestay,0.789,0.824,78.5,0.619,False,False,2,False,0.76,False,Medium
STU004111,18,A-Level,International,Boarding,0.867,0.84,87.3,0.757,False,False,0,True,0.839,False,Low
STU004112,17,A-Level,UK,Homestay,0.99,0.911,82.9,0.872,False,False,3,True,0.814,False,Low
STU004113,14,GCSE,EU,Homestay,0.943,0.856,75.7,0.718,False,False,0,True,0.787,False,Low
STU004114,15,GCSE,International,Day,0.852,0.712,71.3,0.588,False,False,1,True,0.899,False,Medium
STU004115,17,A-Level,UK,Boarding,0.814,0.741,81.7,0.96,True,False,1,True,0.765,False,Medium
STU004116,17,A-Level,UK,Day,0.977,0.767,96.2,0.731,False,False,0,True,0.736,False,Low
STU004117,17,EAP,UK,Homestay,0.857,0.975,83.4,0.787,False,False,0,False,0.779,False,Low
STU004118,16,A-Level,EU,Day,0.824,0.64,61.8,0.541,False,False,3,True,0.794,False,High
STU004119,16,GCSE,International,Day,0.962,0.949,89.4,0.832,False,False,0,True,0.708,False,Low
STU004120,17,Foundation,International,Homestay,0.978,0.748,83.2,0.951,False,False,4,True,0.869,False,Low
STU004121,17,A-Level,UK,Day,0.858,0.697,82.2,0.633,False,False,3,True,0.936,False,Medium
STU004122,17,A-Level,International,Boarding,0.934,0.731,76.0,0.55,False,False,2,True,0.895,True,Medium
STU004123,17,A-Level,International,Day,0.897,0.743,81.0,0.708,False,False,1,True,0.896,False,Medium
STU004124,17,EAP,EU,Boarding,0.819,0.755,72.6,0.949,True,False,3,True,0.786,False,Medium
STU004125,18,Foundation,UK,Boarding,0.982,0.915,86.9,0.745,False,False,2,True,0.999,False,Low
STU004126,17,A-Level,International,Day,0.854,0.912,77.9,1.0,False,False,0,True,0.906,False,Low
STU004127,17,A-Level,UK,Homestay,0.953,0.77,77.6,0.712,False,False,0,True,0.914,False,Low
STU004128,16,EAP,UK,Day,0.905,0.692,68.8,0.588,False,False,4,True,0.788,False,Medium
STU004129,17,A-Level,EU,Day,0.888,0.666,76.2,0.688,False,False,4,True,0.836,True,Medium
STU004130,15,GCSE,International,Day,0.861,0.596,66.5,0.493,False,False,2,True,0.737,False,High
STU004131,16,A-Level,UK,Boarding,0.831,0.644,62.8,0.638,False,False,2,True,0.88,False,High
STU004132,15,GCSE,International,Day,0.883,0.77,82.3,0.773,False,False,1,True,0.868,False,Low
STU004133,17,A-Level,UK,Day,0.864,1.0,86.6,0.683,False,False,1,True,0.798,False,Low
STU004134,17,A-Level,International,Homestay,0.906,0.82,90.0,0.89,False,False,0,True,0.993,True,Low
STU004135,17,A-Level,UK,Day,0.816,0.693,71.4,0.653,False,False,1,True,0.755,True,Medium
STU004136,15,GCSE,UK,Day,0.889,0.676,68.8,0.551,False,False,0,True,0.71,False,High
STU004137,18,Foundation,EU,Day,0.928,0.88,78.7,0.816,False,False,0,True,1.0,False,Low
STU004138,16,A-Level,EU,Day,0.853,0.668,77.0,0.716,False,False,0,True,0.799,False,Medium
STU004139,17,A-Level,International,Day,0.952,0.758,83.3,0.776,False,False,0,True,0.84,False,Low
STU004140,17,A-Level,International,Day,0.959,0.871,77.9,0.629,False,False,0,True,0.887,False,Low
STU004141,17,A-Level,EU,Day,0.815,0.788,76.3,0.749,False,False,1,False,0.731,False,Medium
STU004142,15,GCSE,International,Day,0.847,0.846,84.5,0.878,False,False,0,True,0.787,True,Low
STU004143,15,GCSE,EU,Day,0.731,0.657,61.8,0.457,True,False,3,True,0.568,False,High
STU004144,18,Foundation,UK,Boarding,0.872,0.641,68.2,0.494,True,False,0,True,0.89,True,High
STU004145,18,EAP,UK,Boarding,0.909,0.663,83.7,0.624,False,False,1,True,0.784,True,Medium
STU004146,17,A-Level,UK,Day,0.788,0.775,66.7,0.701,False,False,1,True,1.0,False,Medium
STU004147,15,GCSE,International,Homestay,0.854,0.738,70.6,0.522,False,False,1,True,0.965,False,Medium
STU004148,17,A-Level,UK,Homestay,0.922,0.715,89.5,0.804,False,False,2,True,1.0,False,Low
STU004149,17,Foundation,UK,Homestay,0.908,0.866,85.5,0.831,False,False,1,True,0.872,False,Low
STU004150,17,Foundation,UK,Day,0.985,0.942,82.6,0.867,False,False,0,True,0.811,True,Low
STU004151,15,GCSE,EU,Boarding,0.819,0.924,88.4,1.0,False,False,0,True,0.729,False,Low
STU004152,16,GCSE,UK,Day,0.899,0.776,77.2,0.511,False,False,0,True,0.804,False,Medium
STU004153,18,Foundation,UK,Homestay,0.83,0.726,79.1,0.549,False,False,0,True,0.858,True,Medium
STU004154,16,A-Level,EU,Day,0.908,0.953,93.4,0.912,False,False,1,True,0.833,True,Low
STU004155,17,A-Level,International,Day,0.887,0.745,74.4,0.813,False,False,0,True,0.778,False,Medium
STU004156,16,GCSE,UK,Day,0.919,0.99,89.4,0.881,False,False,1,True,0.759,False,Low
STU004157,18,A-Level,EU,Boarding,0.871,0.54,71.0,0.497,False,False,4,True,0.738,True,High
STU004158,18,Foundation,UK,Boarding,0.953,0.856,75.6,0.646,False,False,1,True,0.812,False,Low
STU004159,19,EAP,International,Day,0.85,0.766,80.8,0.9,False,False,2,True,0.947,False,Low
STU004160,16,A-Level,UK,Day,0.829,0.854,67.3,0.703,False,False,2,True,0.858,False,Medium
STU004161,16,A-Level,International,Homestay,0.916,0.938,88.7,0.92,False,False,2,True,0.77,False,Low
STU004162,14,GCSE,International,Homestay,1.0,0.798,83.5,0.73,False,False,1,True,0.932,False,Low
STU004163,17,A-Level,International,Boarding,0.794,0.708,70.3,0.682,False,False,0,True,0.832,False,Medium
STU004164,16,A-Level,UK,Boarding,0.82,0.831,89.3,0.994,False,False,0,True,0.932,False,Low
STU004165,17,A-Level,EU,Day,0.916,0.826,86.4,0.637,False,False,1,True,0.799,False,Low
STU004166,17,A-Level,UK,Day,0.979,0.78,77.0,0.879,False,False,1,True,0.925,False,Low
STU004167,15,GCSE,International,Day,0.921,0.718,82.3,0.557,False,False,0,True,0.97,False,Medium
STU004168,16,GCSE,International,Day,0.787,0.65,66.9,0.529,True,False,3,True,0.853,False,High
STU004169,16,A-Level,International,Boarding,0.929,0.709,74.4,0.857,False,False,0,True,0.83,True,Low
STU004170,15,GCSE,International,Day,0.936,0.65,82.3,0.581,False,False,2,True,0.674,False,Medium
STU004171,16,GCSE,EU,Day,0.852,0.908,84.0,0.819,False,False,1,True,1.0,True,Low
STU004172,16,EAP,EU,Day,0.958,0.701,72.3,0.804,False,False,1,True,0.706,False,Medium
STU004173,17,A-Level,UK,Day,0.898,0.681,69.7,0.637,False,False,0,True,0.758,False,Medium
STU004174,18,A-Level,EU,Boarding,0.744,0.775,70.8,0.633,True,False,1,True,0.993,False,High
STU004175,19,Foundation,International,Day,0.891,0.815,82.6,0.71,False,False,1,True,0.923,True,Low
STU004176,19,EAP,International,Day,0.86,0.871,87.6,0.702,False,False,0,True,0.898,True,Low
STU004177,17,A-Level,EU,Boarding,0.991,0.778,84.2,0.737,False,False,1,True,0.753,False,Low
STU004178,18,Foundation,International,Day,0.772,0.559,54.6,0.56,False,True,2,True,0.759,False,High
STU004179,16,A-Level,International,Day,0.866,0.709,68.4,0.528,False,False,1,True,0.825,False,Medium
STU004180,17,A-Level,EU,Boarding,0.918,0.752,90.3,0.508,False,False,1,True,0.882,False,Medium
STU004181,16,A-Level,UK,Day,1.0,0.762,96.9,0.86,False,False,1,True,0.717,True,Low
STU004182,17,A-Level,International,Boarding,0.964,0.824,81.3,0.777,True,False,0,True,0.859,False,Medium
STU004183,18,A-Level,UK,Boarding,0.897,0.7,80.6,0.658,False,False,1,True,0.851,True,Medium
STU004184,17,A-Level,UK,Day,0.836,0.729,69.8,0.684,True,True,4,True,0.821,False,High
STU004185,15,GCSE,UK,Day,0.903,0.887,90.9,0.85,True,False,2,True,1.0,False,Low
STU004186,17,A-Level,International,Homestay,0.795,0.638,71.1,0.58,True,False,2,True,0.623,False,High
STU004187,15,GCSE,UK,Day,0.901,0.881,83.1,0.703,False,False,0,True,0.813,False,Low
STU004188,18,A-Level,International,Homestay,0.995,0.929,100.0,1.0,False,False,1,True,0.869,False,Low
STU004189,17,A-Level,International,Day,0.85,0.787,72.6,0.728,True,True,2,True,0.993,False,High
STU004190,18,Foundation,International,Boarding,1.0,0.995,89.0,0.939,False,False,0,False,0.714,False,Low
STU004191,18,Foundation,EU,Boarding,0.869,0.885,89.1,0.856,False,False,1,True,0.967,False,Low
STU004192,17,Foundation,International,Homestay,0.894,0.857,88.4,0.843,False,False,0,True,0.832,False,Low
STU004193,17,A-Level,UK,Day,0.894,0.909,78.5,0.665,False,False,0,True,0.969,False,Low
STU004194,19,Foundation,UK,Day,0.809,0.732,82.5,0.627,False,False,0,True,0.756,True,Medium
STU004195,16,A-Level,International,Day,0.977,0.947,92.8,0.871,False,False,1,True,0.625,False,Low
STU004196,14,GCSE,UK,Homestay,0.877,0.692,76.7,0.787,False,False,1,True,0.744,False,Medium
STU004197,14,GCSE,International,Day,0.846,0.773,76.9,0.7,True,False,1,True,0.761,True,Medium
STU004198,17,A-Level,EU,Homestay,0.804,0.842,84.8,0.747,False,True,0,True,0.752,False,Medium
STU004199,17,A-Level,UK,Day,1.0,0.801,82.6,0.707,False,False,0,True,0.771,True,Low
STU004200,17,A-Level,International,Day,0.986,0.905,81.6,0.652,False,False,0,True,0.852,False,Low
STU004201,18,Foundation,International,Day,0.904,0.708,70.5,0.699,False,False,0,True,0.816,False,Medium
STU004202,16,GCSE,UK,Boarding,0.814,0.657,56.4,0.666,False,False,1,True,0.903,True,High
STU004203,16,GCSE,International,Homestay,0.919,0.752,68.1,0.646,True,False,1,True,0.893,False,Medium
STU004204,19,EAP,International,Day,0.976,0.966,87.7,1.0,False,False,2,True,0.876,False,Low
STU004205,16,GCSE,EU,Homestay,0.835,0.786,93.3,0.883,False,False,3,True,0.897,False,Low
STU004206,17,A-Level,International,Day,0.89,0.743,68.7,0.853,False,False,1,True,0.74,False,Medium
STU004207,17,A-Level,UK,Boarding,0.905,0.963,86.1,0.904,False,False,0,True,0.835,True,Low
STU004208,18,A-Level,EU,Boarding,0.976,0.667,65.5,0.634,False,False,2,True,0.773,False,Medium
STU004209,16,GCSE,UK,Day,0.889,0.862,79.3,0.816,False,False,1,True,0.809,False,Low
STU004210,14,GCSE,EU,Day,0.967,0.772,99.1,0.761,False,False,1,True,0.822,False,Low
STU004211,14,GCSE,EU,Day,0.846,0.764,63.1,0.655,False,False,0,True,0.954,False,Medium
STU004212,18,A-Level,International,Day,0.826,0.737,73.2,0.688,False,False,1,True,0.853,True,Medium
STU004213,17,A-Level,International,Homestay,0.985,0.937,69.8,0.707,True,False,0,True,0.849,False,Medium
STU004214,16,GCSE,UK,Homestay,0.808,0.834,79.2,0.648,False,False,1,True,0.807,False,Medium
STU004215,17,A-Level,International,Boarding,0.847,0.731,81.8,0.658,False,False,0,True,1.0,True,Medium
STU004216,17,Foundation,EU,Boarding,0.955,0.883,70.4,0.649,False,False,0,True,0.969,False,Low
STU004217,14,GCSE,International,Day,0.863,0.552,74.0,0.53,False,False,0,True,0.819,True,High
STU004218,16,A-Level,UK,Day,0.861,0.791,88.8,0.786,False,False,1,True,0.946,False,Low
STU004219,16,A-Level,International,Homestay,0.886,0.642,75.8,0.412,False,False,0,True,0.762,False,High
STU004220,17,A-Level,International,Boarding,0.695,0.544,69.3,0.86,True,False,2,True,0.748,False,High
STU004221,17,A-Level,International,Boarding,0.978,0.791,71.4,0.716,False,False,0,True,0.784,False,Low
STU004222,18,A-Level,International,Boarding,0.912,0.821,89.1,0.545,False,False,0,True,0.958,False,Low
STU004223,18,Foundation,UK,Day,0.843,0.823,78.8,0.822,False,False,1,True,0.953,True,Low
STU004224,18,Foundation,International,Day,0.78,0.779,72.0,0.715,False,False,0,True,1.0,True,Medium
STU004225,17,A-Level,EU,Boarding,0.804,0.614,75.1,0.598,False,False,0,True,0.799,False,High
STU004226,18,Foundation,UK,Day,0.788,0.649,69.7,0.666,False,False,0,True,0.828,False,Medium
STU004227,17,A-Level,International,Homestay,0.916,0.803,74.9,0.751,False,False,0,True,0.848,True,Low
STU004228,16,A-Level,International,Day,0.917,0.897,83.4,0.893,False,False,1,True,0.791,False,Low
STU004229,16,A-Level,UK,Day,0.943,0.756,73.5,0.457,False,False,0,True,0.822,True,Medium
STU004230,14,GCSE,UK,Day,0.951,0.849,93.2,0.796,False,False,1,True,0.786,False,Low
STU004231,17,Foundation,UK,Boarding,0.944,0.88,89.5,1.0,False,False,1,True,0.662,False,Low
STU004232,17,A-Level,UK,Boarding,0.909,0.689,75.7,0.637,True,True,4,True,0.89,False,High
STU004233,16,A-Level,UK,Day,0.984,0.841,82.4,0.882,False,False,1,False,0.674,True,Low
STU004234,19,EAP,UK,Day,0.967,0.843,79.6,0.916,False,False,1,True,0.807,True,Low
STU004235,16,GCSE,UK,Boarding,0.917,0.831,92.5,0.968,False,False,1,True,0.841,False,Low
STU004236,18,A-Level,International,Day,0.95,0.893,83.3,0.806,False,False,0,True,0.825,False,Low
STU004237,16,GCSE,International,Day,0.871,0.819,80.0,0.806,False,False,0,True,0.81,False,Low
STU004238,18,Foundation,UK,Day,0.885,0.903,92.7,0.906,False,False,0,True,0.881,False,Low
STU004239,18,Foundation,International,Day,1.0,0.888,81.9,0.904,False,False,2,True,0.781,False,Low
STU004240,16,A-Level,International,Boarding,0.824,0.641,68.6,0.59,True,False,3,False,0.863,False,High
STU004241,18,A-Level,EU,Day,0.856,0.597,70.0,0.648,False,False,2,True,0.741,True,High
STU004242,18,A-Level,EU,Day,0.875,0.864,84.4,0.776,False,False,1,True,0.795,False,Low
STU004243,19,Foundation,UK,Day,0.862,0.867,88.3,0.872,False,False,0,True,0.956,False,Low
STU004244,17,A-Level,UK,Day,0.867,0.813,94.3,0.781,False,False,2,True,0.943,False,Low
STU004245,17,A-Level,UK,Homestay,0.917,0.841,67.3,0.638,False,False,0,True,0.889,False,Medium
STU004246,16,EAP,EU,Day,0.844,0.866,73.5,0.721,True,False,1,True,0.848,True,Medium
STU004247,16,A-Level,EU,Boarding,0.964,0.718,77.6,0.617,False,False,2,True,0.883,True,Medium
STU004248,16,GCSE,International,Day,1.0,1.0,89.1,0.851,False,False,1,True,0.881,False,Low
STU004249,17,A-Level,UK,Homestay,0.818,0.875,75.3,0.906,True,False,3,True,0.77,True,Medium
STU004250,19,EAP,International,Homestay,0.895,0.816,69.5,0.866,False,False,0,True,0.835,True,Low
STU004251,16,A-Level,EU,Day,0.771,0.545,59.5,0.462,False,False,1,True,0.968,False,High
STU004252,16,GCSE,International,Homestay,0.81,0.77,78.2,0.707,False,False,1,True,0.892,False,Medium
STU004253,17,A-Level,UK,Day,0.89,0.89,88.6,0.749,False,False,1,True,0.793,False,Low
STU004254,18,A-Level,International,Day,0.897,0.679,70.0,0.69,False,True,3,True,0.828,True,High
STU004255,16,GCSE,International,Day,0.934,0.623,73.7,0.505,False,False,3,True,0.654,False,High
STU004256,18,A-Level,International,Day,0.943,0.904,85.7,0.832,False,False,0,True,0.741,False,Low
STU004257,17,EAP,International,Day,0.988,0.939,92.9,0.958,False,False,3,True,0.874,False,Low
STU004258,18,A-Level,UK,Day,1.0,0.896,75.6,0.694,False,False,0,True,0.953,False,Low
STU004259,16,A-Level,International,Day,0.883,0.777,80.7,0.64,False,False,0,True,0.841,True,Medium
STU004260,16,A-Level,UK,Boarding,0.844,0.786,73.2,0.692,False,False,1,True,0.751,False,Medium
STU004261,15,GCSE,EU,Day,0.946,0.924,85.2,0.965,False,False,0,True,0.864,False,Low
STU004262,19,Foundation,UK,Day,0.965,0.85,83.1,0.78,False,False,1,False,0.795,True,Low
STU004263,17,A-Level,UK,Day,0.91,0.829,78.3,0.667,False,False,1,True,0.904,False,Low
STU004264,18,A-Level,International,Day,0.887,0.672,70.7,0.701,False,False,1,False,0.739,False,Medium
STU004265,17,A-Level,International,Day,0.825,0.706,80.9,0.746,True,False,5,True,0.774,False,Medium
STU004266,16,A-Level,EU,Day,0.837,0.635,65.6,0.484,False,True,1,True,0.604,False,High
STU004267,18,A-Level,International,Boarding,0.948,0.786,76.9,0.749,False,False,0,True,0.981,True,Low
STU004268,14,GCSE,EU,Day,0.853,0.803,74.4,0.672,False,False,1,True,0.921,False,Medium
STU004269,19,Foundation,UK,Homestay,0.844,0.844,80.1,0.747,False,False,1,True,0.888,False,Low
STU004270,17,EAP,UK,Day,0.942,0.883,80.7,0.74,False,False,0,True,0.838,False,Low
STU004271,17,A-Level,International,Day,0.841,0.771,68.4,0.569,False,False,2,True,0.683,False,Medium
STU004272,17,EAP,UK,Day,0.911,0.901,86.8,0.922,False,False,1,True,1.0,False,Low
STU004273,14,GCSE,EU,Homestay,0.907,0.601,69.8,0.517,False,False,1,True,0.853,False,High
STU004274,17,A-Level,UK,Boarding,0.9,0.862,84.3,0.943,False,False,0,True,0.976,False,Low
STU004275,16,A-Level,UK,Day,0.855,0.831,89.9,0.776,False,False,0,True,0.858,False,Low
STU004276,16,A-Level,International,Day,1.0,0.915,88.1,0.882,False,False,0,True,0.811,False,Low
STU004277,16,A-Level,EU,Day,0.928,0.899,77.7,0.775,False,False,0,True,0.838,False,Low
STU004278,17,A-Level,UK,Day,0.864,0.865,86.5,0.88,False,False,0,True,0.774,False,Low
STU004279,16,GCSE,UK,Boarding,0.853,0.739,65.1,0.736,True,False,3,True,0.681,False,High
STU004280,17,A-Level,UK,Boarding,1.0,0.869,97.6,0.957,False,False,0,False,0.623,True,Low
STU004281,16,GCSE,UK,Day,0.853,0.783,72.0,0.816,False,True,3,True,0.778,False,Medium
STU004282,18,Foundation,EU,Day,1.0,1.0,87.3,0.964,False,False,0,True,0.906,False,Low
STU004283,15,GCSE,International,Boarding,0.779,0.613,60.9,0.565,True,False,1,True,0.793,True,High
STU004284,15,GCSE,UK,Boarding,0.84,0.807,79.9,0.663,False,False,1,True,0.924,False,Medium
STU004285,17,A-Level,UK,Homestay,0.75,0.573,53.0,0.69,False,False,1,True,0.783,False,High
STU004286,17,A-Level,UK,Day,1.0,0.804,82.7,0.8,False,False,0,True,0.739,False,Low
STU004287,17,Foundation,UK,Boarding,0.781,0.643,76.2,0.8,False,False,4,True,0.721,False,Medium
STU004288,18,A-Level,EU,Day,0.912,0.597,81.8,0.671,False,False,2,True,0.787,False,Medium
STU004289,17,A-Level,UK,Day,1.0,0.723,71.1,0.799,False,False,2,False,0.775,False,Low
STU004290,18,Foundation,UK,Boarding,0.892,0.782,62.7,0.835,True,False,3,True,0.798,False,Medium
STU004291,17,A-Level,International,Homestay,0.926,0.848,76.6,0.537,False,False,0,True,0.78,False,Medium
STU004292,14,GCSE,UK,Day,0.99,0.778,87.1,0.902,False,False,0,False,0.775,False,Low
STU004293,16,A-Level,International,Boarding,0.853,0.877,80.8,0.979,False,False,0,True,0.906,False,Low
STU004294,16,EAP,EU,Boarding,0.936,0.788,79.6,0.711,False,False,0,True,0.615,False,Medium
STU004295,17,A-Level,UK,Day,0.892,0.877,87.0,0.929,False,False,1,True,0.775,False,Low
STU004296,17,A-Level,International,Homestay,0.819,0.705,77.0,0.707,True,False,2,True,0.742,False,High
STU004297,16,GCSE,EU,Boarding,0.913,0.711,81.5,0.635,False,False,1,True,0.893,False,Medium
STU004298,14,GCSE,EU,Boarding,0.982,0.711,74.2,0.871,False,False,1,True,0.869,False,Low
STU004299,17,A-Level,International,Day,1.0,0.995,88.0,1.0,False,False,0,True,0.898,False,Low
STU004300,17,A-Level,International,Day,0.822,0.821,61.0,0.672,False,True,2,False,0.634,False,High
STU004301,14,GCSE,International,Homestay,0.824,0.697,80.8,0.573,False,False,0,True,0.761,True,Medium
STU004302,18,EAP,International,Day,0.784,0.584,55.2,0.439,True,False,4,True,0.729,False,High
STU004303,17,Foundation,International,Day,0.965,0.683,72.5,0.771,True,False,1,True,0.694,False,Medium
STU004304,16,A-Level,UK,Homestay,1.0,0.838,80.9,0.82,False,False,1,False,0.652,False,Low
STU004305,18,Foundation,EU,Homestay,0.824,0.9,92.1,0.968,False,False,2,True,0.785,True,Low
STU004306,15,GCSE,UK,Day,1.0,0.869,82.5,1.0,False,False,0,False,0.639,False,Low
STU004307,16,A-Level,UK,Day,0.85,0.735,85.6,0.653,False,False,0,True,0.7,False,Medium
STU004308,16,A-Level,EU,Boarding,0.883,0.94,72.5,0.812,True,False,0,True,0.838,False,Medium
STU004309,18,Foundation,International,Day,0.85,0.749,62.7,0.624,False,False,1,True,0.915,False,Medium
STU004310,18,Foundation,UK,Day,1.0,0.795,79.0,0.839,False,False,0,True,0.899,True,Low
STU004311,16,A-Level,International,Day,0.86,0.999,98.8,0.721,False,False,0,True,0.799,False,Low
STU004312,17,EAP,EU,Boarding,0.827,0.768,62.4,0.667,False,False,1,True,1.0,False,Medium
STU004313,15,GCSE,UK,Day,0.868,0.707,78.4,0.706,False,False,1,True,0.783,False,Medium
STU004314,18,Foundation,UK,Boarding,1.0,0.914,88.8,0.931,False,False,2,True,0.856,True,Low
STU004315,18,EAP,UK,Boarding,0.854,0.653,74.8,0.887,True,False,2,True,0.845,False,Medium
STU004316,15,GCSE,UK,Day,0.828,0.681,85.9,0.685,False,False,3,True,0.795,False,Medium
STU004317,17,Foundation,International,Day,0.845,0.85,76.0,0.75,False,False,0,True,0.988,True,Low
STU004318,14,GCSE,UK,Day,0.778,0.535,66.8,0.459,False,False,2,True,0.929,False,High
STU004319,18,A-Level,UK,Day,0.938,0.731,79.9,0.805,False,False,1,True,0.905,True,Low
STU004320,16,A-Level,International,Day,0.812,0.814,73.4,0.684,False,False,0,True,0.819,False,Medium
STU004321,16,A-Level,EU,Boarding,0.977,1.0,84.0,0.779,False,False,2,True,0.797,False,Low
STU004322,16,EAP,UK,Day,0.955,0.883,86.4,0.772,False,False,1,True,0.793,False,Low
STU004323,17,A-Level,UK,Boarding,0.893,0.899,78.2,0.638,False,False,1,True,1.0,False,Low
STU004324,17,A-Level,UK,Boarding,0.947,0.648,69.5,0.617,True,False,1,False,0.664,False,High
STU004325,19,Foundation,International,Day,0.965,0.864,76.3,0.733,False,False,1,True,0.979,False,Low
STU004326,19,EAP,International,Day,0.911,0.861,75.8,0.651,False,False,1,True,0.904,True,Low
STU004327,15,GCSE,International,Homestay,0.802,0.638,72.1,0.693,True,False,1,True,0.694,True,High
STU004328,17,EAP,UK,Boarding,0.929,0.796,79.2,0.885,False,False,1,True,0.928,False,Low
STU004329,15,GCSE,International,Homestay,0.89,0.72,75.6,0.672,True,False,0,True,0.831,False,Medium
STU004330,17,Foundation,UK,Day,0.934,0.877,90.1,0.822,False,False,1,True,0.823,True,Low
STU004331,16,A-Level,UK,Homestay,0.818,0.672,69.0,0.647,True,True,1,True,0.718,False,High
STU004332,14,GCSE,UK,Day,0.923,0.885,93.6,0.882,False,False,1,True,0.827,True,Low
STU004333,16,A-Level,International,Day,0.921,0.723,85.5,0.771,False,False,1,True,0.768,False,Low
STU004334,16,A-Level,International,Day,0.995,0.904,93.2,0.831,False,False,1,True,0.768,False,Low
STU004335,17,A-Level,International,Day,0.811,0.85,78.5,0.811,False,False,2,True,0.872,False,Low
STU004336,16,GCSE,International,Boarding,0.755,0.664,51.3,0.629,True,False,4,True,0.813,False,High
STU004337,17,A-Level,UK,Day,0.905,0.815,74.7,0.925,False,False,1,True,0.831,False,Low
STU004338,19,EAP,UK,Homestay,0.847,0.633,71.5,0.701,False,False,0,True,0.479,True,Medium
STU004339,17,A-Level,International,Boarding,0.915,0.907,90.7,0.969,False,False,1,True,0.795,False,Low
STU004340,15,GCSE,International,Homestay,0.822,0.695,80.4,0.676,False,False,1,True,0.808,False,Medium
STU004341,17,A-Level,International,Day,0.833,0.863,73.8,0.647,False,False,3,True,0.967,False,Medium
STU004342,14,GCSE,UK,Boarding,1.0,0.859,80.8,0.56,True,False,2,True,0.971,False,Medium
STU004343,17,Foundation,International,Day,0.884,0.701,79.3,0.882,False,False,2,True,0.915,False,Low
STU004344,19,Foundation,UK,Boarding,0.818,0.729,76.3,0.704,False,False,0,True,0.839,False,Medium
STU004345,18,A-Level,International,Boarding,0.86,0.68,75.5,0.695,True,False,1,True,0.919,False,Medium
STU004346,16,A-Level,EU,Day,0.973,0.77,88.5,0.819,False,False,1,True,0.971,False,Low
STU004347,17,Foundation,International,Day,0.984,0.835,78.7,0.764,False,False,1,True,0.708,False,Low
STU004348,17,A-Level,UK,Boarding,0.749,0.644,65.7,0.779,True,False,0,True,0.76,False,High
STU004349,17,Foundation,International,Boarding,0.807,0.659,83.3,0.749,True,False,1,True,0.837,False,Medium
STU004350,17,A-Level,EU,Day,0.916,0.695,63.2,0.66,False,False,2,True,0.701,False,Medium
STU004351,17,Foundation,UK,Day,0.898,0.859,89.4,0.623,False,False,0,True,0.858,True,Low
STU004352,17,A-Level,UK,Day,0.788,0.758,73.0,0.798,False,False,1,True,0.726,False,Medium
STU004353,17,A-Level,International,Boarding,0.799,0.727,76.2,0.681,False,False,0,True,0.782,True,Medium
STU004354,17,EAP,UK,Day,0.825,0.914,90.5,0.855,False,False,1,True,0.805,False,Low
STU004355,16,A-Level,UK,Boarding,0.776,0.692,85.3,0.669,False,False,1,True,0.648,False,Medium
STU004356,17,A-Level,International,Boarding,0.8,0.722,69.3,0.696,True,False,2,False,0.76,True,High
STU004357,16,GCSE,International,Boarding,0.984,0.832,98.6,0.869,False,False,0,True,0.864,False,Low
STU004358,17,A-Level,UK,Homestay,0.853,0.666,62.8,0.554,False,False,2,True,0.652,True,High
STU004359,18,A-Level,EU,Day,0.976,0.945,81.3,0.991,False,False,0,True,0.936,True,Low
STU004360,16,GCSE,EU,Day,0.902,0.834,82.0,0.781,False,False,0,True,0.845,True,Low
STU004361,16,GCSE,International,Day,0.887,0.752,63.1,0.484,False,False,2,True,0.716,False,High
STU004362,17,A-Level,International,Day,0.783,0.884,77.2,0.864,False,False,0,True,0.81,True,Low
STU004363,18,Foundation,International,Day,0.982,0.914,84.5,0.94,False,False,0,True,0.948,False,Low
STU004364,18,A-Level,UK,Homestay,0.831,0.79,76.3,0.66,True,False,2,True,0.872,False,Medium
STU004365,14,GCSE,International,Homestay,0.788,0.73,78.2,0.852,False,False,3,True,0.806,False,Medium
STU004366,17,A-Level,UK,Day,0.874,0.817,72.0,0.667,False,True,0,True,0.76,False,Medium
STU004367,16,GCSE,UK,Day,0.859,0.708,80.2,0.701,False,False,1,True,0.847,False,Medium
STU004368,17,A-Level,International,Day,0.904,0.851,84.5,1.0,False,False,0,True,0.932,False,Low
STU004369,16,GCSE,UK,Homestay,0.917,0.917,97.1,0.805,False,False,2,True,0.88,True,Low
STU004370,16,GCSE,EU,Homestay,0.985,0.726,83.1,0.903,False,False,0,True,0.881,False,Low
STU004371,16,GCSE,International,Day,0.821,0.841,90.3,0.798,False,False,0,True,0.81,False,Low
STU004372,17,A-Level,UK,Boarding,0.94,0.782,79.8,0.607,False,False,1,True,0.986,False,Medium
STU004373,16,GCSE,UK,Day,0.993,0.885,89.8,0.813,False,False,0,True,0.962,False,Low
STU004374,17,A-Level,International,Day,1.0,1.0,67.9,0.825,False,False,1,True,0.83,False,Low
STU004375,18,A-Level,International,Day,0.973,0.824,81.9,0.93,False,False,1,True,0.903,False,Low
STU004376,18,A-Level,International,Boarding,0.925,0.801,85.7,0.946,False,False,0,True,0.988,False,Low
STU004377,18,A-Level,EU,Day,0.843,0.864,75.8,0.852,True,False,2,True,0.899,False,Medium
STU004378,18,Foundation,UK,Day,1.0,0.842,87.2,0.773,False,False,0,False,0.742,False,Low
STU004379,15,GCSE,UK,Day,0.88,0.814,65.0,0.554,False,False,0,True,0.937,True,Medium
STU004380,16,A-Level,International,Day,0.898,0.883,75.3,0.814,False,True,0,True,0.88,False,Medium
STU004381,16,GCSE,UK,Boarding,1.0,0.884,75.1,0.769,False,False,3,True,0.926,False,Low
STU004382,15,GCSE,International,Day,0.892,0.727,74.8,0.605,False,False,0,False,0.707,False,Medium
STU004383,17,A-Level,EU,Homestay,0.759,0.665,75.4,0.608,False,False,0,True,0.811,False,Medium
STU004384,16,A-Level,EU,Day,0.84,0.925,92.3,0.721,False,False,0,True,0.984,False,Low
STU004385,19,Foundation,International,Day,0.921,0.795,91.6,0.825,False,False,0,True,0.884,True,Low
STU004386,18,A-Level,International,Day,0.841,0.827,83.6,0.662,False,False,0,True,0.75,True,Medium
STU004387,19,EAP,International,Day,0.876,0.737,80.5,0.792,False,False,0,True,0.712,False,Medium
STU004388,15,GCSE,International,Day,0.879,0.711,66.3,0.717,False,False,3,True,0.692,False,Medium
STU004389,15,GCSE,International,Day,0.939,0.852,96.9,0.786,False,False,2,True,0.765,False,Low
STU004390,15,GCSE,International,Homestay,0.785,0.619,69.2,0.532,True,False,2,True,0.848,False,High
STU004391,14,GCSE,International,Boarding,0.859,0.817,79.1,0.633,False,False,1,True,0.801,False,Medium
STU004392,18,A-Level,International,Homestay,0.946,0.805,82.7,0.885,True,False,1,True,0.865,False,Low
STU004393,16,A-Level,International,Day,0.866,0.732,85.5,0.709,False,False,3,True,0.989,False,Medium
STU004394,15,GCSE,UK,Day,0.951,0.752,72.6,0.815,False,False,0,True,0.614,True,Medium
STU004395,18,EAP,UK,Day,0.901,0.956,80.3,0.659,False,False,1,True,0.77,False,Low
STU004396,18,Foundation,UK,Boarding,0.898,0.756,66.1,0.927,False,False,0,True,0.813,False,Low
STU004397,18,A-Level,UK,Homestay,0.952,1.0,81.9,0.916,False,False,2,False,0.684,False,Low
STU004398,14,GCSE,UK,Homestay,0.722,0.677,78.9,0.645,True,False,2,True,0.777,True,High
STU004399,16,GCSE,UK,Day,0.931,0.825,81.3,0.675,False,False,0,True,0.744,False,Medium
STU004400,14,GCSE,International,Day,0.939,0.634,67.1,0.58,False,False,1,True,0.719,False,High
STU004401,14,GCSE,International,Day,0.959,0.975,91.5,1.0,False,False,1,True,0.865,False,Low
STU004402,17,A-Level,UK,Day,0.874,0.647,80.9,0.695,False,False,1,True,0.765,False,Medium
STU004403,14,GCSE,UK,Day,0.9,0.717,75.3,0.563,False,False,5,True,0.783,False,Medium
STU004404,17,A-Level,International,Day,0.728,0.758,77.8,0.606,False,False,0,True,0.851,True,Medium
STU004405,18,EAP,International,Day,0.853,0.701,68.8,0.832,False,False,2,True,0.916,True,Medium
STU004406,16,A-Level,International,Day,0.912,0.807,85.9,0.611,False,False,0,True,0.847,False,Low
STU004407,16,EAP,International,Day,1.0,0.833,96.7,0.779,False,False,0,True,0.84,False,Low
STU004408,15,GCSE,International,Boarding,1.0,0.838,71.3,0.607,False,False,1,True,0.84,False,Low
STU004409,18,A-Level,UK,Day,0.802,0.652,75.7,0.824,True,False,2,False,0.687,False,High
STU004410,17,A-Level,UK,Day,0.961,0.948,92.6,0.773,False,False,1,True,1.0,False,Low
STU004411,15,GCSE,International,Boarding,0.89,0.778,78.5,0.556,False,False,0,True,0.901,False,Medium
STU004412,16,GCSE,UK,Boarding,0.71,0.501,58.4,0.483,True,False,3,True,0.653,False,High
STU004413,17,A-Level,International,Day,0.942,0.741,69.4,0.697,False,False,1,True,0.823,False,Medium
STU004414,16,A-Level,EU,Homestay,1.0,0.973,86.6,0.803,False,False,1,True,0.815,False,Low
STU004415,17,A-Level,International,Day,0.873,0.712,75.6,0.634,False,False,0,True,0.823,True,Medium
STU004416,17,A-Level,UK,Day,0.787,0.571,81.4,0.612,True,False,0,True,0.757,False,High
STU004417,17,A-Level,EU,Day,0.905,0.821,71.2,0.681,False,False,0,True,0.736,True,Medium
STU004418,15,GCSE,EU,Day,0.891,0.776,84.1,0.559,False,False,1,True,0.792,False,Medium
STU004419,18,A-Level,International,Boarding,1.0,0.782,80.0,0.69,False,True,3,True,0.676,False,Medium
STU004420,14,GCSE,UK,Day,0.97,0.921,71.1,0.674,False,False,1,True,0.744,False,Low
STU004421,16,GCSE,International,Day,0.909,0.746,80.9,0.593,False,False,2,True,0.733,False,Medium
STU004422,18,EAP,International,Homestay,0.697,0.703,66.2,0.541,False,False,1,True,0.82,False,High
STU004423,17,A-Level,International,Day,0.89,0.845,88.6,0.679,False,False,2,False,0.73,True,Low
STU004424,17,Foundation,International,Boarding,1.0,0.818,85.9,0.934,False,False,0,True,0.878,True,Low
STU004425,17,A-Level,International,Day,0.873,0.809,80.8,0.681,True,False,1,True,0.78,False,Medium
STU004426,17,A-Level,UK,Day,0.902,0.675,57.3,0.343,True,False,4,True,0.691,False,High
STU004427,15,GCSE,UK,Day,0.927,0.892,87.2,0.869,False,False,0,True,0.917,False,Low
STU004428,14,GCSE,International,Boarding,0.866,0.551,71.7,0.637,False,False,1,True,0.671,True,High
STU004429,15,GCSE,International,Boarding,0.981,0.885,80.1,0.921,True,False,1,True,0.746,False,Low
STU004430,17,Foundation,UK,Day,0.913,0.793,81.0,0.888,False,False,0,True,0.963,False,Low
STU004431,18,A-Level,International,Day,0.851,0.652,70.8,0.696,False,False,3,True,0.774,False,Medium
STU004432,18,A-Level,UK,Homestay,0.848,0.704,76.8,0.667,True,False,3,True,0.692,False,High
STU004433,16,A-Level,UK,Homestay,0.934,0.531,65.8,0.595,True,False,1,True,0.598,False,High
STU004434,19,EAP,EU,Boarding,0.796,0.785,78.8,0.837,False,False,0,True,0.915,True,Medium
STU004435,16,GCSE,UK,Day,0.873,0.88,88.3,0.889,True,False,1,True,0.733,False,Low
STU004436,17,A-Level,UK,Homestay,0.905,0.819,83.0,0.67,False,False,0,True,0.732,True,Medium
STU004437,17,A-Level,EU,Day,0.792,0.804,76.5,0.634,False,False,2,True,0.804,False,Medium
STU004438,18,Foundation,EU,Boarding,0.954,0.904,82.4,1.0,False,False,1,True,0.866,False,Low
STU004439,18,EAP,UK,Day,0.918,0.879,83.8,0.823,False,False,1,True,0.87,False,Low
STU004440,15,GCSE,UK,Boarding,0.961,0.678,78.5,0.58,False,False,1,True,0.808,False,Medium
STU004441,18,Foundation,UK,Day,0.98,0.648,87.9,0.657,False,False,1,True,0.83,False,Medium
STU004442,18,Foundation,UK,Boarding,0.896,0.809,68.3,0.988,False,False,1,True,0.908,False,Low
STU004443,14,GCSE,UK,Boarding,0.861,0.738,74.9,0.774,False,False,3,True,0.767,True,Medium
STU004444,18,A-Level,UK,Homestay,0.8,0.631,65.6,0.584,False,False,1,True,0.866,False,High
STU004445,17,A-Level,UK,Boarding,0.855,0.893,76.7,0.775,False,False,1,False,0.963,False,Low
STU004446,17,EAP,International,Homestay,0.901,0.775,66.4,0.705,False,False,3,True,0.827,False,Medium
STU004447,16,GCSE,UK,Homestay,0.833,0.836,80.9,0.474,False,False,1,True,0.865,False,Medium
STU004448,18,Foundation,UK,Day,0.941,0.95,90.7,0.762,False,False,0,True,0.87,False,Low
STU004449,17,A-Level,UK,Day,0.837,0.686,79.0,0.725,False,False,0,True,0.877,False,Medium
STU004450,19,Foundation,UK,Boarding,0.777,0.748,70.0,0.541,False,False,4,False,0.722,True,High
STU004451,18,A-Level,International,Homestay,0.86,0.805,72.5,0.586,False,False,1,False,0.576,False,Medium
STU004452,16,A-Level,UK,Day,0.913,0.738,69.7,0.641,False,False,1,True,0.777,True,Medium
STU004453,18,Foundation,UK,Boarding,0.812,0.755,78.8,0.721,False,False,1,True,0.792,False,Medium
STU004454,19,Foundation,UK,Day,0.838,0.733,70.8,0.772,False,False,0,True,0.791,False,Medium
STU004455,18,Foundation,EU,Day,0.856,0.913,84.2,0.592,False,False,0,True,0.88,True,Low
STU004456,15,GCSE,UK,Boarding,0.865,0.878,72.2,0.649,False,False,0,True,0.874,False,Medium
STU004457,16,A-Level,International,Boarding,0.921,0.774,89.7,0.708,False,False,0,False,0.753,False,Low
STU004458,14,GCSE,UK,Boarding,0.945,0.869,78.8,0.547,False,False,1,True,0.691,False,Medium
STU004459,17,A-Level,UK,Homestay,0.867,0.761,75.3,0.767,False,False,0,True,0.852,True,Medium
STU004460,17,A-Level,International,Day,0.827,0.866,77.3,0.794,False,False,3,True,0.88,False,Low
STU004461,18,A-Level,International,Day,0.91,0.848,90.9,0.797,False,False,0,True,0.914,False,Low
STU004462,17,A-Level,International,Homestay,0.936,0.759,80.1,0.613,False,False,1,True,0.69,False,Medium
STU004463,17,EAP,UK,Boarding,1.0,0.837,100.0,0.922,False,False,0,True,1.0,False,Low
STU004464,14,GCSE,EU,Day,0.98,0.798,89.7,0.759,False,False,1,False,0.597,True,Low
STU004465,18,A-Level,UK,Boarding,0.812,0.847,74.7,0.833,False,False,3,True,0.925,False,Low
STU004466,17,A-Level,International,Homestay,0.89,0.829,81.1,0.808,False,False,0,True,0.864,False,Low
STU004467,15,GCSE,EU,Boarding,0.932,0.807,82.8,0.787,False,False,0,True,0.975,False,Low
STU004468,16,GCSE,UK,Boarding,0.84,0.864,80.4,0.674,False,False,1,True,0.653,True,Medium
STU004469,18,EAP,International,Day,0.875,0.868,93.7,0.909,False,False,2,True,0.741,False,Low
STU004470,18,Foundation,International,Day,0.947,0.794,77.3,0.669,False,False,1,True,0.891,True,Low
STU004471,19,EAP,UK,Homestay,0.917,0.734,70.9,0.661,False,False,0,True,0.857,False,Medium
STU004472,19,EAP,International,Boarding,0.9,0.929,92.9,1.0,False,False,1,True,0.805,True,Low
STU004473,14,GCSE,International,Day,0.854,0.724,75.3,0.481,False,False,0,True,0.77,True,Medium
STU004474,18,A-Level,UK,Boarding,0.745,0.596,57.3,0.491,True,False,3,True,0.818,False,High
STU004475,17,A-Level,International,Boarding,0.878,0.879,70.9,0.842,False,False,1,True,0.677,False,Medium
STU004476,17,A-Level,UK,Day,0.894,0.672,86.6,0.557,False,False,2,True,1.0,False,Medium
STU004477,18,A-Level,International,Boarding,0.74,0.61,77.3,0.738,True,False,4,True,0.845,False,High
STU004478,18,A-Level,International,Day,0.903,0.847,78.4,0.904,False,False,1,True,0.795,False,Low
STU004479,17,A-Level,EU,Day,0.927,0.923,86.6,0.929,False,False,2,True,0.882,False,Low
STU004480,16,A-Level,UK,Boarding,0.852,0.862,80.3,0.741,False,False,1,True,0.828,False,Low
STU004481,14,GCSE,International,Day,0.876,0.835,76.8,0.551,True,False,2,True,0.707,False,Medium
STU004482,17,A-Level,UK,Day,0.919,0.827,77.6,0.654,False,False,0,True,0.815,False,Low
STU004483,16,A-Level,UK,Homestay,0.77,0.559,57.0,0.789,True,True,2,True,0.802,False,High
STU004484,17,A-Level,UK,Boarding,0.871,0.793,74.1,0.518,False,False,1,True,0.845,True,Medium
STU004485,14,GCSE,International,Day,0.84,0.788,69.6,0.782,True,False,1,True,0.763,False,Medium
STU004486,18,Foundation,International,Day,0.84,0.649,77.3,0.565,False,False,4,True,0.886,False,Medium
STU004487,14,GCSE,UK,Day,0.924,0.876,86.9,0.734,False,False,1,True,0.755,False,Low
STU004488,18,A-Level,International,Boarding,0.841,0.774,69.1,0.654,False,False,4,True,0.79,True,Medium
STU004489,18,Foundation,UK,Day,0.845,0.725,78.0,0.707,False,False,2,True,0.854,True,Medium
STU004490,17,A-Level,International,Day,0.885,0.807,75.1,0.873,True,False,0,True,0.847,True,Medium
STU004491,18,A-Level,EU,Day,0.883,0.699,76.3,0.683,False,False,0,True,0.7,False,Medium
STU004492,17,A-Level,UK,Day,0.845,0.766,61.7,0.816,True,False,1,True,0.897,False,Medium
STU004493,16,A-Level,UK,Day,0.78,0.593,66.7,0.615,False,False,1,True,0.703,False,High
STU004494,17,Foundation,UK,Day,0.863,0.843,90.4,0.8,False,False,0,True,0.761,False,Low
STU004495,18,Foundation,UK,Homestay,0.974,0.844,71.1,0.763,True,False,0,False,0.561,False,Medium
STU004496,17,A-Level,International,Homestay,0.775,0.753,69.1,0.534,False,False,3,True,0.785,True,Medium
STU004497,17,A-Level,UK,Day,1.0,0.885,91.9,0.638,False,False,1,True,0.744,False,Low
STU004498,15,GCSE,International,Boarding,0.918,0.745,90.1,0.712,False,False,1,True,0.833,False,Low
STU004499,17,A-Level,International,Boarding,0.863,0.796,83.2,0.691,False,False,1,True,0.814,True,Medium
STU004500,17,A-Level,International,Day,0.886,0.864,93.9,0.83,False,False,0,True,0.829,False,Low
STU004501,17,A-Level,UK,Day,0.986,0.708,84.4,0.571,False,False,0,True,0.87,True,Medium
STU004502,18,A-Level,International,Day,0.741,0.739,59.2,0.584,False,False,4,True,0.828,True,High
STU004503,16,A-Level,International,Boarding,0.999,0.865,90.2,0.851,False,False,1,True,0.741,False,Low
STU004504,15,GCSE,International,Boarding,0.919,0.747,79.9,0.713,False,False,3,True,0.747,False,Medium
STU004505,16,A-Level,International,Homestay,0.971,0.768,71.1,0.612,False,False,0,True,0.751,False,Medium
STU004506,17,A-Level,UK,Boarding,0.778,0.612,59.3,0.743,False,False,3,True,0.632,True,High
STU004507,19,Foundation,UK,Homestay,0.884,0.708,85.0,0.88,False,False,0,True,0.756,True,Low
STU004508,15,GCSE,International,Homestay,0.69,0.591,59.0,0.467,True,False,1,True,0.78,False,High
STU004509,18,A-Level,International,Homestay,0.927,0.817,81.6,0.883,False,True,1,False,0.689,False,Medium
STU004510,18,EAP,EU,Day,0.831,0.657,77.5,0.703,False,False,2,True,0.808,False,Medium
STU004511,16,GCSE,UK,Day,0.83,0.608,82.9,0.661,False,False,1,True,0.857,False,Medium
STU004512,17,A-Level,International,Boarding,0.765,0.594,63.8,0.63,False,False,1,True,0.729,False,High
STU004513,14,GCSE,UK,Boarding,0.931,0.806,80.6,0.871,False,False,1,True,0.763,False,Low
STU004514,16,A-Level,UK,Day,0.828,0.553,61.6,0.661,True,True,3,True,0.807,False,High
STU004515,17,A-Level,EU,Homestay,0.848,0.864,77.3,0.824,False,False,0,True,0.801,False,Low
STU004516,16,A-Level,UK,Homestay,0.918,0.828,93.5,0.705,False,False,0,True,0.985,True,Low
STU004517,17,A-Level,EU,Boarding,0.8,0.629,74.4,0.728,True,False,2,True,0.655,True,High
STU004518,18,Foundation,International,Day,0.777,0.794,78.6,0.599,False,False,3,True,0.823,False,Medium
STU004519,16,GCSE,International,Homestay,0.875,0.774,84.3,0.844,False,False,0,True,0.847,False,Low
STU004520,15,GCSE,International,Day,1.0,0.844,83.0,0.743,False,False,0,True,0.867,False,Low
STU004521,19,Foundation,International,Day,0.915,0.995,71.1,0.942,False,True,1,False,0.667,False,Low
STU004522,18,A-Level,UK,Homestay,0.932,0.797,96.0,0.763,False,False,0,False,0.874,False,Low
STU004523,19,Foundation,International,Boarding,0.917,0.898,82.3,0.804,False,False,0,True,0.745,False,Low
STU004524,16,A-Level,International,Day,0.875,0.949,94.4,1.0,False,False,0,True,0.838,False,Low
STU004525,18,Foundation,International,Homestay,0.916,0.748,82.8,0.826,True,False,4,True,0.886,False,Medium
STU004526,17,A-Level,International,Day,0.94,0.819,81.6,0.796,False,False,0,True,0.866,False,Low
STU004527,18,Foundation,UK,Boarding,0.894,0.648,88.4,0.636,False,False,1,True,0.729,False,Medium
STU004528,17,EAP,UK,Boarding,0.914,0.576,80.9,0.721,False,False,0,True,0.69,False,Medium
STU004529,18,A-Level,UK,Day,0.788,0.712,70.6,0.799,False,False,3,True,0.764,False,Medium
STU004530,15,GCSE,International,Day,0.866,0.781,83.9,0.68,False,False,0,False,0.736,False,Medium
STU004531,17,A-Level,EU,Homestay,0.816,0.647,80.7,0.693,False,False,0,False,0.721,False,Medium
STU004532,16,GCSE,International,Day,0.77,0.665,65.9,0.519,True,False,3,True,0.594,False,High
STU004533,14,GCSE,EU,Day,0.933,0.804,86.6,0.798,False,False,0,True,0.699,False,Low
STU004534,17,A-Level,International,Day,0.811,0.836,77.4,0.728,False,False,1,True,0.819,False,Medium
STU004535,17,A-Level,UK,Day,0.954,0.789,80.1,0.865,False,False,1,True,0.852,False,Low
STU004536,16,A-Level,UK,Homestay,0.972,0.907,89.6,0.936,False,False,1,True,0.864,True,Low
STU004537,17,A-Level,UK,Day,0.896,0.729,80.0,0.807,False,False,1,True,1.0,True,Low
STU004538,16,A-Level,International,Boarding,0.858,0.571,67.8,0.595,False,False,1,True,0.875,False,High
STU004539,16,GCSE,UK,Day,0.972,0.751,63.0,0.586,False,False,1,True,0.795,False,Medium
STU004540,15,GCSE,International,Homestay,0.918,0.75,88.8,0.831,False,True,2,False,0.617,False,Medium
STU004541,15,GCSE,UK,Boarding,0.984,0.853,93.6,0.787,False,False,0,True,0.904,True,Low
STU004542,17,A-Level,International,Day,0.824,0.877,78.1,0.931,False,False,2,True,0.794,False,Low
STU004543,14,GCSE,UK,Homestay,0.882,0.672,73.5,0.73,False,False,0,True,0.726,False,Medium
STU004544,17,A-Level,International,Day,0.885,0.781,68.6,0.541,False,False,0,True,0.882,False,Medium
STU004545,17,A-Level,UK,Boarding,0.915,0.659,62.8,0.61,False,False,2,True,0.842,False,Medium
STU004546,18,Foundation,International,Homestay,0.944,0.753,72.1,0.715,False,False,0,True,0.737,False,Medium
STU004547,15,GCSE,UK,Boarding,0.91,0.835,85.8,0.948,False,False,0,True,0.933,False,Low
STU004548,17,A-Level,International,Boarding,0.956,0.846,84.7,0.873,True,False,3,True,0.785,False,Low
STU004549,17,A-Level,International,Day,0.874,0.81,71.9,0.679,False,False,1,True,0.732,False,Medium
STU004550,18,Foundation,UK,Day,0.827,0.805,76.1,0.729,False,False,1,True,0.864,False,Medium
STU004551,17,EAP,UK,Day,0.853,0.677,74.9,0.621,False,False,0,True,0.881,False,Medium
STU004552,14,GCSE,International,Homestay,0.845,0.74,68.8,0.542,False,False,2,True,0.847,True,Medium
STU004553,16,GCSE,International,Homestay,0.868,0.901,87.8,0.855,False,False,0,True,0.768,False,Low
STU004554,19,Foundation,UK,Day,0.881,0.805,75.7,0.889,False,False,1,True,0.706,True,Medium
STU004555,17,A-Level,EU,Day,0.841,0.598,82.9,0.673,True,False,2,True,0.695,False,High
STU004556,17,A-Level,UK,Day,0.916,0.878,82.8,0.983,False,False,0,True,0.826,False,Low
STU004557,17,A-Level,UK,Day,0.868,0.899,80.8,0.793,False,False,0,True,1.0,True,Low
STU004558,17,A-Level,UK,Day,0.973,1.0,81.7,0.813,False,False,0,False,0.68,False,Low
STU004559,18,EAP,International,Boarding,0.692,0.493,47.0,0.701,True,False,2,True,0.829,False,High
STU004560,16,EAP,EU,Homestay,0.744,0.699,73.4,0.607,False,False,1,True,0.822,True,Medium
STU004561,18,Foundation,EU,Boarding,0.97,0.938,80.6,0.93,False,False,1,True,0.96,True,Low
STU004562,16,A-Level,International,Boarding,0.924,0.985,85.6,0.88,False,True,1,True,1.0,False,Low
STU004563,18,Foundation,UK,Boarding,0.987,0.899,83.1,0.853,False,False,0,True,0.93,False,Low
STU004564,16,GCSE,International,Boarding,0.945,0.788,87.0,0.621,False,False,0,False,0.773,False,Low
STU004565,15,GCSE,International,Day,0.866,0.744,76.2,0.825,True,False,2,True,0.938,False,Medium
STU004566,17,Foundation,UK,Day,0.882,0.645,60.8,0.561,False,False,1,True,0.869,False,High
STU004567,18,A-Level,UK,Day,0.693,0.56,56.4,0.542,True,True,1,True,0.753,True,High
STU004568,16,GCSE,International,Boarding,0.91,0.865,100.0,0.809,False,False,0,True,0.841,False,Low
STU004569,16,GCSE,International,Homestay,0.799,0.622,68.8,0.641,False,False,1,True,0.834,False,High
STU004570,18,Foundation,UK,Boarding,1.0,0.931,82.2,0.711,False,False,0,True,0.903,False,Low
STU004571,16,A-Level,UK,Homestay,0.828,0.849,86.5,0.889,False,False,2,True,0.705,True,Low
STU004572,18,A-Level,UK,Day,0.895,0.733,76.2,0.889,False,False,0,True,0.922,False,Low
STU004573,15,GCSE,UK,Boarding,1.0,0.935,89.9,0.908,False,False,1,True,0.851,False,Low
STU004574,19,Foundation,UK,Homestay,0.874,0.774,81.1,0.813,False,False,1,True,1.0,False,Low
STU004575,18,Foundation,International,Boarding,0.875,0.938,77.0,0.778,False,False,0,True,0.829,False,Low
STU004576,17,A-Level,International,Homestay,0.673,0.554,71.7,0.828,True,False,0,True,0.651,True,High
STU004577,18,A-Level,UK,Boarding,0.808,0.808,88.2,0.886,False,False,0,True,0.814,False,Low
STU004578,15,GCSE,International,Day,0.939,0.752,74.1,0.743,False,False,0,True,0.933,True,Medium
STU004579,16,EAP,UK,Day,1.0,1.0,98.3,1.0,False,False,1,False,0.659,True,Low
STU004580,16,A-Level,UK,Boarding,0.838,0.838,84.9,0.712,False,False,3,True,0.686,False,Medium
STU004581,18,EAP,EU,Homestay,0.914,0.744,80.5,0.857,False,False,0,True,0.612,False,Medium
STU004582,16,A-Level,UK,Day,1.0,0.95,100.0,0.967,False,False,0,True,0.92,True,Low
STU004583,18,Foundation,UK,Boarding,0.906,0.93,93.6,0.794,True,False,0,True,0.734,False,Low
STU004584,18,Foundation,International,Boarding,0.968,0.919,81.9,0.784,False,False,1,False,0.786,False,Low
STU004585,17,A-Level,UK,Day,0.846,0.917,85.9,0.777,False,False,2,True,0.843,False,Low
STU004586,17,EAP,International,Day,0.937,0.838,83.4,0.795,True,False,1,True,0.92,False,Low
STU004587,18,A-Level,UK,Day,0.852,0.565,73.1,0.478,False,False,1,True,0.842,False,High
STU004588,14,GCSE,UK,Day,0.839,0.679,80.0,0.828,False,False,2,True,0.918,False,Medium
STU004589,17,A-Level,EU,Day,1.0,0.795,88.6,0.725,False,False,0,True,0.789,False,Low
STU004590,17,Foundation,International,Day,0.855,0.679,75.5,0.627,False,False,3,True,0.747,False,Medium
STU004591,17,A-Level,UK,Day,0.9,1.0,100.0,0.899,False,False,1,True,0.749,True,Low
STU004592,16,GCSE,International,Boarding,1.0,1.0,90.1,0.825,False,False,0,True,0.773,False,Low
STU004593,18,A-Level,International,Boarding,0.815,0.84,69.8,0.798,False,True,3,True,0.783,False,Medium
STU004594,17,A-Level,International,Boarding,0.883,0.841,86.7,0.732,False,False,0,True,0.981,False,Low
STU004595,17,A-Level,UK,Boarding,0.857,0.72,74.9,0.763,False,False,3,True,0.792,False,Medium
STU004596,18,A-Level,International,Homestay,0.877,0.819,75.9,0.709,False,False,1,False,0.787,False,Medium
STU004597,19,Foundation,EU,Homestay,0.862,0.578,67.1,0.618,True,False,2,True,0.94,True,High
STU004598,16,GCSE,International,Homestay,0.925,0.713,79.4,0.776,True,False,0,True,0.721,True,Medium
STU004599,17,A-Level,EU,Day,1.0,1.0,85.6,0.829,False,False,0,True,0.704,False,Low
STU004600,18,A-Level,UK,Homestay,0.911,0.921,93.3,0.966,False,False,1,True,0.891,False,Low
STU004601,14,GCSE,EU,Boarding,0.849,0.717,67.6,0.444,False,False,3,True,0.846,False,High
STU004602,18,Foundation,EU,Day,0.947,0.709,87.8,0.948,False,False,0,True,0.858,False,Low
STU004603,16,EAP,EU,Day,0.9,0.772,79.8,0.759,False,False,0,True,0.875,False,Low
STU004604,17,A-Level,International,Boarding,0.857,0.665,72.8,0.637,True,False,2,False,0.611,True,High
STU004605,19,Foundation,International,Day,0.828,0.889,74.3,0.823,False,False,0,True,0.924,False,Low
STU004606,19,Foundation,EU,Day,0.787,0.781,63.4,0.627,False,False,1,False,0.772,False,Medium
STU004607,19,Foundation,EU,Boarding,0.845,0.762,75.1,0.659,True,False,3,True,0.984,False,Medium
STU004608,15,GCSE,EU,Boarding,0.825,0.791,92.5,0.773,False,False,1,True,0.704,False,Medium
STU004609,18,EAP,EU,Homestay,0.863,0.891,76.5,0.724,False,False,0,True,0.929,False,Low
STU004610,17,A-Level,International,Boarding,1.0,0.772,94.0,0.715,False,False,0,True,0.905,True,Low
STU004611,17,A-Level,International,Boarding,0.895,0.747,80.3,0.668,False,False,1,True,0.744,False,Medium
STU004612,16,GCSE,UK,Day,0.977,1.0,86.1,0.812,False,False,0,True,0.748,False,Low
STU004613,17,A-Level,EU,Boarding,0.885,0.702,68.3,0.544,True,False,0,True,0.968,False,High
STU004614,15,GCSE,International,Day,0.941,0.964,91.2,0.844,False,False,0,True,0.816,False,Low
STU004615,15,GCSE,International,Homestay,0.799,0.738,85.6,0.916,True,False,1,True,0.692,False,Medium
STU004616,18,A-Level,EU,Day,0.981,0.868,88.6,0.792,False,False,0,True,0.929,True,Low
STU004617,18,Foundation,UK,Day,0.922,0.938,86.6,0.847,False,False,2,True,0.771,False,Low
STU004618,18,Foundation,UK,Day,0.881,0.926,87.4,0.808,False,False,0,True,0.727,False,Low
STU004619,17,A-Level,UK,Homestay,0.922,0.769,71.1,0.653,False,False,1,True,0.795,False,Medium
STU004620,18,Foundation,UK,Homestay,0.85,0.692,72.2,0.8,False,False,4,True,0.81,True,Medium
STU004621,19,Foundation,UK,Day,0.879,0.744,81.3,0.802,False,False,1,True,0.809,False,Low
STU004622,18,Foundation,International,Day,0.896,0.871,88.1,0.996,False,False,0,True,0.764,False,Low
STU004623,15,GCSE,UK,Boarding,0.863,0.826,79.8,0.748,False,False,1,True,0.909,False,Low
STU004624,18,A-Level,International,Homestay,1.0,0.868,89.7,0.949,False,False,1,True,0.89,True,Low
STU004625,18,EAP,UK,Day,0.871,0.866,81.8,0.843,False,False,0,True,0.901,True,Low
STU004626,17,A-Level,UK,Day,0.993,0.801,69.9,0.69,True,False,1,True,0.701,True,Medium
STU004627,17,A-Level,EU,Day,0.851,0.629,59.5,0.57,True,False,1,True,0.813,False,High
STU004628,17,A-Level,UK,Boarding,0.884,0.661,80.5,0.785,False,False,2,True,0.784,True,Medium
STU004629,17,A-Level,International,Day,0.865,0.861,94.2,0.83,False,False,0,True,1.0,False,Low
STU004630,16,A-Level,UK,Day,0.93,0.686,80.7,0.758,False,False,1,True,0.912,False,Medium
STU004631,16,GCSE,UK,Day,0.963,0.876,76.6,0.687,False,False,0,True,0.769,True,Low
STU004632,17,A-Level,International,Boarding,0.722,0.935,88.7,0.844,False,False,1,True,0.629,False,Low
STU004633,17,Foundation,UK,Homestay,0.874,0.783,74.8,0.72,False,True,2,True,0.781,True,Medium
STU004634,18,Foundation,UK,Homestay,0.761,0.635,73.9,0.584,False,False,2,True,0.849,False,High
STU004635,15,GCSE,UK,Boarding,0.969,0.961,87.5,0.758,False,False,0,True,0.889,False,Low
STU004636,17,EAP,EU,Homestay,0.97,0.853,92.8,0.846,False,False,0,True,0.849,False,Low
STU004637,17,A-Level,UK,Day,0.846,0.759,77.9,0.642,False,True,0,True,0.686,False,High
STU004638,17,A-Level,EU,Boarding,0.915,0.865,73.6,0.751,False,False,1,True,0.805,False,Low
STU004639,18,Foundation,International,Day,0.8,0.61,74.1,0.537,False,False,3,True,0.926,False,High
STU004640,18,Foundation,International,Boarding,0.862,0.937,85.4,0.819,False,False,0,True,0.948,False,Low
STU004641,18,EAP,UK,Homestay,0.857,0.841,77.9,0.66,False,False,1,True,0.795,False,Medium
STU004642,17,A-Level,UK,Homestay,0.869,0.948,87.4,0.695,False,False,1,True,0.853,False,Low
STU004643,19,Foundation,UK,Boarding,0.961,0.871,86.8,0.731,False,False,0,True,0.643,False,Low
STU004644,15,GCSE,EU,Boarding,0.99,0.896,84.7,0.944,False,False,2,True,1.0,False,Low
STU004645,19,Foundation,UK,Homestay,0.943,0.734,82.6,0.768,False,False,0,True,0.873,False,Low
STU004646,18,Foundation,International,Day,0.877,0.775,67.1,0.674,False,False,1,True,0.872,False,Medium
STU004647,18,A-Level,International,Boarding,0.848,0.883,91.7,0.982,False,False,1,True,0.939,True,Low
STU004648,17,A-Level,UK,Day,0.906,0.998,93.2,0.973,False,False,2,True,0.654,False,Low
STU004649,19,Foundation,International,Homestay,0.921,0.857,88.4,0.895,False,False,1,False,0.746,False,Low
STU004650,15,GCSE,UK,Day,0.885,0.758,76.0,0.795,False,False,0,True,1.0,False,Medium
STU004651,14,GCSE,UK,Day,0.854,0.585,91.7,0.61,False,False,1,True,0.677,False,Medium
STU004652,18,Foundation,UK,Boarding,0.943,0.89,94.8,0.935,False,False,1,True,0.934,False,Low
STU004653,17,A-Level,UK,Day,0.95,0.799,81.3,0.821,False,False,2,True,0.86,False,Low
STU004654,18,Foundation,International,Day,0.808,0.699,77.5,0.667,False,False,1,True,0.882,False,Medium
STU004655,17,A-Level,EU,Boarding,0.842,0.711,74.5,0.702,True,False,2,True,0.819,True,Medium
STU004656,16,GCSE,UK,Homestay,0.954,0.819,84.1,0.704,False,False,1,True,0.986,False,Low
STU004657,18,Foundation,International,Day,0.969,0.717,54.2,0.633,False,False,3,True,0.761,False,Medium
STU004658,17,A-Level,UK,Homestay,0.84,0.723,77.7,0.864,True,False,2,True,0.873,False,Medium
STU004659,14,GCSE,UK,Homestay,0.864,0.776,78.0,0.48,True,False,2,True,0.761,False,High
STU004660,19,Foundation,UK,Boarding,0.918,0.892,84.4,1.0,False,False,0,False,0.829,False,Low
STU004661,18,A-Level,EU,Boarding,0.919,0.815,65.6,0.69,True,False,0,True,0.802,False,Medium
STU004662,17,A-Level,International,Day,0.822,0.749,73.4,0.774,False,False,1,True,0.81,False,Medium
STU004663,17,A-Level,EU,Day,0.919,0.824,83.5,0.828,False,False,0,True,0.828,False,Low
STU004664,18,Foundation,International,Day,0.838,0.814,89.3,0.638,False,False,2,True,0.949,False,Medium
STU004665,17,Foundation,UK,Day,0.976,0.814,84.8,0.794,False,False,0,True,0.893,False,Low
STU004666,18,Foundation,UK,Day,0.826,0.837,75.3,0.739,False,False,3,True,1.0,False,Medium
STU004667,14,GCSE,EU,Day,0.929,0.835,88.1,0.675,False,False,1,True,0.755,False,Low
STU004668,18,Foundation,International,Boarding,0.769,0.675,67.4,0.791,True,False,4,True,0.744,False,High
STU004669,17,A-Level,UK,Boarding,0.953,0.691,66.5,0.634,False,False,2,True,0.817,False,Medium
STU004670,17,A-Level,International,Homestay,0.931,0.898,79.3,0.793,False,False,1,True,0.817,False,Low
STU004671,17,A-Level,UK,Day,0.917,0.686,78.1,0.557,False,False,3,True,0.748,False,Medium
STU004672,19,Foundation,UK,Day,1.0,0.87,80.9,0.859,False,False,0,True,0.881,False,Low
STU004673,17,Foundation,EU,Boarding,0.851,0.753,85.1,0.783,False,False,0,True,0.855,False,Low
STU004674,16,GCSE,International,Day,0.965,0.794,98.9,0.993,False,False,2,True,0.942,False,Low
STU004675,16,A-Level,UK,Boarding,0.942,0.806,87.3,0.7,False,True,0,False,0.77,False,Medium
STU004676,17,Foundation,UK,Boarding,0.965,0.684,75.7,0.794,False,False,3,False,0.819,False,Medium
STU004677,14,GCSE,EU,Day,0.817,0.71,61.6,0.611,True,False,2,True,0.817,False,High
STU004678,18,EAP,International,Day,0.884,0.949,73.3,0.999,False,False,2,True,0.792,False,Low
STU004679,17,A-Level,International,Day,0.858,0.744,73.0,0.667,False,False,3,True,0.901,False,Medium
STU004680,18,A-Level,International,Day,0.879,0.706,62.7,0.773,False,False,1,False,0.788,False,Medium
STU004681,17,A-Level,UK,Day,0.841,0.8,80.2,0.693,False,False,1,True,0.815,False,Medium
STU004682,14,GCSE,International,Day,0.875,0.479,80.0,0.705,False,False,0,True,0.666,False,High
STU004683,18,EAP,International,Boarding,1.0,0.89,89.6,0.851,False,False,0,False,0.794,True,Low
STU004684,16,A-Level,UK,Day,0.846,0.876,74.2,0.84,True,False,0,True,0.985,False,Medium
STU004685,19,Foundation,UK,Boarding,0.907,0.918,96.6,0.963,False,False,2,True,0.861,False,Low
STU004686,16,A-Level,UK,Day,0.849,0.658,67.2,0.566,False,False,0,False,0.79,False,High
STU004687,15,GCSE,EU,Day,0.899,0.74,77.2,0.828,False,False,1,True,0.892,False,Low
STU004688,16,GCSE,International,Day,0.958,1.0,89.4,0.912,False,False,1,True,0.796,False,Low
STU004689,18,A-Level,International,Day,0.934,0.812,76.4,0.811,False,False,0,True,0.906,False,Low
STU004690,17,EAP,International,Day,0.999,0.93,90.5,0.992,False,False,0,True,0.823,True,Low
STU004691,18,A-Level,UK,Day,0.815,0.652,77.8,0.567,False,False,0,False,0.71,False,High
STU004692,16,A-Level,EU,Day,0.79,0.686,72.1,0.766,False,True,2,True,0.653,False,High
STU004693,18,A-Level,UK,Day,0.871,0.649,67.9,0.892,False,False,0,True,0.769,False,Medium
STU004694,17,A-Level,UK,Homestay,1.0,0.792,82.9,0.724,False,False,0,True,0.934,False,Low
STU004695,16,A-Level,International,Homestay,0.921,0.751,79.8,0.61,False,False,0,True,0.937,True,Medium
STU004696,18,Foundation,UK,Day,0.801,0.728,75.2,0.877,False,False,2,True,0.926,False,Medium
STU004697,16,A-Level,International,Day,0.976,0.627,75.6,0.739,False,False,1,True,0.559,False,Medium
STU004698,17,A-Level,International,Boarding,0.908,0.804,87.6,0.689,False,False,0,True,0.702,False,Medium
STU004699,14,GCSE,International,Homestay,0.962,0.746,74.1,0.537,False,False,2,True,0.862,False,Medium
STU004700,18,EAP,UK,Homestay,1.0,0.984,91.2,0.788,False,False,0,True,0.86,False,Low
STU004701,16,GCSE,International,Day,0.832,0.711,75.0,0.62,False,False,1,True,0.813,False,Medium
STU004702,14,GCSE,International,Day,1.0,0.62,62.8,0.564,False,False,2,True,0.653,True,High
STU004703,17,A-Level,International,Boarding,0.895,0.878,73.0,0.682,False,False,0,True,0.786,True,Low
STU004704,17,A-Level,International,Homestay,0.871,0.951,85.4,0.884,False,False,1,True,0.927,False,Low
STU004705,18,A-Level,International,Day,0.911,0.72,83.4,0.801,False,False,1,True,0.803,False,Low
STU004706,17,A-Level,UK,Boarding,0.817,0.718,83.3,0.521,False,False,1,True,0.742,True,Medium
STU004707,18,Foundation,International,Day,0.899,0.951,75.0,0.831,False,False,0,True,0.837,False,Low
STU004708,15,GCSE,International,Day,0.883,0.955,75.2,0.815,False,False,2,True,0.744,True,Low
STU004709,18,Foundation,International,Day,0.834,0.889,80.8,0.768,False,False,1,True,0.802,True,Low
STU004710,16,A-Level,International,Day,0.855,0.801,82.7,0.73,False,False,0,False,0.734,False,Medium
STU004711,17,A-Level,UK,Boarding,0.98,0.815,75.0,0.696,False,False,0,True,0.834,False,Low
STU004712,16,A-Level,UK,Boarding,0.888,0.771,82.2,0.8,False,False,1,True,0.756,False,Low
STU004713,17,A-Level,EU,Homestay,0.795,0.653,73.6,0.722,True,False,1,True,0.624,False,High
STU004714,18,Foundation,UK,Day,0.862,0.641,76.8,0.769,True,False,3,True,0.765,False,Medium
STU004715,17,A-Level,UK,Day,0.954,0.962,100.0,0.989,False,False,0,True,1.0,False,Low
STU004716,16,A-Level,UK,Day,0.9,0.782,74.9,0.73,False,False,0,True,0.799,True,Medium
STU004717,18,A-Level,UK,Day,0.814,0.657,53.6,0.56,False,False,4,True,0.774,True,High
STU004718,19,EAP,International,Boarding,0.722,0.783,73.3,0.926,False,False,1,True,0.85,False,Medium
STU004719,16,A-Level,EU,Day,0.837,0.765,79.9,0.5,False,False,1,True,0.861,False,Medium
STU004720,17,EAP,UK,Boarding,0.974,0.91,93.8,0.79,False,False,0,True,0.855,False,Low
STU004721,17,A-Level,EU,Boarding,0.967,0.646,64.3,0.675,False,False,1,True,0.832,False,Medium
STU004722,14,GCSE,UK,Day,0.844,0.954,92.7,0.698,False,False,2,True,0.875,False,Low
STU004723,15,GCSE,EU,Boarding,0.883,0.872,70.0,0.711,False,False,0,True,0.835,False,Medium
STU004724,17,A-Level,UK,Day,0.949,0.752,75.8,0.662,False,False,1,True,0.775,True,Medium
STU004725,16,GCSE,International,Homestay,0.89,0.844,86.8,0.859,False,False,0,True,0.954,False,Low
STU004726,16,GCSE,UK,Boarding,0.926,0.735,70.4,0.682,True,False,1,True,0.726,True,High
STU004727,18,EAP,International,Day,0.893,0.798,87.0,0.948,False,False,0,True,0.709,False,Low
STU004728,18,Foundation,International,Day,0.934,0.754,74.9,0.66,False,False,1,True,0.847,False,Medium
STU004729,19,Foundation,International,Boarding,0.877,0.672,75.0,0.645,False,False,1,True,0.897,False,Medium
STU004730,16,GCSE,UK,Day,0.845,0.785,65.9,0.578,False,False,1,True,0.924,False,Medium
STU004731,16,GCSE,EU,Boarding,0.982,0.742,92.9,0.834,False,False,4,True,0.894,False,Low
STU004732,14,GCSE,UK,Day,0.795,0.765,78.0,0.897,False,False,0,True,1.0,False,Medium
STU004733,17,Foundation,EU,Boarding,0.858,0.699,73.3,0.73,False,False,0,True,0.653,False,Medium
STU004734,18,EAP,UK,Homestay,0.893,0.854,80.9,0.524,False,False,1,True,0.879,False,Medium
STU004735,17,A-Level,International,Boarding,0.96,0.931,77.8,0.839,False,False,1,True,0.76,False,Low
STU004736,14,GCSE,UK,Day,0.838,0.832,78.8,0.787,False,False,2,True,0.83,False,Low
STU004737,16,A-Level,EU,Day,0.909,0.851,71.1,0.635,False,False,0,True,0.788,False,Medium
STU004738,18,A-Level,EU,Day,0.739,0.664,61.2,0.705,True,False,1,True,0.766,True,High
STU004739,18,A-Level,International,Boarding,0.86,0.76,75.6,0.793,True,False,1,True,0.826,False,Medium
STU004740,17,A-Level,International,Day,1.0,0.761,81.2,0.554,False,False,4,False,0.804,False,Medium
STU004741,19,Foundation,UK,Day,0.763,0.749,73.4,0.857,False,False,4,True,0.932,False,Medium
STU004742,15,GCSE,UK,Homestay,0.815,0.822,74.8,0.801,True,False,0,True,1.0,True,Medium
STU004743,16,GCSE,UK,Day,0.959,0.898,89.1,0.724,False,False,0,True,0.912,False,Low
STU004744,17,EAP,International,Boarding,1.0,0.975,89.0,0.927,False,False,2,True,0.769,False,Low
STU004745,14,GCSE,International,Boarding,0.941,0.884,82.7,0.991,False,False,1,True,0.986,False,Low
STU004746,15,GCSE,International,Boarding,0.849,0.69,76.3,0.633,False,False,2,True,0.667,False,Medium
STU004747,15,GCSE,UK,Day,0.89,1.0,88.1,0.87,False,False,0,True,0.99,False,Low
STU004748,15,GCSE,International,Day,0.784,0.657,65.6,0.662,True,False,2,False,0.79,False,High
STU004749,16,A-Level,International,Homestay,0.956,0.9,90.6,0.644,False,False,1,True,0.961,True,Low
STU004750,19,Foundation,International,Day,0.973,0.746,74.4,0.599,False,False,1,False,0.762,True,Medium
STU004751,16,A-Level,EU,Boarding,0.998,0.874,91.9,0.886,False,False,1,True,0.82,True,Low
STU004752,16,A-Level,UK,Boarding,0.877,0.764,59.9,0.588,False,False,4,True,1.0,False,Medium
STU004753,17,A-Level,UK,Day,0.843,0.94,82.4,0.846,False,False,1,True,0.827,False,Low
STU004754,17,A-Level,UK,Boarding,1.0,0.796,79.0,0.538,False,False,0,True,0.755,False,Medium
STU004755,18,Foundation,International,Boarding,0.997,0.839,84.3,0.846,False,False,0,True,0.884,False,Low
STU004756,19,Foundation,International,Boarding,0.778,0.919,70.2,0.692,False,True,2,True,0.845,False,Medium
STU004757,15,GCSE,UK,Boarding,0.835,0.791,66.5,0.881,True,False,2,True,0.643,False,Medium
STU004758,18,Foundation,UK,Homestay,0.955,0.846,80.1,0.837,False,False,0,True,0.808,False,Low
STU004759,17,A-Level,UK,Day,0.882,0.875,79.5,0.821,False,False,0,True,0.756,False,Low
STU004760,16,EAP,International,Homestay,0.902,0.725,79.2,0.754,False,False,1,True,0.874,False,Medium
STU004761,17,A-Level,UK,Day,0.797,0.799,83.3,0.687,False,False,2,True,0.701,False,Medium
STU004762,19,EAP,UK,Boarding,0.821,0.745,71.3,0.896,False,False,1,True,0.817,False,Medium
STU004763,17,Foundation,UK,Day,0.894,0.869,84.7,0.784,False,False,0,True,0.807,False,Low
STU004764,15,GCSE,UK,Day,0.851,0.852,73.5,0.603,False,False,0,True,0.703,True,Medium
STU004765,18,A-Level,International,Day,0.82,0.741,82.9,0.856,False,False,4,True,0.94,False,Low
STU004766,17,EAP,International,Day,0.878,0.904,94.0,0.997,False,False,2,True,0.845,False,Low
STU004767,18,Foundation,UK,Day,0.839,0.881,88.9,0.938,False,False,1,True,0.959,False,Low
STU004768,16,GCSE,International,Boarding,0.902,0.939,90.4,0.891,False,False,2,True,0.831,False,Low
STU004769,17,Foundation,UK,Day,0.969,0.891,69.5,0.782,False,False,1,False,0.81,True,Low
STU004770,16,A-Level,International,Boarding,0.879,0.754,72.4,0.628,False,False,0,True,0.952,False,Medium
STU004771,16,GCSE,UK,Day,0.87,0.832,83.4,0.579,False,False,1,False,0.704,True,Medium
STU004772,18,A-Level,UK,Day,0.975,0.81,92.7,0.632,False,False,0,True,0.855,True,Low
STU004773,15,GCSE,EU,Day,0.951,0.774,86.6,0.747,False,False,0,True,0.885,True,Low
STU004774,18,Foundation,UK,Day,0.956,0.842,91.2,1.0,False,False,0,True,0.745,False,Low
STU004775,18,A-Level,UK,Day,0.724,0.711,68.7,0.477,False,False,0,True,0.768,False,High
STU004776,18,Foundation,International,Homestay,0.869,0.917,80.0,0.773,False,False,0,True,0.821,False,Low
STU004777,15,GCSE,International,Day,0.86,0.772,87.5,0.679,False,False,0,True,0.852,True,Medium
STU004778,16,A-Level,EU,Boarding,0.842,0.596,73.2,0.588,False,False,1,True,0.91,True,High
STU004779,15,GCSE,International,Day,0.974,0.79,79.9,0.738,False,False,0,True,0.783,False,Low
STU004780,16,GCSE,EU,Homestay,0.862,0.945,87.7,0.873,False,False,0,True,0.803,False,Low
STU004781,16,GCSE,International,Day,0.803,0.793,78.6,0.718,False,False,0,True,0.901,False,Medium
STU004782,16,GCSE,EU,Homestay,0.839,0.623,70.2,0.73,True,True,2,True,0.813,False,High
STU004783,18,A-Level,International,Day,0.829,0.803,81.2,0.814,True,False,2,True,0.858,False,Medium
STU004784,17,A-Level,UK,Day,0.835,0.781,69.8,0.772,False,False,0,True,0.692,False,Medium
STU004785,17,A-Level,UK,Boarding,0.971,0.905,76.5,0.743,False,False,3,True,0.781,False,Low
STU004786,17,A-Level,UK,Boarding,0.937,0.8,89.9,0.784,False,False,3,True,0.84,False,Low
STU004787,18,Foundation,UK,Day,0.937,0.897,77.3,0.673,False,False,2,True,0.79,True,Low
STU004788,18,EAP,International,Day,0.934,0.831,81.6,0.827,False,False,0,True,0.886,False,Low
STU004789,16,A-Level,UK,Boarding,0.976,0.624,80.5,0.804,False,False,2,False,0.614,False,Medium
STU004790,18,A-Level,UK,Day,0.794,0.705,67.9,0.843,True,True,3,True,0.697,False,High
STU004791,15,GCSE,UK,Day,0.813,0.749,75.6,0.657,False,False,1,True,0.857,True,Medium
STU004792,17,EAP,UK,Boarding,0.885,0.813,76.1,0.76,False,False,0,True,0.782,True,Low
STU004793,15,GCSE,International,Boarding,0.784,0.615,78.8,0.501,False,False,6,True,0.668,False,High
STU004794,17,A-Level,EU,Day,0.826,0.667,80.0,0.799,False,False,3,True,0.676,False,Medium
STU004795,16,A-Level,International,Boarding,0.97,0.822,76.9,0.575,True,False,0,True,0.81,False,Medium
STU004796,18,A-Level,UK,Day,0.823,0.865,95.6,0.661,False,False,2,False,0.739,False,Low
STU004797,15,GCSE,International,Day,0.772,0.555,57.4,0.565,True,False,3,True,0.74,False,High
STU004798,17,Foundation,International,Day,0.947,0.961,92.5,0.913,False,False,0,True,0.762,True,Low
STU004799,15,GCSE,International,Homestay,0.96,0.91,87.4,0.821,False,False,0,True,0.714,False,Low
STU004800,17,A-Level,International,Day,0.783,0.667,76.4,0.787,False,False,4,True,0.853,True,Medium
STU004801,16,GCSE,EU,Day,0.886,0.865,82.5,0.842,False,True,0,True,0.952,False,Medium
STU004802,16,GCSE,International,Boarding,0.862,0.972,100.0,0.641,False,False,1,True,0.808,False,Low
STU004803,19,EAP,International,Day,0.923,0.694,79.4,0.711,False,False,2,True,0.789,False,Medium
STU004804,14,GCSE,International,Boarding,0.879,0.813,79.0,0.523,False,False,2,True,0.688,False,Medium
STU004805,17,Foundation,International,Homestay,0.804,0.762,70.6,0.757,False,False,1,True,0.746,False,Medium
STU004806,17,A-Level,International,Homestay,0.866,0.726,72.1,0.646,False,False,2,True,0.965,False,Medium
STU004807,15,GCSE,EU,Day,0.944,0.95,90.2,0.809,False,False,2,True,0.838,False,Low
STU004808,19,EAP,UK,Boarding,1.0,0.896,87.7,0.989,False,False,0,True,0.824,False,Low
STU004809,15,GCSE,UK,Homestay,0.927,0.868,89.3,0.859,False,False,0,True,0.925,False,Low
STU004810,19,Foundation,International,Day,0.873,0.797,78.7,0.787,False,False,1,True,1.0,False,Low
STU004811,15,GCSE,UK,Day,0.817,0.673,68.8,0.707,False,False,1,True,0.899,False,Medium
STU004812,18,Foundation,EU,Day,0.839,0.879,66.3,0.756,False,True,0,True,0.722,False,Medium
STU004813,15,GCSE,UK,Day,0.874,0.922,96.2,0.978,False,False,1,True,0.896,False,Low
STU004814,16,A-Level,UK,Homestay,0.921,0.974,82.6,0.695,False,False,0,True,0.862,False,Low
STU004815,18,Foundation,International,Boarding,0.896,0.832,80.1,0.793,False,False,1,True,0.862,False,Low
STU004816,17,EAP,International,Day,0.934,0.831,88.7,0.798,False,False,0,True,0.833,True,Low
STU004817,17,EAP,EU,Homestay,0.802,0.63,61.3,0.628,True,False,2,True,0.77,False,High
STU004818,18,Foundation,UK,Day,1.0,0.841,95.9,0.784,False,False,0,True,0.866,True,Low
STU004819,17,Foundation,EU,Homestay,0.941,0.968,90.1,0.807,False,False,1,True,0.931,False,Low
STU004820,15,GCSE,UK,Day,0.851,0.666,79.9,0.571,False,False,1,True,0.723,False,Medium
STU004821,17,A-Level,UK,Day,0.97,0.967,97.4,0.984,False,False,0,True,0.754,False,Low
STU004822,16,A-Level,UK,Day,0.819,0.763,83.4,0.806,False,False,1,True,0.837,False,Medium
STU004823,17,A-Level,EU,Boarding,0.84,0.718,74.7,0.859,False,False,2,True,0.747,False,Medium
STU004824,17,A-Level,UK,Day,0.844,0.79,70.2,0.71,False,False,2,True,0.78,False,Medium
STU004825,17,A-Level,International,Day,0.993,0.727,87.1,0.759,False,False,3,True,0.77,False,Low
STU004826,14,GCSE,UK,Homestay,0.835,0.767,61.1,0.68,False,True,1,True,0.621,True,High
STU004827,17,A-Level,UK,Homestay,0.856,0.709,65.4,0.652,False,False,0,False,0.781,False,Medium
STU004828,15,GCSE,UK,Boarding,0.911,0.837,82.3,0.896,False,False,0,True,0.916,False,Low
STU004829,17,A-Level,International,Homestay,0.938,0.888,85.1,0.94,False,False,1,True,0.849,True,Low
STU004830,18,A-Level,EU,Homestay,1.0,0.898,78.9,0.866,False,False,0,True,0.91,True,Low
STU004831,18,Foundation,UK,Boarding,0.795,0.818,80.1,0.942,False,False,1,True,0.768,False,Low
STU004832,18,Foundation,EU,Boarding,0.913,0.899,82.3,1.0,True,False,1,True,0.652,False,Low
STU004833,18,A-Level,International,Homestay,0.755,0.805,76.8,0.911,False,False,4,True,0.98,False,Medium
STU004834,15,GCSE,International,Boarding,0.963,1.0,88.1,0.707,False,False,1,True,0.822,True,Low
STU004835,17,A-Level,International,Day,0.981,0.654,56.8,0.501,False,False,1,True,0.819,False,High
STU004836,15,GCSE,UK,Day,0.92,0.688,80.5,0.809,True,False,0,True,0.67,False,Medium
STU004837,17,A-Level,International,Day,0.903,0.738,87.6,0.778,True,False,1,True,0.688,False,Medium
STU004838,17,A-Level,International,Homestay,0.825,0.696,73.5,0.735,False,False,2,True,0.654,False,Medium
STU004839,14,GCSE,EU,Boarding,0.952,0.917,85.0,0.731,False,False,0,True,0.869,False,Low
STU004840,17,A-Level,International,Homestay,0.825,0.965,83.3,0.883,False,False,1,True,0.918,True,Low
STU004841,17,EAP,UK,Boarding,0.795,0.654,67.5,0.572,False,True,3,True,0.671,True,High
STU004842,17,EAP,UK,Day,0.868,0.922,92.7,0.974,False,False,0,True,0.959,False,Low
STU004843,16,A-Level,International,Boarding,0.81,0.823,69.7,0.884,True,False,1,False,0.576,False,Medium
STU004844,15,GCSE,International,Day,0.917,0.78,76.7,0.761,False,False,1,True,0.643,False,Medium
STU004845,16,GCSE,UK,Day,0.851,0.831,73.5,0.747,False,False,2,True,0.87,False,Medium
STU004846,17,A-Level,UK,Homestay,0.923,0.831,88.9,0.623,False,False,0,True,0.825,False,Low
STU004847,17,EAP,International,Boarding,0.804,0.681,76.4,0.882,False,False,2,True,0.821,False,Medium
STU004848,16,GCSE,UK,Homestay,0.903,0.767,79.5,0.889,False,False,1,True,0.872,False,Low
STU004849,18,Foundation,UK,Day,0.881,0.82,86.8,0.868,False,False,0,True,0.616,True,Low
STU004850,15,GCSE,UK,Boarding,0.9,0.663,66.3,0.527,True,False,4,True,0.84,False,High
STU004851,19,EAP,International,Day,0.946,0.785,68.9,0.633,False,True,1,True,0.866,False,Medium
STU004852,17,A-Level,International,Boarding,0.888,0.714,65.6,0.721,False,False,3,True,0.849,False,Medium
STU004853,18,Foundation,EU,Day,0.763,0.653,80.8,0.733,False,False,1,True,0.953,False,Medium
STU004854,16,A-Level,EU,Boarding,0.797,0.762,80.5,0.83,False,False,0,True,0.768,False,Medium
STU004855,17,A-Level,UK,Day,0.979,0.752,77.5,0.762,False,False,0,True,0.923,False,Low
STU004856,16,GCSE,UK,Day,0.89,0.939,100.0,0.858,False,False,1,True,0.815,False,Low
STU004857,15,GCSE,International,Boarding,1.0,0.999,95.6,0.916,False,False,0,True,0.789,True,Low
STU004858,18,EAP,UK,Boarding,0.963,0.938,83.1,0.89,False,False,1,True,0.778,False,Low
STU004859,18,EAP,EU,Boarding,0.918,0.962,100.0,0.917,False,False,1,True,0.9,False,Low
STU004860,19,Foundation,International,Boarding,0.909,0.77,78.0,0.739,False,False,0,True,0.922,False,Low
STU004861,17,A-Level,UK,Homestay,0.82,0.666,68.5,0.582,False,False,3,True,0.94,False,High
STU004862,18,Foundation,EU,Homestay,0.856,0.796,77.5,0.697,False,False,1,True,0.679,False,Medium
STU004863,14,GCSE,EU,Day,0.929,0.839,83.1,0.648,False,False,1,True,0.832,False,Low
STU004864,17,A-Level,International,Day,0.876,0.879,81.5,0.889,False,False,1,True,0.76,False,Low
STU004865,17,A-Level,UK,Boarding,0.907,0.876,94.7,0.862,False,True,1,True,0.797,False,Low
STU004866,16,A-Level,UK,Day,0.972,0.783,75.9,0.544,False,False,1,True,0.873,False,Medium
STU004867,17,A-Level,EU,Day,0.887,0.886,79.9,0.771,False,False,1,True,0.618,True,Low
STU004868,15,GCSE,International,Day,0.87,0.782,66.6,0.507,False,False,2,True,0.896,False,Medium
STU004869,16,A-Level,UK,Day,0.837,0.697,73.4,0.597,False,False,6,True,0.601,True,Medium
STU004870,18,Foundation,International,Boarding,0.958,0.946,74.8,0.911,False,False,1,True,0.896,True,Low
STU004871,16,A-Level,International,Day,0.953,0.588,64.6,0.572,False,False,1,True,0.707,True,High
STU004872,15,GCSE,International,Day,0.974,0.61,70.9,0.583,True,False,2,True,0.726,False,High
STU004873,15,GCSE,UK,Homestay,0.912,0.73,76.9,0.618,False,False,1,True,0.895,False,Medium
STU004874,15,GCSE,UK,Homestay,0.854,0.643,67.3,0.524,False,True,3,False,0.573,False,High
STU004875,17,A-Level,UK,Homestay,0.888,0.872,72.6,0.579,False,True,0,True,0.885,False,Medium
STU004876,17,A-Level,UK,Day,0.88,0.768,73.4,0.739,False,False,0,True,0.824,True,Medium
STU004877,16,A-Level,International,Day,0.838,0.717,50.2,0.525,False,False,2,True,0.92,True,High
STU004878,18,A-Level,UK,Day,0.906,0.816,80.6,0.728,False,False,1,True,0.775,False,Low
STU004879,17,A-Level,EU,Day,0.932,0.715,65.5,0.771,False,False,2,True,0.803,False,Medium
STU004880,17,Foundation,UK,Day,0.86,0.778,68.6,0.813,True,False,1,True,0.738,False,Medium
STU004881,16,GCSE,International,Homestay,0.931,0.866,87.2,0.861,False,False,1,True,0.862,False,Low
STU004882,16,A-Level,UK,Homestay,0.974,0.913,86.0,0.623,False,False,0,True,0.914,True,Low
STU004883,18,Foundation,UK,Homestay,0.936,0.734,80.9,0.643,False,False,0,True,0.841,False,Medium
STU004884,15,GCSE,UK,Boarding,0.919,0.794,72.9,0.578,False,False,4,False,0.511,False,Medium
STU004885,15,GCSE,International,Boarding,0.811,0.828,77.2,0.79,False,False,1,True,0.934,False,Medium
STU004886,19,Foundation,UK,Boarding,0.917,0.779,82.1,0.834,False,False,0,True,0.783,False,Low
STU004887,17,A-Level,UK,Homestay,0.888,0.595,73.4,0.707,False,False,0,True,0.697,False,Medium
STU004888,16,A-Level,UK,Boarding,0.821,0.703,72.1,0.577,False,False,1,True,0.95,False,Medium
STU004889,16,GCSE,International,Day,0.935,0.928,78.0,0.769,False,False,0,True,0.832,False,Low
STU004890,18,A-Level,EU,Day,0.904,0.833,75.0,0.882,True,False,1,True,0.795,True,Medium
STU004891,17,A-Level,International,Boarding,0.93,0.961,91.3,0.925,False,False,1,True,0.869,False,Low
STU004892,15,GCSE,International,Day,0.939,0.702,79.5,0.576,False,False,1,True,0.848,True,Medium
STU004893,16,A-Level,UK,Homestay,0.909,0.925,88.1,0.887,False,False,1,True,0.821,False,Low
STU004894,16,GCSE,EU,Boarding,0.883,0.573,70.8,0.549,False,False,2,True,0.727,False,High
STU004895,16,A-Level,UK,Boarding,1.0,0.897,99.7,0.752,False,False,0,True,0.779,False,Low
STU004896,14,GCSE,UK,Day,0.91,0.648,84.1,0.677,False,False,1,True,0.675,False,Medium
STU004897,15,GCSE,EU,Day,0.722,0.747,69.7,0.687,False,False,0,False,0.744,True,High
STU004898,16,A-Level,EU,Day,0.73,0.607,80.1,0.558,False,False,2,True,0.836,False,High
STU004899,14,GCSE,UK,Boarding,0.984,0.925,92.5,0.785,False,False,1,True,0.812,False,Low
STU004900,17,EAP,UK,Day,0.772,0.691,82.9,0.618,False,False,0,True,0.758,False,Medium
STU004901,14,GCSE,International,Homestay,0.826,0.849,80.4,0.722,False,True,2,True,0.893,False,Medium
STU004902,16,A-Level,International,Boarding,0.815,0.725,67.3,0.559,False,False,4,True,0.842,True,Medium
STU004903,14,GCSE,UK,Boarding,0.879,0.774,81.8,0.678,False,False,0,False,0.769,False,Medium
STU004904,16,A-Level,UK,Homestay,0.927,0.919,81.6,0.768,False,False,0,False,0.841,True,Low
STU004905,18,EAP,International,Homestay,0.816,0.746,77.5,0.685,True,False,0,True,0.931,False,Medium
STU004906,16,GCSE,International,Day,0.843,0.943,73.6,0.811,False,False,1,True,1.0,True,Low
STU004907,18,EAP,International,Homestay,0.951,0.748,78.9,0.557,False,False,1,True,0.935,False,Medium
STU004908,15,GCSE,UK,Day,1.0,0.854,82.1,0.801,False,True,1,False,0.698,True,Medium
STU004909,17,Foundation,EU,Day,0.938,0.731,85.9,0.702,False,False,0,True,0.872,False,Low
STU004910,16,A-Level,UK,Day,0.836,0.751,84.5,0.797,False,False,2,True,0.837,False,Low
STU004911,18,Foundation,International,Boarding,0.961,0.84,81.1,0.816,False,False,0,True,0.757,False,Low
STU004912,17,A-Level,UK,Day,1.0,0.867,84.0,0.931,False,False,0,True,0.82,False,Low
STU004913,17,A-Level,UK,Boarding,0.974,0.894,80.4,0.761,False,False,0,True,0.891,False,Low
STU004914,15,GCSE,UK,Boarding,0.792,0.69,73.7,0.834,False,False,2,True,0.702,False,Medium
STU004915,15,GCSE,International,Boarding,0.937,0.761,78.7,0.77,False,False,0,True,0.841,False,Low
STU004916,16,EAP,EU,Day,0.868,0.574,77.1,0.635,False,False,1,True,0.74,True,High
STU004917,17,A-Level,International,Homestay,0.866,0.642,54.8,0.619,True,False,5,True,0.775,False,High
STU004918,17,A-Level,International,Boarding,0.874,0.86,69.4,0.673,False,False,0,True,0.746,False,Medium
STU004919,18,Foundation,International,Day,0.952,0.816,73.2,0.822,False,False,0,True,0.83,False,Low
STU004920,17,A-Level,EU,Homestay,0.806,0.654,69.7,0.779,True,False,3,True,0.565,True,High
STU004921,18,EAP,International,Day,0.939,0.774,83.9,0.87,True,False,0,True,0.71,False,Medium
STU004922,19,Foundation,EU,Boarding,0.9,0.879,86.9,0.865,False,False,1,True,0.827,True,Low
STU004923,18,A-Level,UK,Boarding,0.817,0.764,62.9,0.589,True,False,3,False,0.662,True,High
STU004924,18,Foundation,International,Day,0.94,0.956,95.2,0.909,False,False,1,True,0.76,False,Low
STU004925,15,GCSE,UK,Day,0.925,0.714,86.1,0.759,False,False,1,True,0.872,False,Low
STU004926,17,A-Level,EU,Homestay,0.942,0.983,94.0,0.869,False,False,1,True,0.739,False,Low
STU004927,18,A-Level,UK,Day,0.891,0.812,73.7,0.574,False,False,2,True,0.77,False,Medium
STU004928,15,GCSE,EU,Day,0.993,0.917,87.2,0.831,False,False,0,True,0.867,False,Low
STU004929,17,Foundation,EU,Boarding,0.969,0.743,87.0,0.743,False,False,2,True,0.77,True,Low
STU004930,17,EAP,UK,Boarding,0.868,0.627,67.1,0.58,True,False,3,True,0.991,False,High
STU004931,16,A-Level,EU,Boarding,0.958,0.813,84.8,0.858,False,False,1,True,0.81,False,Low
STU004932,17,A-Level,International,Homestay,0.882,0.732,79.2,0.695,False,False,1,True,0.89,True,Medium
STU004933,18,EAP,UK,Day,0.94,0.893,85.0,0.887,False,False,0,True,0.687,False,Low
STU004934,17,A-Level,UK,Boarding,0.958,0.578,69.8,0.664,False,False,1,True,0.863,True,Medium
STU004935,16,A-Level,UK,Boarding,0.865,0.719,80.9,0.942,True,False,0,True,0.735,False,Medium
STU004936,18,A-Level,International,Day,0.843,0.747,81.2,0.715,False,False,5,True,0.825,False,Medium
STU004937,18,EAP,International,Homestay,0.816,0.831,69.4,0.711,False,False,1,True,0.919,False,Medium
STU004938,18,A-Level,International,Homestay,0.921,0.843,84.0,0.883,False,False,0,True,0.814,False,Low
STU004939,18,Foundation,UK,Day,0.849,0.798,72.4,0.752,False,False,1,True,0.738,True,Medium
STU004940,19,Foundation,UK,Boarding,0.974,1.0,92.1,1.0,False,False,0,True,0.832,False,Low
STU004941,17,A-Level,UK,Boarding,0.794,0.733,86.3,0.847,False,False,2,True,0.744,False,Medium
STU004942,16,A-Level,UK,Day,0.992,0.762,84.8,0.74,False,False,0,True,0.808,True,Low
STU004943,17,Foundation,EU,Homestay,0.904,0.736,77.8,0.796,False,False,1,True,0.85,False,Low
STU004944,17,A-Level,International,Boarding,0.84,0.75,91.3,0.736,False,False,0,True,0.881,False,Low
STU004945,17,Foundation,UK,Boarding,0.868,0.696,62.4,0.644,False,False,0,True,0.837,False,Medium
STU004946,19,EAP,International,Day,0.886,1.0,85.5,0.953,False,False,0,False,0.647,False,Low
STU004947,16,A-Level,UK,Day,0.934,0.827,82.2,0.719,False,False,0,True,0.684,False,Low
STU004948,18,Foundation,International,Day,0.814,0.807,70.5,0.717,False,False,1,True,0.667,False,Medium
STU004949,18,Foundation,UK,Boarding,0.833,0.719,66.4,0.781,False,False,2,True,0.862,False,Medium
STU004950,18,Foundation,International,Boarding,0.877,0.757,83.7,0.665,False,False,2,True,0.767,True,Medium
STU004951,17,A-Level,UK,Day,0.898,0.791,91.4,0.779,False,False,0,True,0.8,False,Low
STU004952,14,GCSE,International,Day,0.95,0.822,76.6,0.697,False,False,2,True,0.661,False,Medium
STU004953,17,A-Level,UK,Day,0.919,0.827,96.4,0.706,False,False,0,True,0.836,False,Low
STU004954,17,A-Level,UK,Boarding,0.873,0.754,60.7,0.723,False,False,1,False,0.689,True,Medium
STU004955,17,A-Level,EU,Boarding,0.917,0.765,78.8,0.674,False,False,1,True,0.767,False,Medium
STU004956,18,Foundation,UK,Day,0.845,0.737,59.9,0.527,True,False,2,True,0.843,True,High
STU004957,18,A-Level,International,Day,0.882,0.731,77.6,0.768,False,False,1,True,0.711,False,Medium
STU004958,18,A-Level,International,Day,0.908,0.76,74.7,0.484,False,False,0,True,0.884,False,Medium
STU004959,15,GCSE,International,Day,0.749,0.619,63.8,0.397,False,False,2,True,0.605,True,High
STU004960,18,Foundation,International,Boarding,0.965,0.922,77.7,0.82,False,False,0,True,1.0,True,Low
STU004961,17,A-Level,UK,Day,0.938,0.797,81.8,0.75,False,False,0,True,0.838,False,Low
STU004962,16,GCSE,International,Day,0.954,0.87,79.4,0.746,True,False,1,True,1.0,False,Medium
STU004963,18,A-Level,EU,Boarding,0.843,0.752,79.8,0.809,False,False,0,True,0.694,True,Medium
STU004964,17,Foundation,International,Homestay,0.885,0.677,57.8,0.492,True,False,2,True,0.753,False,High
STU004965,17,A-Level,UK,Homestay,0.767,0.733,81.9,0.621,False,False,0,False,0.837,False,Medium
STU004966,16,GCSE,International,Homestay,0.776,0.712,67.1,0.626,False,False,1,True,0.905,False,Medium
STU004967,17,EAP,UK,Boarding,0.883,0.914,87.1,0.835,False,False,2,True,0.891,False,Low
STU004968,18,Foundation,UK,Boarding,0.859,0.893,86.2,0.794,False,False,1,True,0.825,False,Low
STU004969,17,EAP,UK,Boarding,0.973,0.908,89.5,0.789,False,False,0,True,0.776,False,Low
STU004970,17,A-Level,UK,Homestay,0.982,1.0,81.2,0.797,False,False,2,True,0.854,True,Low
STU004971,18,A-Level,UK,Homestay,0.99,0.818,69.2,0.762,False,False,0,False,0.745,False,Medium
STU004972,18,Foundation,UK,Day,0.942,0.78,91.3,0.694,False,False,1,True,0.868,False,Low
STU004973,16,A-Level,International,Day,0.945,0.861,91.5,0.782,False,False,2,True,0.942,False,Low
STU004974,17,Foundation,UK,Day,0.779,0.584,73.5,0.446,True,False,2,True,0.713,True,High
STU004975,16,A-Level,International,Boarding,0.998,0.851,85.6,0.829,False,False,3,True,0.8,False,Low
STU004976,17,A-Level,UK,Boarding,0.913,0.691,81.8,0.886,True,False,0,True,0.649,False,Medium
STU004977,15,GCSE,UK,Homestay,0.803,0.784,68.6,0.65,False,False,0,True,0.689,True,Medium
STU004978,14,GCSE,EU,Day,0.933,0.91,91.0,0.997,False,False,0,True,0.731,True,Low
STU004979,15,GCSE,EU,Day,0.862,0.799,79.8,0.79,False,False,0,True,0.931,False,Low
STU004980,15,GCSE,EU,Homestay,1.0,0.851,89.7,0.955,False,False,2,True,0.948,False,Low
STU004981,17,EAP,EU,Day,0.832,0.771,78.5,0.821,False,False,0,True,0.721,False,Medium
STU004982,15,GCSE,UK,Day,0.906,0.849,89.7,0.804,False,False,0,True,0.793,False,Low
STU004983,18,A-Level,International,Boarding,0.913,0.726,72.0,0.778,False,False,4,True,0.876,False,Medium
STU004984,18,Foundation,EU,Day,0.865,0.708,66.4,0.581,False,True,2,True,0.862,False,High
STU004985,17,A-Level,UK,Day,1.0,0.741,77.7,0.564,False,False,0,True,0.928,True,Medium
STU004986,15,GCSE,International,Day,1.0,0.842,89.2,0.751,False,False,1,True,0.912,False,Low
STU004987,19,Foundation,International,Day,0.785,0.703,76.4,0.661,False,False,0,True,0.808,False,Medium
STU004988,17,A-Level,UK,Boarding,0.934,0.693,85.9,0.702,False,False,0,True,0.676,False,Medium
STU004989,18,Foundation,International,Day,0.899,0.826,90.7,0.633,False,False,0,True,0.94,False,Low
STU004990,19,Foundation,International,Day,0.958,0.712,87.3,0.944,False,False,3,True,0.981,True,Low
STU004991,19,EAP,EU,Day,0.915,0.804,81.1,0.688,False,False,1,True,0.866,False,Low
STU004992,17,A-Level,UK,Boarding,0.843,0.802,67.9,0.598,False,False,0,True,0.867,False,Medium
STU004993,16,A-Level,International,Day,0.827,0.756,65.6,0.727,False,False,2,True,0.697,True,Medium
STU004994,17,A-Level,UK,Day,0.872,0.731,69.2,0.872,False,False,3,True,0.912,True,Medium
STU004995,16,GCSE,UK,Day,0.892,0.898,77.0,0.833,False,False,0,True,0.924,False,Low
STU004996,18,Foundation,UK,Day,0.914,0.667,80.1,0.713,False,False,1,True,1.0,False,Medium
STU004997,14,GCSE,International,Day,0.86,0.737,66.3,0.692,False,False,1,True,0.865,False,Medium
STU004998,16,A-Level,International,Boarding,1.0,1.0,100.0,0.997,False,False,0,True,0.747,False,Low
STU004999,18,Foundation,International,Homestay,0.937,0.887,87.0,0.935,False,False,0,True,0.706,False,Low
STU005000,17,A-Level,International,Homestay,0.961,0.889,78.6,0.888,False,False,1,True,0.818,False,Low
STU005001,17,A-Level,UK,Boarding,0.89,0.918,95.1,0.797,False,False,0,False,0.604,False,Low
STU005002,17,A-Level,UK,Day,0.786,0.618,78.0,0.716,False,True,1,True,0.706,False,High
STU005003,18,Foundation,International,Boarding,0.962,0.937,96.8,1.0,False,False,0,True,0.722,False,Low
STU005004,16,A-Level,International,Day,0.83,0.818,81.5,0.859,False,False,1,True,0.814,False,Low
STU005005,17,Foundation,EU,Boarding,0.758,0.674,76.7,0.736,False,False,2,True,0.781,True,Medium
STU005006,14,GCSE,UK,Day,0.94,0.809,70.5,0.84,False,False,0,True,1.0,False,Low
STU005007,18,Foundation,UK,Homestay,0.847,0.854,75.3,0.731,False,False,1,True,0.868,True,Medium
STU005008,18,Foundation,UK,Homestay,0.877,0.579,65.6,0.582,False,False,0,True,0.883,False,High
STU005009,15,GCSE,UK,Day,0.949,0.766,65.7,0.634,False,False,0,True,0.836,False,Medium
STU005010,16,A-Level,UK,Day,0.835,0.688,72.5,0.67,False,False,1,True,0.759,False,Medium
STU005011,14,GCSE,International,Boarding,0.788,0.718,74.4,0.621,False,False,1,False,0.75,False,High
STU005012,17,Foundation,EU,Day,0.985,0.796,75.5,0.737,False,False,0,True,0.814,False,Low
STU005013,18,A-Level,International,Homestay,0.896,0.786,76.5,0.672,False,False,0,False,0.852,False,Medium
STU005014,17,A-Level,UK,Day,0.954,0.86,77.3,0.899,True,False,1,True,0.855,False,Low
STU005015,16,GCSE,UK,Day,0.944,0.917,79.8,0.975,False,False,0,True,0.953,False,Low
STU005016,16,GCSE,EU,Boarding,0.946,0.882,90.5,0.913,False,False,1,True,0.969,False,Low
STU005017,15,GCSE,International,Day,0.911,0.71,79.4,0.481,False,False,2,True,0.792,False,Medium
STU005018,17,A-Level,EU,Day,0.911,0.882,91.0,0.889,False,False,1,True,0.971,True,Low
STU005019,16,A-Level,International,Boarding,0.979,0.897,87.2,0.879,False,False,2,True,0.604,True,Low
STU005020,18,Foundation,International,Boarding,0.957,0.838,76.8,0.806,False,False,1,True,0.612,False,Low
STU005021,17,A-Level,UK,Boarding,0.859,0.838,76.2,0.677,False,False,2,False,0.731,True,Medium
STU005022,18,A-Level,UK,Boarding,0.857,0.64,75.5,0.672,True,False,3,True,0.648,False,High
STU005023,16,EAP,International,Day,0.857,1.0,90.2,0.904,False,False,1,True,0.841,False,Low
STU005024,19,Foundation,UK,Day,0.878,0.754,71.3,0.821,False,False,0,True,0.674,False,Medium
STU005025,16,EAP,UK,Day,0.94,0.872,88.0,0.969,False,False,0,True,0.754,True,Low
STU005026,18,A-Level,UK,Homestay,0.856,0.672,76.3,0.833,False,False,0,True,0.747,True,Medium
STU005027,17,A-Level,UK,Day,0.841,0.765,74.6,0.88,True,False,0,True,0.84,True,Medium
STU005028,15,GCSE,International,Day,0.927,0.917,85.6,0.823,False,False,0,True,0.959,False,Low
STU005029,18,Foundation,UK,Homestay,0.832,0.599,59.6,0.577,True,False,3,True,0.672,False,High
STU005030,15,GCSE,UK,Homestay,0.95,0.863,86.5,0.566,False,False,0,True,0.898,True,Low
STU005031,17,A-Level,EU,Homestay,0.869,0.805,82.3,0.819,False,False,1,True,0.816,False,Low
STU005032,18,A-Level,International,Day,0.966,0.764,89.8,0.857,False,False,3,True,0.918,False,Low
STU005033,16,A-Level,International,Boarding,0.865,0.607,56.4,0.611,True,False,4,True,0.663,False,High
STU005034,18,A-Level,International,Day,0.912,0.864,83.4,0.79,False,False,1,True,0.88,False,Low
STU005035,15,GCSE,International,Homestay,0.783,0.611,76.8,0.571,True,False,4,True,0.646,False,High
STU005036,18,A-Level,EU,Day,0.884,0.902,77.0,0.688,False,False,1,True,0.843,False,Low
STU005037,17,A-Level,UK,Day,0.914,0.691,81.6,0.589,False,False,1,True,0.727,False,Medium
STU005038,18,EAP,EU,Day,0.972,0.865,86.4,0.843,False,False,1,True,0.877,False,Low
STU005039,19,Foundation,International,Day,0.877,0.729,84.2,0.713,False,False,0,True,0.879,False,Medium
STU005040,17,EAP,International,Boarding,0.971,0.964,85.6,0.883,False,False,0,False,0.726,False,Low
STU005041,18,Foundation,International,Homestay,0.847,0.582,77.9,0.551,False,False,1,True,0.86,False,Medium
STU005042,16,A-Level,International,Boarding,0.923,0.686,82.7,0.838,False,False,1,True,0.885,True,Low
STU005043,14,GCSE,EU,Day,0.865,0.709,68.0,0.657,False,False,2,True,0.766,False,Medium
STU005044,17,A-Level,UK,Homestay,1.0,0.801,87.1,0.672,False,False,1,True,0.862,False,Low
STU005045,17,A-Level,UK,Day,0.995,0.71,87.6,0.745,False,False,0,True,0.977,False,Low
STU005046,17,A-Level,UK,Day,0.92,0.777,85.6,0.572,False,False,0,True,0.753,False,Medium
STU005047,16,A-Level,UK,Day,0.863,0.826,70.0,0.703,False,False,2,True,0.84,False,Medium
STU005048,17,A-Level,UK,Day,0.794,0.718,75.8,0.722,False,False,1,True,0.885,False,Medium
STU005049,17,A-Level,UK,Day,0.926,0.773,96.0,0.776,False,False,0,False,0.551,False,Low
STU005050,17,A-Level,International,Day,0.915,0.955,88.6,0.817,False,False,0,True,1.0,False,Low
STU005051,16,GCSE,EU,Homestay,0.898,0.623,53.9,0.621,True,False,2,True,0.651,True,High
STU005052,19,Foundation,EU,Homestay,0.797,0.834,84.2,0.832,False,False,0,True,0.793,False,Low
STU005053,14,GCSE,EU,Day,0.91,0.78,86.7,0.771,False,False,1,True,0.825,False,Low
STU005054,16,GCSE,UK,Day,0.93,0.872,94.4,0.846,False,False,0,True,0.752,False,Low
STU005055,17,A-Level,International,Day,0.837,0.91,80.7,0.926,False,False,2,False,0.779,False,Low
STU005056,17,A-Level,UK,Day,0.908,0.763,66.6,0.573,False,False,2,True,0.962,False,Medium
STU005057,16,A-Level,International,Day,0.849,0.612,80.2,0.686,False,False,2,True,0.834,True,Medium
STU005058,17,A-Level,UK,Day,0.842,0.807,76.1,0.637,False,False,0,True,0.881,False,Medium
STU005059,16,A-Level,EU,Boarding,0.801,0.647,72.0,0.941,True,False,1,True,0.822,False,Medium
STU005060,17,A-Level,UK,Boarding,0.881,0.877,76.9,0.818,False,False,0,True,0.794,True,Low
STU005061,16,EAP,UK,Day,0.987,0.932,90.4,0.878,False,False,0,True,0.783,True,Low
STU005062,17,EAP,UK,Boarding,0.877,0.847,79.8,0.938,False,False,1,True,0.986,True,Low
STU005063,16,A-Level,International,Boarding,0.744,0.679,53.9,0.663,True,True,4,True,0.804,False,High
STU005064,16,A-Level,UK,Day,0.911,0.666,68.7,0.761,True,False,3,True,0.624,False,High
STU005065,17,Foundation,EU,Day,0.972,0.736,75.3,0.763,False,False,1,True,0.993,False,Low
STU005066,15,GCSE,UK,Homestay,0.957,0.814,67.4,0.597,False,False,1,True,0.97,False,Medium
STU005067,16,A-Level,UK,Boarding,0.996,0.884,86.1,0.906,False,False,0,True,0.902,False,Low
STU005068,17,A-Level,International,Day,0.913,0.889,73.4,0.646,False,False,1,True,0.956,False,Low
STU005069,16,EAP,International,Boarding,0.839,0.734,73.4,0.823,True,False,4,True,0.962,True,Medium
STU005070,16,GCSE,EU,Day,0.777,0.65,73.8,0.773,True,False,2,True,0.777,False,High
STU005071,18,A-Level,UK,Boarding,0.998,0.972,87.8,0.53,False,False,2,True,0.929,True,Low
STU005072,18,Foundation,UK,Day,0.894,0.751,70.4,0.907,False,False,0,True,1.0,False,Low
STU005073,17,A-Level,International,Day,0.879,0.818,87.1,0.776,False,False,0,True,0.784,False,Low
STU005074,14,GCSE,UK,Boarding,0.872,0.744,86.9,0.606,False,False,1,True,0.824,False,Medium
STU005075,19,EAP,International,Boarding,0.945,0.829,83.1,0.616,False,False,0,True,0.738,False,Medium
STU005076,17,A-Level,UK,Day,0.858,0.695,83.0,0.699,True,False,1,True,0.738,False,Medium
STU005077,16,A-Level,International,Day,0.913,0.785,82.6,0.74,False,False,3,True,0.963,False,Low
STU005078,15,GCSE,UK,Day,0.877,0.825,81.8,0.856,False,False,1,True,0.752,False,Low
STU005079,16,A-Level,UK,Day,0.855,0.926,74.8,0.743,False,True,5,True,0.899,False,Medium
STU005080,17,A-Level,International,Day,0.89,0.817,82.9,0.62,False,False,1,True,0.976,False,Medium
STU005081,15,GCSE,International,Boarding,1.0,0.719,68.0,0.593,False,False,2,True,0.665,True,Medium
STU005082,15,GCSE,International,Day,0.734,0.596,68.6,0.625,True,False,2,True,0.72,False,High
STU005083,18,Foundation,International,Boarding,0.856,0.739,85.9,0.724,True,False,1,True,0.958,False,Medium
STU005084,14,GCSE,International,Boarding,0.976,0.839,89.7,0.928,False,False,1,True,0.886,False,Low
STU005085,14,GCSE,EU,Day,0.74,0.546,49.2,0.604,False,True,6,True,0.696,False,High
STU005086,16,A-Level,International,Boarding,0.895,0.769,77.6,0.803,False,False,0,True,0.8,False,Low
STU005087,19,Foundation,International,Homestay,0.938,0.714,80.9,0.748,True,False,1,True,0.833,False,Medium
STU005088,14,GCSE,EU,Day,0.847,0.762,68.3,0.387,False,False,1,True,0.93,False,High
STU005089,17,A-Level,International,Homestay,0.919,0.86,88.8,0.849,False,False,1,True,1.0,False,Low
STU005090,15,GCSE,EU,Boarding,0.835,0.618,61.2,0.655,False,False,3,True,0.768,False,High
STU005091,14,GCSE,EU,Boarding,0.902,0.807,67.5,0.815,False,False,0,True,0.906,False,Medium
STU005092,15,GCSE,International,Day,0.989,0.899,86.2,0.796,False,False,2,True,0.822,False,Low
STU005093,18,Foundation,UK,Boarding,0.976,0.835,62.9,0.648,True,False,2,True,0.848,False,Medium
STU005094,15,GCSE,UK,Day,0.918,0.818,89.0,0.722,False,False,0,False,0.797,False,Low
STU005095,15,GCSE,EU,Boarding,0.81,0.783,70.9,0.691,False,False,0,True,0.769,False,Medium
STU005096,17,A-Level,UK,Homestay,0.8,0.686,72.6,0.709,True,False,2,True,0.828,False,High
STU005097,18,Foundation,EU,Boarding,0.773,0.753,85.0,0.789,False,False,0,False,0.578,False,Medium
STU005098,17,A-Level,International,Day,0.879,1.0,85.8,0.749,False,False,0,True,0.89,False,Low
STU005099,17,A-Level,International,Day,0.968,0.885,82.8,0.995,False,False,0,False,0.947,False,Low
STU005100,14,GCSE,International,Day,0.805,0.679,70.0,0.793,False,False,1,True,0.795,True,Medium
STU005101,17,A-Level,UK,Homestay,0.886,0.811,84.1,0.868,False,False,0,True,0.72,False,Low
STU005102,16,A-Level,International,Day,0.843,0.802,73.9,0.828,False,False,1,True,0.737,True,Medium
STU005103,16,A-Level,International,Day,0.961,0.688,73.8,0.762,True,False,2,True,0.822,True,Medium
STU005104,17,A-Level,UK,Day,0.928,0.9,86.0,0.855,False,False,0,True,0.651,True,Low
STU005105,18,A-Level,International,Homestay,0.96,0.856,83.6,0.932,False,False,0,True,0.794,True,Low
STU005106,16,GCSE,International,Day,0.92,0.633,61.4,0.759,False,False,0,True,0.798,False,Medium
STU005107,16,A-Level,UK,Homestay,0.919,0.818,80.8,0.831,True,False,0,True,1.0,False,Medium
STU005108,15,GCSE,EU,Boarding,0.91,0.601,70.5,0.534,True,False,2,True,0.991,False,High
STU005109,18,Foundation,International,Homestay,0.903,0.955,81.2,0.918,False,False,0,True,0.844,False,Low
STU005110,16,EAP,UK,Day,0.863,0.686,76.9,0.696,False,False,1,True,0.7,False,Medium
STU005111,18,EAP,International,Day,0.835,0.68,68.9,0.619,False,False,1,True,0.894,False,Medium
STU005112,18,Foundation,EU,Day,1.0,0.896,74.0,0.797,False,False,0,True,0.814,False,Low
STU005113,18,A-Level,UK,Day,0.957,0.824,79.2,0.806,False,False,1,True,0.865,False,Low
STU005114,17,Foundation,International,Boarding,0.744,0.661,59.5,0.755,False,False,1,True,0.841,False,High
STU005115,16,A-Level,UK,Day,0.883,0.782,83.1,0.902,False,False,3,True,0.955,True,Low
STU005116,18,A-Level,International,Day,0.929,0.895,87.8,0.701,False,False,0,True,0.855,False,Low
STU005117,17,A-Level,UK,Boarding,1.0,0.906,100.0,0.997,False,False,1,True,0.907,False,Low
STU005118,18,A-Level,UK,Day,0.823,0.741,89.0,0.918,False,False,1,True,0.786,False,Low
STU005119,17,Foundation,EU,Day,0.93,0.828,91.4,0.826,False,False,0,True,0.758,True,Low
STU005120,17,A-Level,UK,Day,0.872,0.738,63.2,0.643,False,False,1,True,0.818,False,Medium
STU005121,17,A-Level,UK,Boarding,0.816,0.913,87.9,1.0,False,False,0,True,0.772,False,Low
STU005122,16,EAP,International,Boarding,0.931,0.788,85.2,0.985,True,False,0,True,0.891,True,Low
STU005123,15,GCSE,International,Boarding,0.833,0.902,77.4,0.727,False,False,0,True,1.0,False,Low
STU005124,17,A-Level,International,Day,0.968,0.741,67.2,0.622,False,False,0,False,0.694,False,Medium
STU005125,17,EAP,EU,Day,0.788,0.925,85.4,0.829,False,False,1,True,0.835,False,Low
STU005126,17,A-Level,International,Homestay,0.866,0.773,64.0,0.669,False,False,0,False,0.866,False,Medium
STU005127,17,A-Level,International,Boarding,0.889,0.839,74.9,0.813,True,False,1,True,1.0,False,Medium
STU005128,15,GCSE,UK,Boarding,0.95,0.908,88.9,0.785,False,False,0,True,0.735,False,Low
STU005129,18,A-Level,UK,Boarding,0.89,0.691,72.0,0.559,False,True,2,True,0.643,False,High
STU005130,18,Foundation,UK,Day,0.969,0.697,79.2,0.674,False,False,1,True,0.854,False,Medium
STU005131,17,A-Level,EU,Homestay,0.88,0.815,76.8,0.654,False,False,1,True,0.846,False,Medium
STU005132,18,A-Level,International,Boarding,0.997,1.0,87.7,0.996,False,False,1,True,0.947,False,Low
STU005133,16,GCSE,EU,Boarding,0.925,0.784,75.1,0.668,False,False,0,True,0.906,False,Medium
STU005134,14,GCSE,International,Homestay,0.951,0.727,55.6,0.485,False,False,1,False,0.707,False,High
STU005135,18,EAP,UK,Day,0.925,0.86,75.3,0.792,False,False,2,True,0.87,False,Low
STU005136,16,A-Level,UK,Boarding,0.872,0.615,74.8,0.662,True,False,1,True,0.782,False,High
STU005137,16,A-Level,EU,Homestay,0.81,0.921,78.2,0.905,False,True,3,True,0.707,False,Medium
STU005138,15,GCSE,International,Day,0.834,0.731,87.2,0.887,False,False,0,True,0.85,True,Low
STU005139,17,A-Level,UK,Day,0.862,0.84,74.6,0.581,False,False,0,True,0.783,False,Medium
STU005140,19,EAP,International,Boarding,0.936,0.889,99.9,0.868,False,False,1,True,0.822,False,Low
STU005141,17,A-Level,UK,Day,0.859,0.921,82.9,0.831,False,False,1,True,0.908,False,Low
STU005142,16,GCSE,International,Homestay,0.879,0.637,83.0,0.711,False,False,1,True,0.696,True,Medium
STU005143,17,A-Level,International,Day,0.895,0.883,89.0,0.774,False,False,2,False,0.701,True,Low
STU005144,18,Foundation,International,Boarding,0.999,0.95,94.3,0.962,False,False,0,True,0.76,False,Low
STU005145,17,A-Level,UK,Day,0.901,0.749,83.7,0.763,True,False,2,True,0.767,False,Medium
STU005146,19,Foundation,UK,Day,0.798,0.878,90.1,0.819,False,False,0,True,0.961,False,Low
STU005147,17,A-Level,UK,Homestay,0.911,0.944,86.4,0.929,False,False,0,True,0.826,True,Low
STU005148,19,Foundation,International,Boarding,0.879,0.798,77.8,0.722,False,False,0,False,0.734,False,Medium
STU005149,18,A-Level,UK,Day,0.884,0.662,80.3,0.843,False,False,1,True,0.591,False,Medium
STU005150,14,GCSE,UK,Day,0.9,0.752,88.8,0.682,False,False,0,True,0.756,True,Low
STU005151,17,A-Level,EU,Boarding,0.979,0.981,94.4,0.919,False,False,0,True,0.767,False,Low
STU005152,16,GCSE,EU,Homestay,0.843,0.683,84.1,0.635,False,False,1,False,0.725,False,Medium
STU005153,19,EAP,International,Boarding,0.914,0.881,87.4,0.864,False,False,1,True,0.819,False,Low
STU005154,18,Foundation,International,Boarding,0.92,0.873,78.3,0.767,False,False,0,True,0.709,False,Low
STU005155,17,A-Level,EU,Day,0.885,0.926,74.8,0.818,False,False,0,True,0.806,False,Low
STU005156,17,A-Level,International,Homestay,0.855,0.756,79.9,0.634,False,False,1,True,0.991,False,Medium
STU005157,14,GCSE,International,Boarding,0.847,0.679,70.0,0.678,False,False,0,True,0.781,False,Medium
STU005158,18,Foundation,UK,Boarding,0.871,0.897,87.6,0.765,False,False,1,True,0.734,False,Low
STU005159,17,A-Level,International,Boarding,0.952,0.769,79.9,0.649,False,False,0,True,0.829,True,Medium
STU005160,15,GCSE,International,Boarding,0.875,0.795,74.3,0.651,False,False,1,False,0.703,True,Medium
STU005161,17,A-Level,UK,Homestay,0.834,0.603,58.5,0.5,True,False,2,True,0.794,True,High
STU005162,15,GCSE,International,Boarding,0.819,0.662,70.4,0.744,False,False,2,True,0.82,False,Medium
STU005163,17,A-Level,UK,Homestay,0.824,0.624,63.3,0.778,True,False,4,True,0.689,False,High
STU005164,17,A-Level,UK,Boarding,0.916,0.864,72.9,0.595,False,False,0,True,0.892,False,Medium
STU005165,15,GCSE,International,Boarding,0.783,0.666,51.4,0.542,False,False,6,True,0.928,True,High
STU005166,17,EAP,International,Homestay,0.973,0.885,68.1,0.723,False,False,0,True,0.985,False,Low
STU005167,14,GCSE,International,Day,0.858,0.877,78.9,0.564,False,False,1,True,0.759,False,Medium
STU005168,14,GCSE,UK,Day,1.0,0.956,100.0,0.828,False,False,1,True,0.848,False,Low
STU005169,15,GCSE,International,Boarding,0.929,0.936,84.9,0.665,False,False,0,True,0.782,False,Low
STU005170,19,Foundation,UK,Homestay,0.772,0.666,74.3,0.757,False,False,0,True,0.648,True,Medium
STU005171,16,A-Level,UK,Day,0.919,0.784,86.9,0.674,False,False,0,True,0.798,False,Low
STU005172,16,A-Level,UK,Day,0.878,0.706,77.0,0.704,False,False,2,True,0.944,True,Medium
STU005173,15,GCSE,UK,Day,0.92,0.776,83.0,0.869,False,False,0,True,0.756,True,Low
STU005174,15,GCSE,UK,Day,1.0,0.758,69.7,0.641,False,False,0,True,0.864,True,Medium
STU005175,18,A-Level,International,Day,0.949,0.751,78.9,0.71,False,False,0,True,0.944,False,Low
STU005176,18,Foundation,International,Boarding,0.884,0.782,76.3,0.828,False,False,1,False,0.724,False,Medium
STU005177,18,Foundation,International,Homestay,0.802,0.749,74.2,0.703,False,False,1,True,0.813,False,Medium
STU005178,15,GCSE,International,Boarding,0.961,0.872,80.7,0.785,False,False,0,True,0.952,False,Low
STU005179,17,A-Level,EU,Day,0.936,0.908,80.9,0.771,False,False,0,True,0.758,False,Low
STU005180,16,EAP,International,Homestay,0.981,0.851,80.5,0.661,False,False,1,False,0.759,False,Low
STU005181,16,A-Level,International,Boarding,0.89,1.0,89.9,0.918,False,False,1,True,0.84,True,Low
STU005182,17,Foundation,EU,Day,0.921,0.996,80.3,0.782,False,False,0,True,0.832,False,Low
STU005183,16,GCSE,International,Day,0.883,0.825,81.4,0.919,False,False,0,True,0.833,True,Low
STU005184,18,EAP,EU,Boarding,0.906,0.867,83.2,0.848,False,False,2,True,0.906,False,Low
STU005185,17,Foundation,UK,Boarding,0.794,0.817,81.5,0.895,False,False,0,True,0.881,False,Low
STU005186,18,EAP,EU,Boarding,0.922,0.809,92.3,0.938,False,False,1,True,0.852,True,Low
STU005187,17,A-Level,International,Day,0.927,0.956,95.7,0.915,False,False,2,False,0.766,True,Low
STU005188,17,A-Level,International,Homestay,0.865,0.84,87.3,0.712,False,False,0,True,0.941,False,Low
STU005189,17,EAP,UK,Day,0.942,0.98,96.2,1.0,False,False,0,True,0.823,False,Low
STU005190,17,A-Level,EU,Boarding,0.961,0.898,100.0,0.726,False,False,0,True,0.73,False,Low
STU005191,18,A-Level,International,Boarding,0.998,0.836,86.3,0.843,False,False,2,False,0.906,False,Low
STU005192,17,Foundation,International,Day,0.829,0.92,76.7,0.856,False,False,2,True,0.855,False,Low
STU005193,18,Foundation,UK,Day,0.947,1.0,100.0,1.0,False,False,3,True,0.869,False,Low
STU005194,17,EAP,UK,Day,0.94,0.733,80.2,0.954,False,True,1,True,0.841,False,Medium
STU005195,14,GCSE,International,Day,0.875,0.723,87.4,0.661,False,False,0,True,0.938,False,Medium
STU005196,18,Foundation,UK,Day,0.998,0.933,87.3,0.861,False,False,1,True,0.723,True,Low
STU005197,19,Foundation,UK,Boarding,0.849,0.952,91.7,0.601,False,False,3,True,0.911,False,Low
STU005198,16,GCSE,UK,Boarding,0.905,0.894,100.0,0.914,False,False,0,True,0.831,False,Low
STU005199,16,A-Level,International,Boarding,0.779,0.608,53.6,0.325,False,False,2,True,0.76,False,High
STU005200,17,A-Level,International,Boarding,0.769,0.696,66.3,0.675,False,False,2,True,0.956,True,Medium
STU005201,17,A-Level,EU,Homestay,0.791,0.838,87.8,0.97,False,False,2,True,0.899,False,Low
STU005202,18,EAP,EU,Homestay,0.999,1.0,98.8,0.941,False,False,0,True,0.811,False,Low
STU005203,17,A-Level,EU,Day,0.846,0.805,80.5,0.789,False,False,2,True,0.811,False,Low
STU005204,17,Foundation,UK,Boarding,0.813,0.787,73.3,0.577,True,False,1,True,0.864,False,High
STU005205,18,EAP,EU,Day,0.929,0.892,82.2,0.978,False,False,0,True,0.868,False,Low
STU005206,17,A-Level,UK,Day,0.848,0.764,84.0,0.622,False,False,2,True,0.745,False,Medium
STU005207,19,Foundation,EU,Boarding,0.984,0.684,86.7,0.714,False,False,0,True,0.67,False,Medium
STU005208,17,A-Level,UK,Day,1.0,0.888,93.7,0.959,False,False,0,False,0.77,False,Low
STU005209,17,Foundation,International,Boarding,0.744,0.651,59.5,0.601,False,False,3,True,0.805,False,High
STU005210,14,GCSE,International,Day,0.936,0.748,77.9,0.576,False,False,1,True,0.955,True,Medium
STU005211,19,EAP,UK,Day,0.719,0.615,61.3,0.552,True,False,3,True,0.929,False,High
STU005212,15,GCSE,UK,Homestay,0.805,0.736,74.6,0.715,False,False,1,True,0.835,False,Medium
STU005213,18,A-Level,UK,Day,0.933,0.904,72.2,0.71,False,False,0,True,0.72,False,Medium
STU005214,17,Foundation,International,Day,0.834,0.829,79.4,0.973,False,False,1,True,0.983,False,Low
STU005215,17,A-Level,UK,Day,0.918,0.872,84.1,0.767,False,False,0,True,0.627,False,Low
STU005216,17,A-Level,UK,Homestay,0.902,0.752,77.2,0.607,False,False,0,True,0.642,False,Medium
STU005217,18,A-Level,International,Day,0.785,0.62,66.4,0.479,False,False,2,True,0.771,False,High
STU005218,17,Foundation,International,Boarding,0.946,1.0,86.3,0.914,False,False,1,True,0.766,False,Low
STU005219,14,GCSE,UK,Boarding,0.921,0.877,84.4,0.78,False,False,1,True,0.845,False,Low
STU005220,15,GCSE,EU,Boarding,0.903,0.82,75.2,0.809,False,False,3,False,0.727,False,Medium
STU005221,18,A-Level,International,Homestay,0.754,0.703,68.3,0.604,True,True,4,True,0.797,False,High
STU005222,18,A-Level,International,Day,0.927,0.879,87.4,0.786,False,False,1,True,0.893,False,Low
STU005223,16,GCSE,UK,Homestay,0.809,0.792,73.5,0.837,False,False,3,True,0.848,True,Medium
STU005224,18,A-Level,International,Boarding,0.829,0.685,80.5,0.724,False,False,1,True,0.848,False,Medium
STU005225,16,A-Level,EU,Day,0.922,0.736,71.3,0.627,False,False,1,True,0.905,False,Medium
STU005226,14,GCSE,International,Day,0.894,0.518,69.1,0.776,True,False,1,True,0.843,True,High
STU005227,16,A-Level,EU,Homestay,0.867,0.719,81.6,0.698,False,False,2,True,0.759,False,Medium
STU005228,18,Foundation,International,Boarding,0.875,0.847,79.7,0.837,True,False,0,False,0.836,True,Medium
STU005229,16,GCSE,International,Boarding,0.914,0.833,77.6,0.745,False,False,1,True,0.761,False,Low
STU005230,18,A-Level,EU,Boarding,0.854,0.748,75.4,0.807,True,False,3,True,0.793,False,Medium
STU005231,16,A-Level,International,Boarding,0.852,0.839,85.8,0.794,False,False,0,True,0.804,True,Low
STU005232,17,A-Level,UK,Day,0.89,0.94,89.5,0.906,False,False,0,True,0.979,False,Low
STU005233,19,Foundation,UK,Day,0.897,0.874,81.7,0.899,False,False,0,True,0.683,False,Low
STU005234,17,A-Level,UK,Boarding,1.0,0.787,77.4,0.643,False,False,0,True,0.711,False,Medium
STU005235,16,A-Level,International,Day,0.823,0.65,68.8,0.495,False,False,1,True,0.827,False,High
STU005236,15,GCSE,EU,Day,0.802,0.663,78.3,0.682,False,False,4,True,0.754,True,Medium
STU005237,17,A-Level,International,Boarding,1.0,0.896,86.3,0.819,True,False,3,True,0.888,False,Low
STU005238,17,A-Level,International,Day,0.922,0.952,82.5,0.678,False,False,1,True,0.958,False,Low
STU005239,15,GCSE,UK,Day,0.938,0.744,77.9,0.806,False,False,2,True,0.926,False,Low
STU005240,16,A-Level,UK,Homestay,0.945,0.811,73.4,0.824,False,False,0,True,0.776,False,Low
STU005241,19,EAP,International,Boarding,0.954,0.882,100.0,0.821,False,False,1,True,0.65,True,Low
STU005242,17,A-Level,International,Day,0.963,0.792,78.4,0.707,False,False,1,True,0.899,False,Low
STU005243,17,A-Level,UK,Homestay,0.954,0.843,76.4,0.657,False,False,0,True,0.979,True,Low
STU005244,19,EAP,UK,Boarding,0.979,0.871,97.9,1.0,False,False,1,False,0.802,True,Low
STU005245,17,Foundation,UK,Day,0.912,0.559,66.1,0.536,False,False,1,True,0.821,True,High
STU005246,16,A-Level,UK,Day,0.975,0.87,84.2,0.64,False,False,2,True,0.764,False,Low
STU005247,19,Foundation,UK,Day,1.0,1.0,92.1,1.0,False,False,1,True,0.88,False,Low
STU005248,18,Foundation,EU,Homestay,0.876,0.742,68.6,0.591,True,False,0,True,0.876,False,High
STU005249,17,A-Level,UK,Boarding,0.889,0.93,83.2,0.682,False,True,2,True,0.819,False,Medium
STU005250,17,A-Level,UK,Boarding,0.859,0.776,82.2,0.818,False,False,1,True,0.922,False,Low
STU005251,16,A-Level,International,Homestay,0.888,0.971,79.0,0.808,False,False,0,True,0.944,False,Low
STU005252,18,EAP,International,Day,0.925,0.986,86.7,0.869,False,False,0,True,0.796,False,Low
STU005253,16,A-Level,UK,Day,0.873,0.838,88.3,0.922,False,False,1,True,0.807,False,Low
STU005254,16,GCSE,International,Day,0.906,0.664,77.2,0.623,False,False,2,True,0.794,False,Medium
STU005255,18,Foundation,UK,Day,0.924,0.764,79.5,0.817,False,False,3,True,0.976,True,Low
STU005256,18,A-Level,International,Boarding,1.0,0.922,80.4,0.794,False,False,0,True,0.974,True,Low
STU005257,16,GCSE,International,Boarding,0.84,0.635,79.9,0.602,False,False,2,True,0.865,False,Medium
STU005258,16,A-Level,International,Day,0.929,0.849,87.8,0.781,False,False,0,True,0.827,True,Low
STU005259,18,A-Level,UK,Day,0.813,0.707,90.7,0.751,True,False,2,True,0.873,True,Medium
STU005260,18,Foundation,EU,Day,0.911,0.825,80.5,0.81,True,False,4,True,0.762,False,Medium
STU005261,15,GCSE,EU,Homestay,0.959,0.961,93.1,0.89,False,False,0,True,0.726,False,Low
STU005262,19,Foundation,UK,Boarding,1.0,0.913,89.4,0.825,False,False,2,True,0.819,False,Low
STU005263,17,A-Level,UK,Boarding,0.87,0.809,67.0,0.621,False,False,0,True,0.926,False,Medium
STU005264,15,GCSE,EU,Day,0.91,0.893,81.9,0.573,False,False,1,True,0.865,False,Low
STU005265,18,EAP,International,Day,0.956,0.687,65.6,0.775,False,False,1,True,0.823,False,Medium
STU005266,17,A-Level,UK,Day,0.946,0.793,72.9,0.613,False,False,0,True,0.804,False,Medium
STU005267,16,A-Level,EU,Homestay,0.726,0.66,70.6,0.591,False,False,1,True,0.874,False,High
STU005268,17,A-Level,UK,Boarding,0.852,0.721,73.4,0.592,False,False,1,True,0.973,False,Medium
STU005269,18,Foundation,UK,Boarding,0.94,0.649,56.0,0.724,False,False,1,True,0.877,False,Medium
STU005270,16,A-Level,International,Boarding,0.885,0.901,87.9,0.962,False,False,1,True,0.911,False,Low
STU005271,14,GCSE,UK,Boarding,0.957,0.788,72.9,0.746,False,False,1,True,0.706,False,Medium
STU005272,15,GCSE,UK,Day,0.973,0.977,95.6,0.956,False,False,0,True,0.622,False,Low
STU005273,17,A-Level,UK,Day,0.885,1.0,85.9,0.798,False,False,1,True,0.851,False,Low
STU005274,19,Foundation,International,Boarding,0.869,0.607,75.7,0.638,True,False,2,True,0.791,False,High
STU005275,17,A-Level,EU,Day,1.0,0.893,74.8,0.785,False,False,1,True,0.649,False,Low
STU005276,15,GCSE,International,Day,0.971,0.622,60.4,0.569,False,False,2,True,0.703,False,High
STU005277,15,GCSE,UK,Boarding,0.846,0.761,83.8,0.671,False,False,3,True,0.992,False,Medium
STU005278,17,A-Level,International,Homestay,0.834,0.728,79.0,0.532,True,False,2,True,0.851,False,High
STU005279,17,EAP,UK,Homestay,0.902,0.896,100.0,0.878,False,False,0,True,0.813,False,Low
STU005280,18,A-Level,EU,Day,0.835,0.854,80.8,0.673,False,False,2,True,0.828,True,Medium
STU005281,19,EAP,EU,Day,0.975,0.913,88.1,0.802,False,False,0,True,0.867,False,Low
STU005282,18,A-Level,UK,Boarding,0.855,0.619,74.5,0.685,False,False,2,True,0.74,False,Medium
STU005283,16,GCSE,EU,Homestay,0.893,0.988,92.4,0.84,False,False,0,True,0.865,True,Low
STU005284,18,Foundation,UK,Homestay,0.975,0.705,78.6,0.712,False,False,0,True,0.819,False,Medium
STU005285,17,A-Level,UK,Homestay,0.868,0.889,66.4,0.626,False,False,1,True,0.866,False,Medium
STU005286,18,Foundation,UK,Boarding,0.876,0.875,80.1,0.816,False,False,1,True,0.827,False,Low
STU005287,18,EAP,International,Day,0.924,0.923,84.7,0.946,False,False,0,True,0.644,False,Low
STU005288,16,GCSE,International,Day,0.871,0.935,79.6,0.762,False,False,0,True,0.862,False,Low
STU005289,15,GCSE,UK,Day,1.0,0.997,98.3,1.0,False,False,2,True,0.931,False,Low
STU005290,19,Foundation,UK,Boarding,0.836,0.812,89.4,0.644,False,False,0,True,0.842,False,Medium
STU005291,17,A-Level,UK,Day,0.739,0.617,64.2,0.423,False,False,2,True,0.76,True,High
STU005292,16,GCSE,UK,Boarding,0.959,0.809,75.3,0.82,False,False,0,True,0.936,False,Low
STU005293,15,GCSE,International,Boarding,0.791,0.569,58.8,0.641,True,True,4,True,0.731,False,High
STU005294,15,GCSE,International,Day,0.843,0.955,75.8,0.766,False,False,1,True,0.837,False,Low
STU005295,18,Foundation,UK,Homestay,0.927,0.999,88.8,0.9,False,False,0,True,0.826,False,Low
STU005296,16,GCSE,UK,Boarding,0.929,0.734,64.0,0.565,False,False,4,False,0.65,True,Medium
STU005297,18,A-Level,International,Homestay,0.847,0.71,72.1,0.697,False,False,3,True,0.808,False,Medium
STU005298,16,A-Level,UK,Homestay,0.983,1.0,95.4,0.863,False,False,1,False,0.85,True,Low
STU005299,17,A-Level,UK,Day,0.96,0.933,86.6,0.813,False,False,0,True,0.819,False,Low
STU005300,15,GCSE,International,Day,1.0,0.94,90.2,0.759,False,False,2,True,0.785,True,Low
STU005301,19,Foundation,EU,Day,0.868,0.94,88.9,0.859,False,False,0,True,0.869,True,Low
STU005302,15,GCSE,EU,Boarding,0.911,0.95,79.8,0.86,False,False,0,True,0.95,False,Low
STU005303,18,Foundation,International,Boarding,0.916,0.888,78.9,0.546,False,False,2,True,0.818,False,Medium
STU005304,18,Foundation,UK,Homestay,0.877,0.948,95.5,0.964,False,False,0,True,0.84,False,Low
STU005305,17,A-Level,International,Day,0.928,0.661,76.0,0.621,False,False,0,True,0.861,False,Medium
STU005306,16,A-Level,UK,Boarding,0.933,0.83,85.9,0.842,False,False,0,True,0.896,False,Low
STU005307,17,A-Level,International,Homestay,0.934,0.853,80.2,0.73,False,False,0,True,0.866,False,Low
STU005308,18,A-Level,International,Boarding,0.877,0.88,78.2,0.895,False,False,0,True,0.727,False,Low
STU005309,19,Foundation,EU,Day,0.885,0.909,84.0,0.865,False,False,0,True,0.861,False,Low
STU005310,17,Foundation,International,Boarding,0.816,0.755,74.2,0.781,True,False,0,True,0.915,False,Medium
STU005311,18,A-Level,International,Day,0.847,0.669,74.7,0.758,False,False,0,True,0.685,False,Medium
STU005312,17,A-Level,UK,Day,0.896,0.802,77.6,0.689,False,False,1,True,0.819,False,Medium
STU005313,17,EAP,International,Day,0.926,0.593,69.8,0.653,True,False,4,True,0.749,True,High
STU005314,16,EAP,International,Day,1.0,0.688,82.5,0.684,False,False,2,True,0.788,False,Low
STU005315,16,A-Level,EU,Boarding,0.992,0.878,82.8,0.721,False,False,0,True,0.911,False,Low
STU005316,18,A-Level,UK,Day,0.868,0.756,73.2,0.85,False,False,2,True,0.771,False,Medium
STU005317,16,A-Level,UK,Boarding,0.929,0.743,73.5,0.648,False,False,1,True,0.693,False,Medium
STU005318,17,EAP,UK,Day,0.757,0.835,87.0,0.886,False,False,1,True,0.799,False,Low
STU005319,16,GCSE,UK,Day,0.889,0.699,75.4,0.607,False,False,2,True,0.778,False,Medium
STU005320,17,A-Level,EU,Day,0.873,0.815,71.6,0.723,False,False,1,True,0.847,False,Medium
STU005321,17,A-Level,UK,Day,1.0,0.988,92.5,0.854,False,False,1,True,0.911,False,Low
STU005322,17,A-Level,UK,Day,0.918,0.8,77.4,0.886,False,False,0,True,0.905,True,Low
STU005323,16,A-Level,UK,Boarding,0.831,0.655,67.7,0.631,True,False,0,True,0.664,False,High
STU005324,19,EAP,EU,Homestay,0.895,0.898,92.0,0.861,False,False,1,False,0.768,False,Low
STU005325,14,GCSE,EU,Day,0.88,0.762,73.2,0.751,False,False,1,True,0.749,True,Medium
STU005326,17,A-Level,International,Day,0.937,0.869,75.3,0.742,False,False,1,False,0.629,False,Low
STU005327,15,GCSE,UK,Day,0.854,0.761,77.9,0.589,False,False,1,True,0.915,False,Medium
STU005328,14,GCSE,UK,Homestay,0.938,0.818,81.7,0.805,False,False,1,True,0.899,False,Low
STU005329,18,A-Level,UK,Boarding,1.0,0.978,89.8,0.803,False,False,0,False,0.649,False,Low
STU005330,17,A-Level,UK,Boarding,0.908,0.701,84.5,0.72,False,False,0,True,0.815,True,Medium
STU005331,16,A-Level,UK,Day,0.878,0.848,76.6,0.759,False,False,1,True,0.942,False,Low
STU005332,18,A-Level,International,Day,0.837,0.625,70.7,0.795,False,True,1,True,0.719,False,High
STU005333,15,GCSE,UK,Day,0.984,0.779,79.7,0.571,False,False,2,False,0.722,True,Medium
STU005334,17,A-Level,International,Homestay,0.91,0.792,69.8,0.694,False,False,0,True,0.982,False,Medium
STU005335,18,EAP,EU,Day,0.857,0.657,77.8,0.669,False,False,1,True,0.812,False,Medium
STU005336,19,EAP,UK,Boarding,0.957,0.942,88.4,0.723,False,False,0,True,0.89,False,Low
STU005337,16,A-Level,International,Boarding,0.798,0.578,63.6,0.568,True,False,4,True,0.703,True,High
STU005338,17,A-Level,International,Boarding,0.822,0.724,80.4,0.806,True,False,0,True,0.733,False,Medium
STU005339,18,EAP,International,Day,0.916,0.948,73.7,0.852,False,False,0,True,0.902,True,Low
STU005340,14,GCSE,International,Boarding,0.844,0.729,69.9,0.578,False,False,2,True,0.742,False,High
STU005341,18,Foundation,UK,Day,0.775,0.718,79.0,0.751,False,False,1,True,0.886,False,Medium
STU005342,17,EAP,International,Homestay,0.931,0.819,79.1,0.871,False,False,0,True,0.894,False,Low
STU005343,15,GCSE,UK,Day,0.747,0.687,63.8,0.623,False,False,1,True,0.719,False,High
STU005344,14,GCSE,International,Day,0.835,0.665,73.3,0.551,False,False,2,True,0.678,True,High
STU005345,18,EAP,UK,Day,0.954,0.818,74.5,0.699,False,False,1,True,0.849,False,Low
STU005346,18,A-Level,UK,Homestay,0.889,0.626,70.7,0.516,True,False,3,True,0.641,False,High
STU005347,15,GCSE,International,Day,0.889,0.966,95.4,0.987,False,False,0,True,1.0,False,Low
STU005348,17,A-Level,UK,Day,0.837,0.634,67.9,0.519,False,False,3,True,0.943,False,High
STU005349,16,A-Level,UK,Day,0.87,0.609,69.4,0.591,False,False,3,True,0.905,True,Medium
STU005350,17,A-Level,UK,Day,0.94,1.0,83.2,0.77,False,False,0,True,0.838,False,Low
STU005351,17,Foundation,International,Boarding,0.891,0.806,76.2,0.562,False,False,1,True,0.75,False,Medium
STU005352,18,EAP,International,Day,0.814,0.663,68.7,0.627,False,False,0,False,0.54,False,High
STU005353,17,A-Level,International,Boarding,0.838,0.703,84.2,0.741,False,False,3,False,0.597,False,Medium
STU005354,18,A-Level,International,Boarding,0.87,0.853,90.4,0.766,False,False,2,True,0.931,False,Low
STU005355,17,A-Level,EU,Homestay,0.926,0.791,80.7,0.816,False,False,1,True,0.965,False,Low
STU005356,17,A-Level,UK,Day,0.907,0.929,91.9,0.844,False,False,0,True,0.719,True,Low
STU005357,15,GCSE,UK,Day,0.775,0.695,70.2,0.631,True,False,2,True,0.844,False,High
STU005358,19,EAP,EU,Homestay,0.994,0.877,78.7,0.765,False,False,0,True,1.0,False,Low
STU005359,18,Foundation,UK,Boarding,0.848,0.823,72.6,0.816,False,False,1,True,0.86,False,Medium
STU005360,17,A-Level,UK,Day,0.931,1.0,87.3,0.936,False,False,1,True,0.792,False,Low
STU005361,18,A-Level,EU,Boarding,0.834,0.779,72.5,0.799,False,False,1,True,0.828,False,Medium
STU005362,14,GCSE,International,Homestay,1.0,0.832,84.1,0.676,False,False,1,True,0.847,False,Low
STU005363,16,A-Level,UK,Day,0.993,0.834,88.9,0.87,False,False,0,True,0.818,False,Low
STU005364,16,A-Level,International,Homestay,0.846,0.848,75.9,0.798,False,False,1,True,0.806,False,Low
STU005365,18,A-Level,International,Day,0.906,0.682,80.1,0.609,False,False,0,True,0.598,True,Medium
STU005366,16,EAP,International,Day,0.772,0.781,81.5,0.678,True,False,1,False,0.746,False,High
STU005367,18,A-Level,International,Day,0.875,0.924,80.8,0.812,False,False,2,True,0.921,True,Low
STU005368,17,A-Level,UK,Day,0.93,0.748,84.8,0.908,False,False,2,True,0.918,True,Low
STU005369,17,Foundation,International,Day,0.959,0.907,87.9,0.734,False,False,1,True,0.681,False,Low
STU005370,15,GCSE,International,Homestay,0.813,0.575,67.1,0.521,False,False,1,True,0.857,False,High
STU005371,16,A-Level,EU,Boarding,0.796,0.679,82.6,0.746,True,False,2,True,0.781,False,Medium
STU005372,17,A-Level,International,Boarding,0.966,0.835,87.8,0.755,False,False,0,True,0.776,False,Low
STU005373,17,A-Level,UK,Boarding,0.993,0.841,90.0,0.825,False,False,0,True,0.837,True,Low
STU005374,18,Foundation,EU,Day,0.809,0.676,67.1,0.737,True,False,3,True,0.712,True,High
STU005375,16,A-Level,UK,Day,0.967,0.921,92.8,0.803,False,False,0,True,0.912,True,Low
STU005376,18,Foundation,International,Homestay,0.766,0.737,68.1,0.629,True,False,4,True,0.803,False,High
STU005377,18,A-Level,International,Boarding,0.879,0.828,87.0,0.854,False,False,1,True,0.894,False,Low
STU005378,17,A-Level,International,Day,0.82,0.716,61.8,0.617,False,False,1,True,0.892,False,Medium
STU005379,19,Foundation,International,Homestay,0.872,0.864,86.9,0.804,False,False,1,False,0.617,False,Low
STU005380,14,GCSE,UK,Day,1.0,0.797,88.4,0.827,False,False,0,True,0.752,True,Low
STU005381,16,GCSE,UK,Homestay,0.819,0.705,71.1,0.643,True,False,0,True,0.756,False,High
STU005382,17,A-Level,International,Homestay,0.88,0.815,65.5,0.841,False,False,0,True,0.818,False,Medium
STU005383,16,A-Level,UK,Day,0.86,0.782,83.6,0.681,False,False,0,True,0.974,False,Medium
STU005384,16,GCSE,UK,Day,0.836,0.718,84.0,0.96,True,False,3,True,0.828,False,Medium
STU005385,18,A-Level,EU,Homestay,0.843,0.812,70.7,0.758,False,False,2,False,0.739,False,Medium
STU005386,17,A-Level,UK,Day,0.91,0.895,92.6,0.908,False,False,2,True,0.861,False,Low
STU005387,16,A-Level,International,Day,0.898,1.0,80.2,0.861,False,False,0,True,0.948,True,Low
STU005388,17,EAP,EU,Day,0.868,0.772,77.9,0.961,False,False,2,True,0.845,False,Low
STU005389,17,A-Level,International,Boarding,0.862,0.972,82.7,0.748,False,False,0,True,0.806,True,Low
STU005390,19,Foundation,International,Boarding,0.913,1.0,96.4,0.926,False,False,1,True,0.813,True,Low
STU005391,14,GCSE,UK,Homestay,0.849,0.939,89.4,0.887,False,False,1,True,0.923,False,Low
STU005392,18,A-Level,UK,Homestay,0.883,0.77,79.0,0.782,False,False,0,True,1.0,False,Low
STU005393,18,Foundation,UK,Homestay,0.868,0.844,77.8,0.687,False,False,0,True,0.815,True,Medium
STU005394,18,A-Level,International,Day,0.746,0.659,77.7,0.905,False,False,1,True,0.753,False,Medium
STU005395,19,Foundation,UK,Boarding,0.914,0.595,70.6,0.765,True,False,2,False,0.647,True,High
STU005396,17,A-Level,UK,Day,0.772,0.684,79.4,0.707,False,False,1,True,0.756,False,Medium
STU005397,15,GCSE,International,Day,0.776,0.656,65.8,0.712,False,False,1,True,0.885,False,Medium
STU005398,18,A-Level,UK,Homestay,0.963,0.652,89.3,0.689,False,False,1,True,0.876,False,Low
STU005399,17,A-Level,International,Day,0.822,0.904,87.7,0.761,False,False,2,True,0.85,False,Low
STU005400,18,Foundation,International,Homestay,0.755,0.687,59.9,0.761,False,False,1,True,0.879,False,Medium
STU005401,15,GCSE,EU,Day,0.885,0.79,71.3,0.694,True,True,0,True,0.887,False,High
STU005402,17,EAP,International,Homestay,0.855,1.0,76.9,0.777,False,False,2,True,0.819,True,Low
STU005403,19,EAP,UK,Day,0.985,0.861,84.4,0.817,False,False,0,True,0.796,False,Low
STU005404,14,GCSE,International,Day,0.836,0.638,55.5,0.661,False,False,2,True,0.571,False,High
STU005405,18,A-Level,International,Day,0.785,0.919,71.8,0.79,False,False,3,True,0.989,True,Medium
STU005406,18,Foundation,UK,Day,0.877,0.807,80.3,0.81,False,False,1,True,0.765,False,Low
STU005407,18,EAP,UK,Day,0.815,0.886,79.3,0.879,False,False,0,False,0.802,True,Low
STU005408,17,A-Level,International,Homestay,0.895,0.51,72.6,0.642,True,False,2,True,0.931,False,High
STU005409,17,A-Level,UK,Boarding,0.911,0.824,77.2,0.843,True,False,0,True,0.733,False,Medium
STU005410,17,A-Level,International,Day,0.965,0.886,89.9,0.891,False,False,2,True,0.872,False,Low
STU005411,17,A-Level,UK,Day,0.878,0.752,86.1,0.716,False,False,0,True,0.896,False,Low
STU005412,17,A-Level,UK,Day,0.997,0.913,75.6,0.719,False,False,1,True,0.909,True,Low
STU005413,19,Foundation,International,Day,0.835,0.753,70.6,0.827,False,False,0,True,0.856,False,Medium
STU005414,15,GCSE,UK,Boarding,0.909,0.707,69.2,0.549,False,False,2,True,0.765,False,Medium
STU005415,15,GCSE,International,Day,0.89,0.781,77.4,0.681,False,False,0,True,0.935,False,Medium
STU005416,17,A-Level,UK,Boarding,1.0,0.953,93.4,0.833,False,False,0,True,0.755,False,Low
STU005417,16,A-Level,UK,Day,0.985,0.833,73.5,0.775,False,False,0,True,0.941,True,Low
STU005418,17,A-Level,International,Boarding,0.902,0.744,67.5,0.627,False,False,1,True,0.886,False,Medium
STU005419,17,A-Level,EU,Boarding,0.914,0.807,81.3,0.772,False,False,0,True,0.787,False,Low
STU005420,17,A-Level,International,Day,1.0,0.808,71.2,0.68,False,False,0,True,0.79,False,Low
STU005421,15,GCSE,International,Homestay,0.787,0.587,60.3,0.677,True,False,1,True,0.649,False,High
STU005422,17,A-Level,International,Boarding,0.758,0.759,67.8,0.644,False,False,1,True,0.857,False,Medium
STU005423,17,EAP,International,Boarding,0.766,0.735,68.7,0.681,True,False,2,False,0.547,False,High
STU005424,17,A-Level,UK,Day,0.871,0.619,82.8,0.643,False,False,0,True,0.65,False,Medium
STU005425,18,A-Level,International,Homestay,0.995,0.868,82.1,0.891,False,False,0,True,0.946,False,Low
STU005426,17,A-Level,UK,Boarding,0.938,0.897,73.0,0.725,True,False,1,False,0.712,False,Medium
STU005427,18,EAP,UK,Day,0.824,0.698,64.8,0.661,True,False,1,True,0.826,False,High
STU005428,14,GCSE,UK,Day,0.933,0.788,75.2,0.735,False,False,1,True,0.769,False,Low
STU005429,18,A-Level,UK,Day,0.78,0.688,76.7,0.871,True,False,4,True,0.82,True,Medium
STU005430,18,Foundation,International,Day,1.0,0.999,93.7,0.87,False,False,1,False,0.709,False,Low
STU005431,17,A-Level,UK,Homestay,0.985,0.856,82.1,0.922,False,False,1,True,0.751,False,Low
STU005432,16,GCSE,UK,Day,0.904,0.779,74.7,0.543,False,False,2,True,0.784,False,Medium
STU005433,17,A-Level,EU,Homestay,0.895,0.948,79.2,0.729,False,False,0,True,0.792,False,Low
STU005434,15,GCSE,UK,Day,0.949,0.792,80.1,0.637,False,False,0,True,0.917,True,Low
STU005435,17,A-Level,International,Day,0.896,0.893,89.2,0.691,False,False,0,True,0.862,False,Low
STU005436,17,Foundation,UK,Homestay,0.773,0.739,80.3,0.636,False,False,1,True,1.0,False,Medium
STU005437,16,GCSE,UK,Day,1.0,1.0,94.8,0.935,False,False,2,True,0.895,False,Low
STU005438,17,Foundation,UK,Boarding,0.982,0.885,83.4,0.908,False,False,0,True,0.754,False,Low
STU005439,15,GCSE,UK,Homestay,0.926,0.709,71.2,0.656,False,False,0,True,0.704,True,Medium
STU005440,17,Foundation,EU,Homestay,0.806,0.639,58.0,0.636,True,False,2,True,0.952,True,High
STU005441,18,A-Level,EU,Homestay,0.901,0.796,80.0,0.799,False,False,0,True,0.786,False,Low
STU005442,14,GCSE,UK,Homestay,0.715,0.747,69.2,0.759,False,False,2,True,0.841,True,Medium
STU005443,15,GCSE,UK,Boarding,0.777,0.783,78.8,0.761,True,False,0,True,0.7,False,Medium
STU005444,18,EAP,UK,Day,1.0,0.796,75.8,0.926,False,False,1,True,0.828,False,Low
STU005445,15,GCSE,International,Boarding,0.936,0.922,93.7,0.969,False,False,0,True,0.929,False,Low
STU005446,15,GCSE,UK,Homestay,0.764,0.759,64.8,0.725,False,False,2,True,1.0,False,Medium
STU005447,17,A-Level,International,Boarding,0.766,0.636,59.9,0.606,True,False,2,False,0.502,False,High
STU005448,17,A-Level,International,Day,0.765,0.6,62.4,0.597,False,False,1,True,0.746,True,High
STU005449,17,A-Level,UK,Boarding,0.845,0.754,68.5,0.601,False,False,1,True,0.821,True,Medium
STU005450,15,GCSE,International,Boarding,0.812,0.65,72.3,0.494,True,False,2,False,0.888,False,High
STU005451,17,A-Level,International,Day,0.963,0.892,81.0,0.808,True,False,2,True,0.701,False,Medium
STU005452,14,GCSE,International,Boarding,0.955,0.892,95.9,0.951,False,False,2,True,0.899,True,Low
STU005453,16,GCSE,UK,Boarding,0.824,0.713,71.4,0.683,True,False,1,True,0.629,False,High
STU005454,17,A-Level,EU,Boarding,0.882,0.929,81.7,0.966,False,False,1,True,0.694,False,Low
STU005455,17,Foundation,UK,Day,0.844,0.789,68.7,0.763,False,False,1,True,0.856,False,Medium
STU005456,15,GCSE,UK,Day,0.976,0.769,80.0,0.842,False,False,1,True,0.899,False,Low
STU005457,18,A-Level,International,Boarding,0.985,0.603,69.2,0.603,False,False,2,True,0.839,False,Medium
STU005458,16,A-Level,International,Boarding,0.806,0.722,79.9,0.81,False,False,2,True,0.918,False,Medium
STU005459,18,EAP,UK,Day,0.78,0.584,76.1,0.674,False,False,1,True,0.84,False,Medium
STU005460,18,EAP,International,Day,0.878,0.873,94.0,0.895,False,False,0,True,0.824,False,Low
STU005461,17,Foundation,International,Day,0.886,0.79,85.9,0.933,False,False,0,True,0.777,True,Low
STU005462,16,GCSE,UK,Day,0.918,0.773,73.5,0.78,False,False,0,True,0.817,False,Low
STU005463,15,GCSE,UK,Homestay,0.679,0.764,69.5,0.632,True,True,1,True,0.767,False,High
STU005464,17,A-Level,UK,Boarding,0.801,0.659,72.2,0.667,True,False,4,True,0.654,True,High
STU005465,18,A-Level,International,Homestay,0.894,0.929,79.4,0.829,False,False,2,True,0.919,False,Low
STU005466,17,A-Level,International,Boarding,0.845,0.866,85.8,0.955,False,False,0,True,0.756,True,Low
STU005467,19,Foundation,UK,Boarding,0.96,0.742,77.2,0.813,False,False,0,True,0.918,False,Low
STU005468,18,Foundation,EU,Day,1.0,0.887,80.8,0.85,False,False,0,True,0.845,False,Low
STU005469,18,Foundation,International,Boarding,0.862,0.524,74.0,0.555,False,False,0,True,0.833,True,High
STU005470,18,A-Level,International,Day,0.962,0.884,86.4,0.834,False,False,0,True,0.844,False,Low
STU005471,16,A-Level,UK,Boarding,0.875,0.679,81.0,0.65,False,False,3,False,0.725,True,Medium
STU005472,17,A-Level,EU,Day,0.835,0.755,75.0,0.702,False,False,2,True,0.786,False,Medium
STU005473,15,GCSE,International,Day,0.776,0.613,63.6,0.684,True,False,0,False,0.741,True,High
STU005474,17,Foundation,UK,Day,0.954,0.87,67.8,0.615,False,False,0,True,0.931,False,Medium
STU005475,15,GCSE,UK,Homestay,0.808,0.704,83.0,0.721,True,False,1,True,0.775,False,Medium
STU005476,16,A-Level,International,Day,0.869,0.774,86.4,0.771,False,False,1,True,0.816,True,Low
STU005477,17,A-Level,UK,Day,0.82,0.751,71.5,0.803,False,False,3,True,0.88,False,Medium
STU005478,17,A-Level,International,Homestay,0.944,0.821,64.9,0.698,False,False,0,True,0.808,False,Medium
STU005479,19,Foundation,UK,Boarding,0.932,0.862,93.3,0.933,False,False,0,True,0.795,False,Low
STU005480,16,A-Level,UK,Day,1.0,0.7,83.4,0.837,False,False,0,True,0.858,False,Low
STU005481,18,Foundation,UK,Day,0.942,0.768,85.3,0.719,False,False,0,True,0.843,False,Low
STU005482,16,A-Level,UK,Day,0.929,0.76,62.9,0.604,False,False,2,True,0.833,False,Medium
STU005483,17,A-Level,UK,Boarding,0.888,0.655,61.3,0.633,True,False,1,True,0.77,False,High
STU005484,18,Foundation,International,Boarding,0.882,0.869,84.8,0.881,False,False,1,True,0.703,False,Low
STU005485,17,A-Level,UK,Day,0.908,0.842,77.9,0.812,False,False,0,True,1.0,True,Low
STU005486,19,EAP,International,Homestay,0.965,0.59,68.7,0.577,False,False,2,True,0.704,False,High
STU005487,16,GCSE,EU,Day,0.843,0.69,59.8,0.669,False,False,3,True,0.693,True,High
STU005488,16,A-Level,EU,Day,1.0,0.982,86.1,0.815,False,False,1,True,0.664,True,Low
STU005489,17,A-Level,UK,Homestay,0.945,0.968,92.1,1.0,False,False,0,True,0.793,False,Low
STU005490,18,EAP,International,Day,1.0,1.0,97.7,1.0,False,False,0,True,0.923,True,Low
STU005491,15,GCSE,EU,Homestay,0.818,0.817,79.9,0.677,False,False,2,False,0.688,False,Medium
STU005492,17,Foundation,UK,Boarding,0.818,0.756,73.9,0.77,False,False,0,True,0.733,True,Medium
STU005493,17,A-Level,International,Day,0.926,0.713,81.0,0.603,False,False,0,True,0.88,False,Medium
STU005494,17,A-Level,UK,Day,0.909,0.754,70.4,0.444,False,False,0,True,0.817,False,Medium
STU005495,17,A-Level,UK,Boarding,0.868,0.857,93.2,0.693,False,False,1,True,0.767,False,Low
STU005496,18,A-Level,EU,Homestay,0.762,0.867,78.3,0.813,False,True,2,True,0.727,False,Medium
STU005497,17,A-Level,International,Day,0.881,0.753,78.0,0.768,False,False,0,True,0.845,False,Medium
STU005498,17,Foundation,UK,Day,0.854,0.752,73.4,0.651,True,False,4,True,0.738,False,High
STU005499,16,A-Level,International,Day,0.808,0.784,72.5,0.823,False,False,3,True,0.833,True,Medium
STU005500,18,A-Level,International,Boarding,0.871,0.932,92.3,0.957,False,False,1,True,0.788,False,Low
STU005501,18,A-Level,International,Day,0.927,0.745,70.7,0.588,False,False,1,True,0.922,False,Medium
STU005502,15,GCSE,UK,Day,0.955,0.829,89.7,0.754,False,False,2,True,0.928,False,Low
STU005503,15,GCSE,International,Homestay,0.88,0.825,80.1,0.662,False,False,0,False,0.66,True,Medium
STU005504,18,A-Level,UK,Day,0.844,0.747,71.1,0.735,False,False,2,True,0.763,False,Medium
STU005505,17,A-Level,EU,Day,0.908,0.76,81.1,0.704,False,False,0,True,0.798,True,Medium
STU005506,16,GCSE,UK,Boarding,0.852,0.941,80.7,0.995,True,False,1,True,0.863,False,Low
STU005507,17,A-Level,International,Homestay,0.797,0.77,70.3,0.695,False,False,2,True,0.787,False,Medium
STU005508,17,A-Level,UK,Day,0.868,0.723,78.7,0.777,False,False,2,True,0.791,False,Medium
STU005509,17,A-Level,UK,Day,0.859,0.882,83.7,0.757,False,False,1,True,0.928,False,Low
STU005510,16,A-Level,International,Day,0.902,0.864,76.2,0.605,False,False,1,True,0.932,False,Medium
STU005511,15,GCSE,UK,Day,0.849,0.8,75.2,0.736,False,False,1,True,0.918,True,Medium
STU005512,18,EAP,UK,Boarding,0.862,0.707,71.1,0.611,False,False,0,True,0.714,False,Medium
STU005513,19,Foundation,International,Boarding,0.887,1.0,94.2,0.996,False,False,0,True,0.663,True,Low
STU005514,18,Foundation,International,Boarding,0.945,1.0,94.6,0.914,False,False,1,True,0.801,True,Low
STU005515,15,GCSE,UK,Boarding,0.906,0.705,79.7,0.669,False,False,2,True,0.843,True,Medium
STU005516,17,Foundation,UK,Homestay,1.0,0.853,77.4,0.81,False,True,2,True,0.754,False,Low
STU005517,17,Foundation,International,Boarding,0.811,0.808,95.1,0.868,False,False,1,True,0.999,False,Low
STU005518,18,Foundation,EU,Homestay,0.964,1.0,73.5,0.846,False,False,1,True,0.847,True,Low
STU005519,15,GCSE,UK,Day,0.856,0.688,60.5,0.473,True,False,2,True,0.813,False,High
STU005520,17,A-Level,International,Boarding,0.802,0.728,78.6,0.731,False,False,1,True,0.826,False,Medium
STU005521,17,Foundation,EU,Day,0.874,0.854,94.4,0.903,False,False,1,True,0.875,False,Low
STU005522,18,A-Level,UK,Day,0.794,0.62,68.4,0.427,False,False,3,True,0.926,False,High
STU005523,17,A-Level,UK,Homestay,0.866,0.676,70.6,0.723,True,False,0,False,0.545,False,High
STU005524,18,A-Level,UK,Day,0.879,0.795,85.7,0.645,False,False,1,True,0.943,True,Medium
STU005525,17,A-Level,International,Boarding,0.779,0.76,69.5,0.8,True,False,3,False,0.726,False,High
STU005526,14,GCSE,UK,Boarding,0.826,0.778,69.9,0.647,False,False,2,True,0.889,False,Medium
STU005527,17,A-Level,UK,Boarding,0.914,0.748,77.9,0.645,True,False,0,True,0.924,True,Medium
STU005528,15,GCSE,International,Boarding,0.889,0.745,89.7,0.829,False,False,0,True,0.856,False,Low
STU005529,17,A-Level,UK,Day,0.915,0.722,65.3,0.654,False,False,0,True,0.653,True,Medium
STU005530,17,A-Level,International,Day,0.848,0.74,85.5,0.702,True,False,4,True,0.973,False,Medium
STU005531,16,A-Level,UK,Homestay,0.795,0.759,76.4,0.717,True,True,3,True,0.708,False,High
STU005532,15,GCSE,International,Day,0.877,0.798,84.3,0.701,False,False,3,True,0.759,False,Low
STU005533,18,A-Level,UK,Boarding,0.962,0.633,75.4,0.582,True,False,2,True,0.89,False,Medium
STU005534,17,Foundation,UK,Day,1.0,0.678,83.0,0.725,False,False,0,True,0.866,True,Low
STU005535,15,GCSE,EU,Day,1.0,0.853,87.5,0.764,False,False,0,True,0.879,True,Low
STU005536,16,GCSE,International,Day,0.902,0.742,72.2,0.508,False,False,2,True,0.747,False,Medium
STU005537,15,GCSE,International,Boarding,0.86,0.841,68.5,0.727,False,True,3,True,0.813,False,Medium
STU005538,18,Foundation,International,Day,0.976,0.995,82.1,0.788,False,False,1,True,0.961,False,Low
STU005539,17,A-Level,EU,Day,0.847,0.891,84.2,0.8,False,False,1,True,0.666,False,Low
STU005540,17,A-Level,EU,Day,1.0,0.951,90.0,0.878,False,False,1,True,0.955,False,Low
STU005541,15,GCSE,International,Day,0.955,0.737,71.9,0.625,False,False,1,True,0.879,False,Medium
STU005542,17,A-Level,International,Day,0.88,0.885,76.7,0.684,False,False,0,True,0.765,False,Low
STU005543,17,Foundation,International,Day,0.92,0.7,76.0,0.683,False,False,1,True,1.0,False,Medium
STU005544,18,Foundation,EU,Boarding,0.944,0.909,79.7,0.742,False,False,0,True,0.728,False,Low
STU005545,17,A-Level,UK,Day,0.815,0.84,69.8,0.638,True,False,0,True,0.729,False,High
STU005546,15,GCSE,UK,Day,0.906,0.913,87.5,0.841,True,False,2,True,0.752,False,Low
STU005547,15,GCSE,UK,Homestay,0.989,0.795,74.1,0.704,False,False,0,True,0.676,True,Medium
STU005548,14,GCSE,International,Day,0.882,0.698,77.8,0.833,False,False,0,True,0.847,False,Medium
STU005549,16,A-Level,International,Homestay,0.867,0.739,81.2,0.771,False,False,0,True,0.768,False,Medium
STU005550,16,GCSE,EU,Day,0.893,0.865,85.0,0.898,False,False,0,True,0.761,False,Low
STU005551,17,A-Level,UK,Day,0.776,0.638,62.7,0.621,True,False,0,True,0.718,False,High
STU005552,17,A-Level,UK,Day,0.783,0.714,83.0,0.605,False,False,1,True,0.855,False,Medium
STU005553,16,EAP,International,Boarding,0.804,0.566,72.6,0.743,True,False,2,False,0.666,True,High
STU005554,16,A-Level,International,Boarding,0.833,0.751,85.9,0.532,False,False,3,True,0.791,False,Medium
STU005555,18,Foundation,UK,Day,1.0,0.84,82.1,0.849,False,False,0,True,0.954,False,Low
STU005556,19,Foundation,International,Boarding,0.868,0.826,82.8,0.839,False,False,1,True,0.794,False,Low
STU005557,16,GCSE,UK,Day,0.932,0.834,91.3,0.881,False,False,0,True,0.829,True,Low
STU005558,19,Foundation,UK,Day,0.856,0.871,95.8,0.814,False,False,3,True,0.951,False,Low
STU005559,18,A-Level,International,Boarding,1.0,0.818,90.8,0.783,False,False,0,True,0.78,True,Low
STU005560,18,A-Level,International,Boarding,0.81,0.667,70.6,0.925,True,False,1,False,0.587,False,High
STU005561,17,A-Level,International,Day,0.813,0.797,77.4,0.715,False,False,2,True,0.806,False,Medium
STU005562,17,EAP,UK,Day,0.947,0.678,76.6,0.699,False,False,0,True,0.817,False,Medium
STU005563,17,A-Level,UK,Homestay,0.918,0.803,81.6,0.759,False,False,0,True,0.92,False,Low
STU005564,16,A-Level,UK,Homestay,0.901,0.772,64.4,0.564,True,True,1,True,0.802,False,High
STU005565,17,EAP,UK,Day,0.889,0.807,79.4,0.652,False,False,0,True,0.651,True,Medium
STU005566,14,GCSE,EU,Homestay,0.833,0.729,51.6,0.713,True,False,4,True,0.808,False,High
STU005567,17,A-Level,UK,Day,0.794,0.682,63.4,0.548,False,False,1,True,0.863,False,High
STU005568,18,Foundation,UK,Homestay,0.894,0.633,75.8,0.656,True,False,0,True,0.796,False,High
STU005569,17,Foundation,UK,Boarding,0.904,0.798,92.4,0.647,False,False,0,True,0.77,False,Low
STU005570,18,EAP,International,Homestay,0.843,0.763,75.2,0.756,True,False,3,True,0.704,False,Medium
STU005571,19,EAP,International,Boarding,0.884,0.8,76.2,0.712,False,False,0,True,0.847,False,Medium
STU005572,15,GCSE,International,Day,0.88,0.813,72.5,0.79,False,False,1,True,0.812,False,Low
STU005573,19,Foundation,UK,Day,0.959,0.867,80.3,0.866,False,False,0,True,0.794,False,Low
STU005574,16,A-Level,UK,Boarding,0.835,0.767,73.8,0.569,False,False,2,True,1.0,False,Medium
STU005575,16,A-Level,UK,Day,0.914,0.762,80.4,0.827,True,False,0,True,0.876,False,Medium
STU005576,15,GCSE,UK,Day,0.788,0.613,64.9,0.664,False,False,0,True,0.657,False,High
STU005577,17,A-Level,UK,Homestay,0.766,0.736,70.9,0.548,False,False,4,True,0.943,False,Medium
STU005578,18,EAP,UK,Day,0.999,0.802,88.8,0.894,False,False,1,True,0.876,False,Low
STU005579,18,EAP,International,Day,0.828,0.807,89.4,0.984,False,False,2,True,0.928,False,Low
STU005580,17,A-Level,International,Day,0.907,0.836,82.5,0.735,False,False,0,True,0.802,False,Low
STU005581,16,GCSE,UK,Boarding,0.881,0.735,70.5,0.529,False,False,3,True,0.89,False,Medium
STU005582,17,A-Level,International,Day,0.924,0.853,74.4,0.877,False,False,0,True,0.883,False,Low
STU005583,18,Foundation,UK,Day,0.904,1.0,88.0,0.976,False,False,1,True,0.807,False,Low
STU005584,18,Foundation,International,Homestay,0.913,0.817,81.2,0.623,True,False,0,True,0.784,False,Medium
STU005585,16,A-Level,International,Homestay,0.8,0.697,73.4,0.614,False,False,1,True,0.789,True,Medium
STU005586,15,GCSE,International,Boarding,0.947,0.785,84.3,0.76,False,False,0,True,0.948,False,Low
STU005587,16,A-Level,UK,Boarding,0.896,0.733,79.5,0.521,False,False,2,True,0.82,True,Medium
STU005588,17,A-Level,UK,Day,0.793,0.854,91.4,0.957,False,False,2,False,0.96,False,Low
STU005589,16,EAP,UK,Boarding,0.863,0.896,86.7,0.782,False,False,0,True,0.892,False,Low
STU005590,16,A-Level,UK,Day,0.788,0.722,77.1,0.709,False,False,1,True,0.994,False,Medium
STU005591,17,A-Level,International,Day,0.783,0.832,60.1,0.745,False,False,1,True,0.814,False,Medium
STU005592,17,A-Level,International,Day,0.869,0.669,78.6,0.71,False,False,2,True,0.749,False,Medium
STU005593,15,GCSE,International,Day,0.983,0.855,96.1,0.711,False,False,0,False,0.713,True,Low
STU005594,18,EAP,EU,Day,0.922,0.739,68.2,0.702,False,False,0,True,0.913,False,Medium
STU005595,16,A-Level,International,Day,0.991,0.808,88.1,0.655,False,False,0,True,0.793,False,Low
STU005596,17,A-Level,UK,Boarding,0.905,0.812,89.4,0.806,False,False,0,True,0.734,False,Low
STU005597,16,A-Level,UK,Day,1.0,0.846,89.9,0.962,False,False,0,True,0.919,True,Low
STU005598,18,A-Level,International,Boarding,1.0,0.857,76.5,0.914,False,False,1,True,0.718,False,Low
STU005599,17,A-Level,UK,Boarding,0.834,0.714,64.7,0.69,False,False,2,True,0.752,True,Medium
STU005600,18,Foundation,UK,Homestay,0.905,0.952,86.2,0.764,False,False,2,True,0.852,True,Low
STU005601,17,A-Level,UK,Day,0.849,0.81,93.0,0.926,False,False,2,True,0.812,False,Low
STU005602,18,A-Level,International,Boarding,0.843,0.53,52.5,0.612,True,False,3,True,0.842,False,High
STU005603,15,GCSE,International,Boarding,1.0,0.723,75.1,0.58,False,False,1,True,0.801,False,Medium
STU005604,18,A-Level,UK,Homestay,0.855,0.65,79.8,0.765,False,False,1,False,0.804,True,Medium
STU005605,15,GCSE,International,Day,0.817,0.704,73.2,0.8,False,False,0,True,0.845,False,Medium
STU005606,16,A-Level,International,Day,0.785,0.4,51.8,0.376,True,False,6,True,0.752,False,High
STU005607,19,Foundation,International,Day,0.872,0.771,89.9,0.82,False,False,0,True,1.0,False,Low
STU005608,18,Foundation,EU,Day,1.0,0.825,82.7,0.667,True,False,2,False,0.817,False,Medium
STU005609,17,A-Level,International,Boarding,1.0,0.769,82.8,0.63,False,False,0,False,0.852,False,Low
STU005610,17,A-Level,International,Homestay,0.699,0.638,59.3,0.63,False,False,3,True,0.898,False,High
STU005611,15,GCSE,UK,Day,0.851,0.86,67.6,0.54,True,False,0,True,0.825,True,Medium
STU005612,17,A-Level,UK,Day,0.856,0.646,71.2,0.523,False,False,1,True,0.739,False,High
STU005613,18,Foundation,EU,Day,0.969,0.885,85.6,0.829,False,False,0,True,0.755,False,Low
STU005614,15,GCSE,UK,Day,0.817,0.753,77.8,0.693,False,False,0,True,0.715,True,Medium
STU005615,18,A-Level,UK,Homestay,0.827,0.699,81.1,0.516,False,False,5,True,0.776,False,Medium
STU005616,18,Foundation,EU,Homestay,0.86,0.678,72.7,0.598,False,False,1,True,0.769,True,Medium
STU005617,18,Foundation,UK,Day,0.852,0.872,85.8,0.819,False,False,0,True,0.764,False,Low
STU005618,15,GCSE,UK,Day,0.946,0.948,64.4,0.819,False,False,2,True,0.699,False,Low
STU005619,18,A-Level,EU,Homestay,0.877,0.671,66.1,0.427,False,False,2,True,0.905,False,High
STU005620,15,GCSE,International,Day,0.97,0.876,85.6,0.615,False,False,1,True,0.77,False,Low
STU005621,15,GCSE,International,Boarding,0.843,0.803,73.5,0.7,False,False,1,True,0.726,True,Medium
STU005622,19,EAP,EU,Homestay,0.961,0.899,80.2,0.883,False,False,0,True,0.729,True,Low
STU005623,19,Foundation,EU,Boarding,0.776,0.678,85.5,0.779,False,True,1,True,0.813,True,Medium
STU005624,18,Foundation,UK,Day,0.914,0.847,84.1,0.864,False,True,0,True,0.714,True,Medium
STU005625,15,GCSE,UK,Day,0.865,0.822,73.9,0.633,False,False,1,True,0.794,False,Medium
STU005626,18,Foundation,UK,Homestay,0.962,0.836,92.0,0.834,False,False,0,True,0.842,False,Low
STU005627,17,A-Level,International,Day,0.729,0.687,67.3,0.631,False,False,3,False,0.677,False,High
STU005628,18,A-Level,EU,Day,0.845,0.659,63.3,0.663,False,False,1,True,0.749,True,High
STU005629,18,A-Level,International,Boarding,0.982,0.816,76.2,0.61,False,False,1,True,0.826,True,Low
STU005630,14,GCSE,International,Homestay,0.886,0.841,75.7,0.764,False,False,0,True,0.83,False,Low
STU005631,18,Foundation,UK,Day,0.781,0.852,70.3,0.534,False,False,2,True,0.808,True,Medium
STU005632,17,A-Level,EU,Day,0.851,0.738,66.4,0.592,False,False,1,True,0.886,False,Medium
STU005633,16,GCSE,UK,Boarding,0.927,0.873,84.1,0.829,False,False,0,True,0.783,False,Low
STU005634,15,GCSE,UK,Day,0.843,0.743,80.6,0.69,False,False,1,True,0.846,False,Medium
STU005635,15,GCSE,EU,Day,0.934,0.805,78.4,0.823,True,False,1,True,0.883,False,Medium
STU005636,14,GCSE,International,Homestay,0.908,0.715,70.4,0.673,True,False,0,True,0.733,True,High
STU005637,17,A-Level,International,Day,0.947,0.919,86.9,0.709,False,False,0,True,0.828,False,Low
STU005638,17,Foundation,International,Day,0.972,0.878,86.1,0.955,False,False,2,True,0.791,False,Low
STU005639,16,GCSE,UK,Day,0.802,0.753,74.4,0.613,True,False,2,True,0.99,True,High
STU005640,16,GCSE,UK,Day,1.0,0.869,84.4,0.814,False,False,0,True,0.832,False,Low
STU005641,17,A-Level,UK,Boarding,0.975,0.78,88.3,0.769,False,False,0,True,0.82,True,Low
STU005642,18,Foundation,UK,Boarding,0.891,0.774,79.1,0.795,False,False,1,False,0.848,True,Low
STU005643,18,A-Level,UK,Boarding,0.747,0.644,59.9,0.659,False,True,1,True,0.692,False,High
STU005644,17,A-Level,International,Boarding,0.734,0.702,79.8,0.786,False,False,1,True,0.898,False,Medium
STU005645,16,A-Level,EU,Boarding,0.906,0.677,83.5,0.735,True,False,0,True,0.757,False,Medium
STU005646,18,A-Level,International,Day,0.787,0.66,65.9,0.664,False,False,1,True,0.862,False,High
STU005647,16,GCSE,International,Day,0.836,0.572,76.5,0.736,False,False,1,False,0.637,True,Medium
STU005648,19,Foundation,UK,Boarding,0.894,0.688,61.5,0.549,True,False,4,True,0.673,False,High
STU005649,16,A-Level,International,Day,0.809,0.753,64.6,0.836,False,False,1,True,0.795,True,Medium
STU005650,16,A-Level,EU,Day,1.0,0.78,85.2,0.619,False,False,0,True,0.75,False,Medium
STU005651,17,Foundation,EU,Day,0.917,0.732,81.0,0.713,False,False,2,True,0.81,True,Medium
STU005652,16,A-Level,International,Boarding,1.0,0.957,88.6,0.746,False,False,2,False,0.772,False,Low
STU005653,16,GCSE,UK,Day,0.973,0.706,80.4,0.798,False,False,1,True,0.74,True,Medium
STU005654,16,A-Level,International,Boarding,0.722,0.848,85.4,0.869,False,False,0,True,0.82,False,Low
STU005655,15,GCSE,International,Day,0.952,0.756,77.3,0.882,False,False,3,True,0.907,False,Low
STU005656,15,GCSE,International,Homestay,0.899,0.668,83.1,0.558,False,False,0,True,0.899,False,Medium
STU005657,17,A-Level,International,Day,0.896,0.791,82.6,0.647,False,False,1,True,0.928,False,Medium
STU005658,19,Foundation,EU,Boarding,0.898,0.907,72.3,0.616,False,False,0,False,0.548,True,Medium
STU005659,17,EAP,UK,Day,0.974,0.873,76.0,0.682,False,False,1,True,0.93,False,Low
STU005660,17,A-Level,UK,Day,1.0,0.635,70.4,0.729,False,False,0,False,0.792,True,Medium
STU005661,15,GCSE,UK,Homestay,0.783,0.777,78.6,0.8,True,False,1,True,0.825,True,Medium
STU005662,14,GCSE,UK,Day,0.905,0.726,79.7,0.708,False,False,1,True,0.787,False,Medium
STU005663,18,Foundation,International,Day,0.998,1.0,85.4,0.815,False,False,0,True,0.642,False,Low
STU005664,17,A-Level,UK,Boarding,0.885,0.834,81.2,0.776,False,False,5,True,0.879,True,Low
STU005665,17,A-Level,International,Day,0.914,0.847,86.8,0.649,False,False,1,True,0.813,True,Low
STU005666,19,Foundation,International,Boarding,0.915,0.755,85.4,0.783,False,False,1,True,0.651,True,Medium
STU005667,18,Foundation,UK,Day,1.0,0.819,85.6,0.86,False,False,0,True,0.898,False,Low
STU005668,17,Foundation,EU,Day,0.952,0.925,94.5,1.0,False,False,0,True,0.785,False,Low
STU005669,15,GCSE,EU,Boarding,1.0,0.846,94.9,0.891,False,True,1,False,0.731,False,Low
STU005670,17,Foundation,EU,Boarding,1.0,0.976,96.6,1.0,False,False,1,True,0.833,False,Low
STU005671,18,Foundation,EU,Day,0.884,0.775,69.2,0.781,False,False,1,True,0.871,False,Medium
STU005672,17,A-Level,UK,Boarding,0.921,0.843,83.4,0.828,False,False,1,True,0.707,False,Low
STU005673,16,A-Level,International,Boarding,1.0,0.96,92.2,0.831,False,False,1,True,0.813,False,Low
STU005674,18,A-Level,EU,Boarding,0.82,0.673,77.7,0.504,False,False,0,True,0.575,False,High
STU005675,19,EAP,International,Day,0.953,0.721,71.7,0.533,False,False,5,True,0.873,False,Medium
STU005676,16,GCSE,International,Day,0.954,0.722,84.0,0.624,False,False,0,True,1.0,False,Medium
STU005677,17,A-Level,UK,Day,0.881,0.812,80.4,0.896,False,False,1,True,0.985,True,Low
STU005678,15,GCSE,UK,Day,0.873,0.82,73.6,0.676,False,False,0,True,0.814,True,Medium
STU005679,19,Foundation,International,Day,0.835,0.804,67.7,0.849,False,True,1,False,0.658,False,Medium
STU005680,15,GCSE,International,Day,0.949,0.816,78.4,0.914,False,False,1,True,0.74,False,Low
STU005681,16,GCSE,UK,Homestay,1.0,0.769,80.4,0.626,False,False,0,True,0.777,False,Low
STU005682,16,A-Level,UK,Boarding,0.952,0.977,90.2,0.955,False,False,3,False,0.808,False,Low
STU005683,16,EAP,UK,Day,0.812,0.69,68.8,0.626,False,False,1,True,0.85,False,Medium
STU005684,16,GCSE,UK,Boarding,1.0,0.647,78.1,0.755,False,False,6,False,0.646,False,Medium
STU005685,16,GCSE,UK,Boarding,0.984,0.872,88.0,0.643,False,False,0,True,0.871,False,Low
STU005686,19,Foundation,UK,Day,0.883,0.8,95.5,0.806,False,False,1,True,0.928,True,Low
STU005687,18,A-Level,International,Day,0.854,0.834,78.2,0.715,False,False,0,True,0.787,True,Medium
STU005688,16,EAP,UK,Day,0.836,0.793,92.3,0.872,False,False,4,True,0.853,True,Low
STU005689,14,GCSE,UK,Boarding,0.975,0.933,88.8,0.889,False,False,0,True,0.744,False,Low
STU005690,18,A-Level,UK,Day,0.768,0.846,75.8,0.885,False,False,1,True,0.847,False,Low
STU005691,14,GCSE,International,Day,0.977,0.825,95.0,0.86,False,False,0,True,0.912,True,Low
STU005692,15,GCSE,EU,Day,0.868,0.712,73.2,0.819,False,False,1,True,0.739,False,Medium
STU005693,17,A-Level,International,Boarding,0.92,0.706,76.1,0.71,False,False,2,True,0.798,False,Medium
STU005694,16,A-Level,EU,Boarding,0.661,0.664,64.9,0.626,False,False,3,True,0.706,False,High
STU005695,18,Foundation,UK,Day,0.776,0.744,95.9,0.767,False,False,1,True,0.848,True,Low
STU005696,17,A-Level,UK,Day,0.852,0.716,68.9,0.585,False,False,2,True,0.672,False,High
STU005697,18,A-Level,International,Boarding,0.836,0.855,75.7,0.861,False,False,1,True,0.804,False,Low
STU005698,17,A-Level,EU,Homestay,0.899,0.716,83.8,0.692,True,False,1,True,0.856,False,Medium
STU005699,18,EAP,International,Boarding,0.864,0.74,72.6,0.783,True,False,0,True,0.614,True,Medium
STU005700,17,A-Level,International,Homestay,1.0,0.731,68.3,0.618,False,False,0,True,0.903,False,Medium
STU005701,17,A-Level,International,Day,0.936,0.842,88.7,0.728,False,False,1,True,1.0,False,Low
STU005702,16,A-Level,UK,Day,0.854,0.956,78.1,0.838,False,False,0,True,0.814,False,Low
STU005703,17,A-Level,International,Boarding,0.986,0.841,82.7,0.844,False,False,0,True,0.831,False,Low
STU005704,16,A-Level,EU,Day,0.799,0.772,79.6,0.771,True,False,0,False,0.588,False,Medium
STU005705,17,EAP,UK,Day,0.864,0.893,84.0,0.748,False,False,2,True,0.795,False,Low
STU005706,17,A-Level,EU,Day,0.9,0.759,73.9,0.771,False,False,2,True,0.875,False,Medium
STU005707,18,Foundation,International,Day,1.0,1.0,88.6,0.818,False,False,1,True,0.885,False,Low
STU005708,14,GCSE,UK,Day,0.974,0.803,77.7,0.848,False,False,1,True,0.821,False,Low
STU005709,17,A-Level,UK,Homestay,0.971,0.909,94.5,0.818,False,False,0,True,0.809,False,Low
STU005710,18,EAP,UK,Day,1.0,0.783,85.3,0.804,False,False,1,True,0.768,True,Low
STU005711,14,GCSE,UK,Day,0.97,0.762,61.0,0.459,False,False,0,True,0.813,False,Medium
STU005712,19,EAP,UK,Day,0.772,0.702,54.5,0.768,False,True,1,True,0.782,False,High
STU005713,16,A-Level,UK,Homestay,0.938,0.566,74.7,0.571,False,False,5,False,0.584,True,High
STU005714,19,EAP,UK,Boarding,0.946,0.952,83.3,0.859,True,False,3,True,0.553,False,Low
STU005715,16,A-Level,UK,Day,0.719,0.714,76.5,0.753,True,False,1,True,0.735,False,High
STU005716,18,A-Level,International,Day,0.899,0.654,61.5,0.48,False,False,4,True,0.722,False,High
STU005717,14,GCSE,UK,Boarding,0.825,0.748,76.0,0.737,False,False,1,True,0.844,False,Medium
STU005718,17,A-Level,UK,Day,0.909,0.811,85.0,0.792,False,False,0,False,0.709,True,Low
STU005719,15,GCSE,UK,Homestay,0.979,0.839,76.0,0.816,False,False,0,True,0.892,False,Low
STU005720,15,GCSE,International,Boarding,0.994,0.768,72.2,0.629,False,False,0,True,0.993,False,Medium
STU005721,15,GCSE,UK,Day,0.887,0.803,77.5,0.786,False,False,1,True,1.0,False,Low
STU005722,16,A-Level,UK,Homestay,0.946,0.935,97.8,0.625,False,False,0,True,0.961,False,Low
STU005723,19,Foundation,UK,Day,0.795,0.603,69.4,0.82,False,False,2,True,0.682,True,High
STU005724,14,GCSE,International,Day,0.778,0.582,74.8,0.732,False,False,4,True,0.796,False,Medium
STU005725,16,GCSE,EU,Day,0.978,0.868,90.4,0.731,False,False,0,True,0.893,False,Low
STU005726,16,A-Level,UK,Boarding,0.61,0.4,53.0,0.65,True,False,6,True,0.868,True,High
STU005727,15,GCSE,UK,Day,0.852,0.683,74.0,0.6,False,False,2,True,0.779,True,Medium
STU005728,15,GCSE,UK,Day,0.947,0.739,64.4,0.689,False,False,0,True,0.722,False,Medium
STU005729,15,GCSE,UK,Day,0.816,0.728,82.6,0.785,True,True,6,True,0.615,False,High
STU005730,17,EAP,International,Homestay,0.634,0.62,66.8,0.787,True,False,2,True,0.693,True,High
STU005731,19,Foundation,EU,Day,0.937,0.778,77.6,0.67,False,False,1,True,0.922,True,Medium
STU005732,17,A-Level,International,Day,0.84,0.677,63.4,0.654,False,False,2,True,0.797,False,Medium
STU005733,18,A-Level,UK,Boarding,0.875,0.664,64.6,0.677,False,True,0,True,0.623,False,High
STU005734,17,A-Level,EU,Boarding,0.786,0.641,84.4,0.667,True,False,1,True,0.871,True,High
STU005735,17,A-Level,UK,Homestay,0.852,0.811,77.2,0.717,False,False,0,True,0.947,False,Medium
STU005736,17,A-Level,UK,Day,0.713,0.729,67.0,0.79,True,False,0,True,0.664,False,High
STU005737,17,A-Level,International,Homestay,0.813,0.796,71.1,0.843,True,False,6,True,0.803,False,Medium
STU005738,17,A-Level,UK,Day,0.987,1.0,72.3,1.0,False,False,0,True,0.904,False,Low
STU005739,15,GCSE,International,Day,0.87,0.891,85.7,0.981,False,False,0,True,0.714,True,Low
STU005740,17,A-Level,International,Homestay,0.874,0.78,77.9,0.554,False,False,2,True,0.905,False,Medium
STU005741,18,Foundation,UK,Boarding,0.851,0.758,70.9,0.74,False,False,0,True,0.833,True,Medium
STU005742,17,A-Level,International,Boarding,0.81,0.754,76.1,0.631,False,False,2,True,0.927,True,Medium
STU005743,19,Foundation,UK,Homestay,0.83,0.889,80.9,0.646,False,False,0,True,0.841,False,Medium
STU005744,18,EAP,UK,Boarding,0.916,0.919,63.9,0.981,False,False,0,False,0.855,True,Low
STU005745,15,GCSE,International,Day,1.0,0.978,90.9,0.83,False,False,0,True,0.815,False,Low
STU005746,17,A-Level,EU,Homestay,0.968,0.775,81.8,0.595,False,False,0,True,0.837,False,Medium
STU005747,17,A-Level,UK,Day,0.943,0.824,79.6,1.0,False,False,1,True,0.753,False,Low
STU005748,16,EAP,International,Boarding,1.0,0.816,86.1,0.632,False,False,0,True,0.873,False,Low
STU005749,16,EAP,International,Day,0.933,0.873,75.3,0.777,False,False,3,True,0.894,True,Low
STU005750,16,A-Level,UK,Day,0.975,0.927,87.6,0.799,False,False,0,True,0.943,False,Low
STU005751,15,GCSE,International,Boarding,0.915,0.7,75.8,0.606,False,False,1,True,0.844,False,Medium
STU005752,19,Foundation,EU,Day,0.87,1.0,89.9,0.786,True,False,1,True,0.839,False,Low
STU005753,15,GCSE,International,Boarding,0.729,0.691,70.6,0.547,True,False,4,True,0.591,False,High
STU005754,18,Foundation,UK,Homestay,0.878,0.945,84.1,0.874,False,False,1,False,0.776,False,Low
STU005755,19,EAP,International,Day,0.828,0.832,93.5,0.774,True,False,2,False,0.572,True,Medium
STU005756,18,A-Level,UK,Boarding,0.857,0.592,77.1,0.435,False,False,4,True,0.746,False,High
STU005757,17,A-Level,International,Boarding,0.853,0.669,64.5,0.548,False,False,1,True,0.626,False,High
STU005758,17,A-Level,International,Boarding,1.0,0.956,88.0,0.902,False,False,0,True,0.82,False,Low
STU005759,16,A-Level,UK,Boarding,0.874,0.663,75.0,0.792,False,False,0,True,0.841,False,Medium
STU005760,16,A-Level,UK,Day,0.89,0.713,64.4,0.627,False,False,2,True,0.977,False,Medium
STU005761,17,Foundation,International,Day,1.0,0.81,76.3,0.75,False,False,2,False,0.636,False,Low
STU005762,17,EAP,International,Day,0.954,0.905,90.4,0.819,False,False,0,True,0.8,True,Low
STU005763,18,EAP,UK,Day,0.901,0.651,72.7,0.562,False,False,1,True,0.705,False,High
STU005764,14,GCSE,UK,Boarding,0.917,1.0,79.6,0.983,True,False,1,True,0.869,True,Low
STU005765,17,Foundation,International,Day,0.817,0.978,74.0,0.63,False,True,1,True,0.692,False,Medium
STU005766,17,Foundation,UK,Homestay,0.87,0.836,73.5,0.775,False,False,0,True,0.709,True,Medium
STU005767,17,A-Level,UK,Boarding,0.875,0.971,84.1,0.944,False,False,0,True,0.963,False,Low
STU005768,15,GCSE,International,Day,0.888,0.822,95.8,0.708,False,True,3,True,0.603,True,Medium
STU005769,17,A-Level,UK,Day,0.933,0.8,83.6,0.808,False,False,1,True,0.844,False,Low
STU005770,17,EAP,UK,Boarding,0.834,0.664,78.2,0.66,False,False,1,True,0.687,False,Medium
STU005771,17,A-Level,UK,Boarding,0.869,0.789,81.9,0.675,False,True,1,True,0.921,False,Medium
STU005772,17,Foundation,International,Homestay,0.942,0.747,79.9,0.693,False,False,2,True,0.905,False,Medium
STU005773,16,A-Level,UK,Day,0.867,0.929,86.9,0.894,False,False,0,True,0.814,True,Low
STU005774,19,Foundation,International,Day,0.827,0.647,71.3,0.637,True,False,1,True,0.549,False,High
STU005775,16,GCSE,International,Homestay,0.82,0.731,74.0,0.61,False,False,1,True,0.766,False,Medium
STU005776,17,A-Level,UK,Day,0.794,0.631,71.4,0.604,False,False,1,True,0.748,False,High
STU005777,18,A-Level,International,Boarding,0.82,0.701,74.6,0.765,False,False,2,True,0.902,False,Medium
STU005778,15,GCSE,UK,Day,0.95,0.974,84.5,0.827,False,False,0,True,0.897,False,Low
STU005779,17,Foundation,International,Boarding,0.937,0.709,63.1,0.562,False,False,1,False,0.757,False,Medium
STU005780,16,GCSE,UK,Day,1.0,0.833,77.6,0.788,False,False,0,True,0.693,False,Low
STU005781,16,A-Level,International,Boarding,0.903,0.771,77.6,0.792,False,False,2,True,0.791,False,Low
STU005782,17,A-Level,UK,Boarding,0.904,0.837,82.8,0.925,False,False,0,True,0.782,False,Low
STU005783,17,A-Level,UK,Homestay,0.924,0.755,85.3,0.619,False,False,0,True,0.818,False,Medium
STU005784,15,GCSE,International,Day,0.777,0.506,60.5,0.545,False,True,5,True,0.774,False,High
STU005785,15,GCSE,UK,Day,0.891,0.835,78.9,0.757,True,False,1,True,0.949,False,Medium
STU005786,17,EAP,International,Day,0.927,0.872,73.6,0.81,False,False,0,True,0.803,False,Low
STU005787,17,A-Level,UK,Homestay,0.834,0.902,82.5,0.891,False,False,1,True,0.868,False,Low
STU005788,18,Foundation,UK,Boarding,0.926,0.992,82.7,0.929,False,False,0,True,0.936,True,Low
STU005789,17,EAP,International,Boarding,0.953,0.886,98.2,0.862,False,False,0,True,0.721,False,Low
STU005790,16,GCSE,UK,Day,0.807,0.745,68.3,0.685,False,False,2,False,0.754,False,Medium
STU005791,17,A-Level,International,Day,0.974,0.894,88.1,0.769,False,False,0,True,0.901,True,Low
STU005792,17,A-Level,EU,Day,0.868,0.68,94.5,0.737,False,False,0,True,0.687,True,Medium
STU005793,17,EAP,UK,Day,0.685,0.666,73.1,0.716,False,False,0,True,0.886,False,High
STU005794,19,EAP,International,Boarding,0.968,1.0,69.7,1.0,False,False,1,True,0.868,False,Low
STU005795,16,A-Level,UK,Day,0.994,0.838,87.3,0.553,False,False,1,True,0.955,False,Low
STU005796,18,Foundation,UK,Boarding,0.821,0.925,80.2,0.699,False,False,1,True,0.946,False,Low
STU005797,15,GCSE,International,Homestay,0.783,0.729,63.5,0.707,False,False,0,True,0.864,False,Medium
STU005798,19,EAP,UK,Homestay,0.993,0.954,88.2,0.774,False,False,1,True,0.795,False,Low
STU005799,16,EAP,UK,Boarding,0.857,0.781,83.0,0.751,False,False,0,True,0.908,False,Low
STU005800,14,GCSE,International,Day,0.994,0.749,71.4,0.724,False,False,1,True,0.603,False,Medium
STU005801,17,A-Level,International,Boarding,0.775,0.805,82.1,0.855,False,False,1,True,0.748,True,Medium
STU005802,15,GCSE,EU,Day,0.947,0.743,78.3,0.653,True,False,3,True,0.818,False,Medium
STU005803,17,A-Level,EU,Day,0.921,0.712,80.4,0.657,True,False,1,True,0.854,False,Medium
STU005804,18,Foundation,International,Boarding,0.938,0.794,83.6,0.896,False,False,0,True,1.0,False,Low
STU005805,17,A-Level,EU,Homestay,0.76,0.672,73.6,0.628,False,False,4,True,0.851,True,Medium
STU005806,14,GCSE,UK,Day,0.875,0.708,64.8,0.703,False,False,2,True,1.0,False,Medium
STU005807,16,A-Level,International,Day,0.971,0.957,87.7,0.654,False,False,1,True,0.813,False,Low
STU005808,19,EAP,UK,Boarding,0.728,0.712,68.8,0.643,True,False,0,True,0.718,False,High
STU005809,18,A-Level,EU,Day,0.863,0.689,73.2,0.734,False,False,4,True,0.721,True,Medium
STU005810,16,A-Level,International,Boarding,0.928,0.716,79.6,0.616,False,False,2,True,0.833,False,Medium
STU005811,14,GCSE,International,Day,0.819,0.711,81.4,0.686,False,False,2,True,0.682,True,Medium
STU005812,16,EAP,International,Day,0.991,0.892,83.7,0.908,False,False,0,True,0.84,True,Low
STU005813,18,Foundation,UK,Boarding,0.955,0.691,69.7,0.571,False,True,0,True,0.767,False,High
STU005814,17,A-Level,UK,Homestay,0.917,0.778,94.3,0.684,False,False,0,True,0.663,False,Low
STU005815,15,GCSE,International,Boarding,0.93,1.0,79.0,1.0,False,False,1,True,0.841,True,Low
STU005816,15,GCSE,UK,Homestay,0.862,0.736,84.3,0.693,False,False,2,True,0.701,False,Medium
STU005817,15,GCSE,International,Day,0.941,0.784,100.0,0.89,False,False,1,True,0.815,False,Low
STU005818,18,A-Level,UK,Homestay,0.858,0.618,62.4,0.733,False,False,1,True,0.834,False,Medium
STU005819,16,EAP,International,Day,0.886,0.646,86.1,0.759,False,False,4,True,0.65,False,Medium
STU005820,16,A-Level,EU,Homestay,0.866,0.853,88.2,0.851,False,False,1,True,0.8,False,Low
STU005821,17,Foundation,UK,Day,1.0,0.95,98.0,0.974,False,False,0,True,0.934,False,Low
STU005822,18,A-Level,EU,Day,0.984,0.801,82.8,0.686,False,False,0,True,0.884,False,Low
STU005823,19,Foundation,International,Day,0.83,0.676,67.9,0.622,False,False,1,True,0.774,False,Medium
STU005824,18,Foundation,UK,Boarding,0.945,0.7,66.5,0.598,True,False,1,True,0.842,True,High
STU005825,14,GCSE,International,Day,0.844,0.742,72.2,0.604,False,False,1,True,0.731,True,Medium
STU005826,17,A-Level,EU,Homestay,1.0,0.877,96.2,0.936,False,False,2,True,0.769,True,Low
STU005827,17,A-Level,UK,Day,1.0,0.875,96.8,0.804,False,False,0,True,0.826,True,Low
STU005828,15,GCSE,International,Day,1.0,0.899,100.0,0.922,False,False,1,True,0.799,False,Low
STU005829,17,A-Level,UK,Day,0.827,0.663,62.5,0.547,True,True,3,True,0.786,False,High
STU005830,16,A-Level,UK,Day,0.849,0.512,58.1,0.59,True,False,1,True,0.806,False,High
STU005831,18,EAP,EU,Boarding,0.879,0.86,81.0,0.748,False,False,0,True,0.812,True,Low
STU005832,17,A-Level,International,Boarding,0.926,0.86,96.7,0.802,False,False,1,True,0.939,False,Low
STU005833,18,Foundation,International,Homestay,0.829,0.73,75.7,0.736,False,False,1,True,0.748,False,Medium
STU005834,16,A-Level,UK,Day,0.731,0.709,70.0,0.763,False,False,0,True,0.877,False,Medium
STU005835,19,Foundation,UK,Homestay,0.872,0.863,93.6,0.822,False,False,0,True,0.979,False,Low
STU005836,17,A-Level,UK,Day,0.903,0.822,72.9,0.815,False,False,0,True,0.952,False,Low
STU005837,19,Foundation,International,Homestay,0.863,0.819,74.7,0.83,True,False,1,False,0.518,False,Medium
STU005838,17,A-Level,UK,Day,0.928,0.886,77.7,0.899,False,False,1,True,0.935,True,Low
STU005839,18,A-Level,International,Boarding,0.91,0.77,84.3,0.464,False,False,1,True,0.728,True,Medium
STU005840,18,A-Level,UK,Boarding,0.982,0.781,86.0,0.79,False,False,0,True,0.621,True,Low
STU005841,17,A-Level,International,Day,0.839,0.819,87.4,0.829,False,False,1,True,0.883,True,Low
STU005842,16,GCSE,EU,Day,0.853,0.741,74.7,1.0,False,False,2,True,0.924,False,Low
STU005843,15,GCSE,International,Boarding,1.0,0.78,91.6,0.768,False,False,1,False,0.623,False,Low
STU005844,15,GCSE,UK,Day,0.677,0.445,36.7,0.371,False,False,5,True,0.93,True,High
STU005845,17,Foundation,EU,Boarding,0.978,0.924,81.1,0.991,False,False,0,True,0.818,False,Low
STU005846,15,GCSE,International,Boarding,0.939,0.738,77.7,0.607,False,False,1,True,0.761,False,Medium
STU005847,15,GCSE,International,Boarding,0.85,0.669,77.9,0.725,True,False,1,True,0.78,False,Medium
STU005848,19,Foundation,UK,Homestay,0.963,0.777,78.4,0.878,False,False,0,True,0.905,False,Low
STU005849,16,A-Level,International,Day,0.95,0.711,65.6,0.793,False,False,0,True,0.92,True,Medium
STU005850,17,A-Level,UK,Day,0.798,0.549,58.3,0.453,False,False,4,True,0.728,False,High
STU005851,14,GCSE,UK,Day,0.832,0.808,69.1,0.661,False,False,1,True,0.873,True,Medium
STU005852,18,EAP,EU,Boarding,0.866,0.733,94.0,0.602,False,False,0,True,0.855,False,Medium
STU005853,17,Foundation,EU,Homestay,0.706,0.644,70.3,0.752,False,True,1,True,0.655,False,High
STU005854,19,Foundation,International,Homestay,0.899,0.768,70.6,0.679,False,False,0,True,0.745,False,Medium
STU005855,16,A-Level,UK,Homestay,0.945,0.754,64.6,0.52,False,False,1,True,0.886,False,Medium
STU005856,18,Foundation,UK,Homestay,0.982,0.913,82.5,0.907,False,False,2,True,0.801,False,Low
STU005857,16,GCSE,EU,Homestay,0.814,0.571,59.6,0.495,True,True,0,True,0.762,False,High
STU005858,15,GCSE,UK,Day,0.848,0.729,72.8,0.728,False,False,0,False,0.822,False,Medium
STU005859,14,GCSE,International,Homestay,0.916,0.736,91.8,0.654,False,False,3,False,0.744,False,Medium
STU005860,17,A-Level,International,Boarding,0.894,0.942,80.8,0.857,False,False,1,True,0.928,False,Low
STU005861,16,A-Level,EU,Day,0.955,0.929,91.9,0.879,False,False,1,True,0.872,False,Low
STU005862,18,A-Level,UK,Day,0.897,0.92,79.1,0.782,False,False,4,True,0.962,True,Low
STU005863,15,GCSE,International,Day,0.962,0.842,88.7,0.75,False,False,2,True,0.913,False,Low
STU005864,17,A-Level,UK,Boarding,0.882,0.695,72.3,0.694,False,False,1,True,0.882,True,Medium
STU005865,18,Foundation,UK,Boarding,0.99,0.922,92.0,0.681,False,False,1,True,0.829,True,Low
STU005866,16,A-Level,UK,Day,0.912,0.76,81.0,0.69,False,False,0,True,0.792,True,Medium
STU005867,19,Foundation,UK,Boarding,0.779,0.622,79.7,0.733,True,False,2,True,0.802,False,High
STU005868,16,GCSE,International,Day,0.815,0.687,76.3,0.883,True,False,2,True,0.705,False,Medium
STU005869,19,Foundation,EU,Homestay,0.913,0.85,83.9,0.835,True,False,0,True,0.943,False,Low
STU005870,17,A-Level,International,Boarding,0.745,0.694,61.1,0.737,True,False,3,True,0.821,True,High
STU005871,15,GCSE,UK,Homestay,0.891,0.73,66.5,0.718,False,False,0,True,0.901,False,Medium
STU005872,14,GCSE,EU,Day,0.975,0.813,88.5,0.832,False,False,2,True,0.834,False,Low
STU005873,17,A-Level,International,Homestay,0.936,0.943,80.0,0.514,False,False,0,True,0.891,True,Low
STU005874,18,Foundation,International,Day,0.819,0.769,80.9,0.662,False,False,0,False,0.473,False,Medium
STU005875,17,A-Level,International,Day,0.922,0.84,80.0,0.849,False,False,2,True,0.945,False,Low
STU005876,18,A-Level,UK,Day,0.806,0.818,80.9,0.799,False,False,1,True,0.606,True,Medium
STU005877,17,Foundation,International,Boarding,0.913,0.649,70.1,0.726,False,False,0,True,0.73,False,Medium
STU005878,16,A-Level,UK,Homestay,0.997,0.728,81.6,0.641,False,False,3,True,0.848,False,Low
STU005879,16,A-Level,EU,Boarding,0.905,0.742,71.9,0.749,False,False,1,True,0.886,False,Medium
STU005880,16,A-Level,International,Homestay,0.759,0.745,68.8,0.585,True,False,2,True,0.968,False,High
STU005881,14,GCSE,International,Day,0.854,0.615,68.0,0.802,True,False,1,True,0.78,False,High
STU005882,17,A-Level,International,Day,0.853,0.656,79.3,0.766,True,False,3,True,0.818,False,Medium
STU005883,17,A-Level,International,Boarding,0.976,0.933,85.0,0.975,False,False,0,True,0.76,False,Low
STU005884,17,EAP,UK,Day,0.976,0.891,84.5,0.972,False,False,1,True,0.954,False,Low
STU005885,17,A-Level,EU,Homestay,0.776,0.584,62.7,0.618,True,False,0,True,0.743,False,High
STU005886,16,A-Level,International,Boarding,0.877,0.787,86.1,0.787,False,False,0,True,0.78,False,Low
STU005887,17,A-Level,UK,Day,0.928,1.0,90.9,1.0,False,False,0,True,0.855,False,Low
STU005888,17,EAP,UK,Boarding,0.858,0.85,79.0,0.738,False,False,0,True,0.849,False,Low
STU005889,18,Foundation,UK,Day,0.859,0.601,67.9,0.751,True,False,1,True,0.86,False,High
STU005890,18,A-Level,UK,Day,0.806,0.754,77.2,0.712,False,False,1,True,1.0,True,Medium
STU005891,17,Foundation,International,Boarding,0.918,0.69,73.8,0.795,False,False,3,False,0.609,False,Medium
STU005892,17,A-Level,UK,Boarding,0.972,0.832,76.0,0.682,False,False,0,True,0.622,True,Medium
STU005893,18,A-Level,EU,Homestay,0.904,0.946,86.1,0.914,False,False,0,True,0.99,True,Low
STU005894,15,GCSE,International,Day,0.912,0.653,69.7,0.63,False,False,0,True,0.872,False,Medium
STU005895,17,A-Level,UK,Boarding,0.959,0.962,87.5,1.0,False,False,1,True,0.902,False,Low
STU005896,15,GCSE,International,Day,0.869,0.979,72.9,0.918,False,False,0,False,0.752,True,Low
STU005897,18,EAP,UK,Day,0.886,0.614,81.5,0.807,True,False,2,True,0.879,False,Medium
STU005898,18,A-Level,International,Boarding,0.898,0.814,80.6,0.755,False,False,1,True,0.776,False,Low
STU005899,16,EAP,UK,Day,0.836,0.761,76.0,0.683,False,False,2,True,0.911,False,Medium
STU005900,16,A-Level,UK,Boarding,0.963,0.842,77.9,0.792,False,False,0,False,0.639,True,Low
STU005901,17,A-Level,UK,Boarding,0.998,0.836,83.5,0.929,False,False,0,True,1.0,False,Low
STU005902,16,A-Level,UK,Day,0.981,0.849,74.8,0.709,False,False,1,True,0.79,False,Low
STU005903,15,GCSE,International,Day,0.963,0.877,81.1,0.94,False,False,2,True,0.721,True,Low
STU005904,16,A-Level,UK,Day,0.936,0.898,84.7,0.894,False,False,0,True,0.904,False,Low
STU005905,14,GCSE,International,Homestay,0.925,0.752,79.8,0.734,False,False,0,False,0.807,False,Low
STU005906,16,A-Level,UK,Day,0.893,0.844,86.3,0.848,False,False,0,True,0.863,False,Low
STU005907,18,A-Level,International,Day,0.854,0.946,86.6,0.625,False,False,0,True,0.792,False,Low
STU005908,17,Foundation,International,Boarding,0.755,0.599,78.0,0.708,False,False,0,True,0.704,False,High
STU005909,14,GCSE,EU,Homestay,0.79,0.604,79.5,0.952,False,False,0,True,0.956,False,Medium
STU005910,14,GCSE,UK,Homestay,0.867,0.846,79.6,0.864,False,True,2,False,0.702,False,Medium
STU005911,18,A-Level,International,Day,0.811,0.749,79.7,0.775,False,False,2,True,0.732,True,Medium
STU005912,18,EAP,UK,Day,0.879,0.73,73.3,0.763,True,False,3,True,0.715,True,Medium
STU005913,19,Foundation,UK,Boarding,1.0,0.795,77.0,0.821,False,False,1,True,0.883,False,Low
STU005914,16,A-Level,International,Homestay,0.601,0.583,74.8,0.592,True,False,1,True,0.804,True,High
STU005915,18,A-Level,International,Day,0.832,0.841,84.0,0.632,False,False,1,True,0.733,False,Medium
STU005916,15,GCSE,International,Day,1.0,0.836,89.0,0.858,False,False,1,True,0.782,False,Low
STU005917,17,EAP,EU,Day,0.958,0.991,92.2,0.957,False,False,1,True,0.889,False,Low
STU005918,17,A-Level,EU,Day,0.892,0.812,84.4,0.721,False,False,0,True,0.93,True,Low
STU005919,18,A-Level,International,Boarding,0.863,0.839,83.2,0.794,False,False,1,False,0.784,False,Low
STU005920,17,A-Level,EU,Day,0.907,0.718,72.5,0.619,True,False,1,True,0.805,True,Medium
STU005921,16,GCSE,UK,Day,0.969,0.803,89.4,0.758,False,False,1,True,0.852,False,Low
STU005922,19,EAP,International,Day,0.811,0.784,76.0,0.663,False,False,1,True,0.861,False,Medium
STU005923,14,GCSE,UK,Day,1.0,0.806,91.5,0.753,False,False,0,True,0.823,False,Low
STU005924,17,A-Level,UK,Day,0.928,0.909,85.5,0.782,False,False,0,True,0.889,True,Low
STU005925,14,GCSE,International,Day,0.898,0.875,70.3,0.778,True,False,2,True,0.833,False,Medium
STU005926,19,Foundation,UK,Homestay,0.972,0.819,85.6,0.744,False,False,2,True,0.956,False,Low
STU005927,17,Foundation,UK,Day,0.922,0.771,77.4,0.852,False,False,0,True,0.828,False,Low
STU005928,18,A-Level,UK,Boarding,0.877,0.699,63.8,0.572,True,False,5,True,0.638,False,High
STU005929,17,A-Level,EU,Homestay,0.936,0.934,81.5,0.809,False,False,0,True,0.78,True,Low
STU005930,18,Foundation,International,Day,0.875,0.854,74.8,1.0,False,False,4,True,0.856,True,Low
STU005931,14,GCSE,UK,Day,0.945,0.82,86.4,0.711,False,False,2,True,0.733,False,Low
STU005932,17,A-Level,UK,Day,0.882,0.713,76.9,0.587,False,False,1,True,0.845,False,Medium
STU005933,16,GCSE,UK,Boarding,0.9,0.811,83.7,0.843,False,False,0,True,0.88,False,Low
STU005934,16,EAP,International,Boarding,0.977,0.967,77.3,0.824,True,False,2,True,0.817,False,Low
STU005935,17,A-Level,International,Day,0.897,0.901,87.6,0.809,False,False,0,True,0.723,False,Low
STU005936,17,Foundation,EU,Homestay,0.88,0.804,93.1,0.929,False,True,0,True,0.785,True,Low
STU005937,17,A-Level,UK,Boarding,0.888,0.603,73.5,0.664,False,False,2,True,0.861,True,Medium
STU005938,14,GCSE,International,Day,0.833,0.762,66.7,0.623,False,True,0,True,0.783,False,High
STU005939,15,GCSE,EU,Boarding,1.0,0.82,76.9,0.845,False,False,1,True,0.869,False,Low
STU005940,18,A-Level,UK,Day,0.741,0.704,63.9,0.769,True,False,2,True,0.752,False,High
STU005941,17,A-Level,UK,Boarding,0.838,0.723,85.0,0.734,True,False,2,True,0.797,False,Medium
STU005942,15,GCSE,UK,Day,0.816,0.845,75.0,0.689,False,False,4,True,0.87,True,Medium
STU005943,15,GCSE,International,Boarding,0.988,0.856,73.6,0.813,False,False,1,True,0.767,False,Low
STU005944,17,Foundation,International,Day,0.85,0.777,78.9,0.828,True,False,1,True,0.961,False,Medium
STU005945,17,EAP,International,Boarding,0.867,0.912,76.9,0.616,False,False,0,True,0.888,False,Medium
STU005946,17,A-Level,International,Day,0.772,0.773,65.8,0.578,False,False,2,True,0.785,True,Medium
STU005947,16,A-Level,International,Boarding,1.0,0.723,85.4,0.789,False,False,0,True,0.766,True,Low
STU005948,15,GCSE,International,Day,0.759,0.675,66.7,0.704,True,False,1,True,0.833,False,High
STU005949,17,A-Level,UK,Day,0.934,0.877,89.0,1.0,False,False,1,True,1.0,False,Low
STU005950,19,Foundation,EU,Day,0.965,0.901,86.2,0.801,False,False,3,True,0.803,False,Low
STU005951,16,GCSE,International,Day,1.0,0.828,94.8,0.809,False,False,0,True,0.574,True,Low
STU005952,14,GCSE,EU,Boarding,0.861,0.619,74.7,0.638,False,False,3,True,0.771,False,Medium
STU005953,18,Foundation,UK,Homestay,0.84,0.821,84.3,0.837,False,False,1,True,0.932,False,Low
STU005954,17,A-Level,UK,Boarding,0.824,0.73,63.1,0.565,True,False,1,True,0.752,True,High
STU005955,14,GCSE,UK,Homestay,0.826,0.696,59.6,0.656,True,False,1,True,0.778,False,High
STU005956,18,A-Level,UK,Day,0.768,0.661,87.6,0.582,False,False,2,True,0.712,True,Medium
STU005957,17,A-Level,UK,Day,1.0,0.761,82.8,0.547,False,False,3,True,0.943,False,Medium
STU005958,17,A-Level,EU,Boarding,0.871,0.831,77.3,1.0,False,False,0,True,0.817,False,Low
STU005959,18,Foundation,International,Homestay,0.774,0.685,74.0,0.772,True,True,2,True,0.784,False,High
STU005960,17,Foundation,International,Boarding,0.944,0.862,86.1,0.902,False,False,0,True,0.918,True,Low
STU005961,17,A-Level,International,Day,0.997,0.96,87.9,0.908,False,False,0,True,0.897,False,Low
STU005962,18,EAP,International,Day,0.819,0.939,80.9,0.939,False,False,2,True,0.943,False,Low
STU005963,17,A-Level,UK,Day,0.925,0.89,85.8,0.786,False,False,1,True,0.85,True,Low
STU005964,18,Foundation,UK,Day,0.815,0.773,88.2,0.851,False,False,1,True,0.783,False,Low
STU005965,17,A-Level,UK,Boarding,0.871,0.615,75.5,0.682,False,True,1,True,0.72,False,High
STU005966,18,Foundation,International,Day,0.92,0.805,96.2,0.774,False,False,1,True,0.637,True,Low
STU005967,18,EAP,UK,Homestay,0.867,0.784,74.6,0.606,False,False,1,True,0.95,True,Medium
STU005968,15,GCSE,International,Homestay,0.916,0.897,83.9,0.767,False,False,0,True,0.869,False,Low
STU005969,17,EAP,UK,Homestay,0.918,0.794,86.9,0.749,False,False,0,False,0.878,False,Low
STU005970,18,Foundation,International,Homestay,0.837,0.677,76.0,0.689,True,False,1,True,0.758,False,High
STU005971,19,Foundation,UK,Day,0.886,0.753,96.2,0.878,False,False,0,False,0.829,False,Low
STU005972,14,GCSE,International,Homestay,0.804,0.819,93.7,0.728,False,False,1,True,0.835,True,Low
STU005973,19,Foundation,UK,Day,0.784,0.635,67.7,0.833,True,False,2,True,0.783,True,High
STU005974,18,Foundation,UK,Homestay,0.857,0.835,64.8,0.695,False,False,0,True,0.831,False,Medium
STU005975,17,A-Level,EU,Day,0.829,0.734,57.3,0.769,False,False,3,True,0.845,True,Medium
STU005976,19,EAP,International,Day,0.86,0.678,77.7,0.71,False,False,3,True,0.709,False,Medium
STU005977,15,GCSE,EU,Day,0.895,0.899,79.4,0.711,False,False,1,True,1.0,False,Low
STU005978,16,GCSE,International,Day,0.906,0.689,81.1,0.701,False,False,0,True,0.825,False,Medium
STU005979,16,A-Level,International,Homestay,0.868,0.574,63.1,0.568,True,False,0,False,0.847,False,High
STU005980,16,A-Level,International,Homestay,0.911,0.952,95.7,0.71,False,False,1,True,0.867,True,Low
STU005981,17,A-Level,UK,Boarding,0.908,0.888,75.4,0.828,False,False,0,True,0.829,False,Low
STU005982,16,GCSE,UK,Boarding,0.896,0.738,68.3,0.57,True,False,2,True,0.838,True,High
STU005983,19,EAP,UK,Boarding,0.836,0.773,73.0,0.696,False,False,4,True,0.886,True,Medium
STU005984,15,GCSE,International,Day,0.842,0.768,83.2,0.858,False,False,1,True,0.989,True,Low
STU005985,15,GCSE,International,Boarding,0.874,0.81,78.9,0.893,False,False,1,True,0.772,False,Low
STU005986,15,GCSE,International,Day,0.851,0.947,81.5,0.813,False,False,2,True,1.0,False,Low
STU005987,18,A-Level,UK,Boarding,0.777,0.804,88.3,0.905,False,False,0,True,0.718,False,Low
STU005988,17,EAP,UK,Homestay,0.94,0.865,94.9,0.987,False,False,0,True,0.694,True,Low
STU005989,17,A-Level,International,Day,0.83,0.866,82.0,0.713,False,False,0,True,0.914,False,Low
STU005990,18,Foundation,UK,Day,1.0,0.89,82.3,1.0,False,False,0,True,0.819,False,Low
STU005991,15,GCSE,International,Homestay,0.912,0.919,89.9,0.927,False,False,0,True,0.797,False,Low
STU005992,17,A-Level,UK,Homestay,0.795,0.848,83.7,0.699,False,False,1,True,0.769,False,Medium
STU005993,18,A-Level,UK,Homestay,0.947,0.834,82.3,0.806,False,False,0,True,0.907,True,Low
STU005994,17,A-Level,International,Boarding,0.902,0.602,67.4,0.677,False,False,3,True,0.702,False,High
STU005995,16,GCSE,UK,Day,0.877,0.801,72.4,0.688,True,False,0,True,0.814,False,Medium
STU005996,16,A-Level,UK,Day,0.865,0.813,77.9,0.553,False,False,4,True,0.816,True,Medium
STU005997,17,A-Level,International,Day,0.835,0.739,84.4,0.655,False,False,0,True,0.731,True,Medium
STU005998,18,Foundation,International,Boarding,0.742,0.665,61.7,0.749,True,False,1,True,0.852,False,High
STU005999,17,A-Level,International,Day,0.81,0.7,74.9,0.592,False,False,2,True,0.582,False,High
STU006000,16,GCSE,International,Boarding,0.804,0.731,81.1,0.654,False,False,2,True,0.825,True,Medium
STU006001,16,A-Level,UK,Homestay,0.875,0.79,83.3,0.811,False,False,1,True,1.0,True,Low
STU006002,14,GCSE,UK,Homestay,0.896,0.924,89.6,0.699,False,False,1,True,0.815,False,Low
STU006003,18,Foundation,EU,Day,0.792,0.822,76.4,0.874,False,False,2,True,0.947,True,Low
STU006004,16,A-Level,UK,Day,0.891,0.793,75.1,0.836,True,False,0,True,0.652,True,Medium
STU006005,16,GCSE,UK,Homestay,0.91,0.838,70.2,0.665,False,False,0,True,0.838,False,Medium
STU006006,17,EAP,International,Boarding,1.0,0.799,75.8,0.764,True,False,1,True,0.742,False,Medium
STU006007,17,A-Level,UK,Homestay,0.872,0.772,72.6,0.748,False,False,2,False,0.538,False,Medium
STU006008,14,GCSE,International,Homestay,1.0,0.87,76.8,0.7,False,False,1,True,0.915,False,Low
STU006009,17,A-Level,UK,Day,0.873,0.811,82.6,0.884,True,False,2,True,0.805,True,Medium
STU006010,17,A-Level,UK,Day,0.733,0.686,55.2,0.58,True,False,1,True,0.781,True,High
STU006011,17,Foundation,UK,Day,0.817,0.785,70.4,0.857,False,False,1,True,0.703,False,Medium
STU006012,18,Foundation,International,Boarding,0.922,0.794,83.5,0.615,False,False,1,True,0.776,False,Medium
STU006013,17,EAP,UK,Day,0.714,0.7,65.0,0.596,True,False,3,True,0.876,False,High
STU006014,18,A-Level,EU,Boarding,0.776,0.693,58.7,0.514,True,False,2,True,0.632,False,High
STU006015,16,A-Level,International,Homestay,0.789,0.518,68.6,0.556,False,False,2,True,0.647,False,High
STU006016,18,Foundation,UK,Day,1.0,0.881,83.6,0.768,False,False,1,True,0.988,False,Low
STU006017,16,GCSE,EU,Homestay,0.977,0.933,88.9,0.814,False,False,0,True,0.677,True,Low
STU006018,17,A-Level,International,Boarding,0.876,0.789,83.7,0.928,False,False,0,True,0.849,False,Low
STU006019,18,A-Level,EU,Homestay,1.0,0.946,85.6,0.776,False,False,0,True,0.972,False,Low
STU006020,16,GCSE,UK,Day,0.988,0.875,79.2,0.784,False,False,0,True,0.819,False,Low
STU006021,17,A-Level,International,Day,0.951,0.758,73.8,0.762,True,False,0,True,0.732,False,Medium
STU006022,18,Foundation,EU,Day,0.861,0.794,79.8,0.68,False,False,1,True,0.751,False,Medium
STU006023,17,Foundation,UK,Day,0.878,0.87,84.9,0.772,False,False,0,True,0.938,False,Low
STU006024,15,GCSE,UK,Day,0.823,0.679,80.2,0.951,False,False,3,True,0.817,True,Medium
STU006025,16,GCSE,UK,Homestay,0.822,0.82,70.3,0.687,True,False,0,False,0.618,False,High
STU006026,17,A-Level,UK,Day,0.782,0.626,72.5,0.93,True,False,2,True,0.884,False,Medium
STU006027,18,Foundation,UK,Homestay,0.825,0.684,64.4,0.754,False,False,2,True,0.747,False,Medium
STU006028,15,GCSE,EU,Boarding,0.979,0.933,87.8,0.696,False,False,1,True,0.814,False,Low
STU006029,18,Foundation,UK,Day,0.891,0.9,87.5,0.864,True,False,1,True,0.801,False,Low
STU006030,16,GCSE,International,Boarding,0.838,0.785,58.4,0.859,False,False,2,True,0.874,False,Medium
STU006031,17,A-Level,International,Homestay,0.966,0.907,91.8,0.725,False,False,0,True,0.693,False,Low
STU006032,16,A-Level,International,Boarding,0.922,0.866,94.5,0.808,False,False,0,True,1.0,True,Low
STU006033,19,Foundation,EU,Day,0.878,0.821,83.7,0.767,False,False,0,True,0.859,True,Low
STU006034,15,GCSE,UK,Homestay,1.0,0.565,57.9,0.614,False,False,2,True,0.835,False,Medium
STU006035,17,A-Level,EU,Day,0.921,0.675,75.0,0.606,False,False,1,True,0.78,True,Medium
STU006036,15,GCSE,International,Boarding,1.0,0.823,77.7,0.755,False,False,0,True,0.998,False,Low
STU006037,18,Foundation,UK,Boarding,0.94,0.711,82.1,0.941,False,False,3,True,0.91,False,Low
STU006038,19,Foundation,UK,Day,0.946,0.951,91.2,0.908,False,False,2,True,0.897,False,Low
STU006039,15,GCSE,UK,Day,0.825,0.703,77.0,0.591,False,False,0,True,0.747,False,Medium
STU006040,18,Foundation,UK,Homestay,0.801,0.756,71.4,0.573,True,False,1,True,0.854,False,High
STU006041,16,A-Level,UK,Homestay,1.0,0.787,79.3,0.695,False,False,1,True,0.722,True,Medium
STU006042,16,GCSE,UK,Boarding,0.94,0.62,78.8,0.605,True,False,2,True,0.819,False,Medium
STU006043,16,A-Level,UK,Day,0.875,0.67,67.5,0.638,False,False,0,True,0.796,True,Medium
STU006044,16,GCSE,International,Day,0.805,0.667,59.3,0.449,False,False,1,True,0.8,False,High
STU006045,18,Foundation,UK,Day,1.0,0.853,78.4,0.537,False,False,1,True,0.713,False,Medium
STU006046,18,Foundation,International,Boarding,0.912,0.645,63.9,0.461,True,False,0,True,0.736,True,High
STU006047,16,GCSE,EU,Day,0.82,0.753,66.5,0.513,False,False,0,True,0.797,False,Medium
STU006048,16,A-Level,EU,Day,0.82,0.812,84.1,0.859,False,False,0,True,0.961,True,Low
STU006049,18,Foundation,UK,Day,1.0,1.0,89.4,1.0,False,False,1,True,0.893,False,Low
STU006050,18,EAP,EU,Boarding,0.864,1.0,94.5,1.0,False,False,0,False,0.582,False,Low
STU006051,17,A-Level,UK,Homestay,0.866,0.841,69.2,0.769,False,False,1,False,0.847,False,Medium
STU006052,18,EAP,UK,Boarding,0.852,0.701,69.5,0.69,False,False,0,True,0.843,False,Medium
STU006053,17,A-Level,EU,Boarding,0.925,0.823,87.8,0.714,False,False,1,True,0.828,True,Low
STU006054,17,A-Level,UK,Day,0.802,0.76,72.0,0.728,False,False,1,True,0.774,False,Medium
STU006055,19,Foundation,UK,Day,0.917,0.884,82.1,1.0,False,False,0,True,0.842,False,Low
STU006056,17,A-Level,UK,Boarding,0.802,0.634,80.1,0.592,False,False,1,True,0.74,False,High
STU006057,17,A-Level,UK,Boarding,0.802,0.924,90.3,0.711,False,False,3,True,0.949,False,Low
STU006058,18,A-Level,UK,Day,0.804,0.73,67.0,0.724,False,False,1,True,0.774,False,Medium
STU006059,18,Foundation,International,Boarding,0.807,0.569,68.8,0.733,False,False,1,True,0.759,False,Medium
STU006060,17,Foundation,UK,Homestay,0.951,0.704,75.7,0.567,False,False,1,True,0.771,False,Medium
STU006061,17,A-Level,EU,Boarding,0.951,0.764,82.9,0.745,False,False,0,True,0.766,False,Low
STU006062,16,A-Level,International,Boarding,0.889,0.715,64.5,0.588,False,False,2,True,0.714,False,High
STU006063,16,A-Level,International,Boarding,0.856,0.765,73.3,1.0,False,False,1,True,0.741,True,Medium
STU006064,17,A-Level,International,Day,0.997,0.851,88.7,0.867,False,False,1,True,0.915,False,Low
STU006065,14,GCSE,International,Boarding,0.949,0.903,93.5,0.891,False,False,1,True,0.788,False,Low
STU006066,18,Foundation,International,Homestay,0.817,0.617,67.7,0.642,False,False,0,True,0.869,False,High
STU006067,16,A-Level,International,Day,0.925,0.895,79.3,0.712,False,False,2,True,0.979,False,Low
STU006068,16,A-Level,UK,Day,0.921,0.918,89.5,1.0,False,False,1,True,0.954,True,Low
STU006069,14,GCSE,International,Boarding,0.95,0.893,87.4,0.881,False,False,3,True,0.788,True,Low
STU006070,14,GCSE,International,Day,1.0,0.808,80.9,0.782,True,False,1,True,0.656,False,Medium
STU006071,17,EAP,International,Boarding,0.799,0.793,93.9,0.877,True,False,0,True,0.803,True,Medium
STU006072,17,A-Level,International,Day,0.892,0.958,78.2,0.987,False,True,1,True,0.726,False,Low
STU006073,16,GCSE,UK,Boarding,0.925,0.834,73.3,0.885,True,False,1,True,0.753,False,Medium
STU006074,18,A-Level,UK,Boarding,1.0,1.0,88.7,0.926,False,False,0,True,1.0,True,Low
STU006075,18,A-Level,International,Day,0.913,0.881,85.9,0.898,False,False,0,True,0.67,False,Low
STU006076,14,GCSE,UK,Day,0.773,0.77,65.9,0.638,False,True,2,True,0.814,True,High
STU006077,17,A-Level,International,Day,0.774,0.771,72.1,0.722,False,False,2,True,0.816,False,Medium
STU006078,16,A-Level,UK,Day,0.958,0.709,73.2,0.863,False,False,0,True,0.881,True,Low
STU006079,17,A-Level,International,Day,0.924,0.767,74.1,0.804,False,False,1,True,0.664,False,Medium
STU006080,16,A-Level,International,Day,0.84,0.658,60.5,0.733,True,False,2,True,0.696,False,High
STU006081,17,A-Level,UK,Boarding,0.92,0.749,82.3,0.747,False,False,3,True,0.797,False,Low
STU006082,17,EAP,UK,Boarding,0.968,0.653,69.0,0.508,False,False,0,True,0.861,True,Medium
STU006083,16,A-Level,UK,Day,0.938,0.954,92.9,0.853,False,False,1,True,0.858,False,Low
STU006084,18,A-Level,International,Day,0.927,0.95,89.7,0.78,False,False,0,True,0.802,False,Low
STU006085,16,GCSE,International,Day,0.784,0.562,79.7,0.67,True,False,1,True,0.656,False,High
STU006086,18,A-Level,UK,Boarding,0.91,0.924,84.4,0.99,True,False,4,True,1.0,False,Low
STU006087,18,Foundation,UK,Day,0.86,0.858,83.6,0.81,False,False,3,True,0.799,False,Low
STU006088,16,GCSE,International,Day,0.968,0.981,78.4,0.669,False,False,0,True,0.755,False,Low
STU006089,18,Foundation,International,Day,0.873,0.829,80.8,0.855,False,False,1,True,0.803,False,Low
STU006090,16,GCSE,UK,Homestay,0.941,0.705,81.3,0.764,False,False,0,True,0.841,False,Low
STU006091,17,A-Level,UK,Boarding,1.0,0.8,76.6,0.934,False,False,0,True,0.851,False,Low
STU006092,18,Foundation,International,Homestay,0.946,0.909,87.9,0.734,False,False,1,True,0.756,False,Low
STU006093,17,A-Level,EU,Day,0.999,0.762,81.6,0.702,False,False,1,True,0.729,False,Medium
STU006094,17,A-Level,International,Day,0.874,0.822,78.2,0.679,False,False,0,True,0.734,True,Medium
STU006095,16,GCSE,EU,Day,0.907,0.718,74.7,0.531,False,False,2,True,0.707,False,Medium
STU006096,19,Foundation,International,Homestay,0.875,0.853,79.0,0.721,False,False,0,False,0.705,False,Medium
STU006097,15,GCSE,EU,Day,0.784,0.678,77.5,0.873,False,False,0,True,0.751,False,Medium
STU006098,18,Foundation,International,Day,0.975,0.837,89.5,0.731,False,False,1,True,0.805,False,Low
STU006099,15,GCSE,UK,Day,0.94,0.822,88.6,0.59,False,False,3,True,0.9,True,Low
STU006100,19,Foundation,UK,Boarding,0.868,0.779,70.1,0.648,True,False,3,True,0.794,False,Medium
STU006101,17,A-Level,UK,Day,0.986,0.949,90.0,0.82,False,False,1,True,0.601,True,Low
STU006102,17,Foundation,International,Boarding,0.821,0.599,63.7,0.66,False,False,2,True,0.753,True,High
STU006103,17,A-Level,EU,Homestay,0.804,0.741,92.2,0.72,False,False,0,False,0.732,False,Medium
STU006104,16,EAP,UK,Day,0.987,0.892,92.9,0.874,False,False,0,True,0.846,False,Low
STU006105,16,GCSE,EU,Boarding,0.802,0.803,62.8,0.659,True,True,2,True,0.776,True,High
STU006106,15,GCSE,UK,Boarding,0.915,1.0,96.5,0.731,False,False,0,True,0.818,False,Low
STU006107,17,A-Level,UK,Homestay,0.797,0.942,73.4,0.92,False,False,3,True,0.923,False,Low
STU006108,16,GCSE,UK,Day,1.0,0.942,81.7,0.801,False,False,1,False,0.728,True,Low
STU006109,14,GCSE,International,Day,0.947,0.826,76.1,0.661,False,False,1,True,0.811,True,Low
STU006110,17,EAP,International,Boarding,0.738,0.699,64.4,0.797,True,True,1,True,0.814,False,High
STU006111,17,EAP,International,Day,0.985,0.94,89.4,0.799,True,False,0,True,0.69,False,Low
STU006112,16,A-Level,International,Homestay,0.805,0.766,69.9,0.721,False,False,4,True,0.816,True,Medium
STU006113,17,EAP,UK,Boarding,0.877,0.823,79.9,0.916,False,False,0,True,0.84,False,Low
STU006114,18,A-Level,International,Boarding,0.969,0.91,87.5,0.947,False,False,0,True,0.843,False,Low
STU006115,18,A-Level,UK,Day,0.981,0.747,83.3,0.655,False,False,0,True,0.827,False,Low
STU006116,19,Foundation,UK,Boarding,0.73,0.574,66.0,0.865,True,False,1,True,0.699,True,High
STU006117,18,A-Level,UK,Boarding,0.88,0.654,76.8,0.738,False,False,0,False,0.586,False,Medium
STU006118,17,EAP,UK,Boarding,0.952,0.861,87.3,0.822,False,False,1,False,0.492,True,Low
STU006119,17,A-Level,UK,Day,1.0,0.658,80.3,0.679,False,False,0,True,0.692,False,Medium
STU006120,16,A-Level,UK,Homestay,0.997,0.812,67.0,0.888,False,False,0,True,0.773,True,Low
STU006121,16,GCSE,International,Day,0.949,0.799,80.2,0.586,False,False,3,True,0.948,False,Medium
STU006122,15,GCSE,UK,Day,0.845,0.658,57.7,0.729,True,False,2,True,0.826,True,High
STU006123,14,GCSE,EU,Homestay,0.887,0.772,81.9,0.928,False,False,0,True,0.848,True,Low
STU006124,17,EAP,UK,Boarding,0.935,0.745,78.5,0.783,False,False,0,True,0.712,False,Medium
STU006125,18,Foundation,UK,Day,1.0,1.0,96.8,0.96,False,False,1,True,0.835,False,Low
STU006126,18,Foundation,UK,Homestay,0.885,0.88,69.3,0.788,False,False,0,True,0.789,True,Low
STU006127,18,A-Level,UK,Day,0.833,0.598,57.2,0.532,True,False,4,True,0.665,False,High
STU006128,17,A-Level,UK,Day,0.98,0.903,83.0,0.805,False,False,0,True,0.631,False,Low
STU006129,16,GCSE,International,Boarding,0.974,0.845,80.4,0.746,False,False,1,True,0.833,False,Low
STU006130,17,A-Level,International,Day,0.865,0.894,85.5,0.847,False,False,0,True,0.766,False,Low
STU006131,17,A-Level,UK,Homestay,0.75,0.739,61.1,0.616,True,False,1,True,0.854,False,High
STU006132,19,Foundation,UK,Homestay,0.78,0.629,74.2,0.791,False,False,1,True,0.898,False,Medium
STU006133,18,A-Level,International,Day,0.909,0.796,77.1,0.632,False,False,0,True,1.0,False,Medium
STU006134,14,GCSE,UK,Homestay,0.823,0.774,87.2,0.752,False,False,2,True,0.799,False,Low
STU006135,14,GCSE,UK,Day,0.929,0.837,71.2,0.7,True,False,1,False,0.651,True,Medium
STU006136,15,GCSE,EU,Boarding,0.78,0.58,75.0,0.666,False,False,3,True,0.881,False,High
STU006137,17,A-Level,International,Homestay,0.95,0.695,72.8,0.746,True,False,1,True,0.657,False,Medium
STU006138,18,EAP,EU,Homestay,0.876,0.806,75.2,0.759,False,False,1,True,0.933,False,Medium
STU006139,18,A-Level,International,Day,0.844,0.757,87.9,0.747,False,False,0,True,0.826,False,Low
STU006140,17,Foundation,UK,Day,0.862,0.814,76.3,0.744,False,False,0,True,0.781,False,Medium
STU006141,17,A-Level,UK,Day,0.8,0.512,64.6,0.552,True,False,2,True,0.755,True,High
STU006142,16,A-Level,UK,Boarding,0.952,0.824,74.5,0.572,True,False,3,True,0.755,False,Medium
STU006143,16,GCSE,International,Boarding,0.947,0.819,79.2,0.697,False,False,1,False,0.818,False,Low
STU006144,19,Foundation,International,Day,0.907,0.823,85.0,0.75,False,False,1,False,0.805,False,Low
STU006145,18,Foundation,UK,Day,0.816,0.61,70.8,0.387,False,False,1,True,0.727,False,High
STU006146,14,GCSE,UK,Homestay,0.896,0.706,71.5,0.736,False,False,2,True,0.816,True,Medium
STU006147,17,A-Level,UK,Day,0.846,0.817,78.8,0.995,False,False,3,True,0.793,True,Low
STU006148,17,A-Level,UK,Day,0.716,0.855,53.2,0.755,False,False,2,True,0.843,True,Medium
STU006149,17,A-Level,UK,Homestay,0.851,0.774,75.0,0.713,False,False,1,False,0.838,False,Medium
STU006150,19,EAP,EU,Day,0.897,0.751,84.5,0.68,True,False,0,False,0.664,False,Medium
STU006151,18,A-Level,International,Boarding,0.87,0.775,85.5,0.538,False,False,2,True,0.78,False,Medium
STU006152,17,A-Level,UK,Day,0.89,0.78,81.1,0.857,False,False,1,True,0.86,False,Low
STU006153,15,GCSE,UK,Day,0.973,0.9,96.9,0.819,False,False,0,True,0.838,False,Low
STU006154,15,GCSE,UK,Day,0.96,0.79,86.8,0.614,False,False,2,True,0.873,False,Low
STU006155,15,GCSE,UK,Boarding,1.0,0.886,92.2,0.896,False,False,0,True,0.931,False,Low
STU006156,15,GCSE,UK,Boarding,0.642,0.592,48.6,0.693,True,True,1,True,0.755,False,High
STU006157,18,Foundation,International,Day,0.841,0.803,75.4,0.678,False,False,0,False,0.541,False,Medium
STU006158,17,Foundation,UK,Boarding,0.964,0.889,77.9,0.779,False,False,1,True,0.876,True,Low
STU006159,15,GCSE,International,Day,0.891,0.745,67.2,0.761,False,True,1,True,0.767,False,Medium
STU006160,17,Foundation,EU,Day,0.907,0.888,87.0,0.854,False,False,1,True,0.884,True,Low
STU006161,15,GCSE,EU,Homestay,0.858,0.63,75.0,0.585,False,False,0,True,0.851,False,Medium
STU006162,17,A-Level,UK,Homestay,0.916,0.789,66.1,0.83,False,False,0,True,0.873,True,Medium
STU006163,15,GCSE,International,Homestay,0.912,0.84,78.2,0.747,False,False,2,False,0.459,False,Medium
STU006164,17,A-Level,EU,Boarding,0.77,0.799,70.7,0.83,False,False,0,True,0.809,False,Medium
STU006165,17,A-Level,UK,Day,0.915,0.767,81.3,0.853,False,False,0,True,0.829,False,Low
STU006166,18,A-Level,UK,Boarding,0.864,0.815,74.4,0.746,False,False,0,True,0.753,False,Medium
STU006167,17,A-Level,International,Homestay,0.959,0.873,88.3,0.892,False,False,0,True,0.912,True,Low
STU006168,19,EAP,UK,Day,0.924,0.855,88.4,0.635,False,False,3,True,0.862,False,Low
STU006169,15,GCSE,UK,Day,1.0,0.82,79.4,0.706,True,False,0,True,0.84,False,Medium
STU006170,15,GCSE,UK,Day,0.9,0.662,79.0,0.618,False,False,0,True,0.851,True,Medium
STU006171,14,GCSE,UK,Day,0.824,0.739,83.3,0.634,False,False,4,True,0.755,False,Medium
STU006172,17,A-Level,UK,Day,0.726,0.609,68.4,0.608,False,False,3,True,0.763,False,High
STU006173,16,GCSE,UK,Homestay,0.834,0.703,62.4,0.554,False,False,2,True,1.0,False,High
STU006174,19,Foundation,International,Boarding,0.926,0.912,78.6,0.911,False,False,0,True,0.747,False,Low
STU006175,18,A-Level,UK,Day,0.944,0.91,85.7,0.865,False,False,1,True,0.783,False,Low
STU006176,17,A-Level,International,Boarding,0.858,0.674,86.3,0.663,False,False,0,True,0.762,False,Medium
STU006177,17,A-Level,International,Day,0.87,0.628,56.3,0.464,False,False,5,True,0.756,False,High
STU006178,15,GCSE,UK,Boarding,0.905,0.781,81.2,0.677,False,False,0,True,0.84,False,Medium
STU006179,15,GCSE,EU,Homestay,0.927,0.778,81.5,0.741,False,False,1,False,0.533,False,Medium
STU006180,16,A-Level,International,Boarding,0.971,0.884,91.9,0.95,False,False,1,True,0.859,False,Low
STU006181,18,A-Level,International,Boarding,0.859,0.669,72.8,0.669,False,False,0,True,0.875,False,Medium
STU006182,16,GCSE,International,Day,0.848,0.843,81.5,0.829,False,False,2,True,0.861,False,Low
STU006183,15,GCSE,International,Boarding,1.0,0.786,81.3,0.719,False,False,2,True,0.94,False,Low
STU006184,17,EAP,UK,Boarding,1.0,0.891,80.8,0.918,False,False,1,True,0.886,False,Low
STU006185,14,GCSE,International,Homestay,0.863,0.818,65.8,0.815,False,False,0,True,0.771,True,Medium
STU006186,18,Foundation,UK,Boarding,0.98,0.697,95.4,0.89,False,False,1,False,0.485,True,Low
STU006187,18,Foundation,EU,Homestay,1.0,0.708,77.3,0.715,False,False,1,True,0.833,False,Low
STU006188,18,A-Level,UK,Homestay,0.992,0.975,80.0,0.753,False,False,0,True,0.861,False,Low
STU006189,15,GCSE,International,Boarding,0.847,0.669,82.9,0.781,False,False,1,True,0.78,True,Medium
STU006190,15,GCSE,EU,Homestay,0.907,0.801,73.1,0.549,False,False,0,True,1.0,False,Medium
STU006191,17,A-Level,International,Day,0.777,0.839,80.8,0.795,False,False,1,True,0.909,False,Medium
STU006192,16,A-Level,International,Day,0.832,0.705,75.7,0.579,False,False,4,True,0.712,True,Medium
STU006193,19,Foundation,International,Boarding,0.899,0.873,75.0,0.622,False,False,0,False,0.685,True,Medium
STU006194,18,EAP,International,Day,0.869,0.779,77.5,0.672,True,False,2,True,0.877,False,Medium
STU006195,18,A-Level,UK,Homestay,0.79,0.676,65.5,0.586,True,False,3,False,0.736,False,High
STU006196,15,GCSE,International,Day,0.707,0.718,77.8,0.67,False,False,2,True,0.787,True,Medium
STU006197,15,GCSE,International,Day,0.914,0.897,91.1,0.773,False,False,0,True,0.763,True,Low
STU006198,17,Foundation,International,Homestay,0.951,0.886,90.1,0.816,False,False,0,True,0.693,False,Low
STU006199,15,GCSE,International,Day,0.954,0.854,62.1,0.641,False,False,1,True,0.908,False,Medium
STU006200,16,GCSE,UK,Day,0.886,0.977,89.7,0.874,False,False,0,True,0.885,True,Low
STU006201,19,Foundation,UK,Day,0.891,0.917,91.2,0.788,False,False,0,True,0.797,False,Low
STU006202,17,A-Level,EU,Boarding,0.87,0.765,75.9,0.828,True,False,1,True,0.741,True,Medium
STU006203,17,EAP,International,Boarding,0.929,0.667,62.0,0.543,False,False,3,True,0.781,False,Medium
STU006204,18,A-Level,UK,Homestay,0.893,0.832,80.5,0.816,False,False,1,True,0.718,False,Low
STU006205,16,GCSE,International,Day,0.737,0.835,66.4,0.593,False,False,1,False,0.672,True,High
STU006206,16,EAP,EU,Homestay,0.998,0.831,86.9,0.94,False,False,0,True,0.67,False,Low
STU006207,18,A-Level,International,Day,0.867,0.855,81.7,0.955,False,False,0,True,0.748,False,Low
STU006208,17,A-Level,International,Day,0.814,0.686,73.4,0.576,False,False,2,False,0.663,False,High
STU006209,17,A-Level,UK,Day,0.807,0.656,52.4,0.769,True,False,0,True,0.915,False,High
STU006210,15,GCSE,International,Day,0.838,0.677,76.1,0.581,True,False,1,True,0.714,False,High
STU006211,18,A-Level,International,Day,0.822,0.622,70.6,0.495,False,True,2,True,0.81,True,High
STU006212,14,GCSE,UK,Day,0.83,0.741,65.4,0.762,True,False,3,True,0.743,False,High
STU006213,17,A-Level,UK,Day,0.877,0.867,86.3,0.963,False,False,0,True,0.824,False,Low
STU006214,17,A-Level,UK,Homestay,0.925,0.919,94.6,1.0,False,False,0,True,0.87,False,Low
STU006215,18,Foundation,International,Day,0.844,0.721,72.9,0.796,False,False,1,True,0.918,False,Medium
STU006216,18,Foundation,UK,Homestay,0.924,0.724,75.2,0.622,False,False,1,True,0.829,False,Medium
STU006217,14,GCSE,UK,Homestay,0.803,0.716,59.8,0.667,False,False,1,True,0.871,False,Medium
STU006218,17,A-Level,UK,Day,1.0,0.862,70.2,0.787,False,False,0,True,0.805,False,Low
STU006219,18,A-Level,EU,Boarding,0.975,0.908,79.1,0.92,False,False,0,True,0.904,False,Low
STU006220,16,GCSE,International,Boarding,0.881,0.833,76.1,0.723,False,False,1,True,0.974,False,Low
STU006221,19,Foundation,International,Homestay,0.923,0.646,83.7,0.546,False,False,0,True,0.832,False,Medium
STU006222,18,Foundation,UK,Homestay,0.818,0.776,78.2,0.824,False,False,1,True,0.809,False,Medium
STU006223,15,GCSE,International,Boarding,0.901,0.674,57.8,0.703,True,False,1,True,0.77,False,High
STU006224,17,A-Level,International,Day,0.884,0.718,76.0,0.83,True,False,1,True,0.85,False,Medium
STU006225,14,GCSE,UK,Day,0.919,0.851,85.1,0.773,False,False,0,True,0.839,False,Low
STU006226,18,A-Level,UK,Homestay,0.908,0.779,71.7,0.805,True,False,1,True,0.725,False,Medium
STU006227,14,GCSE,International,Boarding,0.9,0.756,78.5,0.737,False,False,0,True,0.75,True,Medium
STU006228,19,EAP,International,Homestay,0.893,0.789,88.8,0.836,False,False,1,True,0.774,False,Low
STU006229,17,Foundation,International,Boarding,0.854,0.641,69.8,0.654,False,False,1,True,0.818,False,Medium
STU006230,18,A-Level,UK,Day,0.939,0.933,82.7,0.815,False,False,1,True,0.877,False,Low
STU006231,16,A-Level,International,Homestay,0.841,0.75,71.2,0.706,False,False,0,True,0.839,False,Medium
STU006232,16,EAP,EU,Homestay,0.929,0.739,84.1,0.877,False,False,2,False,0.568,False,Low
STU006233,17,A-Level,International,Day,0.921,0.769,73.8,0.623,False,False,1,False,1.0,True,Medium
STU006234,15,GCSE,International,Day,0.994,0.865,87.9,0.945,False,False,0,True,0.776,True,Low
STU006235,17,A-Level,International,Boarding,0.941,0.796,75.6,0.803,False,False,2,True,0.763,True,Low
STU006236,18,Foundation,International,Boarding,0.777,0.859,76.1,0.825,False,False,0,False,0.937,True,Medium
STU006237,16,A-Level,UK,Day,0.854,0.759,90.7,0.735,False,False,0,True,0.942,False,Low
STU006238,18,A-Level,International,Day,0.852,0.938,78.3,0.806,False,False,0,True,0.871,True,Low
STU006239,18,Foundation,UK,Boarding,0.78,0.826,79.9,0.406,True,False,1,True,0.588,False,High
STU006240,18,Foundation,International,Day,0.968,0.966,79.9,0.803,False,False,2,True,0.661,False,Low
STU006241,18,EAP,UK,Day,0.746,0.607,79.5,0.64,False,False,3,True,0.771,True,High
STU006242,15,GCSE,International,Boarding,1.0,0.957,85.9,0.737,False,False,1,True,0.692,False,Low
STU006243,17,A-Level,UK,Homestay,0.899,0.76,80.5,0.82,True,False,1,True,0.826,False,Medium
STU006244,18,Foundation,International,Boarding,0.913,0.79,70.8,0.599,False,False,0,True,0.857,False,Medium
STU006245,18,Foundation,UK,Boarding,0.924,0.981,90.3,0.885,False,False,0,True,0.811,False,Low
STU006246,17,A-Level,UK,Boarding,0.905,0.743,82.1,0.813,False,False,2,False,0.628,False,Medium
STU006247,15,GCSE,International,Boarding,0.911,0.877,85.2,0.894,False,False,0,True,0.749,False,Low
STU006248,18,Foundation,International,Day,0.979,0.779,68.2,0.572,False,False,3,True,0.818,True,Medium
STU006249,18,Foundation,UK,Day,0.884,0.768,74.3,0.849,False,False,1,True,0.917,False,Low
STU006250,14,GCSE,UK,Day,0.942,0.692,69.6,0.784,False,False,0,True,0.809,False,Medium
STU006251,17,A-Level,UK,Homestay,0.839,0.823,78.3,0.721,False,False,1,True,0.783,False,Medium
STU006252,15,GCSE,International,Homestay,0.937,0.779,76.5,0.925,False,False,0,True,0.894,False,Low
STU006253,16,A-Level,International,Boarding,0.881,0.746,64.9,0.493,False,False,1,True,0.773,True,Medium
STU006254,14,GCSE,International,Homestay,0.93,0.809,73.0,0.763,False,False,0,True,0.816,False,Low
STU006255,16,A-Level,UK,Homestay,0.727,0.784,64.2,0.772,True,True,4,True,0.696,False,High
STU006256,18,A-Level,UK,Homestay,0.931,0.658,91.0,0.574,False,False,1,True,0.776,True,Medium
STU006257,17,A-Level,International,Day,0.85,0.737,77.9,0.765,True,False,3,True,0.885,False,Medium
STU006258,16,A-Level,UK,Boarding,1.0,1.0,90.5,0.839,False,False,1,True,0.916,False,Low
STU006259,17,Foundation,EU,Boarding,0.918,0.671,74.6,0.538,False,False,1,True,0.813,True,Medium
STU006260,15,GCSE,UK,Boarding,0.935,1.0,74.8,0.882,False,False,3,True,1.0,False,Low
STU006261,15,GCSE,International,Day,0.869,0.674,78.8,0.614,False,False,1,True,0.81,True,Medium
STU006262,19,Foundation,International,Boarding,0.922,0.921,93.5,0.984,False,False,0,True,0.824,False,Low
STU006263,16,GCSE,UK,Day,0.933,0.779,84.3,0.819,False,False,0,True,0.814,True,Low
STU006264,18,EAP,International,Homestay,0.772,0.761,74.8,0.73,True,True,4,True,0.865,False,High
STU006265,17,Foundation,EU,Boarding,0.87,0.748,80.8,0.893,False,False,3,False,0.78,True,Low
STU006266,17,A-Level,UK,Day,0.844,0.771,78.2,0.837,False,False,1,True,0.8,False,Low
STU006267,19,EAP,UK,Day,0.895,0.689,73.6,0.568,False,False,1,True,0.754,True,Medium
STU006268,15,GCSE,EU,Boarding,0.854,0.631,53.3,0.51,False,False,3,True,0.765,False,High
STU006269,17,A-Level,UK,Boarding,0.92,0.931,97.8,0.747,False,False,0,True,0.803,False,Low
STU006270,17,A-Level,International,Boarding,0.845,0.659,59.8,0.601,False,False,1,True,0.827,False,High
STU006271,17,A-Level,UK,Boarding,0.891,0.891,94.1,0.95,False,False,1,True,0.803,False,Low
STU006272,18,EAP,UK,Homestay,0.834,0.886,85.3,0.656,False,False,1,True,0.881,False,Low
STU006273,16,GCSE,UK,Day,0.954,0.857,79.1,0.77,False,True,0,True,0.93,False,Medium
STU006274,17,A-Level,UK,Boarding,0.902,0.637,59.7,0.826,False,False,0,True,0.653,False,Medium
STU006275,17,A-Level,EU,Homestay,0.901,1.0,92.4,1.0,False,False,0,True,0.806,False,Low
STU006276,16,A-Level,UK,Homestay,0.942,0.978,100.0,0.912,False,False,1,True,0.724,False,Low
STU006277,16,A-Level,International,Day,1.0,0.941,86.8,0.721,False,False,1,True,0.902,False,Low
STU006278,17,A-Level,International,Day,0.906,0.943,83.4,0.821,False,False,0,True,0.928,False,Low
STU006279,17,Foundation,International,Day,0.796,0.779,76.7,0.822,False,False,1,True,0.959,True,Medium
STU006280,15,GCSE,UK,Homestay,0.983,0.763,84.5,0.847,False,False,0,True,0.863,False,Low
STU006281,18,Foundation,International,Day,0.805,0.791,55.7,0.625,False,False,1,True,0.866,False,Medium
STU006282,17,A-Level,UK,Day,0.811,0.68,76.5,0.933,True,False,1,True,0.828,False,Medium
STU006283,19,Foundation,EU,Day,0.944,0.674,66.1,0.658,False,True,0,True,0.834,False,High
STU006284,18,Foundation,UK,Day,0.877,0.836,85.1,0.856,False,False,0,True,0.702,False,Low
STU006285,14,GCSE,UK,Boarding,0.86,0.814,89.5,0.611,False,False,0,True,0.912,False,Medium
STU006286,17,A-Level,International,Boarding,0.863,0.684,67.9,0.74,True,False,1,False,0.508,False,High
STU006287,19,Foundation,UK,Boarding,0.901,0.761,71.6,0.762,False,False,0,True,0.826,False,Medium
STU006288,17,A-Level,EU,Day,0.851,0.918,79.7,0.577,False,False,1,True,0.865,False,Medium
STU006289,16,EAP,UK,Day,0.961,0.821,90.2,0.536,False,False,0,True,0.931,True,Low
STU006290,16,A-Level,International,Homestay,0.916,0.823,79.6,0.811,True,False,1,True,0.863,False,Medium
STU006291,15,GCSE,International,Day,0.942,0.863,86.4,0.664,True,False,0,True,0.882,False,Medium
STU006292,16,A-Level,UK,Homestay,0.939,0.886,88.7,0.789,False,False,2,True,0.844,False,Low
STU006293,19,EAP,International,Day,0.851,0.793,91.3,0.999,False,False,0,True,0.774,False,Low
STU006294,18,A-Level,International,Day,0.812,0.685,70.6,0.79,False,False,2,True,0.663,False,Medium
STU006295,18,Foundation,EU,Day,0.738,0.566,72.5,0.364,False,False,3,True,0.826,False,High
STU006296,18,Foundation,International,Homestay,0.972,0.783,84.2,0.671,False,False,0,True,0.773,False,Low
STU006297,16,A-Level,EU,Day,0.914,0.896,69.8,0.54,False,False,2,True,0.906,True,Medium
STU006298,16,GCSE,UK,Boarding,0.871,0.731,73.5,0.622,False,False,1,True,0.854,False,Medium
STU006299,18,Foundation,International,Boarding,0.765,0.861,78.6,0.692,False,False,2,True,0.847,False,Medium
STU006300,17,A-Level,EU,Day,0.817,0.898,86.1,1.0,False,False,1,True,0.818,False,Low
STU006301,18,Foundation,UK,Day,0.776,0.856,79.9,0.85,False,False,0,True,0.832,False,Low
STU006302,17,A-Level,International,Homestay,1.0,0.651,81.5,0.843,False,False,3,True,0.737,True,Medium
STU006303,17,A-Level,UK,Day,0.85,0.919,75.3,0.726,True,True,4,True,0.976,False,Medium
STU006304,18,Foundation,UK,Boarding,0.809,0.724,72.6,0.801,False,False,1,True,0.978,False,Medium
STU006305,17,A-Level,UK,Homestay,1.0,0.875,84.8,0.59,False,False,2,True,0.883,True,Low
STU006306,17,A-Level,UK,Day,0.849,0.581,74.3,0.563,False,False,0,True,0.667,False,High
STU006307,17,A-Level,UK,Day,0.891,0.901,91.3,0.766,True,False,1,True,0.848,False,Low
STU006308,16,A-Level,International,Day,0.925,0.698,92.8,0.767,False,False,1,True,0.779,False,Low
STU006309,17,A-Level,UK,Day,0.853,0.649,67.3,0.722,True,False,0,True,0.797,False,High
STU006310,18,Foundation,International,Day,0.879,0.846,81.6,0.968,False,False,1,True,0.962,True,Low
STU006311,17,A-Level,UK,Boarding,0.902,0.744,74.7,0.673,False,False,0,True,0.802,True,Medium
STU006312,18,A-Level,International,Boarding,0.88,0.75,68.9,0.702,False,False,1,True,0.798,False,Medium
STU006313,16,A-Level,International,Boarding,0.917,0.86,84.2,0.792,False,False,1,True,0.933,False,Low
STU006314,16,A-Level,UK,Homestay,0.92,0.652,96.3,0.56,False,False,0,True,0.866,False,Medium
STU006315,16,A-Level,International,Day,0.863,0.739,67.7,0.562,False,False,1,True,0.857,True,Medium
STU006316,18,EAP,International,Day,0.977,1.0,88.1,1.0,False,False,0,True,0.966,False,Low
STU006317,18,Foundation,EU,Day,0.841,0.683,62.8,0.723,False,False,3,True,0.625,False,High
STU006318,17,A-Level,UK,Day,0.927,0.792,86.4,0.708,False,False,1,True,0.88,False,Low
STU006319,16,A-Level,International,Day,0.816,0.765,75.0,0.687,True,False,0,True,0.841,False,Medium
STU006320,15,GCSE,International,Day,0.839,0.543,60.6,0.507,False,False,1,True,0.925,False,High
STU006321,18,A-Level,UK,Homestay,0.818,0.593,60.1,0.648,True,False,0,True,0.66,False,High
STU006322,18,A-Level,EU,Homestay,0.854,0.793,73.1,0.665,False,False,1,True,0.941,False,Medium
STU006323,18,A-Level,UK,Day,0.946,0.826,88.1,0.82,False,False,0,True,0.785,True,Low
STU006324,17,A-Level,UK,Homestay,0.893,0.719,75.4,0.499,False,False,2,True,0.825,False,Medium
STU006325,16,GCSE,International,Homestay,0.996,0.854,76.8,0.682,False,False,2,True,0.769,False,Low
STU006326,14,GCSE,UK,Day,0.833,0.601,66.3,0.65,False,False,5,True,0.687,False,High
STU006327,17,EAP,UK,Day,0.746,0.846,82.9,0.678,False,False,0,True,0.906,False,Medium
STU006328,16,A-Level,International,Homestay,0.843,0.763,59.9,0.81,True,True,3,True,0.719,True,High
STU006329,17,A-Level,UK,Boarding,1.0,0.827,74.7,0.706,False,False,1,False,0.615,True,Low
STU006330,16,GCSE,UK,Homestay,0.934,0.905,89.5,1.0,False,False,0,True,0.761,False,Low
STU006331,14,GCSE,EU,Day,0.834,0.838,81.0,0.795,False,False,0,True,0.826,True,Low
STU006332,18,Foundation,UK,Day,0.828,0.811,82.2,0.694,False,False,1,True,0.873,False,Medium
STU006333,17,A-Level,UK,Day,1.0,0.665,86.5,0.873,False,False,1,True,0.919,False,Low
STU006334,18,A-Level,UK,Homestay,0.873,0.889,88.1,0.83,False,False,2,False,0.552,False,Low
STU006335,15,GCSE,EU,Day,0.829,0.638,58.6,0.666,False,False,3,True,0.757,False,High
STU006336,19,Foundation,International,Day,0.983,0.884,94.0,0.961,False,False,1,True,0.869,False,Low
STU006337,15,GCSE,International,Boarding,0.89,0.659,75.9,0.613,False,False,1,True,0.729,True,Medium
STU006338,15,GCSE,UK,Day,0.758,0.693,73.3,0.741,False,False,1,False,0.813,False,Medium
STU006339,17,A-Level,EU,Day,1.0,0.836,91.2,0.787,False,False,1,True,0.816,False,Low
STU006340,17,A-Level,International,Boarding,0.941,0.828,91.7,0.808,False,False,0,True,0.832,True,Low
STU006341,14,GCSE,UK,Day,0.794,0.61,66.4,0.715,False,False,3,True,0.667,False,High
STU006342,17,A-Level,International,Day,0.998,0.87,72.6,0.801,False,False,1,True,0.883,True,Low
STU006343,17,A-Level,International,Day,0.827,0.892,81.5,0.959,False,False,1,True,0.826,True,Low
STU006344,18,Foundation,UK,Boarding,0.782,0.709,62.2,0.662,False,True,2,True,0.889,False,High
STU006345,17,A-Level,UK,Day,0.838,0.683,71.4,0.632,False,False,0,True,0.695,False,High
STU006346,15,GCSE,UK,Day,1.0,0.782,86.6,0.769,False,False,0,True,0.858,False,Low
STU006347,17,A-Level,UK,Boarding,1.0,0.678,74.5,0.921,True,False,1,True,0.805,False,Medium
STU006348,16,EAP,International,Day,0.862,0.844,75.3,0.792,False,False,0,True,0.895,False,Low
STU006349,17,A-Level,International,Day,1.0,0.887,61.8,0.791,False,False,1,True,0.878,False,Low
STU006350,17,Foundation,UK,Boarding,0.74,0.658,73.0,0.646,False,False,1,True,0.974,False,High
STU006351,14,GCSE,EU,Day,0.964,0.681,82.8,0.705,False,False,0,True,0.506,True,Medium
STU006352,17,A-Level,EU,Day,0.945,0.821,75.5,0.883,True,False,0,True,0.8,False,Low
STU006353,14,GCSE,UK,Boarding,1.0,0.813,76.1,0.773,False,False,0,True,0.772,False,Low
STU006354,18,A-Level,International,Boarding,0.905,0.929,83.8,0.788,False,False,1,False,0.598,False,Low
STU006355,18,EAP,International,Boarding,0.94,0.908,72.0,0.739,False,False,0,True,0.887,False,Low
STU006356,19,EAP,UK,Day,0.85,0.768,87.5,0.876,False,False,0,True,0.91,False,Low
STU006357,16,A-Level,UK,Day,0.902,0.925,80.7,0.903,False,False,0,True,1.0,False,Low
STU006358,17,A-Level,UK,Boarding,0.889,0.666,79.4,0.639,False,False,1,True,0.864,False,Medium
STU006359,17,EAP,UK,Day,0.884,0.875,80.1,0.69,False,False,2,True,0.748,False,Medium
STU006360,18,A-Level,UK,Day,0.979,0.831,69.4,0.689,False,False,1,False,0.538,True,Medium
STU006361,15,GCSE,UK,Boarding,0.915,1.0,81.8,0.866,False,False,0,True,0.862,False,Low
STU006362,17,A-Level,EU,Day,1.0,0.768,65.6,0.685,False,False,1,True,0.858,False,Medium
STU006363,16,GCSE,International,Boarding,0.917,0.893,83.1,0.702,False,False,0,True,0.839,True,Low
STU006364,17,A-Level,UK,Day,1.0,0.94,80.1,0.682,False,False,1,True,0.828,False,Low
STU006365,16,A-Level,UK,Day,0.932,0.871,81.1,0.972,False,True,1,False,0.726,False,Low
STU006366,17,A-Level,International,Homestay,0.894,0.668,84.2,0.688,False,False,1,True,0.702,False,Medium
STU006367,17,A-Level,International,Day,0.912,0.955,95.1,0.96,False,False,1,True,0.887,False,Low
STU006368,15,GCSE,UK,Boarding,0.841,0.681,71.5,0.705,False,False,1,True,0.73,True,Medium
STU006369,17,A-Level,UK,Day,0.911,0.762,77.5,0.701,False,False,0,True,0.923,False,Medium
STU006370,17,Foundation,International,Day,0.831,0.748,72.8,0.85,False,False,2,True,0.87,False,Medium
STU006371,17,A-Level,UK,Day,0.993,1.0,93.6,0.792,False,False,0,True,0.744,False,Low
STU006372,17,A-Level,UK,Day,0.876,0.863,98.7,0.913,False,False,3,True,0.765,False,Low
STU006373,17,EAP,UK,Homestay,0.854,0.778,67.6,0.728,True,False,1,True,0.657,False,High
STU006374,17,EAP,UK,Homestay,0.74,0.704,74.4,0.679,False,False,2,True,0.983,False,Medium
STU006375,14,GCSE,UK,Boarding,0.881,0.704,69.4,0.672,False,False,1,True,0.725,True,Medium
STU006376,14,GCSE,UK,Homestay,0.874,0.89,90.4,0.872,False,False,0,True,0.77,True,Low
STU006377,17,Foundation,International,Boarding,0.964,0.945,91.9,0.844,False,False,0,True,0.859,False,Low
STU006378,18,Foundation,International,Day,0.937,0.756,82.5,0.713,False,False,2,True,1.0,False,Low
STU006379,18,EAP,International,Day,0.971,0.81,69.9,0.665,False,False,0,True,0.849,False,Medium
STU006380,19,Foundation,UK,Boarding,0.931,0.932,70.3,0.824,False,False,1,True,0.799,False,Low
STU006381,16,A-Level,UK,Day,0.986,0.722,81.4,0.681,False,False,1,True,0.882,True,Low
STU006382,17,A-Level,International,Day,0.886,0.647,57.8,0.513,True,False,1,True,0.654,False,High
STU006383,15,GCSE,EU,Homestay,0.772,0.763,70.3,0.751,True,False,1,True,0.639,False,High
STU006384,15,GCSE,UK,Day,0.894,0.654,69.1,0.584,False,False,0,True,1.0,False,Medium
STU006385,18,A-Level,UK,Day,0.897,0.73,81.3,0.539,False,False,1,True,0.824,False,Medium
STU006386,16,A-Level,UK,Day,0.671,0.613,72.4,0.636,False,False,3,True,0.735,False,High
STU006387,16,A-Level,UK,Boarding,0.829,0.691,70.9,0.687,False,False,0,True,0.839,True,Medium
STU006388,18,Foundation,UK,Day,1.0,0.784,83.9,0.725,False,False,0,True,0.702,False,Low
STU006389,17,A-Level,International,Boarding,0.881,0.698,79.3,0.773,False,False,1,True,0.841,False,Medium
STU006390,16,A-Level,UK,Day,0.893,0.61,79.6,0.716,False,False,2,True,0.669,True,Medium
STU006391,15,GCSE,International,Boarding,0.748,0.732,63.5,0.93,False,False,3,True,0.855,False,Medium
STU006392,17,A-Level,International,Day,0.806,0.771,69.6,0.689,False,False,1,True,0.78,False,Medium
STU006393,18,Foundation,UK,Homestay,0.934,0.701,82.3,0.648,False,False,2,True,0.851,False,Medium
STU006394,16,A-Level,International,Day,0.8,0.655,58.3,0.715,True,False,4,True,0.66,False,High
STU006395,17,EAP,International,Boarding,0.822,0.686,66.9,0.816,False,False,3,True,0.682,False,Medium
STU006396,17,A-Level,UK,Boarding,0.991,0.859,82.8,0.756,False,False,0,True,0.84,False,Low
STU006397,17,A-Level,UK,Day,0.851,0.835,71.8,0.533,False,False,1,True,0.873,False,Medium
STU006398,18,A-Level,EU,Day,0.809,0.869,85.7,0.9,False,False,1,True,0.85,False,Low
STU006399,16,A-Level,International,Boarding,0.903,0.727,83.9,0.605,False,False,0,True,0.692,True,Medium
STU006400,19,Foundation,EU,Boarding,0.754,0.732,54.2,0.786,True,True,3,True,0.851,False,High
STU006401,17,A-Level,EU,Day,0.843,0.924,85.1,0.877,False,False,2,True,0.903,False,Low
STU006402,19,Foundation,UK,Day,0.896,0.881,81.1,0.746,False,False,1,True,0.733,False,Low
STU006403,15,GCSE,EU,Day,0.855,0.903,74.5,0.82,False,False,1,True,0.847,False,Low
STU006404,18,Foundation,UK,Day,0.783,0.811,61.6,0.849,False,False,0,False,0.678,False,Medium
STU006405,16,GCSE,EU,Day,0.939,0.915,75.8,0.624,False,False,2,True,0.621,True,Medium
STU006406,19,Foundation,International,Homestay,0.961,0.899,77.1,0.989,False,False,0,True,0.854,False,Low
STU006407,16,A-Level,International,Day,0.882,0.927,85.5,0.787,False,False,2,True,0.985,True,Low
STU006408,16,A-Level,International,Day,0.943,0.787,71.4,0.515,False,False,2,True,0.793,False,Medium
STU006409,17,A-Level,EU,Boarding,0.832,0.658,64.5,0.711,True,False,1,True,0.81,False,High
STU006410,19,EAP,International,Homestay,0.766,0.578,73.4,0.678,False,False,2,True,0.842,False,High
STU006411,15,GCSE,EU,Day,0.963,0.876,98.5,0.817,False,False,1,True,0.909,False,Low
STU006412,17,A-Level,UK,Day,0.893,0.642,71.6,0.675,False,False,1,True,0.711,True,Medium
STU006413,18,Foundation,International,Day,0.911,0.813,83.7,0.714,False,False,1,True,0.895,False,Low
STU006414,17,A-Level,UK,Day,0.829,0.577,70.9,0.574,True,False,3,True,0.756,False,High
STU006415,15,GCSE,UK,Day,0.887,0.866,72.5,0.756,False,False,0,True,0.863,False,Low
STU006416,17,A-Level,UK,Day,0.91,0.732,68.4,0.822,False,False,1,True,0.673,False,Medium
STU006417,18,A-Level,UK,Day,0.911,0.967,83.7,0.76,False,False,1,False,0.673,True,Low
STU006418,18,EAP,International,Homestay,0.988,0.89,89.3,0.81,False,False,0,True,0.852,False,Low
STU006419,18,Foundation,UK,Day,0.931,0.705,73.5,0.81,False,False,1,True,0.858,False,Medium
STU006420,17,A-Level,International,Day,0.982,0.971,77.7,0.919,False,False,1,True,0.694,False,Low
STU006421,18,EAP,UK,Homestay,0.946,0.609,78.6,0.645,True,False,5,True,1.0,False,Medium
STU006422,17,A-Level,UK,Boarding,0.73,0.683,68.0,0.518,False,True,1,True,0.767,False,High
STU006423,14,GCSE,UK,Day,0.989,0.732,76.1,0.631,False,False,2,True,0.835,True,Medium
STU006424,17,A-Level,International,Day,0.946,0.938,75.0,0.579,False,False,2,True,0.835,False,Low
STU006425,17,A-Level,International,Homestay,0.934,0.774,68.1,0.649,False,False,0,True,0.796,False,Medium
STU006426,15,GCSE,EU,Day,0.933,0.702,68.6,0.887,False,True,2,True,0.773,True,Medium
STU006427,17,EAP,UK,Boarding,0.881,0.719,86.2,0.593,False,False,5,True,0.717,False,Medium
STU006428,18,Foundation,International,Homestay,0.869,0.658,67.6,0.699,True,False,0,True,0.852,False,High
STU006429,17,A-Level,UK,Day,0.771,0.831,74.5,0.743,True,False,2,True,0.776,False,Medium
STU006430,17,A-Level,EU,Boarding,0.801,0.771,96.5,0.712,False,False,2,True,0.946,False,Low
STU006431,18,Foundation,UK,Homestay,0.86,0.753,89.7,0.851,True,False,4,True,0.707,False,Medium
STU006432,18,EAP,UK,Boarding,0.86,0.753,74.7,0.693,True,False,1,True,0.967,False,Medium
STU006433,19,Foundation,UK,Day,0.9,0.864,93.9,0.726,False,False,1,True,0.803,False,Low
STU006434,17,A-Level,UK,Homestay,0.789,0.782,75.5,0.658,False,True,3,True,0.895,False,High
STU006435,18,Foundation,International,Boarding,0.927,0.684,92.9,0.864,False,False,1,False,0.666,False,Low
STU006436,17,A-Level,International,Boarding,0.87,1.0,89.9,1.0,False,False,3,True,0.724,False,Low
STU006437,17,A-Level,International,Boarding,0.897,0.659,80.8,0.753,False,False,1,True,0.752,True,Medium
STU006438,15,GCSE,EU,Day,0.866,0.853,83.8,0.691,False,False,0,True,0.796,False,Low
STU006439,15,GCSE,EU,Day,0.844,0.669,66.1,0.594,False,False,0,True,0.863,False,Medium
STU006440,17,A-Level,International,Day,0.886,0.854,90.3,0.957,False,False,0,True,0.88,False,Low
STU006441,17,A-Level,International,Day,0.983,0.818,75.2,0.746,False,False,0,True,0.861,True,Low
STU006442,15,GCSE,UK,Day,0.867,0.757,72.3,0.646,False,False,0,True,1.0,False,Medium
STU006443,17,Foundation,UK,Day,0.891,0.904,88.7,0.756,False,False,0,True,0.816,False,Low
STU006444,15,GCSE,International,Day,0.823,0.911,83.9,0.893,True,False,4,True,0.751,False,Low
STU006445,16,A-Level,International,Homestay,0.855,0.767,76.6,0.668,False,False,1,True,0.712,False,Medium
STU006446,18,A-Level,International,Boarding,0.986,0.927,88.9,0.791,False,False,0,True,0.735,False,Low
STU006447,19,EAP,International,Boarding,0.745,0.591,59.6,0.433,False,True,2,True,0.707,False,High
STU006448,18,A-Level,UK,Day,0.894,0.822,90.0,0.87,False,False,0,True,0.859,False,Low
STU006449,16,GCSE,UK,Day,0.841,0.817,93.9,0.674,False,False,1,True,0.88,True,Low
STU006450,17,A-Level,International,Day,0.94,0.959,98.1,0.882,False,False,0,True,0.816,True,Low
STU006451,19,Foundation,UK,Boarding,0.909,0.808,80.1,0.865,False,False,0,True,0.953,True,Low
STU006452,17,EAP,UK,Boarding,0.913,0.896,83.4,0.776,True,False,0,True,0.767,False,Low
STU006453,16,A-Level,International,Day,0.951,0.924,79.0,0.724,False,False,0,False,0.811,False,Low
STU006454,17,A-Level,UK,Boarding,0.906,0.672,85.1,0.765,False,False,0,True,0.537,False,Medium
STU006455,16,EAP,International,Boarding,0.952,0.728,77.8,0.668,False,False,0,True,0.808,False,Medium
STU006456,16,GCSE,International,Boarding,0.959,0.796,87.6,0.788,False,False,0,False,0.757,True,Low
STU006457,17,A-Level,UK,Day,0.836,0.764,80.4,0.793,False,False,0,True,1.0,True,Medium
STU006458,17,A-Level,UK,Boarding,0.885,0.641,53.3,0.712,True,False,1,True,0.874,True,High
STU006459,14,GCSE,UK,Boarding,0.921,0.801,80.4,0.749,False,False,1,True,0.656,False,Medium
STU006460,17,A-Level,International,Day,0.934,0.816,82.3,0.698,False,False,0,True,0.919,True,Low
STU006461,16,A-Level,EU,Day,0.871,0.919,85.4,0.723,False,False,1,True,0.904,False,Low
STU006462,18,A-Level,UK,Day,0.84,0.803,69.5,0.596,False,False,0,True,0.92,False,Medium
STU006463,17,EAP,International,Day,0.828,0.945,72.6,0.707,False,False,0,True,0.944,True,Low
STU006464,17,A-Level,UK,Day,0.661,0.652,73.7,0.895,False,False,0,True,0.788,True,Medium
STU006465,18,Foundation,UK,Day,0.85,0.802,80.0,0.773,False,False,0,True,0.839,False,Low
STU006466,14,GCSE,UK,Day,1.0,0.874,83.3,0.838,False,False,1,True,0.682,False,Low
STU006467,17,A-Level,UK,Day,0.958,0.832,79.1,0.778,False,False,0,True,0.888,True,Low
STU006468,14,GCSE,International,Day,0.922,0.77,88.4,0.753,False,False,0,True,0.791,False,Low
STU006469,18,EAP,UK,Boarding,0.967,0.84,79.4,0.851,False,False,2,True,0.772,False,Low
STU006470,18,Foundation,UK,Homestay,0.882,0.764,74.4,0.748,False,False,1,True,0.752,True,Medium
STU006471,17,A-Level,International,Day,0.873,0.877,66.9,0.814,False,False,2,True,0.698,False,Medium
STU006472,18,Foundation,International,Day,0.88,0.798,84.0,0.69,False,False,1,True,0.821,False,Low
STU006473,17,A-Level,UK,Homestay,0.848,0.649,71.7,0.554,False,False,0,True,0.93,True,Medium
STU006474,17,EAP,International,Boarding,0.854,0.883,93.3,0.808,False,False,0,True,0.828,True,Low
STU006475,19,Foundation,International,Day,0.899,0.748,75.2,0.919,False,False,1,True,0.78,False,Low
STU006476,17,EAP,UK,Boarding,0.875,0.845,65.3,0.716,False,True,2,True,0.83,False,Medium
STU006477,16,A-Level,International,Day,0.946,0.866,75.7,0.812,True,False,0,True,0.836,False,Medium
STU006478,15,GCSE,International,Boarding,0.972,0.796,89.7,0.848,False,False,2,True,0.905,False,Low
STU006479,17,A-Level,EU,Homestay,0.796,0.834,88.8,0.895,False,False,2,True,0.813,True,Low
STU006480,15,GCSE,International,Day,0.879,0.791,83.6,0.949,False,False,0,True,0.738,False,Low
STU006481,17,A-Level,International,Homestay,0.823,0.823,79.9,0.79,False,False,0,True,0.807,False,Low
STU006482,17,A-Level,International,Day,0.717,0.559,77.7,0.658,False,False,0,True,0.816,True,High
STU006483,16,A-Level,UK,Boarding,0.906,0.771,80.1,0.564,False,False,2,True,0.736,False,Medium
STU006484,15,GCSE,UK,Day,0.94,0.703,80.3,0.87,False,False,0,True,0.76,False,Low
STU006485,15,GCSE,EU,Boarding,0.863,0.829,72.2,0.819,True,False,1,True,0.968,False,Medium
STU006486,17,A-Level,UK,Day,0.931,0.717,82.7,0.738,False,False,1,True,0.849,False,Low
STU006487,19,EAP,International,Boarding,0.877,0.845,73.9,0.837,False,False,0,True,0.916,False,Low
STU006488,17,A-Level,UK,Boarding,0.828,0.79,66.7,0.599,False,False,1,True,0.67,True,Medium
STU006489,18,A-Level,EU,Day,0.874,0.667,72.6,0.672,False,False,0,True,0.82,False,Medium
STU006490,18,Foundation,International,Day,0.996,0.607,85.9,0.67,False,False,1,True,0.714,False,Medium
STU006491,16,A-Level,EU,Day,0.926,0.722,70.5,0.799,False,False,1,True,0.81,True,Medium
STU006492,16,A-Level,UK,Boarding,0.794,0.68,79.9,0.659,False,False,0,True,0.699,False,Medium
STU006493,17,A-Level,UK,Homestay,0.909,0.775,87.0,0.909,False,False,1,False,0.645,False,Low
STU006494,15,GCSE,EU,Day,0.989,0.717,72.8,0.803,False,False,0,True,0.87,False,Low
STU006495,16,EAP,International,Boarding,0.953,0.788,85.3,0.871,False,False,1,True,0.96,False,Low
STU006496,15,GCSE,International,Day,0.99,0.949,82.2,0.777,False,False,0,True,0.877,False,Low
STU006497,17,A-Level,UK,Day,0.796,0.933,79.0,0.898,False,False,1,True,0.889,False,Low
STU006498,14,GCSE,UK,Day,0.909,0.758,90.2,0.913,False,False,0,True,0.795,False,Low
STU006499,15,GCSE,International,Boarding,0.876,0.816,78.1,0.703,False,False,0,True,0.776,False,Medium
STU006500,19,Foundation,International,Homestay,0.942,0.894,84.2,0.84,False,False,0,True,0.982,False,Low
STU006501,15,GCSE,UK,Homestay,0.841,0.751,79.3,0.878,False,False,1,True,0.877,False,Low
STU006502,15,GCSE,International,Day,0.839,0.887,86.9,0.567,False,False,5,True,0.901,True,Medium
STU006503,17,A-Level,UK,Boarding,0.9,0.808,79.2,0.791,False,False,0,True,0.919,False,Low
STU006504,15,GCSE,EU,Day,0.835,0.746,80.7,0.664,False,False,0,True,0.897,True,Medium
STU006505,14,GCSE,International,Day,0.918,0.736,87.1,0.92,False,False,1,True,0.83,False,Low
STU006506,18,Foundation,UK,Day,0.714,0.697,56.9,0.709,True,False,3,False,0.595,False,High
STU006507,18,Foundation,EU,Day,0.982,0.639,82.6,0.614,False,False,0,True,0.714,False,Medium
STU006508,17,EAP,UK,Boarding,0.705,0.698,79.2,0.667,False,False,0,True,0.714,True,High
STU006509,18,Foundation,UK,Day,0.963,0.881,92.8,0.982,False,False,0,False,0.753,False,Low
STU006510,16,A-Level,International,Homestay,0.81,0.689,68.9,0.795,True,False,3,True,0.599,False,High
STU006511,16,GCSE,UK,Day,0.799,0.628,63.1,0.564,False,False,5,True,0.854,False,High
STU006512,18,Foundation,EU,Day,0.912,0.89,81.0,0.673,False,False,0,True,0.93,True,Low
STU006513,18,Foundation,UK,Day,0.962,0.937,74.6,0.822,False,False,1,True,0.86,False,Low
STU006514,18,Foundation,International,Day,0.946,0.876,83.0,0.76,True,False,1,True,0.859,False,Low
STU006515,18,A-Level,UK,Homestay,0.979,0.839,74.5,0.76,False,False,0,True,0.739,False,Low
STU006516,15,GCSE,International,Day,0.84,0.667,75.4,0.66,False,False,1,False,0.797,True,Medium
STU006517,18,Foundation,International,Homestay,0.914,0.752,75.6,0.721,False,False,1,True,0.815,False,Medium
STU006518,19,Foundation,International,Day,0.776,0.794,84.0,1.0,False,False,0,True,0.927,True,Low
STU006519,18,EAP,International,Day,0.906,0.839,78.2,0.764,False,False,1,True,0.915,False,Low
STU006520,14,GCSE,UK,Day,0.924,0.808,78.7,0.667,False,False,1,True,0.701,True,Medium
STU006521,14,GCSE,UK,Homestay,0.874,0.808,75.2,0.784,False,False,1,True,0.856,True,Low
STU006522,16,GCSE,International,Day,0.772,0.788,76.7,0.665,False,False,0,True,0.898,True,Medium
STU006523,19,Foundation,International,Homestay,0.821,0.703,75.0,0.639,False,True,4,True,0.798,False,High
STU006524,15,GCSE,UK,Day,1.0,0.888,93.6,0.75,False,False,0,True,0.807,False,Low
STU006525,15,GCSE,UK,Day,0.927,0.713,75.3,0.74,False,False,0,True,0.747,False,Medium
STU006526,18,EAP,EU,Boarding,0.866,0.981,67.6,0.841,False,False,0,True,0.727,False,Low
STU006527,15,GCSE,International,Day,0.825,0.788,71.3,0.699,True,False,0,True,0.841,False,Medium
STU006528,18,Foundation,International,Day,0.927,0.724,81.9,0.675,False,False,2,True,0.834,False,Medium
STU006529,16,A-Level,UK,Homestay,0.792,0.839,86.1,0.779,False,False,0,False,0.916,False,Low
STU006530,19,Foundation,UK,Day,0.795,0.863,94.3,0.845,False,False,0,True,0.774,True,Low
STU006531,17,A-Level,UK,Boarding,0.848,0.588,65.1,0.603,False,False,1,True,0.872,True,High
STU006532,18,EAP,EU,Day,0.799,0.763,82.4,0.642,True,False,2,True,0.756,True,Medium
STU006533,17,EAP,International,Day,0.949,0.694,71.7,0.762,True,False,1,True,0.742,False,Medium
STU006534,14,GCSE,International,Day,0.905,0.861,85.4,0.764,False,False,0,True,0.723,True,Low
STU006535,15,GCSE,EU,Boarding,0.864,0.93,86.0,0.75,False,False,1,True,0.998,True,Low
STU006536,17,A-Level,UK,Boarding,0.904,0.836,90.0,0.752,False,False,1,True,0.671,False,Low
STU006537,17,A-Level,UK,Boarding,0.758,0.894,63.8,0.519,False,False,1,True,0.883,False,Medium
STU006538,18,Foundation,International,Boarding,0.837,0.893,74.0,0.878,False,False,2,False,0.768,False,Low
STU006539,17,A-Level,UK,Day,0.848,0.718,74.5,0.612,False,False,0,True,0.909,False,Medium
STU006540,18,A-Level,UK,Day,0.829,0.814,73.6,0.885,False,False,1,True,0.988,True,Low
STU006541,14,GCSE,International,Day,0.916,0.849,81.7,0.852,True,False,1,True,0.829,False,Low
STU006542,18,Foundation,International,Boarding,0.915,0.704,78.5,0.62,True,False,0,True,0.861,False,Medium
STU006543,18,EAP,International,Boarding,0.815,0.654,84.6,0.809,False,False,1,True,0.837,False,Medium
STU006544,17,A-Level,UK,Day,0.811,0.786,73.3,0.878,False,False,1,True,0.907,False,Medium
STU006545,17,A-Level,EU,Day,0.812,0.716,68.3,0.786,False,False,2,True,0.908,False,Medium
STU006546,15,GCSE,EU,Boarding,0.856,0.755,72.1,0.512,False,True,4,True,0.701,False,High
STU006547,18,A-Level,International,Homestay,0.914,0.755,84.9,0.757,False,False,0,True,0.875,False,Low
STU006548,16,A-Level,International,Boarding,0.929,0.899,81.2,0.868,False,False,0,True,0.923,True,Low
STU006549,15,GCSE,International,Day,0.829,0.845,76.6,0.905,False,False,0,True,0.872,False,Low
STU006550,16,A-Level,UK,Boarding,0.888,0.768,83.9,0.733,False,False,0,True,0.832,False,Low
STU006551,16,A-Level,International,Boarding,0.896,0.673,79.9,0.553,False,False,2,True,0.979,False,Medium
STU006552,17,A-Level,UK,Day,0.984,0.95,91.2,1.0,False,False,1,True,0.938,False,Low
STU006553,16,A-Level,UK,Boarding,0.894,0.744,77.4,0.707,True,False,1,True,0.806,False,Medium
STU006554,16,GCSE,UK,Day,0.8,0.744,72.2,0.863,False,False,2,True,0.746,False,Medium
STU006555,19,Foundation,International,Day,0.768,0.703,69.0,0.695,False,False,3,True,0.774,False,Medium
STU006556,18,Foundation,UK,Homestay,0.858,0.734,72.9,0.782,True,False,2,True,0.806,False,Medium
STU006557,17,A-Level,International,Homestay,0.809,0.756,67.1,0.632,False,True,1,True,0.821,True,High
STU006558,15,GCSE,International,Day,0.833,0.727,62.4,0.625,False,False,1,False,0.659,False,High
STU006559,19,Foundation,UK,Day,0.847,0.89,81.5,0.978,False,False,2,True,0.747,False,Low
STU006560,18,EAP,International,Boarding,0.941,0.905,90.1,0.936,False,False,0,True,1.0,False,Low
STU006561,14,GCSE,UK,Day,0.795,0.702,70.3,0.684,False,False,3,True,0.797,False,Medium
STU006562,17,A-Level,UK,Day,1.0,0.873,93.6,0.912,False,False,1,True,0.959,True,Low
STU006563,15,GCSE,International,Day,0.807,0.765,66.6,0.588,True,False,1,True,0.874,False,High
STU006564,17,A-Level,International,Boarding,0.827,0.628,55.2,0.669,True,True,2,True,0.755,False,High
STU006565,16,GCSE,EU,Day,0.853,0.908,82.4,0.726,False,False,0,True,0.961,False,Low
STU006566,18,A-Level,International,Boarding,0.759,0.769,73.2,0.565,True,False,3,True,0.821,False,High
STU006567,17,A-Level,International,Day,0.89,0.705,68.7,0.644,False,False,1,True,0.807,False,Medium
STU006568,17,A-Level,UK,Homestay,0.812,0.707,57.0,0.489,False,False,2,True,1.0,False,High
STU006569,18,A-Level,EU,Homestay,0.851,0.707,71.9,0.562,True,False,2,True,0.789,False,High
STU006570,17,A-Level,International,Boarding,0.834,0.846,84.2,0.919,True,False,0,True,0.875,False,Low
STU006571,17,A-Level,UK,Day,0.851,0.725,60.2,0.52,False,False,1,True,0.856,False,High
STU006572,14,GCSE,International,Day,0.911,0.727,84.9,0.736,False,False,1,True,0.802,False,Low
STU006573,16,GCSE,International,Boarding,0.973,0.969,83.8,0.786,False,False,1,True,0.835,False,Low
STU006574,18,Foundation,UK,Homestay,0.892,0.937,82.1,0.752,False,False,2,True,0.984,False,Low
STU006575,14,GCSE,International,Day,0.849,0.766,76.2,0.817,False,False,3,False,0.515,False,Medium
STU006576,19,Foundation,UK,Day,0.928,0.764,77.3,0.765,False,False,0,True,0.923,True,Low
STU006577,18,EAP,International,Day,0.931,0.73,80.1,0.933,False,False,1,False,0.694,True,Low
STU006578,18,A-Level,UK,Day,0.88,0.86,83.7,0.812,False,False,0,False,0.828,False,Low
STU006579,16,A-Level,International,Day,0.996,0.783,77.4,0.636,False,False,0,True,1.0,False,Low
STU006580,17,A-Level,EU,Homestay,0.879,0.756,91.2,0.885,False,False,1,False,0.631,True,Low
STU006581,18,Foundation,International,Day,1.0,0.88,86.4,0.792,False,False,0,True,0.914,True,Low
STU006582,18,EAP,UK,Day,0.854,0.646,74.3,0.569,False,False,4,True,0.783,False,Medium
STU006583,18,Foundation,UK,Homestay,0.96,0.915,100.0,0.868,False,False,1,False,0.784,False,Low
STU006584,16,GCSE,UK,Day,0.885,0.72,81.9,0.694,False,False,1,True,0.88,False,Medium
STU006585,17,A-Level,International,Homestay,0.919,0.832,100.0,0.959,False,False,0,True,0.845,False,Low
STU006586,18,A-Level,UK,Day,0.758,0.777,75.4,0.823,False,False,2,True,0.652,False,Medium
STU006587,16,A-Level,International,Homestay,1.0,0.797,87.0,0.692,False,False,0,True,0.88,False,Low
STU006588,15,GCSE,International,Day,0.922,0.743,84.2,0.859,False,False,2,True,0.827,False,Low
STU006589,14,GCSE,International,Homestay,0.971,0.904,85.3,0.684,False,False,0,True,0.889,True,Low
STU006590,18,Foundation,UK,Day,0.804,0.648,72.9,0.543,False,False,0,True,0.894,True,High
STU006591,17,A-Level,International,Day,0.866,0.825,74.6,0.666,False,True,2,True,0.847,False,Medium
STU006592,18,A-Level,UK,Day,0.887,0.758,81.4,0.59,False,False,2,True,0.817,False,Medium
STU006593,17,A-Level,International,Day,0.826,0.609,66.8,0.72,False,False,0,True,0.615,False,High
STU006594,18,Foundation,International,Day,0.99,0.987,84.1,1.0,False,False,0,True,0.761,True,Low
STU006595,18,Foundation,UK,Homestay,0.91,0.798,83.6,0.799,False,False,0,True,0.903,False,Low
STU006596,16,A-Level,UK,Day,0.896,0.808,87.7,0.809,False,False,1,True,0.865,True,Low
STU006597,14,GCSE,EU,Boarding,0.872,0.861,75.4,0.576,True,True,1,False,0.75,False,High
STU006598,17,A-Level,UK,Day,0.84,0.782,64.9,0.663,False,False,2,True,0.882,False,Medium
STU006599,18,EAP,International,Homestay,0.911,0.849,90.6,0.876,False,False,0,True,0.864,False,Low
STU006600,17,A-Level,UK,Boarding,0.906,0.774,79.5,0.75,False,False,0,True,0.809,False,Low
STU006601,17,A-Level,International,Homestay,0.909,0.935,91.4,0.673,False,False,0,True,0.859,False,Low
STU006602,17,A-Level,EU,Day,0.972,0.9,77.8,0.908,False,False,1,True,0.823,False,Low
STU006603,17,A-Level,International,Day,0.87,0.877,89.9,0.758,False,False,0,True,0.849,False,Low
STU006604,19,Foundation,International,Day,0.863,0.916,86.6,1.0,False,False,0,True,0.735,True,Low
STU006605,16,A-Level,International,Boarding,0.857,0.824,96.0,0.815,False,False,1,True,0.968,True,Low
STU006606,15,GCSE,UK,Boarding,0.854,0.797,78.2,0.578,False,False,2,True,0.814,False,Medium
STU006607,15,GCSE,EU,Boarding,0.977,0.873,89.5,0.784,False,False,1,True,0.636,True,Low
STU006608,18,A-Level,UK,Day,0.895,0.745,71.9,0.608,False,False,1,True,0.749,False,Medium
STU006609,17,EAP,UK,Boarding,0.972,0.979,89.5,1.0,False,False,0,True,0.811,False,Low
STU006610,17,A-Level,International,Homestay,0.919,0.68,73.8,0.645,False,False,2,True,0.876,False,Medium
STU006611,18,Foundation,International,Day,0.839,0.871,84.0,0.891,False,False,0,True,0.892,False,Low
STU006612,18,Foundation,UK,Day,0.795,0.808,77.8,0.852,False,False,0,True,0.893,False,Medium
STU006613,14,GCSE,EU,Boarding,0.798,0.662,75.2,0.607,False,False,0,True,0.54,True,High
STU006614,14,GCSE,EU,Day,0.838,0.804,86.3,0.746,False,False,1,True,0.874,False,Low
STU006615,15,GCSE,UK,Boarding,0.971,0.806,87.0,0.798,False,False,0,True,0.897,False,Low
STU006616,18,Foundation,EU,Boarding,0.991,0.848,88.6,0.926,False,False,0,True,0.676,False,Low
STU006617,14,GCSE,International,Homestay,0.907,0.903,81.1,0.759,False,False,0,True,0.769,False,Low
STU006618,17,A-Level,UK,Homestay,0.965,0.881,62.6,0.704,False,False,0,True,0.974,True,Low
STU006619,16,A-Level,International,Boarding,0.764,0.774,73.9,0.741,True,True,1,True,0.781,False,High
STU006620,19,Foundation,EU,Day,0.856,0.92,79.0,0.833,False,False,1,True,0.879,False,Low
STU006621,15,GCSE,International,Day,0.914,0.774,71.2,0.605,True,False,0,True,0.717,True,High
STU006622,18,A-Level,UK,Homestay,0.912,0.58,65.1,0.484,False,False,0,True,0.93,False,High
STU006623,17,A-Level,International,Boarding,0.951,0.945,89.4,0.849,False,False,0,True,0.858,False,Low
STU006624,18,A-Level,UK,Boarding,0.904,0.795,88.4,0.801,False,False,1,True,0.939,False,Low
STU006625,18,Foundation,UK,Day,0.874,0.781,75.3,0.825,False,False,1,True,0.774,False,Low
STU006626,15,GCSE,UK,Day,0.885,0.9,74.2,0.886,False,False,1,True,0.78,True,Low
STU006627,18,Foundation,International,Day,0.921,0.955,90.2,0.9,False,False,0,True,0.876,False,Low
STU006628,17,A-Level,International,Day,0.917,0.918,78.7,0.918,False,False,1,True,0.958,True,Low
STU006629,17,A-Level,UK,Boarding,0.835,0.791,76.1,0.82,False,False,2,True,0.884,False,Medium
STU006630,17,A-Level,UK,Boarding,0.815,0.776,66.0,0.693,True,False,1,True,0.747,False,High
STU006631,16,A-Level,UK,Day,0.794,0.7,71.4,0.56,False,False,1,True,0.759,False,Medium
STU006632,15,GCSE,UK,Boarding,0.828,0.802,78.1,0.831,True,False,1,True,0.795,False,Medium
STU006633,17,A-Level,International,Homestay,0.836,0.676,78.0,0.701,False,False,0,True,0.802,False,Medium
STU006634,16,A-Level,International,Boarding,0.687,0.541,62.5,0.586,False,False,3,True,0.783,False,High
STU006635,17,A-Level,International,Boarding,1.0,0.874,96.8,0.876,False,False,0,True,0.77,False,Low
STU006636,17,A-Level,International,Day,0.846,0.606,62.8,0.51,False,False,3,True,0.697,True,High
STU006637,19,EAP,International,Homestay,0.834,0.858,70.4,0.687,False,False,0,True,0.833,True,Medium
STU006638,16,A-Level,UK,Day,1.0,0.722,72.3,0.724,False,False,0,True,0.726,False,Medium
STU006639,15,GCSE,UK,Homestay,0.818,0.659,89.6,0.619,False,False,1,True,0.835,False,Medium
STU006640,18,A-Level,EU,Boarding,0.798,0.697,69.3,0.942,False,False,0,True,0.821,False,Medium
STU006641,18,Foundation,EU,Homestay,0.886,0.838,89.6,0.769,False,False,1,True,0.932,True,Low
STU006642,18,Foundation,International,Homestay,0.865,0.716,73.8,0.693,False,False,1,False,0.904,True,Medium
STU006643,18,A-Level,International,Boarding,0.855,0.91,87.3,0.729,False,False,0,True,0.798,False,Low
STU006644,18,Foundation,International,Day,0.783,0.745,56.2,0.804,True,False,1,True,0.681,False,High
STU006645,17,A-Level,UK,Day,0.887,0.684,69.2,0.52,False,False,1,True,0.711,False,High
STU006646,18,A-Level,UK,Day,0.934,0.791,76.4,0.758,True,True,1,True,0.78,False,Medium
STU006647,19,Foundation,International,Day,0.787,0.762,78.6,0.68,False,False,0,False,0.81,False,Medium
STU006648,18,Foundation,International,Day,0.959,0.932,97.6,0.844,False,False,1,True,0.796,False,Low
STU006649,16,A-Level,UK,Boarding,1.0,0.895,73.1,0.662,False,False,0,True,0.923,False,Low
STU006650,18,Foundation,International,Day,0.856,0.752,81.5,0.744,False,False,1,True,0.792,False,Medium
STU006651,14,GCSE,International,Day,0.888,0.653,71.1,0.664,True,False,3,True,0.774,False,High
STU006652,17,Foundation,EU,Homestay,0.818,0.674,65.6,0.539,True,False,2,True,0.703,False,High
STU006653,17,A-Level,UK,Boarding,0.78,0.958,85.3,0.925,False,False,0,True,0.645,False,Low
STU006654,16,GCSE,International,Homestay,0.985,0.974,84.7,0.823,False,False,0,True,0.717,True,Low
STU006655,16,GCSE,International,Day,0.902,0.997,81.2,0.847,False,False,0,True,0.72,True,Low
STU006656,17,A-Level,UK,Boarding,0.864,0.897,84.9,0.696,False,False,0,True,0.794,True,Low
STU006657,17,A-Level,International,Day,0.793,0.659,79.2,0.733,False,False,0,True,0.938,False,Medium
STU006658,16,A-Level,International,Day,0.936,0.769,78.3,0.627,False,False,1,True,0.856,True,Medium
STU006659,14,GCSE,International,Boarding,0.911,0.766,79.1,0.663,False,False,0,True,0.79,False,Medium
STU006660,16,A-Level,UK,Day,0.942,0.8,80.7,0.666,False,False,2,True,0.874,False,Low
STU006661,17,A-Level,International,Day,0.939,0.86,96.5,0.808,False,False,1,True,0.987,False,Low
STU006662,16,A-Level,UK,Boarding,0.843,0.941,77.0,0.934,False,False,1,True,0.616,False,Low
STU006663,18,A-Level,International,Boarding,0.661,0.563,69.1,0.756,False,False,1,True,0.808,False,High
STU006664,18,Foundation,International,Boarding,0.892,0.965,87.4,0.999,False,False,1,True,0.724,False,Low
STU006665,18,Foundation,UK,Day,0.888,0.897,81.3,0.875,False,False,0,True,0.961,False,Low
STU006666,17,Foundation,EU,Day,0.911,0.894,92.5,0.841,False,False,1,True,0.872,False,Low
STU006667,17,A-Level,International,Day,0.964,0.708,77.3,0.616,True,False,2,True,0.693,True,Medium
STU006668,19,Foundation,International,Homestay,0.856,0.809,75.5,0.756,True,False,1,True,0.806,False,Medium
STU006669,15,GCSE,EU,Homestay,0.948,0.766,85.2,0.7,False,False,1,True,0.842,True,Low
STU006670,15,GCSE,UK,Day,0.926,0.877,79.5,0.847,False,False,1,True,0.949,False,Low
STU006671,17,A-Level,UK,Day,0.803,0.668,80.4,0.548,False,False,1,True,0.84,False,Medium
STU006672,18,Foundation,UK,Boarding,0.748,0.589,65.7,0.647,True,False,3,True,0.798,False,High
STU006673,16,GCSE,International,Day,0.92,0.636,75.8,0.716,True,False,1,True,0.764,False,Medium
STU006674,15,GCSE,International,Homestay,0.838,0.915,80.1,0.922,False,False,1,True,0.932,False,Low
STU006675,15,GCSE,International,Boarding,0.926,0.729,72.4,0.624,False,False,0,True,0.932,False,Medium
STU006676,18,Foundation,UK,Day,0.828,0.813,83.3,0.893,False,False,3,False,0.698,True,Low
STU006677,17,A-Level,International,Day,0.952,0.915,77.0,0.877,False,False,0,True,0.892,False,Low
STU006678,17,A-Level,UK,Boarding,0.917,0.706,87.9,0.732,False,False,4,True,0.761,True,Low
STU006679,16,A-Level,International,Day,0.845,0.798,74.1,0.758,True,False,3,True,0.901,False,Medium
STU006680,17,A-Level,UK,Boarding,0.947,0.846,88.2,0.746,False,False,2,False,0.776,False,Low
STU006681,18,A-Level,UK,Day,0.877,0.687,78.2,0.746,False,True,0,True,0.684,True,High
STU006682,15,GCSE,EU,Day,0.849,0.753,89.5,0.803,False,False,2,True,0.868,False,Low
STU006683,17,Foundation,UK,Boarding,0.901,0.981,83.0,1.0,False,False,1,True,0.8,False,Low
STU006684,18,A-Level,International,Day,0.89,0.886,82.0,0.823,True,False,0,True,0.627,False,Medium
STU006685,17,A-Level,International,Day,0.978,0.941,92.3,0.82,False,False,1,True,0.963,False,Low
STU006686,14,GCSE,International,Day,0.891,0.8,73.8,0.902,False,False,1,True,0.712,False,Medium
STU006687,17,A-Level,International,Boarding,1.0,0.756,76.3,0.63,False,False,0,False,0.59,False,Medium
STU006688,17,A-Level,UK,Boarding,0.848,0.665,74.8,0.683,False,False,0,True,0.807,False,Medium
STU006689,17,A-Level,EU,Day,0.791,0.8,73.6,0.714,False,False,1,True,0.831,False,Medium
STU006690,15,GCSE,International,Boarding,0.801,0.587,52.5,0.566,False,False,0,True,0.733,False,High
STU006691,18,Foundation,EU,Day,0.899,0.932,71.4,0.72,False,False,0,True,0.863,False,Low
STU006692,15,GCSE,UK,Day,0.901,0.715,88.8,0.537,False,False,3,True,0.826,True,Medium
STU006693,17,A-Level,International,Boarding,0.909,0.727,83.9,0.606,False,False,2,False,0.609,False,Medium
STU006694,17,Foundation,UK,Boarding,0.853,0.739,81.2,0.735,False,False,4,True,0.906,True,Medium
STU006695,17,A-Level,UK,Day,1.0,0.769,79.6,0.687,False,False,2,True,0.903,False,Low
STU006696,18,Foundation,UK,Day,1.0,0.9,83.2,0.88,False,False,0,True,0.851,False,Low
STU006697,17,A-Level,UK,Day,0.82,0.696,77.7,0.751,False,False,0,True,0.736,True,Medium
STU006698,17,A-Level,UK,Homestay,0.893,0.898,77.0,0.795,False,False,1,True,0.874,False,Low
STU006699,18,Foundation,UK,Day,0.903,0.864,88.7,0.726,False,False,0,False,0.733,False,Low
STU006700,16,A-Level,UK,Day,0.948,0.907,91.1,0.906,False,False,3,True,0.894,False,Low
STU006701,18,A-Level,UK,Day,0.728,0.722,69.2,0.701,True,False,2,True,0.721,False,High
STU006702,17,Foundation,UK,Day,0.78,0.686,71.9,0.758,False,False,2,True,0.615,True,Medium
STU006703,16,A-Level,International,Boarding,0.815,0.675,72.1,0.745,False,False,2,True,0.837,False,Medium
STU006704,17,A-Level,UK,Day,0.949,0.791,79.8,0.7,True,False,2,True,0.864,False,Medium
STU006705,17,A-Level,UK,Boarding,0.854,0.831,74.0,0.893,False,False,0,True,0.839,True,Low
STU006706,17,Foundation,UK,Day,0.957,0.915,100.0,0.947,False,False,0,True,0.877,False,Low
STU006707,19,EAP,UK,Day,0.941,0.752,77.3,0.78,False,False,0,True,0.747,False,Medium
STU006708,18,A-Level,UK,Day,0.845,0.753,65.8,0.729,True,False,1,True,0.765,True,Medium
STU006709,17,A-Level,UK,Day,0.888,0.645,76.0,0.661,True,False,1,True,0.798,False,Medium
STU006710,18,EAP,International,Day,0.814,0.953,83.7,1.0,False,False,1,True,0.768,False,Low
STU006711,15,GCSE,International,Boarding,0.867,0.762,73.6,0.69,False,False,1,True,0.768,False,Medium
STU006712,15,GCSE,International,Boarding,0.745,0.871,79.7,0.809,False,False,0,True,0.56,False,Medium
STU006713,18,Foundation,EU,Day,0.867,0.904,77.3,1.0,False,True,0,True,0.774,False,Low
STU006714,19,Foundation,EU,Day,0.845,0.739,73.8,0.798,False,False,1,True,0.793,True,Medium
STU006715,19,Foundation,UK,Day,1.0,0.861,81.0,0.621,False,False,0,True,0.865,False,Low
STU006716,18,A-Level,International,Boarding,0.847,0.696,84.4,0.87,True,False,4,True,0.744,True,Medium
STU006717,15,GCSE,UK,Homestay,0.957,0.787,78.8,0.699,False,False,2,True,0.807,False,Low
STU006718,16,A-Level,EU,Homestay,0.946,0.789,78.6,0.693,False,False,2,True,0.816,False,Low
STU006719,15,GCSE,UK,Boarding,0.835,0.616,80.1,0.899,True,False,2,True,0.689,False,Medium
STU006720,17,A-Level,International,Day,0.969,0.905,68.9,0.63,False,False,1,True,0.897,False,Low
STU006721,18,Foundation,International,Boarding,0.902,0.933,92.2,0.958,False,False,1,True,0.861,False,Low
STU006722,15,GCSE,International,Day,0.933,0.695,81.9,0.723,False,False,1,True,0.685,True,Medium
STU006723,18,Foundation,UK,Boarding,1.0,0.819,81.3,0.608,False,False,0,False,0.745,False,Medium
STU006724,17,A-Level,UK,Day,0.913,0.768,79.1,0.867,False,False,0,True,0.936,True,Low
STU006725,17,A-Level,International,Day,0.863,0.701,71.3,0.468,False,False,2,True,0.82,False,Medium
STU006726,16,GCSE,EU,Day,0.85,0.692,72.7,0.707,False,False,4,True,0.864,True,Medium
STU006727,16,A-Level,EU,Day,0.894,0.73,76.1,0.556,False,False,1,True,0.937,False,Medium
STU006728,14,GCSE,International,Boarding,0.908,0.821,78.3,0.699,False,False,0,True,0.711,True,Medium
STU006729,18,EAP,International,Boarding,0.904,0.883,92.7,0.891,False,False,0,True,0.889,True,Low
STU006730,18,Foundation,International,Homestay,0.789,0.744,73.6,0.786,False,False,1,True,0.793,False,Medium
STU006731,17,A-Level,EU,Homestay,0.742,0.664,69.9,0.709,False,False,2,True,0.781,False,Medium
STU006732,14,GCSE,EU,Day,0.832,0.783,84.6,0.826,False,False,3,False,0.645,True,Medium
STU006733,17,EAP,EU,Day,0.904,0.911,89.3,0.807,False,False,1,True,0.833,False,Low
STU006734,17,A-Level,International,Boarding,0.859,0.762,75.8,0.69,True,False,1,True,0.735,False,Medium
STU006735,16,GCSE,International,Homestay,0.932,0.894,82.0,0.784,False,False,2,True,0.778,True,Low
STU006736,18,A-Level,International,Day,0.925,0.789,77.8,0.687,False,False,1,True,0.738,False,Medium
STU006737,18,EAP,International,Day,0.865,0.928,100.0,0.893,False,False,0,True,0.876,False,Low
STU006738,15,GCSE,International,Day,0.829,0.877,86.7,0.711,False,False,0,True,0.939,False,Low
STU006739,16,GCSE,UK,Homestay,0.869,0.663,75.5,0.756,True,False,2,False,0.565,False,High
STU006740,18,EAP,International,Homestay,0.916,0.744,79.0,0.791,False,False,1,True,0.997,False,Low
STU006741,15,GCSE,International,Day,0.823,0.861,90.7,0.76,False,False,3,True,0.782,True,Low
STU006742,16,GCSE,UK,Homestay,0.944,0.997,74.0,0.834,False,False,0,True,0.827,False,Low
STU006743,17,A-Level,EU,Day,0.967,0.664,79.4,0.543,False,False,0,True,0.733,False,Medium
STU006744,19,Foundation,International,Day,0.955,0.675,76.6,0.635,False,False,1,True,0.842,False,Medium
STU006745,16,A-Level,EU,Boarding,0.968,0.762,81.7,0.718,False,False,1,True,0.858,True,Low
STU006746,18,EAP,International,Day,0.796,0.65,76.7,0.708,True,False,2,True,0.8,True,High
STU006747,18,A-Level,EU,Day,0.96,0.918,99.5,0.935,False,False,5,True,0.77,True,Low
STU006748,14,GCSE,International,Homestay,0.889,0.876,82.7,0.785,False,False,1,True,0.86,False,Low
STU006749,18,EAP,UK,Boarding,0.972,0.825,81.8,0.875,True,False,0,True,0.883,False,Low
STU006750,16,A-Level,UK,Homestay,0.963,1.0,85.0,0.968,False,False,2,True,0.82,True,Low
STU006751,18,A-Level,UK,Day,0.93,0.888,86.0,0.934,False,False,0,True,0.864,True,Low
STU006752,17,A-Level,EU,Day,1.0,0.767,91.0,0.679,False,False,0,True,0.831,True,Low
STU006753,16,A-Level,UK,Day,0.865,0.768,78.4,0.887,False,False,0,True,0.914,False,Low
STU006754,15,GCSE,UK,Homestay,0.939,0.794,67.9,0.765,False,False,0,True,0.701,False,Medium
STU006755,15,GCSE,International,Day,1.0,0.852,76.4,0.718,False,False,1,True,0.785,False,Low
STU006756,17,A-Level,UK,Day,0.957,0.819,78.8,0.745,False,False,0,False,0.621,True,Low
STU006757,18,Foundation,International,Day,0.911,0.764,73.4,0.715,False,False,0,True,0.851,False,Medium
STU006758,18,A-Level,International,Boarding,0.881,0.777,83.5,0.763,False,False,2,True,0.673,False,Medium
STU006759,18,EAP,International,Day,0.832,0.717,79.3,0.765,False,False,1,True,0.705,False,Medium
STU006760,17,A-Level,UK,Day,0.88,0.872,91.5,0.894,False,False,1,True,1.0,False,Low
STU006761,16,A-Level,EU,Day,0.843,1.0,86.2,0.961,False,False,1,True,0.8,False,Low
STU006762,16,GCSE,UK,Day,0.884,0.744,78.5,0.679,False,False,2,True,0.7,True,Medium
STU006763,14,GCSE,International,Day,0.892,0.762,68.7,0.576,False,False,2,True,0.862,True,Medium
STU006764,17,A-Level,International,Day,0.969,0.844,83.1,0.866,False,False,0,True,0.996,True,Low
STU006765,19,Foundation,UK,Homestay,0.871,0.982,87.4,0.885,False,False,0,False,0.72,True,Low
STU006766,17,EAP,UK,Day,0.815,0.709,72.6,0.777,True,False,2,True,0.78,False,Medium
STU006767,18,EAP,UK,Day,0.962,0.76,85.0,0.648,False,False,1,True,0.866,False,Low
STU006768,14,GCSE,UK,Day,0.949,0.664,78.4,0.662,False,False,3,True,0.836,True,Medium
STU006769,19,Foundation,EU,Homestay,0.841,0.579,66.6,0.723,True,False,3,True,0.734,False,High
STU006770,17,A-Level,International,Day,0.942,0.787,94.4,0.7,False,False,0,True,0.818,False,Low
STU006771,16,GCSE,UK,Homestay,0.882,0.695,66.9,0.607,False,False,0,True,0.836,False,Medium
STU006772,19,Foundation,International,Homestay,0.885,0.939,94.6,1.0,False,False,1,True,0.853,True,Low
STU006773,17,A-Level,International,Day,1.0,0.864,83.2,0.68,False,False,2,True,0.603,True,Low
STU006774,15,GCSE,International,Day,0.863,0.849,83.1,0.863,False,True,0,True,0.879,True,Medium
STU006775,17,A-Level,UK,Boarding,0.872,0.848,73.8,0.792,False,False,0,True,0.927,False,Low
STU006776,17,A-Level,EU,Boarding,0.901,0.886,76.2,0.829,False,False,1,True,0.839,True,Low
STU006777,18,Foundation,EU,Boarding,0.762,0.82,77.1,0.86,False,False,2,True,0.918,True,Medium
STU006778,18,A-Level,International,Homestay,0.817,0.638,65.7,0.606,True,False,3,False,0.64,True,High
STU006779,17,EAP,UK,Day,0.918,0.758,72.1,0.777,False,False,0,True,0.827,False,Medium
STU006780,15,GCSE,UK,Boarding,1.0,0.864,82.3,0.837,False,False,0,True,0.806,False,Low
STU006781,17,A-Level,EU,Day,0.906,0.691,75.3,0.536,False,False,3,True,0.801,True,Medium
STU006782,17,A-Level,EU,Boarding,0.931,0.92,83.8,0.967,False,False,0,True,0.742,False,Low
STU006783,16,A-Level,International,Boarding,0.924,0.908,95.7,0.78,False,False,1,True,0.916,False,Low
STU006784,17,A-Level,UK,Day,1.0,0.798,77.2,0.687,False,False,1,True,0.922,False,Low
STU006785,18,Foundation,EU,Day,0.97,0.93,88.7,0.948,False,False,1,True,0.982,False,Low
STU006786,18,Foundation,UK,Day,0.798,0.917,79.2,0.75,False,False,1,True,0.88,False,Low
STU006787,17,EAP,UK,Day,0.986,0.873,75.7,0.757,False,False,0,True,0.828,False,Low
STU006788,18,Foundation,International,Homestay,0.834,0.863,82.1,0.869,False,False,2,True,0.85,False,Low
STU006789,19,Foundation,UK,Boarding,0.854,0.811,68.5,0.485,False,False,0,True,0.892,False,Medium
STU006790,18,A-Level,UK,Boarding,0.744,0.665,76.4,0.698,True,False,3,True,0.751,False,High
STU006791,18,Foundation,International,Day,1.0,0.996,93.5,0.987,False,False,0,True,0.945,False,Low
STU006792,16,A-Level,International,Day,0.983,0.751,78.5,0.692,False,False,1,True,0.933,False,Low
STU006793,18,A-Level,UK,Day,0.93,0.683,69.4,0.571,True,False,1,True,0.537,False,High
STU006794,17,A-Level,EU,Day,0.973,0.845,92.4,0.838,False,False,0,True,0.828,False,Low
STU006795,17,A-Level,UK,Boarding,0.948,0.843,82.0,0.696,False,False,1,True,0.814,False,Low
STU006796,16,A-Level,UK,Homestay,0.809,0.963,74.2,0.929,True,False,0,True,0.686,False,Medium
STU006797,16,EAP,EU,Day,0.914,0.748,84.4,0.748,False,False,1,True,0.91,False,Low
STU006798,16,A-Level,UK,Boarding,0.817,0.789,79.1,0.671,True,False,3,True,0.81,False,Medium
STU006799,14,GCSE,International,Day,0.84,0.855,74.2,0.771,False,False,0,True,0.809,False,Low
STU006800,18,A-Level,UK,Day,0.855,0.71,69.7,0.517,False,False,1,True,0.811,True,Medium
STU006801,15,GCSE,International,Day,1.0,0.887,100.0,0.787,False,False,2,True,0.877,False,Low
STU006802,15,GCSE,International,Boarding,0.873,0.893,86.2,0.857,False,False,1,True,0.853,False,Low
STU006803,16,GCSE,International,Day,0.97,0.841,100.0,0.757,False,False,1,True,0.976,False,Low
STU006804,17,A-Level,UK,Day,0.976,0.737,84.2,0.631,True,False,2,True,0.963,False,Medium
STU006805,18,A-Level,International,Boarding,0.955,0.91,100.0,0.727,False,False,0,True,0.712,True,Low
STU006806,19,Foundation,International,Boarding,0.845,0.681,66.0,0.53,False,False,3,True,0.801,False,High
STU006807,18,Foundation,UK,Day,0.848,0.783,95.0,0.727,False,False,0,True,0.8,False,Low
STU006808,18,A-Level,EU,Boarding,0.908,0.785,73.8,0.892,False,False,0,True,0.864,False,Low
STU006809,17,A-Level,UK,Boarding,1.0,0.835,81.8,0.725,False,False,1,True,0.78,False,Low
STU006810,16,A-Level,International,Day,1.0,0.789,79.5,0.884,False,False,0,True,0.986,True,Low
STU006811,18,Foundation,EU,Boarding,0.938,0.783,78.6,0.624,False,False,1,True,0.966,False,Medium
STU006812,15,GCSE,UK,Day,0.837,0.674,77.8,0.883,True,False,2,False,0.72,False,Medium
STU006813,16,GCSE,International,Boarding,0.877,0.642,72.4,0.828,True,False,2,True,0.729,False,High
STU006814,18,Foundation,UK,Homestay,0.913,0.688,78.8,0.732,False,False,1,False,0.595,False,Medium
STU006815,17,A-Level,International,Day,0.872,0.762,70.8,0.583,False,True,0,True,0.919,True,High
STU006816,14,GCSE,UK,Day,0.839,0.658,76.2,0.646,False,False,0,True,0.689,False,Medium
STU006817,15,GCSE,International,Day,0.837,0.763,80.4,0.741,False,False,2,True,0.864,True,Medium
STU006818,16,EAP,UK,Day,0.923,0.843,83.4,0.946,False,False,1,True,0.83,False,Low
STU006819,18,Foundation,UK,Day,0.819,0.701,68.8,0.495,False,False,2,False,0.646,False,High
STU006820,19,Foundation,International,Boarding,0.856,0.708,70.5,0.91,False,False,3,True,0.838,False,Medium
STU006821,16,A-Level,UK,Day,0.902,0.816,82.2,0.787,False,False,0,True,0.8,False,Low
STU006822,17,A-Level,EU,Day,0.923,0.733,79.7,0.626,False,False,1,True,0.83,False,Medium
STU006823,17,EAP,International,Boarding,0.978,0.813,85.3,0.534,False,False,1,True,0.728,False,Medium
STU006824,16,EAP,UK,Boarding,0.812,0.827,70.9,0.782,False,False,4,True,0.691,False,Medium
STU006825,15,GCSE,International,Day,0.812,0.583,65.1,0.722,False,False,0,True,0.883,False,High
STU006826,17,Foundation,UK,Boarding,0.991,0.941,90.6,0.752,False,False,2,True,0.849,False,Low
STU006827,15,GCSE,UK,Homestay,1.0,0.988,94.7,0.889,False,False,1,True,0.803,True,Low
STU006828,14,GCSE,UK,Day,0.827,0.887,90.2,0.946,False,False,2,True,0.909,False,Low
STU006829,16,A-Level,International,Day,0.841,0.639,89.7,0.68,False,False,2,True,0.772,False,Medium
STU006830,17,A-Level,UK,Boarding,0.938,0.836,72.5,0.683,False,False,1,True,0.724,True,Medium
STU006831,18,EAP,International,Boarding,0.845,0.864,76.4,0.933,True,False,1,True,0.671,False,Medium
STU006832,14,GCSE,International,Day,0.904,0.765,79.8,0.71,False,False,0,True,0.814,False,Medium
STU006833,17,A-Level,UK,Day,0.845,0.88,82.7,0.81,False,False,4,True,0.864,False,Low
STU006834,19,EAP,International,Boarding,0.95,0.964,88.9,0.755,False,False,1,True,0.822,False,Low
STU006835,18,EAP,International,Homestay,0.883,0.84,95.5,0.934,False,False,1,True,0.692,False,Low
STU006836,14,GCSE,UK,Boarding,0.881,0.656,88.0,0.577,False,False,2,True,0.694,False,Medium
STU006837,17,A-Level,UK,Homestay,0.715,0.634,53.9,0.642,True,True,2,True,0.698,True,High
STU006838,17,A-Level,UK,Boarding,0.955,0.898,90.6,0.815,False,False,2,True,0.994,True,Low
STU006839,14,GCSE,International,Homestay,0.875,0.773,88.2,0.702,False,False,1,True,0.94,False,Low
STU006840,19,EAP,International,Boarding,0.897,0.718,72.9,0.727,False,False,2,False,0.782,False,Medium
STU006841,19,EAP,UK,Homestay,0.983,1.0,94.4,1.0,False,False,0,True,0.866,False,Low
STU006842,16,GCSE,UK,Day,0.827,0.778,76.1,0.799,False,False,2,False,0.774,True,Medium
STU006843,16,GCSE,International,Homestay,0.894,0.802,66.8,0.628,False,False,0,True,0.956,False,Medium
STU006844,15,GCSE,UK,Day,0.791,0.691,63.6,0.46,False,False,1,False,0.523,True,High
STU006845,18,EAP,International,Day,0.821,0.758,75.6,0.891,True,False,2,True,0.882,False,Medium
STU006846,15,GCSE,UK,Boarding,0.99,0.861,92.6,0.664,False,False,0,True,0.819,True,Low
STU006847,18,A-Level,International,Day,0.792,0.881,81.6,0.714,False,False,2,True,0.894,True,Medium
STU006848,17,A-Level,International,Day,0.916,0.895,86.0,0.773,False,False,0,True,0.856,True,Low
STU006849,17,A-Level,UK,Homestay,1.0,0.754,82.0,0.834,False,False,0,True,0.824,False,Low
STU006850,15,GCSE,UK,Boarding,0.938,0.728,77.0,0.55,False,False,4,True,0.84,False,Medium
STU006851,16,GCSE,EU,Homestay,0.859,0.701,77.0,0.675,False,False,1,True,0.839,True,Medium
STU006852,16,EAP,UK,Homestay,0.822,0.874,68.4,0.768,False,False,1,True,0.778,False,Medium
STU006853,18,EAP,UK,Day,0.765,0.739,79.1,0.738,False,False,1,True,0.828,True,Medium
STU006854,19,Foundation,International,Day,1.0,0.904,88.5,0.916,False,False,1,True,0.709,False,Low
STU006855,15,GCSE,UK,Day,0.871,0.668,83.6,0.742,False,False,2,True,0.744,False,Medium
STU006856,18,A-Level,UK,Boarding,0.718,0.913,68.1,0.686,True,False,0,True,0.801,False,Medium
STU006857,17,A-Level,International,Boarding,0.829,0.742,86.4,0.651,False,False,0,False,0.714,True,Medium
STU006858,16,A-Level,International,Day,0.825,0.829,76.3,0.926,False,False,1,True,0.864,False,Low
STU006859,19,EAP,UK,Day,0.865,0.67,83.5,0.755,False,False,1,True,0.692,False,Medium
STU006860,17,A-Level,International,Day,1.0,0.9,83.9,0.84,False,False,0,True,0.791,True,Low
STU006861,15,GCSE,International,Day,0.965,0.841,87.8,0.778,False,False,0,True,0.888,False,Low
STU006862,17,EAP,EU,Day,0.866,0.773,86.2,0.82,True,False,2,True,0.926,False,Medium
STU006863,17,EAP,UK,Homestay,0.984,0.826,90.9,0.987,False,False,0,True,0.93,False,Low
STU006864,15,GCSE,UK,Day,0.969,0.669,70.2,0.665,False,True,2,True,0.76,True,Medium
STU006865,17,A-Level,International,Day,0.937,1.0,85.6,0.871,False,False,0,True,0.801,True,Low
STU006866,17,A-Level,International,Day,1.0,0.812,83.3,0.888,False,False,0,True,0.802,False,Low
STU006867,18,A-Level,International,Boarding,0.855,0.829,71.7,0.756,False,False,1,True,0.796,False,Medium
STU006868,15,GCSE,UK,Day,0.84,0.749,78.2,0.735,False,False,3,True,0.895,False,Medium
STU006869,16,A-Level,EU,Day,0.804,0.77,77.9,0.573,False,True,0,True,0.745,False,High
STU006870,18,EAP,International,Boarding,0.848,0.745,81.1,0.708,True,False,1,True,0.882,False,Medium
STU006871,17,A-Level,UK,Homestay,0.716,0.607,73.0,0.443,False,False,3,True,0.813,False,High
STU006872,16,GCSE,UK,Homestay,0.993,0.854,89.2,0.74,False,False,0,True,0.888,True,Low
STU006873,16,A-Level,EU,Day,0.865,0.721,63.7,0.732,False,False,2,True,0.748,True,Medium
STU006874,18,A-Level,International,Boarding,0.958,0.683,73.0,0.613,False,False,1,True,0.755,False,Medium
STU006875,18,Foundation,UK,Day,0.803,0.752,80.4,0.777,False,False,1,True,0.761,False,Medium
STU006876,17,A-Level,EU,Day,0.978,0.791,81.9,0.935,False,False,0,True,1.0,False,Low
STU006877,14,GCSE,International,Day,0.997,0.701,78.2,0.804,False,False,3,True,0.814,False,Low
STU006878,15,GCSE,International,Day,0.907,0.815,82.0,0.738,False,False,0,True,0.735,True,Medium
STU006879,18,Foundation,International,Boarding,0.904,0.709,73.7,0.698,True,False,1,True,0.732,False,High
STU006880,17,A-Level,International,Homestay,0.828,0.858,85.0,0.767,False,False,1,True,0.784,False,Low
STU006881,18,Foundation,UK,Day,0.903,0.84,74.4,0.664,False,False,0,True,0.881,False,Medium
STU006882,16,GCSE,UK,Day,0.968,0.767,58.1,0.476,False,False,1,True,0.841,False,Medium
STU006883,17,A-Level,International,Day,0.879,0.91,78.7,0.935,False,False,0,True,0.926,True,Low
STU006884,17,A-Level,UK,Boarding,1.0,0.853,96.2,0.915,False,False,2,True,0.893,False,Low
STU006885,18,EAP,International,Homestay,0.775,0.733,73.2,0.617,False,False,0,True,0.951,False,Medium
STU006886,17,EAP,International,Homestay,0.844,0.673,67.5,0.606,False,True,0,True,0.695,False,High
STU006887,16,GCSE,UK,Boarding,0.766,0.766,83.8,0.687,False,False,2,False,0.611,True,Medium
STU006888,17,A-Level,EU,Day,0.875,0.979,69.5,0.724,True,False,0,True,0.854,False,Medium
STU006889,15,GCSE,EU,Boarding,0.885,0.636,83.5,0.826,False,False,2,True,0.931,False,Medium
STU006890,16,A-Level,UK,Day,0.888,0.842,83.5,0.709,False,False,1,True,0.903,True,Low
STU006891,17,A-Level,EU,Homestay,0.863,0.768,78.1,0.82,True,True,1,True,0.817,False,Medium
STU006892,18,EAP,International,Day,0.88,0.754,81.9,0.77,False,False,1,True,0.836,False,Low
STU006893,16,EAP,UK,Boarding,1.0,1.0,99.1,0.996,False,False,2,True,0.675,False,Low
STU006894,18,A-Level,International,Day,0.896,0.629,74.3,0.688,True,False,2,True,0.825,False,High
STU006895,17,A-Level,UK,Day,0.902,0.931,84.9,0.652,False,False,0,True,0.711,True,Low
STU006896,18,Foundation,UK,Boarding,0.853,0.856,83.2,0.719,False,False,0,True,1.0,False,Low
STU006897,17,Foundation,UK,Boarding,0.836,0.766,71.1,0.835,False,False,0,True,0.943,True,Medium
STU006898,15,GCSE,International,Boarding,0.931,0.681,72.5,0.791,False,False,0,True,0.957,False,Medium
STU006899,18,A-Level,UK,Boarding,0.863,0.736,95.6,0.745,False,False,1,True,0.788,False,Low
STU006900,18,A-Level,UK,Day,0.969,0.915,78.6,0.661,False,False,1,True,0.75,False,Low
STU006901,15,GCSE,International,Homestay,0.894,0.946,76.3,0.725,False,False,2,False,0.826,False,Low
STU006902,14,GCSE,UK,Homestay,0.894,0.745,73.7,0.654,False,False,0,True,0.902,True,Medium
STU006903,15,GCSE,UK,Day,0.908,0.828,74.7,0.657,False,False,1,True,0.906,False,Medium
STU006904,17,A-Level,UK,Homestay,0.889,0.815,75.3,0.87,False,False,2,True,0.942,True,Low
STU006905,17,A-Level,UK,Homestay,0.919,0.759,82.7,0.672,False,False,0,True,0.932,True,Medium
STU006906,16,GCSE,EU,Boarding,1.0,0.753,78.2,0.681,False,False,0,True,0.872,False,Low
STU006907,15,GCSE,UK,Day,0.938,0.95,77.5,0.79,False,False,0,True,0.857,False,Low
STU006908,17,Foundation,UK,Boarding,0.875,0.703,65.5,0.664,False,True,2,True,0.741,False,High
STU006909,19,Foundation,International,Day,0.955,0.859,74.9,0.743,False,False,0,True,0.782,True,Low
STU006910,16,A-Level,International,Boarding,0.892,0.909,84.4,0.983,False,False,1,True,0.896,True,Low
STU006911,18,A-Level,International,Boarding,0.833,0.966,87.9,0.705,False,False,1,True,0.839,False,Low
STU006912,18,EAP,International,Homestay,0.689,0.729,73.1,0.791,False,False,1,True,0.892,False,Medium
STU006913,16,GCSE,EU,Boarding,0.756,0.789,83.4,0.972,False,False,2,True,1.0,False,Low
STU006914,14,GCSE,International,Day,0.952,0.783,83.5,0.782,False,False,0,True,0.909,False,Low
STU006915,16,A-Level,EU,Boarding,0.926,0.922,85.3,0.83,False,False,0,True,0.822,False,Low
STU006916,15,GCSE,International,Day,0.89,0.969,86.9,0.768,False,False,1,True,0.756,False,Low
STU006917,17,A-Level,EU,Day,1.0,0.999,92.2,0.761,False,False,1,True,0.809,False,Low
STU006918,17,EAP,UK,Day,0.898,0.792,73.5,0.819,False,False,0,False,0.61,True,Medium
STU006919,18,A-Level,International,Day,0.735,0.759,81.2,0.659,False,False,1,True,0.794,False,Medium
STU006920,18,A-Level,International,Homestay,0.953,0.713,86.8,0.669,False,False,2,True,0.683,False,Medium
STU006921,18,EAP,International,Boarding,0.981,0.916,84.1,0.942,False,False,1,True,0.745,False,Low
STU006922,14,GCSE,UK,Boarding,0.95,0.634,76.9,0.541,False,False,2,True,0.828,False,Medium
STU006923,15,GCSE,UK,Day,0.982,0.855,84.1,0.773,False,False,3,True,0.728,True,Low
STU006924,17,A-Level,UK,Boarding,0.777,0.635,68.2,0.666,False,False,2,True,0.702,True,High
STU006925,17,A-Level,EU,Boarding,0.907,0.756,90.4,0.634,False,False,0,True,0.93,False,Low
STU006926,16,GCSE,UK,Day,0.842,0.898,79.0,0.784,False,False,0,True,0.892,False,Low
STU006927,16,A-Level,UK,Homestay,0.937,0.713,73.0,0.649,False,False,0,True,0.795,False,Medium
STU006928,17,A-Level,UK,Day,1.0,0.818,83.3,0.751,False,False,0,True,1.0,False,Low
STU006929,16,A-Level,UK,Boarding,0.825,0.8,72.7,0.755,True,False,0,True,0.863,False,Medium
STU006930,17,A-Level,International,Day,0.946,0.713,65.5,0.544,False,False,0,True,0.77,False,Medium
STU006931,17,A-Level,International,Day,0.839,0.724,74.1,0.857,False,False,1,True,1.0,False,Medium
STU006932,15,GCSE,UK,Homestay,0.899,0.763,84.8,0.73,False,False,0,True,0.917,True,Low
STU006933,16,A-Level,EU,Boarding,0.864,0.772,78.8,0.702,False,False,0,True,1.0,False,Medium
STU006934,14,GCSE,UK,Boarding,0.981,0.769,74.1,0.557,True,False,0,True,0.955,False,Medium
STU006935,17,EAP,UK,Homestay,0.824,0.64,81.2,0.782,False,False,1,True,0.858,False,Medium
STU006936,17,A-Level,International,Day,0.906,0.858,84.7,0.761,False,False,2,True,0.779,True,Low
STU006937,16,A-Level,International,Boarding,0.996,0.909,80.2,0.864,False,False,1,True,1.0,False,Low
STU006938,18,Foundation,International,Day,0.764,0.542,71.2,0.667,False,False,1,True,0.616,True,High
STU006939,18,A-Level,EU,Boarding,0.93,0.758,77.9,0.652,False,False,2,True,0.654,False,Medium
STU006940,17,A-Level,International,Day,0.908,0.836,81.2,0.796,False,False,0,False,0.914,False,Low
STU006941,18,Foundation,UK,Day,0.852,0.692,77.9,0.694,False,False,4,True,0.697,True,Medium
STU006942,17,Foundation,UK,Homestay,0.985,0.813,76.0,0.884,False,False,1,True,0.738,False,Low
STU006943,17,A-Level,UK,Day,1.0,0.816,78.8,0.676,False,False,2,True,0.73,True,Low
STU006944,15,GCSE,International,Day,0.946,0.864,82.7,0.851,False,False,0,True,0.779,False,Low
STU006945,16,A-Level,UK,Day,0.879,0.695,90.2,0.924,False,False,1,True,0.841,True,Low
STU006946,17,Foundation,UK,Day,0.799,0.692,70.2,0.719,False,False,0,True,0.822,True,Medium
STU006947,16,GCSE,International,Day,0.913,0.807,87.6,0.903,False,False,0,False,0.759,False,Low
STU006948,16,GCSE,UK,Day,0.889,0.721,75.3,0.821,False,False,1,True,0.807,False,Medium
STU006949,17,Foundation,UK,Boarding,0.893,0.9,82.1,0.822,False,False,2,True,0.921,False,Low
STU006950,15,GCSE,UK,Boarding,0.865,0.852,83.4,0.718,False,False,0,False,0.693,True,Medium
STU006951,19,Foundation,UK,Boarding,0.758,0.542,51.1,0.598,True,True,4,True,0.939,False,High
STU006952,16,A-Level,International,Homestay,0.902,0.851,75.1,0.9,False,False,1,True,0.777,False,Low
STU006953,17,A-Level,EU,Boarding,0.814,0.835,75.8,0.836,False,False,4,True,1.0,False,Low
STU006954,16,GCSE,UK,Day,0.973,0.874,84.7,0.642,False,False,2,True,0.873,False,Low
STU006955,19,Foundation,UK,Day,0.847,0.861,81.5,0.775,False,False,1,True,1.0,False,Low
STU006956,17,A-Level,International,Boarding,0.855,0.67,78.5,0.597,True,False,1,False,0.791,False,High
STU006957,16,A-Level,EU,Boarding,0.877,0.822,89.7,0.802,False,False,1,True,0.809,False,Low
STU006958,16,A-Level,International,Day,0.946,0.959,90.7,0.865,False,False,0,True,0.852,False,Low
STU006959,19,Foundation,EU,Day,0.889,0.704,72.5,0.592,False,True,3,True,0.761,False,High
STU006960,19,EAP,UK,Boarding,0.935,0.772,83.7,0.811,False,False,2,True,0.819,False,Low
STU006961,17,A-Level,International,Boarding,0.742,0.766,67.3,0.683,True,False,0,True,0.928,False,High
STU006962,17,A-Level,EU,Boarding,0.887,0.719,79.8,0.76,False,False,0,True,0.722,False,Medium
STU006963,18,EAP,UK,Day,1.0,0.812,75.8,1.0,False,False,1,False,0.758,False,Low
STU006964,17,A-Level,UK,Boarding,0.876,0.74,74.9,0.555,False,False,1,True,0.735,False,Medium
STU006965,18,A-Level,UK,Boarding,0.973,0.976,95.0,0.951,False,False,0,True,0.865,False,Low
STU006966,15,GCSE,UK,Homestay,0.855,0.826,76.1,0.609,False,True,2,True,0.803,False,Medium
STU006967,18,Foundation,International,Boarding,0.834,0.674,75.8,0.469,True,False,2,True,0.793,False,High
STU006968,16,A-Level,International,Boarding,0.913,0.894,78.2,0.799,False,False,0,True,0.775,False,Low
STU006969,17,A-Level,UK,Boarding,0.842,0.675,87.0,0.714,False,False,3,True,0.857,True,Medium
STU006970,17,A-Level,UK,Day,0.963,0.882,100.0,0.794,False,False,0,True,0.905,True,Low
STU006971,15,GCSE,International,Day,0.84,0.832,86.2,0.771,False,False,1,True,0.942,False,Low
STU006972,18,A-Level,UK,Homestay,0.91,0.791,88.6,0.826,False,True,2,True,0.816,False,Medium
STU006973,15,GCSE,EU,Boarding,0.918,0.713,74.6,0.644,True,False,1,True,0.939,False,Medium
STU006974,18,A-Level,International,Boarding,0.93,0.958,79.9,0.866,False,False,0,True,0.8,False,Low
STU006975,16,A-Level,International,Homestay,0.799,0.65,51.8,0.421,True,False,2,True,0.65,False,High
STU006976,17,A-Level,International,Homestay,0.913,0.907,68.3,0.75,False,False,2,True,0.875,False,Low
STU006977,18,Foundation,International,Boarding,0.849,0.799,85.8,0.897,False,False,0,True,0.844,False,Low
STU006978,19,Foundation,International,Day,0.885,0.946,90.5,0.813,False,False,2,True,0.777,False,Low
STU006979,17,Foundation,UK,Day,0.863,0.755,83.7,0.775,False,False,0,True,0.86,True,Low
STU006980,15,GCSE,International,Homestay,0.779,0.511,65.4,0.581,True,False,2,True,0.663,False,High
STU006981,16,GCSE,UK,Day,0.944,0.834,82.9,0.797,False,False,1,True,0.855,False,Low
STU006982,17,A-Level,UK,Homestay,0.969,0.829,72.7,0.752,False,False,0,True,0.908,False,Low
STU006983,19,EAP,UK,Day,0.974,0.836,73.9,0.913,False,False,1,True,0.824,False,Low
STU006984,19,Foundation,International,Boarding,0.917,0.836,78.6,0.73,False,False,0,True,0.758,False,Low
STU006985,18,Foundation,UK,Boarding,1.0,1.0,82.3,1.0,False,False,0,True,0.831,True,Low
STU006986,16,A-Level,International,Day,0.853,0.844,63.2,0.799,False,False,0,True,0.929,False,Medium
STU006987,17,A-Level,International,Homestay,0.99,1.0,92.9,1.0,False,False,0,True,0.829,False,Low
STU006988,17,A-Level,UK,Boarding,0.964,0.887,85.4,0.737,False,False,1,True,0.9,False,Low
STU006989,16,GCSE,International,Day,0.903,0.812,81.0,0.883,False,False,0,True,0.914,False,Low
STU006990,16,GCSE,International,Day,0.916,0.665,74.7,0.59,False,False,2,True,0.717,False,Medium
STU006991,16,EAP,International,Boarding,0.973,0.896,77.1,0.924,False,False,0,True,0.784,False,Low
STU006992,15,GCSE,UK,Day,0.946,0.824,86.7,0.742,False,False,0,True,0.962,True,Low
STU006993,15,GCSE,International,Homestay,0.918,0.92,89.6,0.758,False,False,1,True,0.904,True,Low
STU006994,14,GCSE,International,Day,0.829,0.659,66.8,0.735,True,False,4,True,0.752,False,High
STU006995,17,EAP,UK,Day,0.835,0.824,65.5,0.865,False,False,1,True,0.92,False,Medium
STU006996,17,A-Level,UK,Day,0.908,0.852,78.6,0.859,False,False,2,True,0.967,False,Low
STU006997,17,A-Level,EU,Day,0.82,0.75,79.5,0.761,False,False,0,True,0.744,False,Medium
STU006998,18,EAP,International,Day,0.951,0.929,81.5,0.893,False,False,0,True,0.801,False,Low
STU006999,17,A-Level,UK,Homestay,0.776,0.737,89.5,0.672,False,False,0,True,0.79,True,Medium
STU007000,16,A-Level,UK,Day,0.921,0.9,87.0,0.687,False,False,1,True,0.828,False,Low
STU007001,16,GCSE,International,Day,0.881,0.807,82.8,0.746,False,False,2,True,0.952,True,Low
STU007002,15,GCSE,UK,Day,0.869,0.522,69.3,0.464,False,False,1,True,0.915,False,High
STU007003,19,Foundation,International,Boarding,0.881,0.746,71.8,0.827,False,False,0,True,0.916,False,Medium
STU007004,18,Foundation,UK,Boarding,0.61,0.588,60.2,0.735,True,True,1,True,0.861,False,High
STU007005,18,A-Level,EU,Boarding,0.869,0.62,60.9,0.815,False,False,0,True,0.638,False,Medium
STU007006,18,A-Level,UK,Day,0.839,0.654,57.4,0.654,False,False,1,True,0.717,False,High
STU007007,17,A-Level,International,Boarding,0.84,0.749,70.3,0.483,False,False,2,True,0.834,False,Medium
STU007008,15,GCSE,International,Boarding,1.0,0.772,79.7,0.859,False,True,1,True,0.904,False,Low
STU007009,16,GCSE,International,Boarding,0.803,0.74,79.7,0.597,False,False,2,True,0.828,True,Medium
STU007010,15,GCSE,International,Day,0.928,0.651,65.3,0.593,False,False,1,True,0.811,True,Medium
STU007011,18,A-Level,UK,Boarding,0.844,0.816,80.8,0.844,False,False,3,True,0.762,False,Low
STU007012,19,Foundation,UK,Day,0.791,0.628,60.0,0.549,True,False,1,True,0.819,False,High
STU007013,17,A-Level,EU,Day,0.71,0.652,51.4,0.615,True,True,1,True,0.76,True,High
STU007014,14,GCSE,International,Day,0.979,0.819,84.0,0.984,False,False,2,True,0.664,False,Low
STU007015,17,A-Level,International,Day,0.928,0.817,67.7,0.638,True,False,2,True,0.65,False,Medium
STU007016,19,Foundation,UK,Day,0.857,0.704,69.1,0.638,False,False,1,True,0.875,False,Medium
STU007017,15,GCSE,International,Boarding,0.964,0.79,79.7,0.825,False,False,0,True,0.757,False,Low
STU007018,14,GCSE,International,Homestay,0.827,0.806,93.3,0.742,False,False,1,True,0.896,False,Low
STU007019,17,A-Level,UK,Boarding,0.819,0.616,70.8,0.497,True,False,2,True,0.923,False,High
STU007020,18,Foundation,International,Day,0.948,0.794,89.0,0.813,False,False,0,True,0.952,False,Low
STU007021,17,A-Level,UK,Boarding,0.76,0.69,73.7,0.805,True,False,0,True,0.818,False,High
STU007022,18,Foundation,International,Boarding,0.799,0.529,67.1,0.856,True,False,1,True,0.998,False,High
STU007023,18,EAP,UK,Day,0.85,0.717,78.1,0.711,True,False,1,False,0.77,False,Medium
STU007024,17,Foundation,UK,Boarding,0.855,0.726,71.0,0.781,True,False,0,True,0.791,True,Medium
STU007025,17,A-Level,UK,Boarding,0.825,0.749,66.6,0.786,False,False,3,True,0.799,True,Medium
STU007026,17,A-Level,International,Day,1.0,0.858,86.4,0.921,False,False,2,True,0.878,True,Low
STU007027,16,GCSE,International,Day,0.841,0.807,77.1,0.698,False,False,0,True,0.78,False,Medium
STU007028,19,EAP,UK,Day,0.967,0.965,100.0,0.99,False,False,1,True,0.969,False,Low
STU007029,17,A-Level,International,Homestay,0.942,0.821,87.1,0.686,False,False,0,False,0.753,False,Low
STU007030,15,GCSE,International,Day,0.844,0.717,74.0,0.803,False,False,2,True,0.973,False,Medium
STU007031,17,A-Level,International,Day,0.932,0.727,75.4,0.649,False,False,2,True,0.927,False,Medium
STU007032,17,A-Level,UK,Day,0.841,0.459,60.7,0.514,False,False,1,True,0.757,False,High
STU007033,17,A-Level,UK,Homestay,0.867,0.778,70.7,0.762,True,False,0,True,0.866,False,Medium
STU007034,18,A-Level,International,Day,0.958,1.0,95.9,1.0,False,False,0,True,0.839,False,Low
STU007035,17,A-Level,UK,Boarding,0.861,0.631,58.5,0.776,False,False,0,True,0.671,False,High
STU007036,19,Foundation,EU,Boarding,0.929,0.906,83.9,0.773,False,False,1,True,0.864,False,Low
STU007037,16,A-Level,UK,Boarding,0.86,0.935,79.4,0.886,False,False,1,True,0.928,False,Low
STU007038,16,A-Level,UK,Homestay,0.912,0.721,64.9,0.707,False,False,3,True,0.922,True,Medium
STU007039,18,A-Level,UK,Day,0.907,0.937,67.4,0.547,False,False,0,True,0.978,False,Medium
STU007040,17,A-Level,International,Homestay,0.874,0.761,82.8,0.857,False,False,0,False,0.673,False,Medium
STU007041,18,Foundation,UK,Homestay,0.742,0.698,84.9,0.873,True,False,1,True,0.806,False,Medium
STU007042,17,A-Level,UK,Homestay,0.955,0.828,73.7,0.795,False,False,0,True,0.674,True,Low
STU007043,16,A-Level,EU,Boarding,1.0,0.927,93.7,0.838,False,False,1,True,0.871,True,Low
STU007044,15,GCSE,International,Homestay,0.91,0.709,73.3,0.666,False,False,1,True,0.883,False,Medium
STU007045,16,EAP,International,Day,0.857,0.753,75.1,0.766,False,False,0,True,0.723,True,Medium
STU007046,17,A-Level,International,Day,0.915,0.719,80.9,0.788,False,False,1,False,0.562,False,Medium
STU007047,18,Foundation,UK,Day,0.98,0.881,83.6,0.826,False,False,0,True,0.881,False,Low
STU007048,16,GCSE,UK,Day,0.99,0.965,90.2,0.78,False,False,0,True,0.767,True,Low
STU007049,15,GCSE,International,Boarding,0.964,0.672,78.8,0.387,False,False,1,True,0.718,False,Medium
STU007050,16,A-Level,International,Day,0.931,0.889,85.2,0.789,False,False,0,True,0.815,False,Low
STU007051,18,Foundation,International,Day,0.947,0.756,78.6,0.647,False,False,2,True,0.786,True,Medium
STU007052,16,A-Level,UK,Boarding,0.908,0.956,92.6,0.816,False,False,0,True,0.867,True,Low
STU007053,17,EAP,UK,Homestay,0.833,0.841,79.7,0.902,False,False,2,True,0.912,False,Low
STU007054,16,A-Level,UK,Boarding,0.874,0.732,85.9,0.81,False,False,0,True,0.721,False,Medium
STU007055,17,A-Level,International,Homestay,0.829,0.678,80.4,0.559,True,False,2,False,0.663,True,High
STU007056,14,GCSE,UK,Boarding,0.92,0.755,84.4,0.644,False,False,0,True,1.0,False,Medium
STU007057,18,Foundation,UK,Homestay,0.777,0.719,76.9,0.721,False,False,1,True,0.906,False,Medium
STU007058,16,GCSE,UK,Day,0.936,0.894,92.3,0.854,False,False,0,True,0.913,False,Low
STU007059,18,Foundation,EU,Homestay,0.759,0.653,70.1,0.841,False,False,4,True,0.749,True,Medium
STU007060,16,EAP,UK,Day,0.929,0.847,90.1,0.861,False,False,1,True,0.883,False,Low
STU007061,17,EAP,EU,Homestay,0.982,0.918,83.6,0.726,False,False,0,True,0.952,False,Low
STU007062,17,A-Level,International,Boarding,0.963,1.0,88.5,0.924,False,False,1,True,0.899,True,Low
STU007063,18,A-Level,UK,Boarding,0.837,0.708,72.1,0.724,False,False,0,True,0.873,False,Medium
STU007064,17,Foundation,EU,Boarding,0.944,0.696,87.2,0.757,False,False,1,True,0.735,False,Medium
STU007065,16,GCSE,UK,Homestay,0.949,0.927,92.8,0.699,False,False,1,True,0.802,False,Low
STU007066,17,A-Level,UK,Homestay,1.0,0.724,86.8,0.617,False,False,2,False,0.71,True,Medium
STU007067,15,GCSE,International,Day,0.926,0.834,87.0,0.878,False,False,0,True,0.685,True,Low
STU007068,18,A-Level,EU,Day,0.972,0.78,66.8,0.772,False,False,2,True,0.918,True,Low
STU007069,15,GCSE,International,Day,0.839,0.65,48.8,0.58,True,False,2,True,0.897,False,High
STU007070,16,GCSE,EU,Day,0.84,0.743,79.6,0.781,False,False,2,True,0.779,False,Medium
STU007071,17,A-Level,International,Day,0.846,0.822,72.0,0.775,True,True,2,True,0.745,True,High
STU007072,17,A-Level,UK,Boarding,0.961,0.819,67.6,0.575,False,False,2,True,0.791,False,Medium
STU007073,17,A-Level,EU,Day,0.856,0.749,81.8,0.921,False,False,0,True,0.893,False,Low
STU007074,15,GCSE,International,Boarding,0.779,0.64,69.0,0.892,True,False,1,True,0.609,True,High
STU007075,17,A-Level,UK,Day,0.909,0.725,88.4,0.771,False,False,2,True,0.902,False,Low
STU007076,14,GCSE,UK,Boarding,0.903,0.76,78.9,0.765,False,False,0,True,0.696,False,Medium
STU007077,16,A-Level,International,Day,0.916,0.959,86.3,1.0,False,False,3,True,0.864,False,Low
STU007078,17,A-Level,UK,Boarding,0.962,0.819,70.8,0.652,False,False,1,True,1.0,False,Medium
STU007079,17,A-Level,UK,Boarding,0.972,0.954,86.3,0.725,False,False,0,True,0.88,False,Low
STU007080,19,Foundation,EU,Day,0.878,0.779,82.3,0.845,False,True,1,False,0.764,False,Medium
STU007081,17,A-Level,International,Day,0.83,0.731,76.8,0.861,False,False,2,True,0.793,False,Medium
STU007082,18,Foundation,International,Day,0.849,0.786,84.1,0.767,False,False,2,True,0.839,True,Low
STU007083,16,A-Level,UK,Homestay,0.858,0.602,70.9,0.639,False,False,2,True,0.841,False,Medium
STU007084,18,A-Level,EU,Boarding,0.892,0.871,90.2,0.906,False,False,0,True,0.752,False,Low
STU007085,17,A-Level,UK,Boarding,0.864,0.737,77.3,0.738,False,False,0,True,0.818,False,Medium
STU007086,16,GCSE,UK,Day,0.833,0.881,67.5,0.681,True,False,3,True,0.723,False,Medium
STU007087,17,A-Level,International,Day,0.905,0.838,92.0,0.869,False,False,0,True,0.84,False,Low
STU007088,17,A-Level,UK,Day,0.855,1.0,94.9,0.915,False,False,0,False,0.59,False,Low
STU007089,17,A-Level,UK,Day,0.923,0.867,91.1,0.794,False,False,0,False,0.604,False,Low
STU007090,16,GCSE,International,Day,1.0,0.945,100.0,0.837,False,False,3,True,0.793,False,Low
STU007091,14,GCSE,International,Day,0.888,0.876,83.2,0.855,False,False,1,True,0.901,False,Low
STU007092,18,EAP,International,Boarding,0.852,0.663,74.4,0.756,False,False,1,True,0.888,False,Medium
STU007093,18,A-Level,International,Day,0.921,0.904,81.7,0.699,False,False,1,True,0.924,False,Low
STU007094,15,GCSE,International,Day,0.844,0.809,73.4,0.666,False,False,1,True,0.828,False,Medium
STU007095,18,A-Level,UK,Boarding,0.89,0.762,80.5,0.64,False,False,1,True,0.806,True,Medium
STU007096,18,A-Level,EU,Boarding,0.799,0.542,60.5,0.556,True,False,2,True,0.661,False,High
STU007097,18,Foundation,UK,Boarding,0.825,0.736,90.9,1.0,False,False,1,True,0.887,False,Low
STU007098,14,GCSE,UK,Day,0.838,0.696,73.0,0.6,False,False,2,True,0.686,False,Medium
STU007099,15,GCSE,International,Homestay,0.854,0.853,84.5,0.747,False,False,0,True,0.978,False,Low
STU007100,17,Foundation,EU,Homestay,0.827,0.776,80.4,0.742,False,False,0,False,0.728,False,Medium
STU007101,16,GCSE,UK,Day,0.99,0.932,93.0,0.901,False,False,1,True,0.717,False,Low
STU007102,16,GCSE,UK,Day,0.87,0.845,70.1,0.707,True,False,0,True,0.797,False,Medium
STU007103,18,EAP,UK,Homestay,0.908,0.926,93.6,0.929,True,False,4,True,0.776,False,Low
STU007104,17,A-Level,International,Homestay,0.805,0.796,79.9,0.697,False,False,0,True,0.723,False,Medium
STU007105,16,A-Level,International,Day,0.879,0.861,85.4,0.775,False,False,2,True,0.997,False,Low
STU007106,16,GCSE,EU,Day,0.929,0.888,88.3,0.838,False,False,0,True,0.874,True,Low
STU007107,15,GCSE,EU,Homestay,0.952,0.845,61.6,0.74,True,False,2,True,0.737,True,Medium
STU007108,16,GCSE,International,Day,0.783,0.752,71.3,0.708,True,False,2,True,0.708,True,High
STU007109,18,Foundation,International,Homestay,0.81,0.821,79.5,0.779,False,False,0,True,0.888,False,Medium
STU007110,18,A-Level,EU,Day,0.913,1.0,85.3,0.591,False,False,2,True,0.931,False,Low
STU007111,18,Foundation,International,Homestay,0.802,0.745,81.6,0.802,True,False,2,True,0.905,True,Medium
STU007112,18,EAP,International,Day,1.0,0.767,92.3,0.991,False,False,0,True,0.901,False,Low
STU007113,17,A-Level,International,Day,0.938,0.739,86.1,0.757,False,False,1,True,0.862,False,Low
STU007114,16,GCSE,International,Homestay,0.88,0.866,73.8,0.701,False,False,1,True,0.976,False,Low
STU007115,17,A-Level,International,Day,0.88,0.84,82.2,0.781,False,False,0,True,0.924,True,Low
STU007116,17,EAP,UK,Day,0.891,0.878,75.7,1.0,False,False,2,True,0.856,True,Low
STU007117,17,Foundation,International,Homestay,0.772,0.759,75.1,0.693,False,False,0,True,0.867,False,Medium
STU007118,15,GCSE,International,Day,0.903,0.905,76.5,0.811,False,False,0,True,0.7,False,Low
STU007119,17,A-Level,International,Day,0.866,0.821,77.4,0.719,False,False,0,True,0.788,False,Medium
STU007120,17,A-Level,International,Day,0.901,0.881,84.4,0.779,True,False,1,True,0.708,True,Medium
STU007121,17,EAP,UK,Boarding,0.837,0.877,93.4,0.624,False,False,0,True,0.856,False,Low
STU007122,15,GCSE,UK,Boarding,0.948,0.989,84.2,0.972,False,False,1,True,0.674,True,Low
STU007123,16,A-Level,UK,Homestay,0.938,0.844,85.2,0.816,False,False,1,True,0.947,False,Low
STU007124,19,Foundation,International,Boarding,0.911,0.921,83.7,0.757,False,False,1,True,1.0,False,Low
STU007125,17,A-Level,UK,Day,0.94,0.692,69.2,0.707,True,False,3,True,0.764,True,Medium
STU007126,17,A-Level,EU,Day,0.768,0.644,73.7,0.729,False,False,3,True,0.75,False,High
STU007127,14,GCSE,EU,Homestay,0.894,0.761,80.5,0.944,True,False,1,False,0.647,False,Medium
STU007128,17,A-Level,International,Boarding,0.897,0.859,85.7,0.939,False,False,0,False,0.564,False,Low
STU007129,17,A-Level,International,Homestay,0.837,0.621,58.7,0.669,True,False,1,True,0.796,True,High
STU007130,19,EAP,International,Homestay,0.831,0.815,79.6,0.785,False,False,0,True,0.836,False,Low
STU007131,17,A-Level,International,Day,0.801,0.803,81.6,0.728,False,False,0,False,0.781,False,Medium
STU007132,16,A-Level,EU,Boarding,0.962,0.9,69.5,0.549,False,False,2,True,0.846,True,Medium
STU007133,17,A-Level,International,Boarding,0.955,0.803,76.4,0.752,False,False,0,True,0.842,False,Low
STU007134,14,GCSE,UK,Day,0.968,0.874,74.3,0.758,True,False,1,False,0.579,False,Medium
STU007135,18,A-Level,UK,Day,1.0,0.848,81.7,0.691,False,False,0,True,0.885,True,Low
STU007136,19,Foundation,International,Homestay,0.792,0.89,88.9,0.943,False,False,2,True,0.993,False,Low
STU007137,18,Foundation,International,Boarding,0.889,0.907,79.6,0.645,False,False,0,True,0.799,False,Low
STU007138,17,A-Level,International,Boarding,0.918,0.835,89.7,0.641,False,False,2,True,0.769,False,Low
STU007139,18,A-Level,EU,Boarding,0.899,0.727,78.2,0.813,True,False,2,True,0.941,False,Medium
STU007140,15,GCSE,UK,Boarding,1.0,0.786,83.8,0.813,False,False,0,True,0.73,False,Low
STU007141,18,EAP,EU,Day,0.797,0.553,64.9,0.664,True,False,1,True,0.828,False,High
STU007142,16,GCSE,UK,Boarding,0.862,0.683,64.6,0.839,False,False,2,True,0.913,False,Medium
STU007143,18,Foundation,EU,Day,0.996,0.856,85.3,0.857,False,False,1,True,0.937,False,Low
STU007144,17,A-Level,EU,Homestay,0.783,0.839,84.2,0.924,False,False,2,True,0.702,False,Low
STU007145,19,EAP,EU,Boarding,0.702,0.543,65.3,0.455,True,True,2,False,0.652,False,High
STU007146,18,Foundation,International,Homestay,0.931,0.764,72.9,0.736,False,False,1,True,0.796,False,Medium
STU007147,18,Foundation,International,Day,1.0,0.801,96.0,1.0,False,False,0,True,0.72,False,Low
STU007148,14,GCSE,International,Homestay,0.783,0.852,82.7,0.74,False,False,3,True,0.848,False,Medium
STU007149,17,A-Level,International,Homestay,0.904,0.749,74.3,0.744,False,False,1,False,0.778,False,Medium
STU007150,16,A-Level,EU,Boarding,0.939,0.854,77.9,0.724,False,False,1,True,0.868,True,Low
STU007151,18,Foundation,International,Day,1.0,0.817,94.5,0.872,False,False,1,True,1.0,False,Low
STU007152,15,GCSE,UK,Day,0.931,0.634,77.0,0.612,False,False,1,True,0.955,False,Medium
STU007153,19,EAP,UK,Boarding,0.742,0.621,72.1,0.562,False,True,4,True,0.76,False,High
STU007154,18,Foundation,EU,Boarding,0.765,0.765,70.7,0.76,True,False,3,True,0.797,False,Medium
STU007155,17,A-Level,UK,Day,0.996,0.773,77.4,0.901,False,False,0,True,0.83,False,Low
STU007156,18,Foundation,International,Boarding,0.895,0.774,59.1,0.845,True,False,0,True,0.91,False,Medium
STU007157,18,A-Level,EU,Boarding,0.821,0.727,65.8,0.668,False,False,0,True,0.692,False,High
STU007158,17,A-Level,International,Day,0.935,0.773,74.7,0.714,False,False,1,False,0.742,False,Medium
STU007159,17,A-Level,International,Day,0.855,0.611,73.8,0.678,True,False,2,False,0.454,False,High
STU007160,17,A-Level,UK,Day,0.725,0.637,60.1,0.557,False,False,1,True,0.824,False,High
STU007161,18,Foundation,UK,Day,0.753,0.702,62.7,0.799,False,False,0,True,0.854,False,Medium
STU007162,17,A-Level,International,Day,0.922,0.69,72.8,0.729,False,False,3,True,0.927,False,Medium
STU007163,17,A-Level,UK,Homestay,1.0,0.961,84.4,0.792,False,False,0,True,0.869,False,Low
STU007164,18,A-Level,UK,Day,0.918,0.889,83.0,0.742,False,False,2,True,0.9,False,Low
STU007165,19,Foundation,International,Day,0.729,0.685,90.5,0.77,False,False,1,True,0.895,False,Medium
STU007166,16,GCSE,International,Day,0.787,0.694,75.7,0.719,False,False,0,True,0.833,False,Medium
STU007167,18,Foundation,International,Homestay,0.944,0.917,90.3,1.0,False,False,1,True,0.819,True,Low
STU007168,18,A-Level,EU,Day,0.951,0.889,86.4,0.732,False,False,1,True,0.721,False,Low
STU007169,18,A-Level,UK,Homestay,0.886,0.99,100.0,0.964,False,False,0,True,0.78,False,Low
STU007170,15,GCSE,EU,Day,0.866,0.573,55.6,0.502,False,False,2,True,0.931,False,High
STU007171,17,A-Level,EU,Day,0.956,0.942,95.9,0.839,False,False,1,False,0.661,False,Low
STU007172,18,Foundation,EU,Boarding,0.977,0.801,85.8,0.63,False,False,0,True,0.792,False,Low
STU007173,16,A-Level,UK,Boarding,0.889,0.67,60.3,0.601,True,False,2,True,0.847,True,High
STU007174,17,Foundation,International,Boarding,0.833,0.634,66.4,0.638,False,False,0,True,0.742,False,High
STU007175,14,GCSE,International,Homestay,0.963,0.775,72.3,0.637,False,False,0,True,0.634,False,Medium
STU007176,17,A-Level,International,Day,0.875,0.753,66.5,0.671,False,False,0,True,0.683,True,Medium
STU007177,17,EAP,International,Boarding,0.858,0.858,81.5,1.0,False,False,0,False,0.633,False,Low
STU007178,18,Foundation,UK,Boarding,0.855,0.735,66.0,0.659,False,False,2,True,0.92,False,Medium
STU007179,16,GCSE,UK,Homestay,0.901,0.808,80.3,0.542,False,False,1,True,0.892,True,Medium
STU007180,18,A-Level,International,Day,0.94,0.881,95.0,0.832,False,False,0,False,0.68,True,Low
STU007181,16,GCSE,International,Day,0.759,0.798,70.1,0.7,False,False,1,True,0.845,False,Medium
STU007182,17,A-Level,EU,Boarding,0.849,0.767,74.0,0.998,False,False,2,True,0.873,False,Low
STU007183,18,Foundation,UK,Homestay,0.868,0.768,86.7,0.766,False,False,0,True,0.652,False,Medium
STU007184,18,Foundation,International,Day,0.973,0.715,67.2,0.543,False,False,3,True,0.67,False,Medium
STU007185,14,GCSE,UK,Day,0.783,0.683,56.8,0.602,True,False,3,True,0.772,False,High
STU007186,17,EAP,EU,Day,0.877,0.81,74.9,0.741,False,False,2,True,0.831,True,Medium
STU007187,17,A-Level,UK,Boarding,0.897,0.74,77.9,0.581,True,False,1,True,0.878,False,Medium
STU007188,18,A-Level,International,Day,0.903,0.91,83.9,0.689,False,False,0,True,0.636,True,Low
STU007189,16,A-Level,EU,Day,1.0,0.881,93.1,0.782,False,False,1,False,0.764,False,Low
STU007190,16,A-Level,International,Boarding,0.889,0.795,72.2,0.743,False,False,0,True,0.748,False,Medium
STU007191,16,A-Level,UK,Day,1.0,0.783,86.4,0.634,False,False,1,True,0.864,False,Low
STU007192,17,A-Level,UK,Day,1.0,0.76,76.9,0.873,False,True,2,True,0.709,False,Medium
STU007193,17,A-Level,International,Day,0.932,0.806,71.9,0.966,False,False,1,True,0.935,False,Low
STU007194,15,GCSE,UK,Day,0.929,0.701,88.0,0.782,False,False,2,True,0.924,False,Low
STU007195,17,Foundation,EU,Day,0.862,0.767,72.9,0.858,True,True,2,True,0.734,False,High
STU007196,17,A-Level,UK,Day,0.957,0.82,93.0,0.802,False,False,1,True,0.67,True,Low
STU007197,14,GCSE,International,Day,0.909,0.892,89.1,0.613,False,False,0,True,0.939,False,Low
STU007198,18,Foundation,UK,Boarding,0.933,0.785,84.6,0.785,True,False,1,False,0.698,True,Medium
STU007199,16,EAP,UK,Day,0.935,0.837,100.0,0.76,False,False,0,True,1.0,False,Low
STU007200,18,EAP,International,Boarding,0.997,0.775,73.2,0.716,False,False,1,True,0.87,False,Low
STU007201,17,A-Level,UK,Day,0.798,0.728,89.1,0.7,False,False,2,True,0.965,True,Medium
STU007202,15,GCSE,UK,Day,0.915,0.671,76.5,0.84,False,False,1,True,0.831,False,Medium
STU007203,17,A-Level,International,Homestay,0.923,0.798,83.3,0.674,True,False,1,True,0.611,False,Medium
STU007204,15,GCSE,EU,Day,0.82,0.809,82.4,0.932,False,False,1,True,0.765,False,Low
STU007205,16,EAP,UK,Day,0.852,0.685,80.3,0.842,True,False,1,True,0.654,False,Medium
STU007206,15,GCSE,International,Homestay,0.943,0.786,78.8,0.688,False,False,0,True,0.673,True,Medium
STU007207,17,A-Level,International,Boarding,1.0,0.896,96.2,0.731,False,False,0,True,0.861,True,Low
STU007208,17,A-Level,UK,Boarding,0.876,0.956,94.2,1.0,False,False,2,True,0.854,True,Low
STU007209,17,A-Level,EU,Boarding,0.915,0.944,76.2,0.721,False,False,0,True,0.743,True,Low
STU007210,19,Foundation,International,Day,0.861,0.802,83.3,0.811,False,False,0,True,0.872,False,Low
STU007211,17,A-Level,UK,Homestay,0.89,0.73,83.3,0.801,False,False,1,False,0.588,False,Medium
STU007212,14,GCSE,UK,Homestay,1.0,0.807,84.6,0.573,False,False,0,True,0.928,False,Low
STU007213,17,A-Level,EU,Day,0.898,0.802,69.8,0.549,False,False,0,True,0.995,False,Medium
STU007214,16,A-Level,International,Homestay,0.85,0.856,80.2,0.835,False,False,1,True,1.0,False,Low
STU007215,15,GCSE,UK,Day,0.855,0.656,68.6,0.538,True,False,3,True,0.766,True,High
STU007216,17,A-Level,International,Boarding,0.864,0.843,78.8,0.74,False,False,0,True,0.787,False,Low
STU007217,16,A-Level,International,Day,0.803,0.577,76.3,0.48,True,False,3,True,0.69,True,High
STU007218,19,Foundation,UK,Boarding,0.862,0.785,77.3,0.729,False,False,0,True,0.807,False,Medium
STU007219,18,EAP,EU,Day,0.808,0.801,68.0,0.789,False,True,2,True,0.971,False,Medium
STU007220,17,EAP,International,Boarding,0.817,0.464,62.9,0.52,False,False,3,True,0.877,False,High
STU007221,16,EAP,UK,Day,0.905,0.779,70.0,0.814,False,False,0,True,0.733,True,Medium
STU007222,15,GCSE,EU,Day,0.831,0.66,74.2,0.717,False,False,1,True,0.938,True,Medium
STU007223,16,GCSE,International,Boarding,0.98,0.716,72.4,0.715,False,False,1,True,0.794,False,Medium
STU007224,17,A-Level,UK,Homestay,0.878,0.628,66.0,0.613,False,False,0,True,0.784,False,Medium
STU007225,19,Foundation,UK,Day,0.929,0.827,86.3,0.753,False,False,0,True,0.944,True,Low
STU007226,16,EAP,UK,Homestay,0.858,0.774,59.6,0.694,True,False,2,False,0.732,False,High
STU007227,18,Foundation,UK,Day,0.771,0.739,76.5,0.958,False,False,1,True,0.791,False,Medium
STU007228,16,GCSE,UK,Homestay,0.793,0.581,69.7,0.62,True,True,2,True,0.669,False,High
STU007229,18,EAP,International,Boarding,1.0,0.9,78.8,0.794,False,False,0,False,0.652,False,Low
STU007230,16,A-Level,International,Homestay,0.846,0.846,79.1,0.716,False,False,0,True,0.774,False,Low
STU007231,15,GCSE,UK,Boarding,1.0,0.914,100.0,0.831,False,False,1,True,0.819,False,Low
STU007232,17,A-Level,UK,Boarding,0.887,0.833,84.8,0.773,True,False,0,True,0.801,True,Medium
STU007233,15,GCSE,UK,Day,0.936,0.829,79.9,0.805,False,False,0,True,0.903,True,Low
STU007234,17,A-Level,UK,Homestay,0.917,0.909,79.5,0.835,False,False,0,True,0.839,False,Low
STU007235,17,A-Level,UK,Homestay,0.973,0.756,82.4,0.613,False,False,0,True,0.804,False,Low
STU007236,17,A-Level,UK,Day,0.977,0.909,84.6,0.852,False,False,1,False,0.761,False,Low
STU007237,16,A-Level,International,Day,0.899,0.724,90.1,0.777,False,False,1,True,0.85,True,Low
STU007238,18,Foundation,UK,Boarding,0.819,0.796,77.1,0.64,True,False,0,True,0.903,True,Medium
STU007239,17,A-Level,EU,Homestay,0.8,0.886,67.4,0.723,False,False,1,True,0.907,False,Medium
STU007240,18,A-Level,UK,Day,0.918,0.827,68.5,0.75,False,True,1,True,0.603,False,Medium
STU007241,17,Foundation,UK,Homestay,0.848,0.861,67.8,0.722,True,False,2,True,0.817,False,Medium
STU007242,18,EAP,International,Day,0.805,0.813,68.4,0.783,False,True,2,True,0.894,False,Medium
STU007243,15,GCSE,UK,Homestay,0.859,0.685,70.8,0.515,False,False,1,True,0.784,False,Medium
STU007244,16,A-Level,International,Boarding,0.895,0.781,83.4,0.784,False,False,1,True,0.881,False,Low
STU007245,17,A-Level,UK,Day,0.831,0.944,74.8,0.802,False,False,1,True,0.736,False,Low
STU007246,15,GCSE,International,Day,0.903,0.801,70.7,0.766,False,False,0,True,0.885,False,Medium
STU007247,16,A-Level,International,Boarding,0.787,0.7,64.1,0.617,False,False,0,True,0.964,False,High
STU007248,19,Foundation,UK,Boarding,0.863,0.828,75.1,0.665,False,False,2,True,0.755,False,Medium
STU007249,16,GCSE,UK,Homestay,0.819,0.787,81.3,0.72,False,False,2,True,0.867,False,Medium
STU007250,19,Foundation,International,Boarding,0.914,0.843,76.5,0.888,False,False,0,True,0.764,False,Low
STU007251,17,Foundation,UK,Boarding,0.832,0.914,88.0,0.911,False,False,2,True,0.858,False,Low
STU007252,18,EAP,International,Homestay,0.861,0.713,74.8,0.879,False,False,3,False,0.581,True,Medium
STU007253,17,A-Level,UK,Boarding,1.0,0.819,73.5,0.822,True,False,1,True,0.771,False,Medium
STU007254,17,EAP,UK,Homestay,0.961,0.746,73.2,0.527,False,False,3,True,0.91,False,Medium
STU007255,17,A-Level,UK,Homestay,0.942,0.792,78.1,0.7,False,False,0,True,0.798,False,Low
STU007256,17,A-Level,International,Homestay,0.925,0.863,92.0,0.779,True,False,2,True,0.804,True,Low
STU007257,14,GCSE,UK,Day,0.936,0.722,79.9,0.67,False,False,2,True,0.943,False,Medium
STU007258,16,GCSE,UK,Boarding,0.802,0.683,62.8,0.579,False,False,2,True,0.812,True,High
STU007259,19,Foundation,EU,Day,0.808,0.911,90.0,0.616,False,False,3,True,0.898,False,Low
STU007260,17,A-Level,UK,Day,0.71,0.83,88.0,0.881,False,False,1,True,0.732,False,Medium
STU007261,17,A-Level,UK,Day,0.914,0.833,71.1,0.605,False,False,2,True,0.82,False,Medium
STU007262,15,GCSE,UK,Homestay,0.781,0.663,59.6,0.624,True,False,2,True,0.73,False,High
STU007263,17,A-Level,International,Day,0.86,0.858,74.5,0.65,False,False,0,True,0.861,False,Medium
STU007264,15,GCSE,International,Day,0.878,0.617,62.7,0.621,False,False,1,True,0.774,False,High
STU007265,19,Foundation,UK,Day,0.857,0.902,88.3,0.815,False,False,0,True,0.832,False,Low
STU007266,14,GCSE,UK,Day,0.825,0.704,76.4,0.756,True,False,2,True,0.841,True,Medium
STU007267,15,GCSE,EU,Boarding,0.828,0.585,64.7,0.534,True,False,1,True,0.92,False,High
STU007268,17,A-Level,International,Day,0.873,0.733,75.1,0.749,False,False,1,True,0.757,False,Medium
STU007269,17,A-Level,UK,Day,0.792,0.727,76.0,0.693,False,False,1,True,0.838,False,Medium
STU007270,17,A-Level,UK,Boarding,0.917,0.874,79.5,0.708,False,False,0,False,0.692,False,Low
STU007271,17,A-Level,UK,Day,1.0,0.727,76.3,0.688,False,False,1,True,1.0,False,Low
STU007272,19,EAP,International,Day,0.919,1.0,88.9,0.947,False,False,0,True,0.648,False,Low
STU007273,17,A-Level,International,Homestay,1.0,0.74,80.6,0.676,False,False,2,True,0.737,False,Medium
STU007274,15,GCSE,UK,Homestay,0.86,0.683,75.2,0.561,False,False,3,True,0.672,True,Medium
STU007275,16,A-Level,UK,Day,0.882,0.804,74.6,0.879,False,False,0,True,0.93,True,Low
STU007276,18,Foundation,UK,Day,0.899,0.831,80.7,0.808,False,False,0,True,0.989,True,Low
STU007277,17,A-Level,UK,Homestay,0.888,0.691,74.1,0.608,False,False,0,True,0.802,True,Medium
STU007278,15,GCSE,UK,Day,0.982,0.8,81.9,0.762,False,False,2,True,0.857,True,Low
STU007279,17,Foundation,International,Boarding,0.747,0.595,54.9,0.641,False,False,1,True,0.803,True,High
STU007280,16,A-Level,UK,Boarding,0.868,0.869,83.3,0.919,False,False,0,False,0.706,True,Low
STU007281,17,A-Level,International,Boarding,1.0,0.751,78.5,0.771,False,False,0,True,0.944,False,Low
STU007282,15,GCSE,UK,Homestay,0.865,0.779,73.1,0.783,False,False,1,True,0.752,False,Medium
STU007283,15,GCSE,International,Day,0.965,0.759,84.8,0.761,False,False,1,True,0.906,False,Low
STU007284,17,A-Level,EU,Day,0.942,0.817,90.9,0.946,False,False,1,True,0.679,False,Low
STU007285,15,GCSE,UK,Boarding,0.895,0.746,80.6,0.757,False,False,2,True,0.926,True,Medium
STU007286,17,A-Level,International,Homestay,0.922,0.808,75.4,0.904,False,False,1,True,0.748,False,Low
STU007287,17,A-Level,UK,Homestay,0.894,0.864,76.1,0.817,False,False,1,True,0.766,False,Low
STU007288,16,A-Level,EU,Boarding,0.751,0.642,78.8,0.622,False,False,1,True,0.934,True,Medium
STU007289,18,EAP,International,Homestay,0.932,0.952,95.7,0.82,False,False,1,False,0.598,True,Low
STU007290,18,Foundation,UK,Day,0.857,0.727,80.9,0.74,False,False,1,True,0.93,False,Medium
STU007291,18,Foundation,EU,Day,0.804,0.716,67.2,0.673,False,False,0,True,0.816,False,Medium
STU007292,16,GCSE,International,Day,0.927,0.721,80.7,0.618,False,False,2,True,0.93,True,Medium
STU007293,14,GCSE,International,Day,0.922,0.869,94.8,0.908,False,False,1,True,0.867,True,Low
STU007294,18,A-Level,International,Boarding,0.969,0.749,91.9,0.539,False,False,1,True,0.805,False,Low
STU007295,15,GCSE,UK,Homestay,0.825,0.774,68.6,0.831,True,False,1,True,0.741,False,Medium
STU007296,18,EAP,International,Boarding,0.96,0.852,96.6,0.672,False,False,0,True,0.692,False,Low
STU007297,16,GCSE,International,Boarding,0.901,0.831,68.6,0.801,False,False,1,True,0.747,True,Medium
STU007298,18,A-Level,International,Day,0.924,0.814,90.2,0.696,False,False,0,True,0.763,False,Low
STU007299,17,A-Level,International,Boarding,0.87,0.755,66.8,0.484,True,False,1,True,0.702,False,High
STU007300,17,A-Level,UK,Day,0.807,0.779,83.5,0.851,False,False,1,True,0.906,False,Low
STU007301,15,GCSE,UK,Boarding,0.926,0.803,67.7,0.459,False,False,1,True,0.932,False,Medium
STU007302,17,A-Level,International,Day,0.907,0.863,91.5,0.854,False,False,0,True,0.862,False,Low
STU007303,16,A-Level,International,Boarding,0.881,0.586,67.2,0.762,False,False,2,True,0.84,True,Medium
STU007304,17,Foundation,EU,Day,0.908,0.89,79.5,0.915,False,False,0,True,0.863,True,Low
STU007305,16,GCSE,International,Boarding,1.0,1.0,99.2,0.855,False,False,0,True,0.908,False,Low
STU007306,16,EAP,International,Day,0.692,0.708,59.7,0.742,True,False,4,True,0.793,False,High
STU007307,17,Foundation,International,Day,0.891,0.847,78.2,0.889,False,False,0,False,0.8,False,Low
STU007308,17,A-Level,International,Day,0.957,0.84,95.0,0.881,False,False,2,True,0.872,False,Low
STU007309,17,Foundation,International,Boarding,0.813,0.916,84.9,0.8,False,False,0,False,0.737,False,Low
STU007310,15,GCSE,International,Boarding,0.926,0.806,84.7,0.707,False,False,1,True,0.87,False,Low
STU007311,18,EAP,International,Homestay,0.855,0.627,64.9,0.721,True,False,1,True,0.768,False,High
STU007312,17,A-Level,UK,Boarding,0.789,0.752,65.7,0.718,False,False,1,True,0.774,True,Medium
STU007313,17,A-Level,UK,Day,0.859,0.7,74.1,0.705,False,False,1,True,0.83,False,Medium
STU007314,17,A-Level,UK,Boarding,0.974,0.71,75.8,1.0,True,False,2,True,0.848,True,Low
STU007315,15,GCSE,UK,Day,0.789,0.726,69.9,0.675,False,False,4,True,0.774,False,Medium
STU007316,18,EAP,UK,Day,0.869,0.757,74.8,0.653,False,False,1,True,0.844,False,Medium
STU007317,15,GCSE,International,Boarding,0.888,0.758,80.3,0.715,False,False,2,True,0.817,False,Medium
STU007318,17,A-Level,International,Day,0.9,0.74,71.4,0.655,False,False,4,True,0.94,False,Medium
STU007319,18,A-Level,UK,Day,0.871,0.894,89.4,0.977,False,False,0,True,0.789,False,Low
STU007320,17,EAP,International,Boarding,0.906,0.781,89.3,0.819,False,False,2,True,0.797,False,Low
STU007321,15,GCSE,EU,Boarding,0.898,0.738,82.6,0.81,False,False,1,True,0.945,False,Low
STU007322,16,A-Level,UK,Boarding,0.95,0.76,91.1,0.839,False,False,1,True,0.92,True,Low
STU007323,17,A-Level,International,Day,0.959,0.858,92.8,0.895,False,False,1,True,0.773,True,Low
STU007324,17,Foundation,UK,Homestay,0.931,0.871,91.0,0.827,False,False,1,True,0.802,False,Low
STU007325,15,GCSE,International,Boarding,0.917,0.61,69.6,0.695,False,False,2,True,0.806,False,Medium
STU007326,16,GCSE,UK,Homestay,0.791,0.771,82.1,0.691,False,False,1,True,0.898,False,Medium
STU007327,15,GCSE,EU,Boarding,0.908,0.721,75.0,0.591,False,False,2,True,0.842,False,Medium
STU007328,18,Foundation,International,Boarding,0.978,0.813,93.6,0.802,False,False,0,True,0.792,False,Low
STU007329,16,GCSE,UK,Day,0.787,0.932,95.4,0.9,False,False,0,True,0.76,False,Low
STU007330,17,A-Level,International,Boarding,0.808,0.877,87.2,0.802,False,False,0,True,0.837,False,Low
STU007331,15,GCSE,UK,Boarding,1.0,0.9,87.4,0.767,False,False,2,True,0.8,False,Low
STU007332,18,Foundation,EU,Day,0.795,0.767,83.0,0.979,False,False,1,True,0.96,False,Low
STU007333,17,EAP,International,Boarding,0.893,0.889,83.7,0.729,False,False,0,True,0.721,False,Low
STU007334,18,A-Level,International,Boarding,0.861,0.717,71.5,0.779,False,False,0,True,0.991,False,Medium
STU007335,16,A-Level,UK,Boarding,1.0,0.831,77.0,0.764,False,False,2,True,0.845,False,Low
STU007336,16,GCSE,UK,Day,0.921,0.822,85.2,0.72,False,False,0,True,0.736,True,Low
STU007337,14,GCSE,International,Day,0.955,0.685,74.2,0.807,False,False,1,True,0.754,False,Medium
STU007338,17,A-Level,UK,Day,0.852,0.824,77.7,0.802,False,True,0,True,0.705,True,Medium
STU007339,16,A-Level,EU,Boarding,1.0,0.793,80.2,0.776,False,False,1,True,0.863,False,Low
STU007340,16,A-Level,International,Day,0.787,0.586,58.3,0.572,True,False,4,True,0.973,False,High
STU007341,18,EAP,EU,Day,0.924,0.821,80.9,1.0,False,False,0,True,0.832,False,Low
STU007342,17,A-Level,UK,Homestay,0.988,0.952,100.0,0.807,False,False,1,True,0.921,True,Low
STU007343,17,A-Level,EU,Day,0.968,0.728,68.2,0.622,True,False,2,True,0.993,False,Medium
STU007344,17,A-Level,International,Boarding,0.881,0.746,71.1,0.624,False,False,4,True,0.968,False,Medium
STU007345,17,A-Level,International,Homestay,0.7,0.843,67.2,0.865,True,False,0,True,0.83,False,Medium
STU007346,17,A-Level,International,Boarding,0.873,0.969,90.4,1.0,False,False,2,True,0.86,False,Low
STU007347,17,A-Level,UK,Boarding,1.0,0.89,85.0,0.84,False,False,2,True,0.891,False,Low
STU007348,17,A-Level,UK,Homestay,0.785,0.607,53.9,0.605,True,False,3,False,0.524,False,High
STU007349,18,Foundation,UK,Homestay,0.92,0.79,92.3,0.834,False,False,0,True,0.749,False,Low
STU007350,16,EAP,EU,Boarding,0.879,0.834,64.6,0.759,False,False,0,True,0.766,False,Medium
STU007351,17,A-Level,UK,Day,0.895,0.757,73.2,0.822,False,False,0,True,0.863,False,Medium
STU007352,15,GCSE,EU,Day,0.992,0.723,79.0,0.818,False,False,2,True,0.82,False,Low
STU007353,17,A-Level,International,Homestay,0.918,0.754,84.6,0.759,False,False,0,True,0.94,False,Low
STU007354,16,A-Level,International,Homestay,0.978,0.815,75.0,0.731,True,False,1,True,1.0,True,Medium
STU007355,15,GCSE,UK,Homestay,0.928,0.724,70.5,0.696,True,False,0,True,0.801,False,Medium
STU007356,18,Foundation,International,Boarding,0.909,0.953,88.7,0.903,False,False,2,True,1.0,False,Low
STU007357,17,EAP,International,Day,0.893,0.761,75.9,0.779,False,False,0,True,0.903,True,Medium
STU007358,17,EAP,UK,Day,0.923,0.9,78.7,1.0,False,False,0,True,0.716,True,Low
STU007359,16,GCSE,UK,Day,0.814,0.786,89.4,0.954,False,False,1,True,0.976,False,Low
STU007360,18,Foundation,International,Boarding,0.826,0.743,79.9,0.706,False,False,2,True,0.88,False,Medium
STU007361,18,Foundation,UK,Day,0.953,0.745,86.1,0.766,False,False,1,True,0.72,False,Low
STU007362,16,A-Level,UK,Day,0.964,0.949,87.9,0.778,False,False,0,True,0.822,False,Low
STU007363,18,A-Level,UK,Homestay,0.807,0.796,74.8,0.636,False,False,1,True,0.823,False,Medium
STU007364,17,Foundation,UK,Day,0.914,0.761,85.6,0.893,False,True,3,True,0.722,False,Medium
STU007365,17,A-Level,International,Homestay,0.888,0.939,81.2,0.892,False,False,2,True,0.893,True,Low
STU007366,18,A-Level,International,Day,0.794,0.854,80.3,0.819,True,False,1,True,1.0,False,Medium
STU007367,17,A-Level,EU,Homestay,0.878,0.829,81.1,0.72,False,False,1,True,0.819,False,Low
STU007368,18,A-Level,International,Day,0.962,0.932,86.3,0.757,False,False,1,True,0.916,False,Low
STU007369,15,GCSE,International,Day,0.943,0.738,64.5,0.515,False,False,2,True,0.754,False,Medium
STU007370,17,EAP,International,Boarding,0.9,0.847,70.4,0.726,False,True,0,True,0.874,False,Medium
STU007371,16,A-Level,UK,Homestay,0.868,0.781,85.1,0.629,False,True,0,False,0.774,False,Medium
STU007372,17,A-Level,EU,Day,0.82,0.629,74.2,0.586,False,False,1,True,0.73,True,High
STU007373,14,GCSE,UK,Boarding,0.895,0.784,64.8,0.626,True,False,1,True,0.654,False,High
STU007374,17,A-Level,UK,Homestay,0.868,0.801,66.5,0.704,False,False,0,True,0.96,False,Medium
STU007375,15,GCSE,UK,Day,1.0,0.776,74.3,0.777,False,False,0,True,0.628,False,Low
STU007376,16,GCSE,UK,Homestay,0.873,0.717,73.1,0.886,False,False,0,False,0.812,False,Medium
STU007377,17,A-Level,UK,Day,1.0,0.947,95.0,0.94,False,False,0,True,0.987,False,Low
STU007378,17,A-Level,UK,Day,0.816,0.631,52.8,0.541,True,False,4,True,0.671,False,High
STU007379,18,A-Level,International,Day,0.856,0.659,83.8,0.739,True,False,0,True,0.725,False,Medium
STU007380,14,GCSE,UK,Day,0.879,0.845,81.7,0.63,False,False,0,True,0.891,False,Medium
STU007381,17,A-Level,International,Day,0.812,0.795,85.8,0.733,False,False,1,True,0.863,True,Medium
STU007382,16,GCSE,International,Day,0.993,0.957,90.9,0.934,False,False,0,True,0.818,True,Low
STU007383,17,EAP,EU,Day,0.849,0.709,69.8,0.682,True,False,1,True,0.888,False,High
STU007384,17,A-Level,UK,Boarding,0.944,0.689,72.2,0.656,False,False,0,True,0.664,True,Medium
STU007385,17,A-Level,International,Boarding,1.0,0.787,79.8,0.806,False,False,0,True,0.906,True,Low
STU007386,17,A-Level,UK,Boarding,0.827,0.883,81.7,0.835,True,False,0,True,0.874,False,Medium
STU007387,15,GCSE,International,Day,0.894,0.909,89.0,0.973,False,False,0,True,0.778,True,Low
STU007388,18,EAP,International,Homestay,0.91,0.72,69.1,0.736,False,False,1,True,0.957,True,Medium
STU007389,17,A-Level,UK,Day,0.81,0.749,58.5,0.73,False,False,1,True,0.851,False,Medium
STU007390,16,A-Level,UK,Day,0.772,0.779,73.9,0.73,False,False,1,True,0.89,True,Medium
STU007391,17,A-Level,UK,Boarding,0.795,0.63,78.4,0.537,False,False,2,False,0.44,True,High
STU007392,16,GCSE,International,Boarding,0.987,0.799,76.9,0.597,False,False,0,True,0.626,False,Medium
STU007393,19,Foundation,International,Day,0.877,0.903,62.9,0.814,False,False,0,True,0.825,True,Low
STU007394,17,A-Level,International,Day,0.955,0.963,89.4,0.735,False,False,0,True,0.809,True,Low
STU007395,17,A-Level,UK,Homestay,0.813,0.494,58.6,0.498,True,False,2,True,0.71,False,High
STU007396,16,GCSE,UK,Boarding,0.79,0.835,72.4,0.768,False,False,1,False,0.811,True,Medium
STU007397,15,GCSE,UK,Day,0.961,0.88,69.6,0.77,False,False,0,True,0.87,True,Low
STU007398,18,Foundation,International,Homestay,0.838,0.806,81.5,0.758,False,False,2,True,0.693,False,Medium
STU007399,16,A-Level,UK,Day,0.878,0.63,72.2,0.576,True,False,0,True,0.842,False,High
STU007400,16,GCSE,UK,Boarding,0.965,0.793,76.1,0.559,False,False,1,True,0.822,False,Medium
STU007401,15,GCSE,International,Day,0.897,0.727,68.7,0.662,False,False,0,True,0.765,False,Medium
STU007402,17,A-Level,EU,Day,0.933,0.865,67.1,0.776,False,False,1,True,0.885,False,Low
STU007403,16,A-Level,EU,Day,0.8,0.747,91.4,0.625,False,False,0,True,0.998,True,Medium
STU007404,17,A-Level,UK,Boarding,1.0,0.918,84.2,0.668,False,False,1,True,0.659,False,Low
STU007405,17,A-Level,EU,Day,0.931,0.873,86.9,0.724,False,False,2,True,0.749,False,Low
STU007406,15,GCSE,International,Boarding,0.955,0.682,76.8,0.764,False,False,1,True,0.833,False,Medium
STU007407,17,A-Level,EU,Homestay,0.965,0.92,88.1,0.954,False,False,1,True,0.853,False,Low
STU007408,18,EAP,UK,Boarding,0.813,0.807,71.7,0.733,True,False,2,True,0.917,False,Medium
STU007409,14,GCSE,UK,Day,0.905,0.614,74.2,0.561,False,False,1,True,0.802,False,Medium
STU007410,17,A-Level,UK,Day,0.976,0.748,82.1,0.547,False,False,0,True,0.717,True,Medium
STU007411,16,A-Level,EU,Day,0.874,0.7,74.7,0.449,False,False,2,True,0.699,True,High
STU007412,17,A-Level,UK,Day,0.927,0.66,84.6,0.808,False,False,0,True,0.706,False,Medium
STU007413,16,A-Level,International,Homestay,0.933,0.805,81.4,0.643,False,False,1,True,0.928,False,Low
STU007414,18,Foundation,EU,Homestay,0.804,0.688,69.2,0.743,True,False,1,True,0.733,False,High
STU007415,16,A-Level,International,Day,0.931,0.897,86.7,0.911,False,False,1,True,0.836,False,Low
STU007416,18,A-Level,UK,Day,0.781,0.779,75.4,0.772,False,False,0,True,0.875,True,Medium
STU007417,17,A-Level,International,Homestay,0.964,0.816,88.1,0.757,False,False,1,True,1.0,False,Low
STU007418,15,GCSE,EU,Boarding,1.0,0.949,78.4,1.0,False,False,3,False,0.683,False,Low
STU007419,15,GCSE,UK,Boarding,0.963,0.733,81.8,0.708,False,False,0,True,0.744,False,Medium
STU007420,18,Foundation,International,Day,1.0,0.829,81.6,0.722,False,False,1,True,0.829,False,Low
STU007421,16,GCSE,UK,Day,0.847,0.735,76.7,0.751,False,False,6,True,0.772,False,Medium
STU007422,16,A-Level,EU,Homestay,0.884,0.864,85.4,0.841,False,False,0,True,0.769,False,Low
STU007423,17,A-Level,UK,Day,0.909,0.691,73.6,0.449,False,False,3,True,0.765,True,Medium
STU007424,18,A-Level,EU,Homestay,0.909,0.781,87.4,0.892,False,False,0,True,0.916,False,Low
STU007425,17,A-Level,EU,Day,0.869,0.647,70.5,0.546,False,False,0,True,0.753,False,Medium
STU007426,16,A-Level,UK,Homestay,0.836,0.605,66.1,0.48,False,False,0,True,0.846,False,High
STU007427,14,GCSE,International,Boarding,0.969,0.758,74.1,0.693,True,False,3,True,0.716,False,Medium
STU007428,16,A-Level,International,Day,0.842,0.729,70.9,0.601,False,False,2,True,1.0,False,Medium
STU007429,18,A-Level,International,Day,1.0,0.882,80.3,0.85,False,False,0,True,0.858,False,Low
STU007430,17,A-Level,UK,Boarding,0.935,0.856,94.8,0.813,False,False,3,True,0.82,False,Low
STU007431,18,A-Level,UK,Day,0.914,0.787,77.9,0.798,False,False,1,False,0.548,False,Medium
STU007432,18,A-Level,International,Boarding,0.938,0.825,70.3,0.919,False,False,0,True,0.845,False,Low
STU007433,15,GCSE,UK,Day,1.0,0.737,79.0,0.742,False,False,2,True,0.863,False,Low
STU007434,14,GCSE,International,Day,0.716,0.671,62.2,0.696,False,False,2,True,0.746,False,High
STU007435,14,GCSE,UK,Boarding,0.925,0.684,72.9,0.546,False,False,2,True,0.833,True,Medium
STU007436,18,Foundation,UK,Boarding,0.869,0.97,79.6,0.834,True,False,1,True,0.852,False,Low
STU007437,15,GCSE,International,Day,0.913,0.945,80.5,0.681,False,False,0,True,0.757,False,Low
STU007438,15,GCSE,International,Day,0.966,0.865,87.5,0.731,False,False,0,True,0.939,False,Low
STU007439,17,A-Level,International,Boarding,0.797,0.591,66.7,0.632,True,False,2,True,0.785,False,High
STU007440,16,GCSE,International,Boarding,0.819,0.737,83.0,0.687,False,False,1,True,0.861,True,Medium
STU007441,17,A-Level,International,Day,0.803,0.75,86.8,0.667,False,False,5,True,0.966,False,Medium
STU007442,15,GCSE,EU,Day,0.836,0.48,64.8,0.447,False,False,2,True,0.687,True,High
STU007443,16,GCSE,International,Day,0.948,0.886,85.6,0.905,False,False,1,True,0.838,False,Low
STU007444,16,A-Level,International,Boarding,0.935,0.692,79.2,0.693,False,False,1,True,0.781,False,Medium
STU007445,16,A-Level,International,Boarding,0.962,0.801,75.2,0.738,False,False,0,False,0.583,False,Medium
STU007446,17,Foundation,UK,Day,0.791,0.602,61.4,0.662,True,False,3,True,0.775,False,High
STU007447,16,A-Level,International,Boarding,0.871,0.806,76.3,0.805,False,False,1,True,1.0,False,Low
STU007448,17,A-Level,UK,Day,1.0,0.81,81.0,0.741,False,False,1,True,0.904,True,Low
STU007449,17,A-Level,UK,Boarding,0.971,0.92,83.9,0.915,False,False,1,True,0.834,False,Low
STU007450,15,GCSE,UK,Day,0.953,0.982,98.4,0.984,False,False,0,True,0.707,True,Low
STU007451,18,A-Level,UK,Boarding,0.733,0.778,77.7,0.833,True,False,0,True,0.845,True,Medium
STU007452,16,A-Level,UK,Boarding,1.0,1.0,86.3,0.83,False,False,2,False,0.556,True,Low
STU007453,17,A-Level,International,Homestay,0.894,0.738,60.3,0.683,False,False,2,True,0.916,False,Medium
STU007454,16,A-Level,International,Homestay,0.843,0.788,70.9,0.598,True,False,3,True,0.749,True,High
STU007455,18,Foundation,UK,Boarding,0.858,0.633,75.2,0.693,True,False,2,True,0.754,False,High
STU007456,18,EAP,International,Homestay,0.912,0.653,77.9,0.708,False,False,0,False,0.698,False,Medium
STU007457,18,A-Level,EU,Day,0.888,0.862,81.4,0.799,False,False,0,True,0.798,True,Low
STU007458,17,A-Level,EU,Day,0.831,0.827,72.0,0.671,True,False,0,True,0.879,False,Medium
STU007459,14,GCSE,UK,Homestay,0.866,0.668,68.4,0.667,True,False,1,True,0.891,True,High
STU007460,17,A-Level,International,Homestay,0.959,0.872,74.4,0.745,False,False,0,True,0.76,False,Low
STU007461,16,A-Level,UK,Boarding,0.985,0.819,82.7,0.848,False,False,0,True,0.967,False,Low
STU007462,16,A-Level,UK,Day,0.766,0.822,59.4,0.725,False,True,2,False,0.801,False,High
STU007463,18,EAP,UK,Homestay,0.862,0.87,69.6,0.745,False,False,0,True,0.981,False,Medium
STU007464,16,A-Level,International,Day,0.96,0.866,85.6,0.764,False,False,0,True,0.745,True,Low
STU007465,17,A-Level,International,Day,0.758,0.574,63.0,0.634,True,False,2,True,0.714,True,High
STU007466,17,A-Level,UK,Boarding,0.911,0.878,75.4,0.841,False,False,0,True,0.85,True,Low
STU007467,18,Foundation,UK,Day,0.845,0.613,77.6,0.667,False,False,3,True,0.714,True,Medium
STU007468,16,A-Level,International,Day,0.939,0.809,79.2,0.717,False,False,0,True,0.971,False,Low
STU007469,18,A-Level,International,Homestay,0.841,0.614,71.5,0.5,False,False,3,True,0.668,False,High
STU007470,17,A-Level,UK,Day,0.875,0.748,81.9,0.615,False,False,2,True,0.878,False,Medium
STU007471,19,Foundation,International,Homestay,0.88,0.798,73.5,0.748,False,False,0,True,0.914,False,Medium
STU007472,15,GCSE,International,Homestay,0.917,0.8,69.4,0.69,False,False,1,False,0.796,False,Medium
STU007473,18,Foundation,UK,Homestay,0.967,0.644,70.0,0.58,False,False,1,True,0.787,True,Medium
STU007474,17,A-Level,EU,Homestay,0.898,0.671,66.2,0.759,True,False,0,True,0.874,True,Medium
STU007475,17,A-Level,UK,Boarding,0.914,0.916,82.4,0.656,False,False,0,True,0.955,True,Low
STU007476,16,A-Level,International,Boarding,0.822,0.747,74.7,0.526,False,False,0,False,0.699,False,High
STU007477,17,A-Level,UK,Homestay,1.0,0.911,83.5,0.844,False,False,1,True,0.763,False,Low
STU007478,16,GCSE,UK,Day,0.822,0.621,71.4,0.764,True,True,4,True,0.648,False,High
STU007479,18,Foundation,International,Day,0.919,0.739,86.1,0.501,False,False,1,True,0.741,True,Medium
STU007480,16,A-Level,International,Boarding,0.863,0.783,64.6,0.764,True,False,0,True,0.731,True,High
STU007481,17,A-Level,UK,Boarding,0.925,0.777,73.2,0.74,False,False,0,True,0.95,False,Medium
STU007482,16,GCSE,UK,Boarding,0.841,0.655,70.9,0.678,False,False,1,True,0.66,False,Medium
STU007483,17,A-Level,UK,Boarding,0.931,0.72,70.7,0.634,False,False,0,True,0.925,False,Medium
STU007484,16,A-Level,International,Boarding,1.0,0.943,90.1,0.781,False,False,0,True,0.75,False,Low
STU007485,18,A-Level,International,Boarding,0.698,0.666,58.5,0.602,True,False,0,True,0.921,False,High
STU007486,17,A-Level,EU,Day,0.902,0.984,85.3,1.0,False,False,0,True,0.916,True,Low
STU007487,17,A-Level,EU,Day,0.821,0.828,89.3,0.782,False,False,0,False,0.791,False,Low
STU007488,18,EAP,International,Boarding,0.901,0.687,83.2,0.762,True,False,1,True,0.779,False,Medium
STU007489,18,A-Level,EU,Day,0.949,0.71,86.6,0.872,True,False,2,True,0.932,False,Medium
STU007490,19,Foundation,International,Homestay,0.891,0.851,78.0,0.887,False,False,1,True,0.728,False,Low
STU007491,16,GCSE,EU,Homestay,0.851,0.746,73.2,0.517,True,False,4,True,0.893,False,High
STU007492,16,A-Level,International,Boarding,0.775,0.804,81.5,0.757,True,False,1,True,0.828,False,Medium
STU007493,18,A-Level,UK,Homestay,0.735,0.625,62.2,0.692,False,False,0,False,0.716,False,High
STU007494,16,A-Level,UK,Boarding,0.81,0.69,55.7,0.605,True,False,3,True,0.779,False,High
STU007495,18,Foundation,UK,Day,0.885,0.702,79.3,0.654,False,False,0,True,0.909,False,Medium
STU007496,15,GCSE,International,Boarding,0.872,0.711,58.3,0.675,True,False,1,True,0.773,False,High
STU007497,15,GCSE,UK,Day,0.671,0.552,59.7,0.63,False,False,1,True,0.923,False,High
STU007498,18,Foundation,UK,Day,0.779,0.854,68.9,0.868,False,False,1,True,0.756,False,Medium
STU007499,15,GCSE,International,Day,0.727,0.552,57.2,0.33,True,False,3,False,0.656,False,High
STU007500,18,A-Level,International,Boarding,0.868,0.58,78.1,0.535,True,False,2,True,0.805,False,High
STU007501,16,A-Level,International,Boarding,0.863,0.692,76.5,0.716,True,False,1,True,0.773,False,Medium
STU007502,18,Foundation,UK,Day,0.762,0.601,77.0,0.706,False,True,0,True,0.676,False,High
STU007503,16,GCSE,International,Day,0.881,0.656,78.7,0.74,False,False,0,True,0.705,False,Medium
STU007504,14,GCSE,UK,Boarding,0.859,0.646,61.5,0.662,False,False,0,False,0.614,True,High
STU007505,17,A-Level,UK,Day,1.0,0.883,85.8,0.83,False,False,0,True,0.745,True,Low
STU007506,18,EAP,UK,Day,0.873,0.693,75.5,0.602,False,False,1,True,0.909,True,Medium
STU007507,17,A-Level,EU,Boarding,0.87,0.892,90.0,0.993,False,False,2,True,0.836,False,Low
STU007508,17,A-Level,UK,Day,0.843,0.748,84.4,0.779,False,False,2,True,0.905,True,Medium
STU007509,16,A-Level,EU,Day,0.767,0.808,71.4,0.75,False,False,2,True,0.887,False,Medium
STU007510,19,EAP,International,Day,0.945,0.776,80.7,0.697,False,False,2,True,1.0,False,Low
STU007511,17,Foundation,UK,Boarding,0.881,0.867,78.9,0.706,False,False,0,True,0.682,False,Medium
STU007512,17,EAP,UK,Homestay,0.873,0.796,86.9,0.854,False,False,1,True,0.868,False,Low
STU007513,14,GCSE,UK,Homestay,0.887,0.821,75.5,0.687,False,True,2,True,0.792,False,Medium
STU007514,15,GCSE,International,Boarding,0.79,0.736,75.1,0.717,False,False,1,False,0.739,True,Medium
STU007515,17,A-Level,UK,Day,1.0,0.734,80.4,0.706,False,False,0,True,0.889,False,Low
STU007516,19,Foundation,UK,Day,0.773,0.798,76.0,0.567,False,False,1,True,0.856,True,Medium
STU007517,17,A-Level,UK,Day,1.0,1.0,91.9,0.933,False,False,1,True,0.926,True,Low
STU007518,15,GCSE,International,Boarding,0.899,0.749,85.0,0.627,False,False,0,True,0.974,False,Medium
STU007519,19,Foundation,UK,Boarding,0.873,0.827,70.9,0.882,False,False,0,True,0.802,False,Low
STU007520,15,GCSE,UK,Boarding,0.947,0.863,87.6,0.656,False,False,3,True,0.661,True,Low
STU007521,17,A-Level,UK,Day,0.876,0.781,81.4,0.725,False,False,0,True,0.86,False,Medium
STU007522,17,A-Level,International,Day,0.965,0.885,85.8,0.738,False,False,0,False,0.856,True,Low
STU007523,17,A-Level,UK,Day,0.922,0.83,79.6,0.739,False,False,1,True,0.881,False,Low
STU007524,19,Foundation,International,Boarding,0.95,0.9,99.5,0.898,False,False,2,True,0.898,False,Low
STU007525,16,A-Level,UK,Day,0.946,0.862,81.5,0.972,False,True,1,True,0.798,False,Low
STU007526,17,A-Level,International,Boarding,0.847,0.647,76.9,0.661,True,False,1,True,0.61,False,High
STU007527,17,A-Level,EU,Day,0.968,0.939,100.0,0.8,False,False,0,False,0.612,False,Low
STU007528,18,A-Level,International,Boarding,0.936,0.933,79.7,0.739,False,False,0,True,0.735,False,Low
STU007529,18,A-Level,UK,Day,0.993,0.883,84.9,0.807,False,False,0,True,0.834,False,Low
STU007530,17,A-Level,UK,Day,0.874,0.858,68.5,0.657,False,False,0,True,0.908,False,Medium
STU007531,15,GCSE,UK,Day,0.996,0.747,71.5,0.654,False,False,1,True,0.864,False,Medium
STU007532,15,GCSE,International,Day,0.846,0.823,83.6,0.75,False,False,0,True,0.703,False,Medium
STU007533,15,GCSE,International,Day,0.76,0.701,71.8,0.699,False,False,1,True,0.837,False,Medium
STU007534,18,A-Level,UK,Homestay,0.73,0.71,66.3,0.767,True,False,2,False,0.886,True,High
STU007535,19,Foundation,International,Day,0.771,0.65,79.6,0.678,True,True,4,True,0.846,False,High
STU007536,19,Foundation,UK,Day,0.918,0.811,79.6,0.788,False,False,3,True,0.715,False,Low
STU007537,17,Foundation,International,Boarding,0.901,0.635,67.8,0.848,False,False,1,True,0.833,False,Medium
STU007538,18,A-Level,UK,Boarding,0.915,0.693,69.6,0.834,True,False,2,True,0.937,True,Medium
STU007539,18,A-Level,UK,Day,0.816,0.606,72.3,0.698,False,False,2,True,0.758,False,Medium
STU007540,17,A-Level,EU,Boarding,1.0,0.708,77.4,0.491,False,False,0,True,0.722,False,Medium
STU007541,15,GCSE,International,Boarding,0.994,0.723,73.2,0.651,False,False,1,True,0.869,False,Medium
STU007542,16,GCSE,International,Day,0.965,0.753,77.3,0.893,False,False,0,True,0.855,False,Low
STU007543,17,A-Level,EU,Boarding,0.989,0.863,83.5,1.0,False,False,2,True,0.77,False,Low
STU007544,19,EAP,EU,Day,0.791,0.805,91.3,0.916,False,False,0,True,0.861,False,Low
STU007545,15,GCSE,UK,Day,0.949,1.0,96.1,0.704,False,False,1,True,0.786,False,Low
STU007546,15,GCSE,UK,Homestay,0.952,0.804,80.7,0.719,False,False,0,True,0.93,True,Low
STU007547,19,Foundation,UK,Day,0.968,0.867,88.8,0.904,False,False,0,True,0.84,False,Low
STU007548,17,A-Level,EU,Day,0.959,0.762,83.2,0.854,False,False,0,True,0.685,False,Low
STU007549,19,Foundation,EU,Homestay,0.896,0.538,60.1,0.435,True,False,3,True,0.636,False,High
STU007550,18,Foundation,International,Boarding,0.928,0.908,90.1,0.803,False,False,0,True,0.836,True,Low
STU007551,17,EAP,International,Boarding,0.983,0.991,77.7,0.836,False,False,2,True,0.781,True,Low
STU007552,16,A-Level,UK,Boarding,0.856,0.65,74.3,0.597,False,False,1,True,0.698,True,High
STU007553,17,A-Level,International,Boarding,0.926,0.808,87.6,0.695,False,False,0,False,0.729,False,Low
STU007554,17,A-Level,UK,Boarding,0.861,1.0,79.5,0.769,False,False,1,True,0.784,False,Low
STU007555,18,A-Level,International,Day,0.889,0.941,80.5,0.724,False,False,0,True,0.722,False,Low
STU007556,17,A-Level,UK,Day,0.713,0.754,57.9,0.783,False,False,3,False,0.658,True,High
STU007557,15,GCSE,International,Day,0.839,0.769,74.4,0.919,False,False,2,True,0.817,False,Low
STU007558,16,A-Level,EU,Day,0.869,0.752,91.9,0.855,False,False,1,True,0.89,True,Low
STU007559,17,A-Level,UK,Day,0.87,0.639,61.7,0.795,False,False,2,True,0.673,False,Medium
STU007560,19,Foundation,International,Boarding,0.816,0.709,63.3,0.681,True,False,5,True,0.646,False,High
STU007561,18,Foundation,UK,Day,0.817,0.945,94.1,0.843,False,False,0,True,0.951,False,Low
STU007562,17,A-Level,UK,Day,0.877,0.707,73.6,0.67,False,False,0,True,0.726,False,Medium
STU007563,15,GCSE,International,Boarding,0.976,0.798,76.3,0.704,False,False,0,False,0.689,False,Medium
STU007564,17,Foundation,International,Boarding,0.879,0.741,76.5,0.628,False,False,0,True,0.956,False,Medium
STU007565,17,A-Level,UK,Homestay,0.991,0.791,75.1,0.61,False,False,0,True,0.978,False,Medium
STU007566,18,Foundation,UK,Boarding,0.986,0.862,83.4,0.978,False,False,1,True,0.849,False,Low
STU007567,18,EAP,EU,Homestay,0.859,0.802,81.7,0.819,False,False,0,True,0.814,True,Low
STU007568,16,GCSE,International,Boarding,0.94,0.875,81.2,0.817,False,False,1,True,0.777,False,Low
STU007569,19,Foundation,UK,Boarding,0.808,0.792,79.0,0.728,False,False,0,False,0.766,True,Medium
STU007570,16,GCSE,International,Homestay,0.772,0.786,86.7,0.855,True,False,4,True,0.924,False,Medium
STU007571,18,A-Level,EU,Homestay,0.908,0.832,90.7,0.97,False,False,0,True,0.694,False,Low
STU007572,18,A-Level,UK,Boarding,0.865,0.738,75.2,0.702,True,False,2,True,0.688,False,High
STU007573,15,GCSE,UK,Boarding,1.0,0.886,83.7,0.777,False,False,1,True,0.841,True,Low
STU007574,17,Foundation,EU,Day,0.889,0.885,71.5,0.753,False,False,0,True,0.88,False,Low
STU007575,15,GCSE,International,Homestay,0.912,0.795,86.1,0.607,False,False,1,True,0.984,False,Low
STU007576,16,GCSE,UK,Boarding,0.836,0.602,64.8,0.597,True,False,4,True,0.846,False,High
STU007577,16,A-Level,International,Homestay,1.0,0.86,77.8,0.762,False,False,1,True,0.689,True,Low
STU007578,17,Foundation,UK,Day,0.994,0.804,68.8,0.561,False,False,3,True,0.726,False,Medium
STU007579,16,EAP,EU,Day,0.927,0.773,76.8,0.544,False,False,0,True,0.789,False,Medium
STU007580,18,Foundation,UK,Day,0.956,0.9,86.2,0.802,False,False,0,True,0.72,False,Low
STU007581,17,A-Level,International,Homestay,0.863,0.798,71.3,0.787,True,False,3,True,0.703,True,Medium
STU007582,17,A-Level,International,Homestay,0.941,0.599,75.0,0.624,True,False,3,True,0.723,False,High
STU007583,14,GCSE,UK,Day,0.922,0.816,80.9,0.955,False,True,2,True,0.9,False,Low
STU007584,15,GCSE,International,Boarding,0.879,0.867,73.3,0.692,False,False,1,True,0.849,False,Medium
STU007585,17,A-Level,UK,Day,0.907,0.693,63.9,0.656,False,False,1,True,0.802,False,Medium
STU007586,17,A-Level,International,Day,0.911,0.769,75.2,0.589,False,False,0,True,0.706,True,Medium
STU007587,17,A-Level,International,Day,0.841,0.674,65.9,0.681,True,False,0,True,0.846,False,High
STU007588,18,Foundation,International,Boarding,0.756,0.638,60.6,0.424,True,True,2,True,0.785,False,High
STU007589,17,A-Level,International,Homestay,0.871,0.759,76.9,0.592,True,False,0,True,0.835,False,Medium
STU007590,15,GCSE,International,Day,0.864,0.705,84.0,0.724,False,False,1,True,0.811,False,Medium
STU007591,15,GCSE,International,Boarding,0.859,0.762,67.0,0.549,False,False,1,True,0.794,False,Medium
STU007592,19,Foundation,UK,Boarding,0.813,0.737,68.2,0.652,True,False,3,True,0.782,False,High
STU007593,18,Foundation,UK,Day,0.919,0.879,79.2,0.796,False,False,0,True,0.79,False,Low
STU007594,17,Foundation,International,Homestay,0.986,0.796,72.4,0.678,False,False,1,True,0.889,True,Low
STU007595,16,GCSE,International,Homestay,0.95,0.724,86.7,0.835,False,False,1,True,0.809,False,Low
STU007596,18,EAP,EU,Day,0.978,1.0,90.9,0.953,False,False,0,True,0.763,False,Low
STU007597,14,GCSE,UK,Boarding,1.0,0.764,85.8,0.659,False,False,2,False,0.638,True,Low
STU007598,14,GCSE,International,Day,0.859,0.745,75.3,0.693,False,False,0,True,0.888,False,Medium
STU007599,19,EAP,International,Boarding,0.95,0.89,90.0,0.812,False,False,0,True,0.641,False,Low
STU007600,17,A-Level,UK,Boarding,0.953,0.776,77.8,0.82,False,False,0,True,0.832,False,Low
STU007601,17,A-Level,UK,Day,0.918,0.715,69.3,0.727,False,False,5,True,0.71,True,Medium
STU007602,15,GCSE,UK,Homestay,0.962,0.735,82.0,0.676,False,False,2,False,0.744,False,Medium
STU007603,16,A-Level,UK,Boarding,0.906,0.686,66.1,0.631,False,False,0,True,0.764,False,Medium
STU007604,18,EAP,International,Homestay,0.907,0.741,71.4,0.876,True,False,1,True,0.784,False,Medium
STU007605,16,A-Level,International,Day,0.801,0.716,74.7,0.641,False,False,1,True,0.917,False,Medium
STU007606,17,A-Level,UK,Homestay,0.9,0.787,75.0,0.662,False,False,0,True,0.71,False,Medium
STU007607,14,GCSE,EU,Boarding,0.95,0.825,90.1,0.883,False,False,0,True,0.859,False,Low
STU007608,17,A-Level,International,Day,0.972,0.864,80.1,0.805,False,False,0,True,0.85,False,Low
STU007609,17,A-Level,UK,Day,0.84,0.501,56.6,0.605,False,False,1,True,0.815,True,High
STU007610,15,GCSE,EU,Homestay,0.894,0.809,77.8,0.709,False,False,0,True,0.988,False,Medium
STU007611,16,A-Level,International,Boarding,0.826,0.719,55.0,0.605,False,False,3,True,0.669,False,High
STU007612,15,GCSE,International,Day,0.873,0.813,74.4,0.581,False,False,0,True,0.876,False,Medium
STU007613,18,EAP,EU,Homestay,0.922,0.845,73.1,0.75,False,False,1,True,1.0,False,Low
STU007614,17,A-Level,International,Day,0.928,0.811,82.7,0.705,True,False,4,True,0.801,False,Medium
STU007615,15,GCSE,UK,Day,0.963,0.753,80.4,0.689,False,False,0,True,0.814,False,Low
STU007616,17,A-Level,UK,Boarding,0.857,0.6,72.5,0.743,True,False,1,True,0.896,False,High
STU007617,17,A-Level,UK,Boarding,0.854,0.808,86.1,0.813,False,False,2,True,0.934,False,Low
STU007618,18,Foundation,UK,Day,0.89,0.656,79.3,0.696,False,False,1,True,0.896,True,Medium
STU007619,19,EAP,UK,Boarding,1.0,0.886,91.0,0.829,False,False,1,True,0.826,False,Low
STU007620,16,A-Level,UK,Boarding,0.802,0.761,80.1,0.654,False,False,1,True,0.915,False,Medium
STU007621,17,Foundation,International,Boarding,0.815,0.71,79.5,0.628,False,False,2,False,0.668,False,Medium
STU007622,17,A-Level,International,Boarding,0.912,0.744,70.4,0.779,False,False,2,True,0.73,False,Medium
STU007623,16,GCSE,UK,Day,0.949,0.878,84.9,0.532,False,False,1,True,0.721,True,Medium
STU007624,18,A-Level,UK,Homestay,0.96,0.776,80.6,0.667,False,False,2,True,0.809,True,Low
STU007625,17,A-Level,EU,Day,0.92,0.844,82.3,0.624,False,False,0,True,0.869,False,Low
STU007626,17,A-Level,UK,Homestay,0.794,0.82,86.5,0.599,False,False,0,True,0.826,False,Medium
STU007627,18,Foundation,UK,Day,0.885,0.86,82.6,0.648,False,False,1,True,0.747,False,Medium
STU007628,17,A-Level,International,Day,0.776,0.706,68.2,0.505,False,False,3,True,0.938,False,High
STU007629,18,EAP,UK,Day,0.837,0.877,62.3,0.712,True,True,1,True,0.691,True,High
STU007630,19,Foundation,UK,Boarding,0.932,0.85,80.4,0.755,False,False,3,True,0.749,False,Low
STU007631,17,A-Level,UK,Day,0.891,0.882,85.8,0.75,False,False,0,True,0.781,False,Low
STU007632,17,A-Level,UK,Boarding,0.817,0.783,70.9,0.746,False,False,2,True,0.833,False,Medium
STU007633,17,A-Level,International,Homestay,0.843,0.722,84.8,0.778,False,False,1,True,0.828,False,Medium
STU007634,18,EAP,UK,Day,0.786,0.731,85.3,0.657,False,False,2,True,0.772,False,Medium
STU007635,17,A-Level,EU,Day,0.84,0.658,70.4,0.736,False,True,5,True,0.754,False,High
STU007636,15,GCSE,International,Homestay,1.0,0.858,82.9,0.749,False,False,2,True,0.788,False,Low
STU007637,16,A-Level,UK,Day,0.893,0.767,76.5,0.739,False,False,0,True,0.813,True,Medium
STU007638,16,A-Level,UK,Day,0.798,0.724,82.3,0.625,True,False,1,False,0.808,False,Medium
STU007639,15,GCSE,International,Day,0.915,0.878,89.3,0.646,False,False,2,False,0.655,True,Low
STU007640,16,GCSE,International,Day,0.819,0.65,61.5,0.669,False,False,4,True,0.655,False,High
STU007641,17,A-Level,UK,Day,0.822,0.767,75.3,0.663,False,False,0,True,0.783,False,Medium
STU007642,17,A-Level,UK,Boarding,0.857,0.827,92.7,0.771,False,False,0,True,0.846,False,Low
STU007643,17,A-Level,International,Day,0.962,0.997,96.1,0.896,False,False,1,True,1.0,False,Low
STU007644,16,A-Level,UK,Boarding,0.923,0.849,73.6,0.653,False,False,0,True,0.713,True,Medium
STU007645,16,GCSE,UK,Day,0.84,0.786,69.2,0.608,True,False,4,True,0.864,False,High
STU007646,18,A-Level,UK,Boarding,0.952,0.96,88.5,1.0,False,False,1,True,0.935,False,Low
STU007647,16,A-Level,UK,Day,0.947,0.583,56.3,0.519,True,True,6,False,0.772,True,High
STU007648,15,GCSE,UK,Homestay,0.878,0.595,81.0,0.485,True,False,2,True,0.742,False,High
STU007649,17,A-Level,EU,Boarding,0.829,0.847,90.0,0.849,False,False,1,True,0.815,False,Low
STU007650,18,A-Level,International,Day,0.768,0.715,80.3,0.925,False,False,2,True,0.8,False,Medium
STU007651,15,GCSE,EU,Day,0.778,0.751,80.0,0.854,False,False,0,True,0.918,False,Medium
STU007652,14,GCSE,UK,Day,0.961,0.824,92.6,0.8,False,False,0,True,0.851,False,Low
STU007653,15,GCSE,UK,Day,0.847,0.737,72.4,0.659,False,False,1,True,0.938,True,Medium
STU007654,19,Foundation,International,Boarding,0.957,0.873,90.0,0.778,False,False,0,True,0.82,False,Low
STU007655,17,Foundation,UK,Day,0.868,0.844,97.0,0.819,False,False,3,True,0.789,False,Low
STU007656,18,Foundation,UK,Homestay,0.927,0.93,90.1,0.909,False,False,0,True,0.702,True,Low
STU007657,17,Foundation,UK,Day,0.894,0.767,81.7,0.847,False,True,0,True,0.997,False,Medium
STU007658,18,A-Level,UK,Boarding,0.776,0.528,59.7,0.424,True,False,2,True,0.63,False,High
STU007659,16,A-Level,International,Day,0.958,0.824,76.8,0.64,False,False,0,True,0.709,True,Medium
STU007660,18,A-Level,EU,Day,0.834,0.687,63.3,0.759,False,True,2,True,0.563,False,High
STU007661,15,GCSE,UK,Homestay,0.851,0.762,75.2,0.547,False,False,0,True,0.868,False,Medium
STU007662,17,A-Level,International,Homestay,0.957,0.761,66.5,0.552,False,False,2,True,0.786,True,Medium
STU007663,19,Foundation,UK,Boarding,0.944,0.784,78.5,0.91,False,False,0,True,1.0,True,Low
STU007664,18,A-Level,UK,Boarding,0.932,0.907,81.4,0.8,False,False,0,True,0.756,False,Low
STU007665,17,A-Level,UK,Homestay,0.823,0.851,86.6,0.906,False,False,1,True,0.832,False,Low
STU007666,16,A-Level,International,Boarding,0.873,0.981,81.4,0.859,False,False,1,True,0.727,False,Low
STU007667,17,A-Level,UK,Day,0.875,0.796,74.7,0.612,True,False,0,True,0.874,True,Medium
STU007668,17,A-Level,UK,Day,1.0,0.707,68.3,0.778,True,False,3,True,0.636,False,Medium
STU007669,18,Foundation,UK,Boarding,1.0,0.822,83.6,0.735,False,False,0,True,0.772,False,Low
STU007670,17,A-Level,UK,Boarding,0.867,0.721,79.8,0.547,False,False,1,True,0.686,False,Medium
STU007671,17,Foundation,International,Boarding,0.854,0.869,81.5,0.908,False,False,1,True,0.839,True,Low
STU007672,17,A-Level,International,Day,0.977,0.725,65.6,0.74,True,False,1,True,0.688,False,Medium
STU007673,18,Foundation,International,Homestay,0.942,0.917,90.1,0.966,False,False,1,True,0.799,False,Low
STU007674,16,A-Level,International,Boarding,0.867,0.769,91.5,0.753,False,False,0,True,0.806,False,Low
STU007675,17,A-Level,International,Boarding,0.86,0.659,67.3,0.717,True,False,0,True,0.725,False,High
STU007676,17,A-Level,UK,Day,0.813,0.74,78.0,0.785,False,False,1,True,0.728,False,Medium
STU007677,18,Foundation,UK,Homestay,0.971,0.817,76.3,0.795,False,False,0,True,0.797,False,Low
STU007678,16,EAP,UK,Boarding,0.998,1.0,86.6,0.821,False,False,1,True,0.695,False,Low
STU007679,15,GCSE,UK,Boarding,1.0,0.967,84.6,0.809,False,False,0,True,0.781,False,Low
STU007680,15,GCSE,UK,Homestay,0.979,0.932,92.8,0.92,False,False,1,True,0.788,False,Low
STU007681,18,EAP,UK,Homestay,0.878,0.702,73.3,0.855,False,False,1,True,0.835,True,Medium
STU007682,17,A-Level,UK,Day,0.963,0.96,84.2,0.785,False,False,0,True,0.803,False,Low
STU007683,17,A-Level,EU,Homestay,0.938,0.59,72.7,0.695,True,False,2,True,0.738,True,High
STU007684,16,A-Level,International,Boarding,0.966,0.74,66.1,0.771,False,False,2,True,0.884,False,Medium
STU007685,15,GCSE,UK,Day,0.96,0.674,81.2,0.658,False,False,2,True,0.779,False,Medium
STU007686,19,Foundation,UK,Day,0.913,0.705,67.0,0.673,False,False,1,True,0.729,False,Medium
STU007687,17,Foundation,International,Day,0.837,0.902,72.7,0.728,False,False,1,True,0.816,False,Medium
STU007688,18,A-Level,UK,Boarding,1.0,0.933,79.3,0.801,False,False,0,True,0.906,False,Low
STU007689,17,A-Level,UK,Boarding,0.866,0.79,86.9,0.792,True,False,1,True,0.886,False,Medium
STU007690,19,Foundation,UK,Day,0.985,0.819,90.8,0.688,False,False,1,True,0.818,False,Low
STU007691,15,GCSE,International,Homestay,1.0,0.788,77.2,0.781,False,False,2,True,1.0,False,Low
STU007692,18,Foundation,International,Homestay,0.964,0.945,99.5,0.865,False,False,0,True,0.764,False,Low
STU007693,18,A-Level,EU,Boarding,0.982,0.928,95.8,0.674,False,False,0,True,0.839,False,Low
STU007694,17,A-Level,UK,Homestay,0.835,0.816,78.3,0.67,False,False,1,True,0.691,False,Medium
STU007695,16,EAP,UK,Homestay,0.849,0.881,98.1,0.873,False,False,4,True,0.73,False,Low
STU007696,17,A-Level,UK,Day,0.989,0.941,96.2,0.788,False,False,0,True,0.996,True,Low
STU007697,16,A-Level,International,Boarding,0.862,0.691,70.4,0.496,False,False,1,True,0.823,False,Medium
STU007698,17,A-Level,International,Homestay,0.806,0.626,77.5,0.806,False,False,0,True,0.88,False,Medium
STU007699,17,A-Level,UK,Day,0.784,0.829,72.7,0.713,False,False,1,True,0.832,False,Medium
STU007700,18,A-Level,International,Homestay,0.885,0.637,69.0,0.555,False,False,2,True,0.818,False,Medium
STU007701,18,EAP,UK,Day,0.884,0.777,76.9,0.692,False,False,0,False,0.91,False,Medium
STU007702,17,Foundation,International,Boarding,0.97,1.0,82.4,0.801,False,False,0,True,0.934,False,Low
STU007703,17,A-Level,International,Boarding,0.831,0.776,79.1,0.761,False,False,2,False,0.489,True,Medium
STU007704,17,A-Level,UK,Boarding,0.961,1.0,70.8,0.906,False,True,1,True,0.987,True,Low
STU007705,15,GCSE,International,Boarding,0.815,0.714,73.5,0.589,False,False,2,True,0.84,False,Medium
STU007706,16,GCSE,EU,Boarding,0.817,0.658,69.1,0.643,False,False,1,True,0.82,True,Medium
STU007707,17,A-Level,UK,Boarding,0.91,0.849,89.0,0.865,False,False,1,True,0.944,False,Low
STU007708,17,Foundation,International,Boarding,0.904,0.829,80.8,0.912,False,False,0,True,0.656,True,Low
STU007709,18,A-Level,EU,Day,0.941,0.904,85.8,0.734,False,False,1,True,0.852,False,Low
STU007710,17,Foundation,UK,Boarding,0.818,0.727,72.5,0.684,False,False,2,True,0.924,False,Medium
STU007711,14,GCSE,International,Homestay,0.925,0.896,77.0,0.806,False,False,0,True,0.799,False,Low
STU007712,17,A-Level,International,Day,0.783,0.665,68.8,0.454,False,False,2,True,0.733,False,High
STU007713,16,GCSE,UK,Boarding,0.746,0.554,67.5,0.664,False,False,3,True,0.799,False,High
STU007714,17,A-Level,UK,Day,0.95,0.718,82.2,0.717,True,False,1,True,0.876,False,Medium
STU007715,15,GCSE,EU,Boarding,0.895,0.712,81.7,0.631,True,False,3,True,0.81,False,Medium
STU007716,17,EAP,UK,Day,0.9,0.821,98.3,0.861,False,False,0,True,0.743,False,Low
STU007717,15,GCSE,International,Day,0.758,0.775,79.1,0.802,False,False,3,True,0.96,False,Medium
STU007718,17,EAP,UK,Day,0.815,0.771,74.2,0.649,False,True,2,True,0.912,False,High
STU007719,16,A-Level,UK,Day,0.931,0.878,83.7,0.682,False,False,1,True,0.871,True,Low
STU007720,18,EAP,UK,Day,0.868,0.865,77.5,0.87,False,False,1,True,0.77,False,Low
STU007721,18,A-Level,EU,Day,1.0,0.81,78.0,0.626,False,False,0,False,0.929,False,Low
STU007722,17,EAP,International,Day,0.944,0.877,86.8,0.761,False,False,0,True,0.971,False,Low
STU007723,14,GCSE,UK,Day,0.835,0.813,91.2,0.966,False,False,2,True,0.787,False,Low
STU007724,19,Foundation,UK,Homestay,0.788,0.776,85.0,0.757,False,False,1,False,0.57,True,Medium
STU007725,18,EAP,International,Day,0.961,0.886,83.4,0.798,False,False,0,True,0.838,False,Low
STU007726,16,GCSE,UK,Homestay,0.959,0.761,71.3,0.555,False,False,3,True,0.793,True,Medium
STU007727,14,GCSE,UK,Boarding,0.953,0.715,83.9,0.47,False,False,1,True,0.725,False,Medium
STU007728,16,A-Level,UK,Day,1.0,0.976,86.7,0.928,False,False,0,True,0.877,True,Low
STU007729,18,EAP,UK,Day,0.932,0.713,68.3,0.68,False,False,0,True,0.887,False,Medium
STU007730,17,A-Level,UK,Homestay,0.83,0.633,70.9,0.705,True,False,1,True,0.763,False,High
STU007731,17,A-Level,UK,Boarding,0.896,0.849,78.2,0.906,False,True,0,True,0.801,False,Medium
STU007732,15,GCSE,UK,Day,0.986,0.915,84.3,0.714,False,False,2,True,0.678,False,Low
STU007733,14,GCSE,International,Day,0.948,0.694,75.6,0.701,False,False,1,True,0.896,False,Medium
STU007734,18,Foundation,UK,Day,0.866,0.857,78.0,0.811,True,False,0,True,0.764,False,Medium
STU007735,15,GCSE,International,Homestay,0.968,1.0,90.4,0.928,False,False,1,True,0.912,False,Low
STU007736,17,A-Level,International,Homestay,0.873,0.79,80.6,0.813,True,False,1,True,0.703,False,Medium
STU007737,18,EAP,UK,Day,0.866,0.792,83.7,0.966,False,False,1,True,0.942,False,Low
STU007738,15,GCSE,EU,Day,0.909,0.561,67.6,0.462,False,False,3,True,0.769,True,High
STU007739,17,A-Level,UK,Day,0.878,0.982,88.8,0.796,False,False,1,True,0.741,False,Low
STU007740,15,GCSE,UK,Homestay,0.894,0.76,86.7,0.886,False,False,0,True,0.756,False,Low
STU007741,17,A-Level,International,Boarding,0.841,0.751,68.6,0.782,False,False,0,True,0.765,False,Medium
STU007742,14,GCSE,EU,Homestay,0.97,0.69,73.6,0.749,False,False,2,True,0.661,True,Medium
STU007743,18,Foundation,International,Day,0.915,0.604,61.5,0.645,False,False,2,True,0.657,False,High
STU007744,18,A-Level,International,Boarding,0.95,0.858,81.6,0.689,False,False,0,True,0.782,False,Low
STU007745,17,A-Level,UK,Day,0.934,0.854,82.3,0.95,False,False,1,True,0.89,False,Low
STU007746,16,A-Level,UK,Homestay,0.837,0.834,72.2,0.722,False,False,1,True,0.845,False,Medium
STU007747,16,GCSE,UK,Day,0.993,0.8,81.4,0.701,False,False,1,True,0.865,True,Low
STU007748,18,Foundation,International,Homestay,0.884,0.832,70.7,0.592,False,False,3,True,0.922,False,Medium
STU007749,16,A-Level,International,Day,0.875,0.787,83.4,0.8,False,False,0,True,0.823,True,Low
STU007750,17,A-Level,EU,Boarding,0.915,0.855,79.9,0.665,False,False,2,True,0.927,False,Low
STU007751,15,GCSE,UK,Day,0.916,0.728,76.1,0.739,False,False,0,True,0.935,False,Medium
STU007752,17,A-Level,UK,Day,1.0,0.887,90.6,1.0,False,False,0,True,0.948,False,Low
STU007753,15,GCSE,International,Day,0.942,0.787,86.1,0.849,False,False,0,True,0.832,False,Low
STU007754,17,A-Level,International,Boarding,0.828,0.775,74.6,0.88,False,True,4,True,0.67,False,Medium
STU007755,14,GCSE,UK,Day,1.0,0.737,79.2,0.797,False,False,0,False,0.597,True,Low
STU007756,18,Foundation,UK,Day,0.786,0.7,74.0,0.819,False,False,1,True,0.824,False,Medium
STU007757,17,A-Level,UK,Day,0.827,0.747,82.2,0.882,False,True,1,True,0.789,False,Medium
STU007758,18,Foundation,UK,Day,0.861,0.91,69.9,0.668,False,False,0,True,0.772,False,Medium
STU007759,17,Foundation,International,Day,0.9,0.806,80.3,0.78,False,False,0,True,0.876,False,Low
STU007760,14,GCSE,EU,Day,0.924,0.749,86.7,0.663,False,False,0,True,0.787,False,Low
STU007761,17,A-Level,International,Day,0.93,0.857,87.4,0.696,False,False,0,True,0.91,False,Low
STU007762,16,GCSE,UK,Day,0.929,0.774,81.5,0.73,False,False,2,True,0.737,False,Medium
STU007763,17,A-Level,UK,Homestay,0.944,0.813,83.8,0.66,False,False,1,True,0.813,False,Low
STU007764,18,Foundation,UK,Day,0.896,0.851,97.1,0.739,False,False,0,True,0.907,False,Low
STU007765,16,A-Level,International,Boarding,0.99,0.945,90.1,0.878,False,False,0,True,0.916,False,Low
STU007766,17,A-Level,International,Day,0.787,0.729,70.9,0.693,False,False,1,True,0.815,False,Medium
STU007767,16,A-Level,UK,Homestay,0.721,0.666,77.3,0.582,False,False,1,True,0.826,False,High
STU007768,17,A-Level,UK,Day,0.952,0.906,87.9,0.873,False,False,1,True,0.873,False,Low
STU007769,15,GCSE,UK,Homestay,0.877,0.783,63.8,0.615,False,False,0,True,0.632,False,Medium
STU007770,19,Foundation,UK,Day,1.0,0.856,84.7,0.697,False,False,0,True,0.853,True,Low
STU007771,17,A-Level,International,Day,0.973,0.923,92.6,0.932,False,False,0,True,0.738,True,Low
STU007772,19,Foundation,EU,Day,0.941,0.81,77.6,0.905,False,False,0,False,0.816,False,Low
STU007773,15,GCSE,UK,Day,0.866,0.806,92.2,0.679,False,False,0,True,1.0,False,Low
STU007774,16,A-Level,International,Day,0.947,0.829,82.2,1.0,False,False,1,True,0.914,False,Low
STU007775,18,A-Level,EU,Day,0.872,0.764,73.3,0.675,False,False,0,True,1.0,False,Medium
STU007776,15,GCSE,UK,Homestay,0.904,0.846,89.4,0.819,False,False,0,True,0.811,True,Low
STU007777,18,A-Level,UK,Day,0.877,0.6,74.3,0.555,False,False,3,True,0.771,False,Medium
STU007778,17,Foundation,International,Day,0.918,0.723,78.1,0.671,False,False,0,False,0.762,False,Medium
STU007779,18,Foundation,EU,Boarding,0.882,0.96,90.2,0.901,False,False,1,True,0.965,False,Low
STU007780,17,A-Level,UK,Boarding,0.97,0.854,84.5,0.957,False,False,1,True,0.998,True,Low
STU007781,16,A-Level,International,Day,0.932,0.866,79.4,0.751,False,False,0,False,0.848,False,Low
STU007782,15,GCSE,UK,Boarding,0.864,0.791,75.5,0.993,False,False,0,False,0.768,True,Low
STU007783,18,Foundation,International,Day,0.869,0.751,94.5,0.928,False,False,1,True,0.968,False,Low
STU007784,14,GCSE,International,Day,0.811,0.769,64.9,0.611,False,False,2,True,0.862,False,Medium
STU007785,17,EAP,International,Day,0.763,0.812,75.7,0.698,False,False,1,True,1.0,False,Medium
STU007786,17,A-Level,International,Day,0.965,0.783,69.5,0.618,False,False,2,True,0.698,False,Medium
STU007787,16,A-Level,UK,Day,0.831,0.774,69.8,0.671,False,True,1,True,0.914,False,High
STU007788,18,EAP,EU,Day,0.815,0.892,84.6,0.795,False,False,0,True,0.909,True,Low
STU007789,14,GCSE,International,Day,0.899,0.784,75.6,0.739,False,True,1,False,0.603,True,Medium
STU007790,17,A-Level,EU,Boarding,0.772,0.667,79.7,0.669,True,False,3,True,0.741,False,High
STU007791,18,A-Level,EU,Boarding,0.895,0.834,86.1,0.872,False,False,1,True,0.889,True,Low
STU007792,15,GCSE,International,Boarding,0.81,0.69,74.0,0.714,False,False,1,True,0.58,True,Medium
STU007793,17,A-Level,UK,Boarding,0.888,0.671,79.3,0.798,True,False,2,True,0.584,False,Medium
STU007794,17,A-Level,UK,Homestay,0.906,0.763,76.7,0.811,False,False,0,True,0.715,False,Medium
STU007795,19,Foundation,International,Homestay,0.935,0.947,85.7,0.835,False,False,0,True,0.728,False,Low
STU007796,14,GCSE,International,Homestay,0.87,0.955,76.4,0.832,False,False,1,True,0.963,False,Low
STU007797,17,EAP,International,Day,0.846,0.683,81.2,0.857,True,False,0,True,0.675,False,Medium
STU007798,15,GCSE,International,Day,0.798,0.74,75.0,0.554,False,False,0,True,1.0,False,Medium
STU007799,15,GCSE,International,Boarding,1.0,0.93,96.5,0.998,False,False,1,True,0.892,False,Low
STU007800,17,A-Level,International,Day,0.929,0.953,95.9,0.783,False,False,1,False,0.663,True,Low
STU007801,16,GCSE,UK,Day,1.0,0.814,81.7,0.666,False,False,0,True,0.851,False,Low
STU007802,16,GCSE,International,Day,0.881,0.731,74.6,0.719,False,False,1,True,0.697,False,Medium
STU007803,17,EAP,UK,Homestay,0.827,0.809,81.7,0.803,False,False,1,True,0.759,False,Low
STU007804,16,A-Level,UK,Day,0.866,0.695,76.4,0.81,False,False,1,True,0.802,False,Medium
STU007805,16,GCSE,UK,Day,0.897,0.855,78.5,0.849,False,False,0,False,0.836,False,Low
STU007806,15,GCSE,UK,Day,0.892,0.806,79.2,0.823,False,False,1,True,0.711,False,Medium
STU007807,18,Foundation,UK,Boarding,0.984,0.871,87.2,0.991,True,False,1,True,0.712,False,Low
STU007808,18,Foundation,UK,Day,0.84,0.736,71.2,0.771,False,False,1,True,0.814,False,Medium
STU007809,17,A-Level,UK,Day,0.858,0.709,63.4,0.717,False,False,0,True,1.0,False,Medium
STU007810,15,GCSE,UK,Homestay,0.95,0.783,67.4,0.581,False,False,2,True,0.893,False,Medium
STU007811,16,GCSE,EU,Boarding,0.789,0.782,80.7,0.801,False,False,1,True,0.84,False,Medium
STU007812,14,GCSE,International,Boarding,0.897,0.809,80.4,0.807,False,False,2,True,0.784,False,Low
STU007813,14,GCSE,International,Homestay,0.869,0.718,72.8,0.62,True,False,1,True,0.81,False,High
STU007814,17,A-Level,International,Day,0.93,0.83,81.4,0.798,False,False,0,True,0.838,True,Low
STU007815,15,GCSE,UK,Boarding,0.875,0.763,75.3,0.723,False,True,0,True,1.0,False,Medium
STU007816,16,A-Level,International,Day,1.0,0.823,90.9,0.821,False,False,0,True,0.693,True,Low
STU007817,17,A-Level,UK,Boarding,0.838,0.841,83.8,0.694,False,False,0,True,0.71,False,Medium
STU007818,18,EAP,UK,Day,0.855,0.986,75.4,0.798,False,False,2,True,0.792,False,Low
STU007819,19,EAP,International,Day,0.943,0.589,66.6,0.642,False,False,0,True,0.91,False,Medium
STU007820,16,A-Level,International,Day,0.916,0.778,82.0,0.713,False,False,0,True,0.858,False,Low
STU007821,18,A-Level,International,Day,0.925,0.823,77.4,0.803,False,False,0,True,0.938,False,Low
STU007822,16,A-Level,International,Day,0.802,0.724,80.4,0.626,False,False,1,True,0.823,False,Medium
STU007823,17,A-Level,UK,Boarding,1.0,1.0,99.4,0.847,False,False,1,True,0.863,True,Low
STU007824,18,Foundation,International,Boarding,0.932,0.924,98.1,1.0,False,False,1,True,0.908,False,Low
STU007825,16,A-Level,International,Day,0.789,0.654,68.7,0.567,False,False,2,True,0.771,False,High
STU007826,18,Foundation,International,Day,0.943,0.807,81.6,0.584,False,False,0,False,0.759,False,Medium
STU007827,17,EAP,International,Boarding,0.823,0.903,83.5,0.915,False,False,1,True,0.895,False,Low
STU007828,16,A-Level,UK,Boarding,0.965,0.886,99.3,1.0,False,False,1,True,1.0,False,Low
STU007829,17,A-Level,UK,Day,0.808,0.76,76.8,0.758,False,False,1,True,0.792,True,Medium
STU007830,15,GCSE,UK,Boarding,0.97,0.84,95.0,0.767,False,False,0,True,0.795,True,Low
STU007831,14,GCSE,UK,Boarding,0.815,0.843,60.7,0.619,False,False,1,True,0.902,True,Medium
STU007832,16,A-Level,UK,Day,0.832,0.801,74.6,0.789,False,False,2,True,0.744,True,Medium
STU007833,14,GCSE,EU,Day,0.853,0.739,68.3,0.667,True,False,2,True,0.911,False,High
STU007834,18,Foundation,International,Day,0.857,0.785,96.5,0.868,False,False,2,False,0.727,False,Low
STU007835,15,GCSE,International,Homestay,0.861,0.729,62.9,0.512,False,False,1,True,0.806,True,Medium
STU007836,16,A-Level,International,Day,0.793,0.743,77.1,0.746,False,False,3,True,0.849,False,Medium
STU007837,16,A-Level,UK,Day,0.877,0.732,78.6,0.645,False,False,0,True,1.0,False,Medium
STU007838,17,A-Level,UK,Homestay,0.917,0.776,85.6,0.852,True,False,3,True,0.739,False,Medium
STU007839,17,A-Level,International,Day,0.993,0.756,71.7,0.622,True,False,2,True,0.668,False,Medium
STU007840,18,Foundation,UK,Boarding,0.958,0.873,74.7,0.887,False,False,1,True,0.946,False,Low
STU007841,18,A-Level,International,Day,0.948,0.732,85.5,0.707,False,False,0,True,0.816,False,Low
STU007842,16,A-Level,International,Homestay,0.782,0.639,78.5,0.65,False,False,0,True,0.718,True,High
STU007843,16,GCSE,UK,Homestay,0.898,0.855,82.0,0.836,False,False,0,True,0.717,False,Low
STU007844,17,A-Level,International,Boarding,0.854,0.748,75.2,0.639,False,False,0,True,0.986,False,Medium
STU007845,19,Foundation,UK,Day,0.794,0.731,58.5,0.557,False,False,4,True,1.0,False,High
STU007846,17,A-Level,International,Day,0.811,0.765,89.3,0.724,False,False,1,True,0.769,False,Medium
STU007847,18,Foundation,UK,Boarding,0.888,0.626,76.2,0.668,True,False,1,True,0.771,False,High
STU007848,17,A-Level,UK,Day,0.861,0.762,67.9,0.573,False,False,0,True,0.971,False,Medium
STU007849,15,GCSE,International,Boarding,0.797,0.682,80.6,0.731,False,False,4,True,0.758,True,Medium
STU007850,16,GCSE,International,Boarding,0.855,0.868,65.3,0.75,False,False,0,False,0.756,False,Medium
STU007851,17,A-Level,International,Homestay,0.87,0.871,74.8,0.756,False,True,0,True,0.901,False,Medium
STU007852,18,A-Level,EU,Day,0.853,0.754,76.6,0.795,False,False,2,True,0.798,False,Medium
STU007853,18,Foundation,International,Boarding,0.815,0.603,59.5,0.507,False,False,1,True,0.9,False,High
STU007854,17,A-Level,International,Boarding,0.836,0.634,70.6,0.634,False,False,2,True,0.658,False,High
STU007855,16,A-Level,International,Day,0.962,0.755,81.8,0.816,False,False,0,False,0.703,False,Low
STU007856,18,A-Level,International,Homestay,0.714,0.823,76.7,0.739,True,False,4,True,0.849,False,Medium
STU007857,17,A-Level,International,Day,0.881,0.742,91.2,0.775,False,False,1,True,0.835,True,Low
STU007858,15,GCSE,International,Boarding,0.892,0.818,86.0,0.872,False,False,1,True,0.831,False,Low
STU007859,15,GCSE,EU,Homestay,0.782,0.848,88.7,0.568,True,False,1,True,0.766,False,Medium
STU007860,15,GCSE,UK,Day,0.78,0.735,69.4,0.556,True,False,1,True,0.819,True,High
STU007861,16,GCSE,UK,Day,0.913,0.871,72.5,0.696,False,True,1,True,0.657,False,Medium
STU007862,14,GCSE,International,Day,0.969,0.892,79.6,0.756,False,False,1,True,0.879,False,Low
STU007863,15,GCSE,International,Boarding,0.907,0.802,75.7,0.525,False,False,1,True,0.914,True,Medium
STU007864,16,A-Level,International,Boarding,0.862,0.594,67.5,0.735,False,False,0,True,0.921,False,Medium
STU007865,17,A-Level,UK,Day,0.837,0.712,77.1,0.7,True,False,4,True,0.935,False,Medium
STU007866,16,EAP,UK,Boarding,0.928,0.761,78.4,0.744,False,False,0,True,0.916,True,Low
STU007867,14,GCSE,UK,Homestay,0.892,0.632,75.0,0.639,False,False,0,True,0.713,True,Medium
STU007868,17,A-Level,UK,Homestay,0.93,0.722,72.6,0.801,False,False,1,True,0.902,False,Medium
STU007869,17,A-Level,EU,Boarding,0.875,0.807,85.9,0.815,False,False,0,True,0.83,False,Low
STU007870,15,GCSE,International,Day,0.679,0.554,61.1,0.653,False,False,0,True,0.767,True,High
STU007871,17,Foundation,UK,Homestay,0.814,0.714,79.8,0.736,True,False,2,True,0.804,False,Medium
STU007872,16,GCSE,EU,Day,0.928,0.778,73.1,0.743,False,True,2,True,0.832,False,Medium
STU007873,19,EAP,UK,Boarding,0.902,0.958,81.2,0.808,False,False,0,True,0.763,False,Low
STU007874,18,Foundation,International,Boarding,0.924,0.919,80.1,0.878,False,False,0,True,0.883,False,Low
STU007875,17,A-Level,International,Day,0.881,0.942,78.0,0.941,False,False,2,False,0.685,False,Low
STU007876,17,A-Level,UK,Day,0.886,0.783,91.7,0.928,False,False,1,True,0.739,False,Low
STU007877,16,A-Level,International,Day,0.912,0.865,89.4,0.63,False,False,0,True,0.942,False,Low
STU007878,17,A-Level,EU,Day,1.0,0.816,85.1,0.547,False,False,2,True,0.848,True,Low
STU007879,17,A-Level,UK,Day,0.959,0.862,82.8,0.845,False,False,0,True,0.898,False,Low
STU007880,15,GCSE,EU,Homestay,0.95,0.715,67.9,0.76,False,False,2,True,0.77,False,Medium
STU007881,15,GCSE,UK,Day,0.914,0.836,87.3,0.734,False,False,1,False,0.691,False,Low
STU007882,18,A-Level,International,Day,0.807,0.742,69.5,0.759,False,False,1,True,1.0,False,Medium
STU007883,17,A-Level,International,Day,0.986,0.795,76.8,0.764,False,False,0,True,0.786,False,Low
STU007884,18,Foundation,International,Day,0.964,0.8,79.4,0.619,False,False,0,True,0.956,False,Low
STU007885,14,GCSE,UK,Day,0.926,0.73,81.5,0.61,False,False,1,True,0.821,False,Medium
STU007886,18,Foundation,UK,Day,0.897,0.756,81.6,0.654,False,False,0,True,0.851,False,Medium
STU007887,15,GCSE,UK,Day,0.883,0.683,78.8,0.768,True,False,0,True,0.928,False,Medium
STU007888,17,A-Level,UK,Day,0.884,0.763,72.5,0.974,False,False,1,True,0.828,False,Low
STU007889,17,A-Level,UK,Day,0.951,0.933,83.7,0.722,False,False,0,True,0.854,False,Low
STU007890,17,A-Level,EU,Boarding,0.841,0.782,85.6,1.0,False,False,5,True,0.644,True,Low
STU007891,15,GCSE,International,Day,0.766,0.531,51.9,0.447,False,False,1,True,0.849,False,High
STU007892,17,A-Level,International,Day,0.816,0.681,72.2,0.656,False,False,1,True,0.808,False,Medium
STU007893,19,Foundation,UK,Homestay,0.91,0.901,84.4,0.811,False,False,0,True,0.775,False,Low
STU007894,17,A-Level,UK,Boarding,0.879,0.618,60.0,0.439,False,False,3,True,1.0,False,High
STU007895,16,A-Level,UK,Day,0.89,0.861,86.8,0.933,False,False,0,True,0.784,False,Low
STU007896,18,Foundation,UK,Day,0.809,0.656,76.8,0.661,False,False,3,True,0.688,False,Medium
STU007897,17,Foundation,UK,Boarding,0.921,0.926,82.9,0.799,False,False,1,True,0.831,False,Low
STU007898,18,A-Level,UK,Boarding,0.827,0.614,83.6,0.776,False,False,4,True,0.646,True,Medium
STU007899,17,A-Level,International,Day,0.935,0.771,82.7,0.58,False,False,1,True,0.844,False,Medium
STU007900,18,Foundation,International,Day,0.801,1.0,84.5,1.0,False,False,1,True,0.661,False,Low
STU007901,16,A-Level,EU,Homestay,0.841,0.754,80.9,0.745,False,False,1,True,0.934,True,Medium
STU007902,15,GCSE,International,Boarding,0.832,0.666,59.9,0.663,False,False,4,True,0.762,True,High
STU007903,18,A-Level,UK,Day,0.94,0.605,84.7,0.64,False,False,1,True,0.751,False,Medium
STU007904,17,Foundation,International,Day,0.811,0.721,74.5,0.714,True,False,4,False,0.761,False,Medium
STU007905,15,GCSE,UK,Day,0.93,0.816,80.2,0.559,False,False,2,True,0.744,False,Medium
STU007906,19,EAP,UK,Day,0.98,0.974,83.8,0.858,False,False,1,True,0.739,False,Low
STU007907,15,GCSE,UK,Homestay,0.965,0.961,76.7,0.883,True,False,1,True,0.885,True,Low
STU007908,18,Foundation,UK,Day,0.916,0.947,94.6,0.932,False,False,2,True,0.887,True,Low
STU007909,17,A-Level,EU,Homestay,0.823,0.602,73.6,0.654,False,False,2,True,0.721,False,High
STU007910,17,A-Level,International,Day,0.988,0.945,89.1,0.761,False,False,0,True,0.907,False,Low
STU007911,17,Foundation,International,Day,1.0,0.84,91.1,0.895,False,False,1,True,1.0,False,Low
STU007912,16,A-Level,UK,Day,0.896,0.829,79.7,0.895,False,False,0,True,0.799,False,Low
STU007913,17,A-Level,EU,Boarding,0.992,0.996,91.4,0.98,False,False,0,True,0.965,False,Low
STU007914,16,GCSE,International,Day,0.869,0.832,80.9,0.88,True,False,0,True,0.812,False,Medium
STU007915,14,GCSE,International,Boarding,0.784,0.613,62.1,0.571,False,False,2,True,0.771,False,High
STU007916,14,GCSE,International,Boarding,0.804,0.728,74.9,0.726,True,False,2,True,0.739,True,High
STU007917,17,A-Level,EU,Day,0.865,0.501,65.3,0.573,False,False,1,True,0.847,False,High
STU007918,16,GCSE,International,Boarding,0.875,0.831,77.5,0.668,False,False,2,True,0.884,True,Medium
STU007919,15,GCSE,International,Day,0.835,0.663,72.2,0.565,False,False,1,True,0.884,False,Medium
STU007920,18,A-Level,UK,Boarding,0.832,0.868,78.1,0.586,False,False,2,True,0.919,True,Medium
STU007921,16,A-Level,UK,Day,0.994,0.851,85.6,0.826,False,False,0,True,0.944,False,Low
STU007922,19,Foundation,International,Day,0.778,0.807,62.3,0.647,False,False,1,True,0.953,True,Medium
STU007923,15,GCSE,International,Boarding,0.849,0.854,78.6,0.747,False,False,0,True,0.809,False,Low
STU007924,15,GCSE,UK,Day,0.943,0.832,79.5,0.61,False,False,0,True,0.874,False,Low
STU007925,17,EAP,International,Homestay,0.807,0.779,67.3,0.777,True,False,3,True,0.838,False,Medium
STU007926,17,A-Level,UK,Homestay,0.928,0.844,76.6,0.716,False,False,0,True,0.784,False,Low
STU007927,17,Foundation,UK,Day,0.872,0.839,92.9,0.737,False,False,3,True,0.747,True,Low
STU007928,17,Foundation,UK,Day,0.931,0.835,84.0,0.643,False,False,0,True,0.98,False,Low
STU007929,18,Foundation,International,Boarding,0.748,0.711,70.1,0.789,True,False,1,True,0.88,False,High
STU007930,16,GCSE,UK,Homestay,0.77,0.672,65.9,0.693,False,False,1,True,0.944,False,Medium
STU007931,19,Foundation,EU,Day,0.8,0.703,67.7,0.767,True,True,3,True,0.83,False,High
STU007932,18,Foundation,UK,Homestay,0.737,0.577,76.9,0.521,True,False,2,True,0.725,False,High
STU007933,17,A-Level,EU,Homestay,0.895,0.853,80.6,0.834,False,False,0,True,0.813,False,Low
STU007934,16,A-Level,International,Day,0.82,0.82,77.1,0.724,False,False,0,True,0.802,False,Medium
STU007935,18,A-Level,UK,Boarding,0.821,0.74,62.6,0.66,False,False,1,True,0.825,True,Medium
STU007936,16,GCSE,International,Day,1.0,1.0,85.0,0.945,False,False,1,True,0.829,False,Low
STU007937,17,A-Level,International,Boarding,0.876,0.76,73.9,0.771,True,False,0,False,0.743,False,Medium
STU007938,17,A-Level,UK,Day,0.792,0.935,83.2,0.761,False,False,1,True,0.729,False,Low
STU007939,18,A-Level,International,Day,0.897,0.717,88.3,0.518,False,False,1,True,0.785,False,Medium
STU007940,18,A-Level,UK,Boarding,0.89,0.849,80.4,0.88,False,False,0,True,0.705,False,Low
STU007941,17,A-Level,UK,Day,0.755,0.684,71.9,0.744,False,False,2,True,0.816,True,Medium
STU007942,17,A-Level,International,Boarding,0.851,0.875,76.3,0.852,True,True,2,True,0.865,True,Medium
STU007943,18,EAP,International,Homestay,0.967,0.925,84.3,0.764,False,False,0,False,0.813,False,Low
STU007944,15,GCSE,UK,Day,0.87,0.873,82.7,0.636,False,False,0,True,0.762,False,Low
STU007945,17,A-Level,UK,Day,0.88,0.976,96.1,0.94,False,False,1,True,0.759,False,Low
STU007946,15,GCSE,International,Boarding,0.861,0.824,93.6,0.832,False,False,0,True,0.774,False,Low
STU007947,17,A-Level,International,Day,0.893,0.64,51.9,0.581,False,True,3,True,0.639,True,High
STU007948,18,Foundation,UK,Homestay,0.883,0.824,72.1,0.779,False,False,1,True,0.892,False,Low
STU007949,17,EAP,EU,Day,0.885,0.951,84.8,0.921,False,False,2,True,0.77,True,Low
STU007950,17,A-Level,UK,Boarding,0.843,0.774,79.8,0.751,False,False,2,True,0.869,True,Medium
STU007951,18,EAP,UK,Day,1.0,0.829,80.2,0.784,False,False,1,True,0.939,False,Low
STU007952,15,GCSE,EU,Day,0.882,0.731,73.2,0.647,False,False,2,True,0.82,True,Medium
STU007953,16,A-Level,EU,Day,0.949,0.943,89.0,0.785,False,False,2,True,0.827,False,Low
STU007954,15,GCSE,UK,Day,0.919,0.832,70.6,0.866,False,False,1,True,0.77,True,Low
STU007955,19,Foundation,International,Day,0.721,0.713,62.1,0.585,False,False,3,True,0.901,False,High
STU007956,17,A-Level,UK,Boarding,0.829,0.733,73.2,0.467,False,True,3,True,0.793,False,High
STU007957,17,A-Level,EU,Day,0.819,0.784,71.2,0.67,False,False,1,True,0.84,True,Medium
STU007958,19,Foundation,UK,Day,0.968,0.833,96.7,0.87,False,False,1,True,0.937,False,Low
STU007959,14,GCSE,UK,Day,0.811,0.753,78.6,0.776,False,False,2,True,0.838,True,Medium
STU007960,16,GCSE,UK,Boarding,0.935,0.645,85.7,0.629,False,False,2,True,0.691,False,Medium
STU007961,18,Foundation,International,Boarding,0.97,0.846,94.1,0.849,False,False,2,True,0.834,False,Low
STU007962,16,A-Level,UK,Day,0.92,0.65,72.6,0.687,False,False,0,True,0.792,True,Medium
STU007963,15,GCSE,UK,Homestay,0.836,0.814,63.6,0.748,True,False,0,True,0.867,False,Medium
STU007964,17,A-Level,UK,Homestay,0.872,0.681,78.5,0.727,False,False,1,True,0.918,False,Medium
STU007965,17,A-Level,EU,Day,0.891,0.756,78.3,0.852,False,False,1,True,0.734,False,Medium
STU007966,16,GCSE,UK,Boarding,0.806,0.72,73.2,0.701,False,False,1,True,0.839,False,Medium
STU007967,18,A-Level,EU,Day,0.912,0.796,79.2,0.821,False,False,0,True,0.798,False,Low
STU007968,15,GCSE,UK,Homestay,0.901,0.878,67.2,0.655,True,False,1,True,0.855,True,Medium
STU007969,17,A-Level,International,Boarding,0.788,0.756,73.6,0.585,True,False,4,True,0.848,False,High
STU007970,17,Foundation,International,Homestay,0.868,0.714,67.9,0.709,True,False,2,True,0.797,True,Medium
STU007971,16,EAP,EU,Day,0.893,0.977,81.4,0.876,False,False,1,True,0.776,False,Low
STU007972,17,A-Level,International,Day,0.922,0.95,87.8,1.0,False,False,1,True,0.98,False,Low
STU007973,14,GCSE,International,Boarding,0.862,0.833,89.7,0.869,False,False,1,True,0.832,False,Low
STU007974,18,EAP,International,Boarding,0.794,0.76,78.8,0.94,False,False,2,True,0.774,False,Low
STU007975,17,A-Level,UK,Boarding,0.822,0.704,67.2,0.707,False,False,4,True,0.61,True,Medium
STU007976,14,GCSE,International,Homestay,0.738,0.846,75.4,0.598,False,False,3,True,0.857,True,Medium
STU007977,18,EAP,International,Boarding,0.954,0.793,86.8,0.565,False,False,0,True,0.837,True,Low
STU007978,17,Foundation,UK,Boarding,0.928,0.789,85.7,0.726,False,False,2,True,0.905,False,Low
STU007979,18,Foundation,UK,Day,0.899,0.758,63.8,0.619,False,False,0,True,0.869,False,Medium
STU007980,19,Foundation,International,Day,0.851,0.836,83.2,0.855,False,False,2,True,0.885,False,Low
STU007981,15,GCSE,International,Day,0.889,0.778,87.0,0.706,False,False,3,True,0.741,False,Medium
STU007982,14,GCSE,UK,Boarding,0.898,0.538,69.9,0.576,False,False,2,True,0.71,True,High
STU007983,17,A-Level,International,Day,0.864,0.878,71.5,0.804,False,False,1,True,0.903,False,Low
STU007984,14,GCSE,UK,Day,0.866,0.935,72.2,0.758,False,False,0,True,0.79,False,Low
STU007985,17,A-Level,UK,Day,0.992,0.833,75.4,0.66,False,False,1,True,0.845,False,Low
STU007986,18,Foundation,EU,Homestay,0.812,0.873,73.4,0.927,False,False,2,True,0.692,True,Medium
STU007987,18,Foundation,EU,Day,0.97,0.761,71.7,0.726,False,False,1,True,0.681,True,Medium
STU007988,18,A-Level,International,Day,0.787,0.734,65.7,0.776,False,False,1,True,0.77,False,Medium
STU007989,18,Foundation,EU,Day,1.0,0.906,85.3,0.815,False,False,0,True,0.841,False,Low
STU007990,17,Foundation,International,Day,0.733,0.807,75.1,0.907,False,False,2,True,0.881,False,Medium
STU007991,17,A-Level,UK,Day,0.933,0.858,83.8,0.88,False,False,1,True,0.904,False,Low
STU007992,16,GCSE,EU,Day,0.854,0.801,79.8,0.582,False,False,0,True,0.805,True,Medium
STU007993,16,A-Level,UK,Day,0.888,0.901,77.7,0.968,False,False,1,True,0.823,False,Low
STU007994,17,A-Level,UK,Homestay,0.891,0.786,88.0,0.599,False,False,0,True,0.858,False,Medium
STU007995,15,GCSE,International,Boarding,0.942,0.733,83.0,0.627,False,False,0,True,0.841,False,Medium
STU007996,17,A-Level,UK,Day,0.763,0.868,67.9,0.888,False,False,3,True,0.844,False,Medium
STU007997,16,GCSE,International,Boarding,0.868,0.625,72.7,0.682,True,False,0,True,0.882,False,High
STU007998,17,A-Level,UK,Boarding,0.913,0.83,78.2,0.798,False,False,0,True,0.985,False,Low
STU007999,18,EAP,UK,Boarding,0.788,0.736,74.1,0.77,True,False,3,True,0.628,False,High
STU008000,16,GCSE,UK,Day,0.892,0.709,77.1,0.602,False,False,0,True,0.863,False,Medium
STU008001,18,Foundation,International,Day,0.854,0.883,81.9,0.99,False,False,1,True,0.812,False,Low
STU008002,17,A-Level,UK,Boarding,0.939,0.977,88.8,1.0,False,False,0,False,0.682,False,Low
STU008003,15,GCSE,International,Day,0.925,0.781,71.5,0.522,False,False,0,False,0.721,True,Medium
STU008004,18,EAP,International,Day,0.915,0.813,82.7,0.758,False,False,1,True,0.978,False,Low
STU008005,18,A-Level,UK,Day,0.946,0.836,82.9,0.857,False,False,0,True,0.88,True,Low
STU008006,17,A-Level,EU,Boarding,0.987,0.891,87.7,0.781,False,False,1,True,0.987,False,Low
STU008007,18,Foundation,UK,Day,0.831,0.918,78.6,0.689,False,False,1,True,0.931,True,Low
STU008008,18,A-Level,International,Day,1.0,0.943,77.0,0.867,False,False,1,True,0.973,False,Low
STU008009,17,A-Level,UK,Homestay,0.928,0.992,87.2,0.847,False,False,0,True,0.847,False,Low
STU008010,14,GCSE,UK,Homestay,0.865,0.876,88.5,0.922,False,False,1,True,0.773,False,Low
STU008011,18,Foundation,UK,Day,1.0,0.824,87.7,0.622,False,False,1,True,0.847,False,Low
STU008012,18,A-Level,International,Day,0.871,0.56,57.2,0.621,False,False,1,True,0.734,True,High
STU008013,18,A-Level,International,Boarding,0.815,0.704,72.7,0.626,False,False,3,True,0.863,False,Medium
STU008014,15,GCSE,International,Day,0.864,0.968,96.4,1.0,False,False,0,True,0.635,False,Low
STU008015,16,A-Level,International,Boarding,0.861,0.877,80.4,0.919,False,False,2,True,0.784,False,Low
STU008016,19,Foundation,UK,Boarding,0.943,0.781,86.1,0.793,True,False,1,True,0.81,False,Medium
STU008017,17,A-Level,EU,Day,0.892,0.802,64.5,0.741,False,False,0,True,0.831,False,Medium
STU008018,18,A-Level,International,Day,0.907,0.973,79.7,0.811,False,False,1,True,0.754,False,Low
STU008019,17,A-Level,International,Day,0.868,0.793,67.4,0.881,False,True,0,True,0.922,False,Medium
STU008020,17,Foundation,UK,Boarding,0.982,0.941,87.3,0.791,False,False,0,True,0.792,False,Low
STU008021,17,A-Level,UK,Day,0.877,0.936,81.3,0.778,False,False,0,True,0.907,False,Low
STU008022,18,Foundation,International,Day,0.886,0.849,88.9,0.738,False,False,0,True,0.637,False,Low
STU008023,18,Foundation,UK,Day,0.852,0.651,78.2,0.596,False,False,1,True,0.677,True,Medium
STU008024,18,A-Level,EU,Day,0.81,0.644,61.4,0.451,True,False,3,True,0.598,False,High
STU008025,15,GCSE,International,Boarding,0.891,0.804,80.4,0.648,False,True,2,True,0.715,False,Medium
STU008026,18,A-Level,International,Day,0.951,0.944,79.1,0.733,False,False,0,True,0.794,False,Low
STU008027,18,Foundation,UK,Boarding,1.0,0.891,93.5,0.882,False,False,3,False,0.662,False,Low
STU008028,16,GCSE,UK,Day,0.893,0.636,62.0,0.764,False,False,0,True,0.727,True,Medium
STU008029,18,A-Level,UK,Day,0.882,0.651,90.5,0.58,False,False,3,True,0.664,False,Medium
STU008030,18,Foundation,International,Homestay,0.859,0.741,78.3,0.742,True,False,2,True,0.829,True,Medium
STU008031,17,A-Level,International,Boarding,0.837,0.693,80.3,0.62,True,False,0,True,0.751,True,Medium
STU008032,17,A-Level,International,Boarding,0.855,0.831,84.3,0.705,False,False,0,True,0.915,True,Low
STU008033,15,GCSE,EU,Day,0.923,0.81,75.4,0.755,False,False,0,True,0.825,False,Low
STU008034,15,GCSE,UK,Day,0.873,0.8,59.2,0.876,False,False,0,False,0.706,False,Medium
STU008035,19,Foundation,International,Boarding,0.88,0.719,71.3,0.721,False,False,1,True,0.959,False,Medium
STU008036,16,GCSE,UK,Homestay,0.942,0.894,92.2,0.955,False,False,1,True,0.761,False,Low
STU008037,17,A-Level,International,Homestay,0.922,0.772,65.8,0.609,False,False,1,True,0.708,False,Medium
STU008038,18,Foundation,International,Homestay,1.0,0.861,97.5,0.725,False,False,0,True,0.947,False,Low
STU008039,17,A-Level,EU,Day,0.965,0.898,83.6,0.772,False,False,3,True,0.921,False,Low
STU008040,18,EAP,International,Homestay,0.846,0.76,91.5,0.641,False,False,2,True,1.0,False,Medium
STU008041,18,EAP,UK,Homestay,0.872,0.626,67.7,0.634,False,False,1,True,0.852,False,Medium
STU008042,18,A-Level,International,Day,0.804,0.643,76.5,0.721,False,False,5,True,0.659,False,Medium
STU008043,15,GCSE,UK,Day,0.832,0.661,74.3,0.545,False,False,2,True,0.732,False,High
STU008044,17,Foundation,International,Boarding,0.988,0.8,70.2,0.71,False,False,1,True,0.785,False,Low
STU008045,18,A-Level,International,Day,0.881,0.905,85.2,0.736,False,False,2,True,0.748,False,Low
STU008046,15,GCSE,UK,Boarding,0.74,0.667,75.2,0.846,True,False,1,True,0.912,False,High
STU008047,19,Foundation,UK,Homestay,0.764,0.767,79.9,0.701,False,False,0,True,0.625,False,Medium
STU008048,14,GCSE,UK,Homestay,0.797,0.869,87.6,0.704,False,False,0,True,0.872,False,Low
STU008049,17,Foundation,UK,Homestay,0.844,0.784,64.8,0.622,False,False,1,True,0.843,False,Medium
STU008050,16,GCSE,International,Day,0.9,0.826,82.0,0.609,False,False,1,True,0.778,True,Medium
STU008051,14,GCSE,UK,Day,0.872,0.789,65.0,0.447,False,False,0,True,0.765,True,Medium
STU008052,16,GCSE,EU,Boarding,0.949,0.818,72.6,0.639,False,False,1,True,0.667,False,Medium
STU008053,19,EAP,UK,Day,0.834,0.888,75.4,0.867,False,False,0,True,0.971,True,Low
STU008054,17,A-Level,EU,Day,0.986,0.841,84.5,0.725,False,False,0,True,0.829,False,Low
STU008055,17,Foundation,International,Boarding,0.89,0.972,90.5,0.799,False,False,3,True,0.698,False,Low
STU008056,17,A-Level,UK,Day,0.932,0.868,81.6,0.796,False,False,1,False,0.66,False,Low
STU008057,18,A-Level,International,Day,0.864,0.763,79.1,0.827,False,False,0,True,0.95,False,Low
STU008058,15,GCSE,International,Day,0.971,0.857,76.4,0.966,False,False,2,True,0.801,False,Low
STU008059,17,A-Level,UK,Homestay,0.807,0.738,78.8,0.786,False,False,2,True,0.897,False,Medium
STU008060,17,A-Level,International,Day,0.814,0.618,67.8,0.688,False,False,1,True,0.819,True,Medium
STU008061,16,A-Level,UK,Day,0.832,0.921,75.7,0.82,False,False,2,True,0.855,False,Low
STU008062,18,A-Level,UK,Homestay,0.949,0.921,64.3,0.788,True,False,0,True,0.64,True,Medium
STU008063,19,EAP,EU,Day,0.883,0.783,67.9,0.529,False,False,3,True,0.816,True,Medium
STU008064,16,GCSE,UK,Day,0.834,0.705,70.2,0.561,False,False,1,True,0.922,False,Medium
STU008065,18,EAP,International,Boarding,0.886,0.725,81.6,0.772,False,False,2,True,0.59,True,Medium
STU008066,16,GCSE,UK,Day,0.912,0.733,69.6,0.67,False,False,1,True,0.848,False,Medium
STU008067,16,A-Level,UK,Day,0.825,0.795,74.7,0.706,False,False,1,True,0.85,False,Medium
STU008068,17,A-Level,EU,Homestay,0.911,0.667,81.7,0.469,False,False,0,True,0.796,False,Medium
STU008069,17,A-Level,EU,Day,0.89,0.841,90.9,0.852,False,False,0,True,0.951,False,Low
STU008070,18,A-Level,International,Boarding,0.865,0.679,71.4,0.733,False,False,1,True,0.805,False,Medium
STU008071,18,A-Level,UK,Boarding,0.811,0.731,74.3,0.861,False,False,1,True,0.691,True,Medium
STU008072,18,A-Level,International,Day,0.886,0.708,84.5,0.697,True,False,1,True,0.807,False,Medium
STU008073,19,Foundation,International,Boarding,0.867,0.897,84.0,0.794,False,False,1,True,0.837,True,Low
STU008074,18,A-Level,EU,Day,0.695,0.646,64.0,0.538,False,False,3,True,0.742,False,High
STU008075,17,Foundation,International,Day,0.925,0.717,75.6,0.652,False,False,3,True,0.624,False,Medium
STU008076,16,GCSE,EU,Boarding,0.927,0.794,74.3,0.763,False,False,0,True,0.918,False,Low
STU008077,17,A-Level,UK,Day,0.965,0.96,77.1,0.785,False,False,0,True,0.731,False,Low
STU008078,17,A-Level,UK,Boarding,0.871,0.737,67.6,0.519,True,False,1,True,0.771,False,High
STU008079,16,A-Level,UK,Day,0.91,0.778,90.3,0.872,False,False,0,True,0.798,True,Low
STU008080,17,A-Level,International,Day,0.832,0.728,70.7,0.702,True,False,6,True,0.879,False,Medium
STU008081,17,A-Level,UK,Boarding,0.866,0.773,75.3,0.679,False,False,0,True,0.887,False,Medium
STU008082,15,GCSE,International,Day,0.947,0.848,85.1,0.652,False,False,0,True,0.858,False,Low
STU008083,15,GCSE,UK,Homestay,0.825,0.636,71.4,0.748,True,False,1,True,0.702,False,High
STU008084,16,GCSE,International,Boarding,0.799,0.665,60.2,0.606,False,False,1,True,0.902,True,High
STU008085,18,A-Level,UK,Homestay,0.876,0.885,84.6,0.773,False,False,1,True,0.857,True,Low
STU008086,17,A-Level,International,Day,0.82,0.767,57.7,0.653,True,False,3,True,0.88,False,High
STU008087,17,EAP,UK,Homestay,0.761,0.667,79.8,0.679,False,False,2,True,0.843,True,Medium
STU008088,18,Foundation,International,Boarding,0.952,0.827,84.0,0.653,False,False,0,True,0.759,False,Low
STU008089,15,GCSE,International,Boarding,0.9,0.825,86.6,0.891,False,False,0,True,0.898,False,Low
STU008090,17,Foundation,International,Homestay,0.805,0.741,88.3,0.621,False,False,1,False,0.773,False,Medium
STU008091,19,Foundation,UK,Boarding,0.879,0.827,71.2,0.672,False,False,0,True,0.794,False,Medium
STU008092,17,A-Level,UK,Homestay,0.893,0.809,87.9,0.912,False,False,1,True,0.941,True,Low
STU008093,16,A-Level,International,Boarding,0.966,0.815,83.8,0.773,False,False,0,True,0.968,False,Low
STU008094,17,EAP,UK,Boarding,0.964,0.891,90.4,0.872,False,False,0,True,0.843,True,Low
STU008095,17,A-Level,UK,Day,0.975,0.888,85.5,0.971,False,False,1,True,0.97,False,Low
STU008096,18,EAP,EU,Day,0.926,0.866,90.7,0.996,False,False,0,True,0.839,False,Low
STU008097,14,GCSE,UK,Boarding,0.854,0.773,75.6,0.649,False,False,0,False,0.747,True,Medium
STU008098,16,GCSE,UK,Homestay,0.836,0.901,90.2,0.845,False,False,4,True,0.754,False,Low
STU008099,17,A-Level,EU,Boarding,0.851,0.653,72.5,0.541,False,False,3,True,0.819,False,Medium
STU008100,16,A-Level,UK,Boarding,0.895,0.66,78.6,0.542,False,False,2,True,0.786,False,Medium
STU008101,17,Foundation,UK,Boarding,0.898,0.753,74.5,0.79,False,False,0,True,0.794,False,Medium
STU008102,18,EAP,EU,Day,0.972,0.861,81.7,0.827,False,False,1,True,0.916,False,Low
STU008103,16,A-Level,UK,Day,0.882,0.934,77.1,0.825,False,False,0,True,0.846,False,Low
STU008104,14,GCSE,International,Day,0.758,0.704,82.3,0.736,False,False,3,True,0.888,False,Medium
STU008105,18,Foundation,UK,Day,0.817,0.905,95.1,0.83,False,False,3,False,0.588,True,Low
STU008106,17,A-Level,International,Boarding,0.832,0.802,76.0,0.917,False,False,0,True,0.911,True,Low
STU008107,14,GCSE,UK,Homestay,0.832,0.745,81.9,0.94,False,False,2,True,0.844,True,Low
STU008108,17,A-Level,UK,Day,0.704,0.862,86.9,0.772,False,False,1,True,0.832,False,Medium
STU008109,18,Foundation,UK,Day,0.934,0.784,79.4,0.773,True,False,0,False,0.739,True,Medium
STU008110,17,Foundation,UK,Day,0.707,0.715,67.6,0.637,True,False,4,True,0.726,False,High
STU008111,17,A-Level,International,Day,0.86,0.847,74.3,0.735,False,False,0,True,0.962,False,Medium
STU008112,16,A-Level,UK,Day,0.849,0.762,67.7,0.631,True,True,1,True,0.786,False,High
STU008113,16,EAP,International,Day,0.941,0.879,79.9,0.934,False,False,1,True,0.78,False,Low
STU008114,17,A-Level,International,Day,0.797,0.826,90.2,0.834,False,False,0,False,0.688,False,Low
STU008115,16,A-Level,EU,Homestay,0.984,0.81,65.9,0.717,False,False,0,True,0.898,False,Medium
STU008116,16,A-Level,UK,Day,0.974,0.734,71.7,0.769,False,False,2,True,0.999,False,Low
STU008117,18,Foundation,UK,Boarding,0.887,0.697,74.9,0.567,False,False,2,True,0.641,False,Medium
STU008118,16,GCSE,International,Boarding,0.855,0.771,62.2,0.665,True,False,1,True,0.966,False,High
STU008119,15,GCSE,International,Day,0.836,0.846,65.6,0.711,False,False,1,True,0.933,False,Medium
STU008120,18,A-Level,International,Homestay,0.842,0.737,88.6,0.576,True,False,3,True,0.747,False,High
STU008121,18,A-Level,UK,Boarding,0.916,0.79,83.4,0.699,False,False,0,True,0.915,False,Low
STU008122,18,A-Level,International,Day,0.866,0.832,75.7,0.601,False,False,1,True,0.882,False,Medium
STU008123,16,GCSE,International,Day,0.945,0.674,77.6,0.566,False,False,3,True,0.805,False,Medium
STU008124,17,A-Level,UK,Boarding,0.871,1.0,88.2,0.862,True,False,0,True,0.926,True,Low
STU008125,17,A-Level,EU,Day,1.0,0.792,74.9,0.611,False,False,1,True,0.793,True,Low
STU008126,14,GCSE,UK,Day,0.837,0.772,74.9,0.72,False,False,1,True,0.905,True,Medium
STU008127,15,GCSE,UK,Day,0.905,0.687,68.0,0.825,True,True,0,True,0.613,False,High
STU008128,19,EAP,International,Day,0.84,0.82,79.9,0.949,False,False,1,True,0.935,False,Low
STU008129,18,Foundation,UK,Boarding,0.937,0.848,77.9,0.674,False,False,2,True,0.75,False,Low
STU008130,15,GCSE,EU,Homestay,0.676,0.711,73.3,0.762,True,False,1,True,0.913,False,High
STU008131,18,Foundation,UK,Boarding,0.864,0.69,75.1,0.788,False,False,1,False,0.617,False,Medium
STU008132,17,A-Level,UK,Day,0.933,0.88,91.4,0.839,False,False,0,True,0.811,False,Low
STU008133,17,EAP,EU,Homestay,0.917,0.779,78.9,1.0,False,False,0,True,0.874,False,Low
STU008134,17,A-Level,International,Boarding,0.76,0.846,81.3,0.765,False,False,1,True,0.855,False,Medium
STU008135,17,A-Level,UK,Boarding,0.841,0.777,58.0,0.596,True,False,0,True,0.973,False,High
STU008136,15,GCSE,UK,Day,0.943,0.597,69.8,0.461,True,False,1,True,0.788,False,High
STU008137,18,A-Level,International,Day,0.972,0.9,92.9,0.864,False,False,1,True,0.794,True,Low
STU008138,19,EAP,UK,Homestay,0.922,0.682,67.1,0.842,True,False,0,True,0.72,False,Medium
STU008139,16,A-Level,UK,Day,1.0,0.796,83.3,0.705,False,False,2,True,0.882,False,Low
STU008140,18,A-Level,UK,Boarding,0.778,0.759,80.5,0.722,False,False,0,True,0.802,True,Medium
STU008141,15,GCSE,UK,Boarding,0.872,0.725,71.6,0.56,False,False,4,True,0.83,False,Medium
STU008142,18,Foundation,UK,Day,0.902,0.863,89.5,0.829,False,False,2,True,0.962,False,Low
STU008143,17,A-Level,UK,Boarding,0.849,0.725,68.4,0.571,False,False,1,True,0.797,True,Medium
STU008144,17,A-Level,UK,Day,0.833,0.797,78.6,0.811,True,False,0,True,0.67,False,Medium
STU008145,16,EAP,International,Boarding,0.991,0.896,90.1,1.0,False,False,0,True,0.834,False,Low
STU008146,15,GCSE,UK,Homestay,0.908,0.803,81.6,0.773,False,False,0,True,0.838,True,Low
STU008147,17,A-Level,International,Homestay,0.668,0.636,70.8,0.665,True,False,2,True,0.608,True,High
STU008148,17,EAP,EU,Homestay,0.947,0.871,86.6,0.897,False,False,2,True,0.831,False,Low
STU008149,17,A-Level,UK,Boarding,0.899,1.0,83.5,0.788,False,False,0,True,1.0,False,Low
STU008150,17,A-Level,International,Boarding,0.747,0.666,80.9,0.555,False,False,1,True,0.608,False,High
STU008151,17,A-Level,UK,Boarding,0.857,0.737,91.8,0.905,False,False,0,True,0.892,False,Low
STU008152,19,Foundation,UK,Day,0.779,0.677,87.7,0.784,False,False,2,True,0.785,False,Medium
STU008153,15,GCSE,UK,Day,0.88,0.833,89.5,0.793,False,False,0,True,0.823,False,Low
STU008154,17,EAP,International,Boarding,0.801,0.762,78.9,0.837,True,False,1,True,0.829,False,Medium
STU008155,18,Foundation,EU,Day,0.749,0.689,79.3,0.774,True,False,1,True,0.818,False,Medium
STU008156,15,GCSE,UK,Homestay,0.918,0.744,77.2,0.891,False,False,1,True,0.788,False,Low
STU008157,18,Foundation,UK,Day,0.824,0.684,70.0,0.805,False,False,2,True,0.575,False,Medium
STU008158,16,A-Level,International,Day,0.993,0.735,69.1,0.694,False,False,2,True,0.874,False,Medium
STU008159,17,A-Level,UK,Day,0.912,0.756,75.2,0.81,False,False,1,True,0.77,True,Low
STU008160,19,Foundation,UK,Homestay,0.849,0.611,66.8,0.738,True,False,3,True,0.785,False,High
STU008161,18,EAP,EU,Homestay,0.988,0.896,74.2,0.74,False,False,2,True,0.815,False,Low
STU008162,15,GCSE,International,Day,0.918,0.894,86.5,0.917,False,False,1,True,0.843,False,Low
STU008163,18,A-Level,UK,Boarding,0.924,0.883,76.2,0.748,False,False,0,False,0.702,False,Low
STU008164,17,A-Level,UK,Boarding,0.895,0.922,69.3,0.78,False,False,0,True,0.855,False,Low
STU008165,17,A-Level,International,Boarding,0.807,0.665,50.4,0.598,True,False,3,True,0.777,False,High
STU008166,17,A-Level,UK,Boarding,0.877,0.727,65.5,0.738,False,True,0,True,0.788,True,Medium
STU008167,16,GCSE,International,Day,0.963,0.894,77.8,0.82,True,False,0,False,0.612,True,Medium
STU008168,17,A-Level,International,Boarding,0.605,0.57,72.7,0.832,True,False,0,True,0.822,False,High
STU008169,16,A-Level,International,Day,1.0,0.756,71.0,0.625,False,False,0,True,0.85,False,Medium
STU008170,15,GCSE,UK,Day,0.773,0.702,83.0,0.68,False,True,1,True,0.813,False,High
STU008171,18,Foundation,UK,Day,0.913,0.692,75.9,0.415,False,False,2,False,0.609,True,High
STU008172,19,Foundation,UK,Day,0.714,0.718,67.9,0.617,True,False,2,True,0.865,False,High
STU008173,16,A-Level,International,Boarding,0.934,0.7,66.7,0.725,True,False,1,True,0.733,False,High
STU008174,16,A-Level,International,Day,0.762,0.548,61.8,0.656,True,False,5,True,0.681,False,High
STU008175,18,A-Level,UK,Boarding,0.979,1.0,85.5,0.987,False,False,1,True,1.0,False,Low
STU008176,18,A-Level,International,Boarding,0.883,0.866,78.8,0.72,False,False,2,True,0.901,False,Low
STU008177,15,GCSE,International,Homestay,0.889,1.0,84.9,0.917,False,False,0,False,0.64,False,Low
STU008178,18,Foundation,UK,Boarding,0.812,0.652,78.4,0.775,False,False,0,True,0.788,False,Medium
STU008179,15,GCSE,UK,Homestay,0.985,0.84,73.2,0.712,False,False,2,False,0.873,False,Low
STU008180,15,GCSE,UK,Day,0.81,0.561,67.4,0.679,True,False,0,True,0.755,True,High
STU008181,16,GCSE,UK,Boarding,0.95,0.968,85.6,0.773,False,False,2,True,0.913,True,Low
STU008182,14,GCSE,International,Day,0.755,0.569,65.7,0.694,False,False,1,True,0.648,True,High
STU008183,14,GCSE,International,Boarding,0.838,0.65,55.4,0.623,False,False,0,True,0.685,False,High
STU008184,17,EAP,UK,Day,0.918,0.828,77.2,0.728,False,False,1,True,0.886,False,Low
STU008185,17,A-Level,UK,Boarding,0.79,0.803,78.6,0.842,False,False,1,True,1.0,True,Medium
STU008186,14,GCSE,UK,Day,0.887,0.766,77.7,0.801,True,False,1,True,0.945,False,Medium
STU008187,14,GCSE,International,Day,0.854,0.766,78.7,0.615,False,False,1,True,0.879,True,Medium
STU008188,18,EAP,International,Boarding,0.846,0.87,87.1,0.764,False,False,0,True,1.0,False,Low
STU008189,16,A-Level,EU,Homestay,0.936,0.882,83.9,0.817,False,False,0,True,0.936,False,Low
STU008190,18,A-Level,EU,Day,0.912,0.821,82.4,0.858,False,False,1,False,0.726,False,Low
STU008191,18,Foundation,UK,Homestay,0.821,0.712,74.2,0.772,False,False,0,True,0.841,False,Medium
STU008192,17,A-Level,EU,Day,0.979,0.936,93.1,0.929,False,False,0,True,0.697,True,Low
STU008193,16,A-Level,International,Boarding,0.935,0.862,82.7,0.762,False,False,0,True,0.75,True,Low
STU008194,14,GCSE,UK,Homestay,0.759,0.833,84.8,0.857,False,False,2,True,0.856,True,Low
STU008195,17,A-Level,EU,Day,0.879,0.871,92.7,1.0,False,False,0,True,0.867,True,Low
STU008196,17,A-Level,UK,Day,0.846,0.597,74.5,0.702,True,False,0,True,0.796,True,High
STU008197,17,A-Level,EU,Day,0.892,0.87,79.8,0.797,False,False,2,True,0.795,False,Low
STU008198,17,A-Level,EU,Day,0.667,0.574,50.5,0.537,False,False,2,True,0.821,True,High
STU008199,17,A-Level,EU,Boarding,0.904,0.814,81.3,0.736,False,False,0,True,0.878,False,Low
STU008200,15,GCSE,International,Boarding,0.953,0.847,84.8,0.78,False,False,1,True,0.97,False,Low
STU008201,16,GCSE,UK,Homestay,0.894,0.721,64.9,0.816,False,False,1,True,0.867,False,Medium
STU008202,17,A-Level,EU,Day,0.865,0.704,81.4,0.677,True,False,4,True,0.902,False,Medium
STU008203,19,EAP,UK,Boarding,0.971,0.935,92.2,0.927,False,False,2,True,0.933,False,Low
STU008204,18,A-Level,International,Day,0.685,0.662,72.6,0.57,True,True,1,True,0.741,False,High
STU008205,16,A-Level,UK,Homestay,0.952,0.737,83.1,0.899,False,False,0,True,0.65,False,Low
STU008206,17,A-Level,International,Day,0.924,0.718,81.1,0.815,False,False,1,True,0.91,True,Low
STU008207,15,GCSE,UK,Homestay,0.786,0.7,76.4,0.728,False,False,3,True,0.759,True,Medium
STU008208,15,GCSE,UK,Day,0.949,0.783,76.6,0.702,False,False,1,True,0.945,False,Low
STU008209,17,A-Level,UK,Boarding,1.0,0.732,73.0,0.79,False,False,0,True,0.877,False,Low
STU008210,16,GCSE,International,Day,0.923,0.744,69.0,0.701,False,False,0,False,0.873,False,Medium
STU008211,15,GCSE,UK,Homestay,0.939,0.762,97.7,0.857,False,False,0,True,0.701,True,Low
STU008212,17,Foundation,UK,Boarding,0.825,0.615,68.3,0.589,False,False,6,True,0.936,False,High
STU008213,14,GCSE,UK,Boarding,0.857,0.741,66.7,0.631,False,False,4,True,0.712,False,Medium
STU008214,17,A-Level,UK,Boarding,0.829,0.775,92.1,0.868,False,False,1,True,0.952,False,Low
STU008215,17,A-Level,UK,Day,0.928,0.737,88.7,0.79,False,False,1,True,0.754,False,Low
STU008216,17,A-Level,EU,Day,0.864,0.904,92.5,0.885,False,False,1,True,0.858,False,Low
STU008217,17,A-Level,UK,Homestay,0.859,0.76,64.8,0.836,False,False,0,True,0.843,False,Medium
STU008218,16,A-Level,EU,Day,0.949,0.991,98.7,0.889,False,False,0,True,0.825,True,Low
STU008219,16,A-Level,UK,Homestay,1.0,0.743,72.3,0.851,False,False,1,True,0.903,True,Low
STU008220,18,Foundation,UK,Boarding,0.894,0.835,79.0,0.703,False,False,2,True,0.856,False,Low
STU008221,18,Foundation,EU,Day,0.79,0.75,74.4,0.744,False,False,0,True,0.833,False,Medium
STU008222,15,GCSE,UK,Boarding,0.811,0.584,65.8,0.498,True,True,1,True,0.685,False,High
STU008223,16,GCSE,UK,Boarding,0.913,0.781,80.4,0.721,False,False,0,True,0.697,False,Medium
STU008224,19,Foundation,UK,Boarding,0.958,0.826,78.4,0.746,False,False,0,True,0.784,True,Low
STU008225,16,A-Level,UK,Homestay,0.877,0.715,84.8,0.521,False,False,0,True,0.884,False,Medium
STU008226,17,A-Level,International,Day,0.962,0.968,100.0,0.834,False,False,1,True,0.896,False,Low
STU008227,17,A-Level,EU,Homestay,0.951,0.843,86.3,0.817,False,False,0,True,0.855,True,Low
STU008228,16,GCSE,International,Day,0.879,0.944,85.2,0.877,False,False,0,True,0.947,False,Low
STU008229,17,A-Level,UK,Homestay,0.957,0.759,88.7,0.634,False,False,0,True,1.0,True,Low
STU008230,16,A-Level,UK,Day,0.965,0.906,95.2,0.914,False,False,0,True,0.917,False,Low
STU008231,14,GCSE,UK,Day,0.824,0.621,57.9,0.422,False,False,3,True,0.704,False,High
STU008232,17,A-Level,EU,Boarding,0.967,0.702,94.7,0.768,False,False,1,True,0.956,False,Low
STU008233,18,Foundation,EU,Day,0.838,0.745,70.8,0.934,True,False,3,True,0.747,False,Medium
STU008234,17,A-Level,UK,Homestay,0.883,0.92,79.9,0.744,False,False,1,True,0.832,False,Low
STU008235,14,GCSE,International,Day,0.892,0.69,64.2,0.643,False,False,3,True,0.784,False,Medium
STU008236,17,A-Level,UK,Day,0.987,0.921,82.8,0.784,False,False,1,True,0.835,True,Low
STU008237,18,Foundation,International,Day,0.987,0.741,91.8,0.926,False,False,0,True,0.67,False,Low
STU008238,17,Foundation,UK,Day,0.933,0.794,81.2,0.766,False,False,0,False,0.662,False,Low
STU008239,16,A-Level,International,Boarding,0.919,0.872,85.2,0.811,False,False,2,True,0.75,True,Low
STU008240,15,GCSE,UK,Boarding,0.893,0.808,74.9,0.777,False,False,0,True,0.864,False,Low
STU008241,18,Foundation,International,Day,1.0,0.938,94.2,0.896,False,False,2,True,0.901,False,Low
STU008242,17,A-Level,UK,Day,0.826,0.611,57.7,0.846,False,True,3,True,0.712,False,High
STU008243,14,GCSE,UK,Day,0.83,0.702,70.8,0.894,True,False,2,True,0.748,True,Medium
STU008244,16,A-Level,UK,Day,0.921,0.774,79.2,0.775,False,False,1,True,0.879,True,Low
STU008245,17,A-Level,International,Boarding,0.837,0.701,73.4,0.765,False,False,4,True,1.0,False,Medium
STU008246,17,A-Level,International,Boarding,0.973,0.786,81.3,0.646,False,False,1,False,0.763,False,Low
STU008247,14,GCSE,UK,Boarding,0.797,0.634,62.8,0.802,False,False,0,True,0.796,True,Medium
STU008248,17,A-Level,International,Homestay,0.779,0.718,77.4,0.813,True,False,3,True,0.901,True,Medium
STU008249,16,EAP,EU,Homestay,0.872,0.997,79.9,0.875,False,False,0,False,0.617,False,Low
STU008250,18,Foundation,UK,Day,0.83,0.679,85.1,0.587,False,False,3,True,0.886,False,Medium
STU008251,17,EAP,UK,Day,0.973,0.722,82.8,0.789,False,False,0,True,0.705,False,Low
STU008252,16,EAP,International,Homestay,0.808,0.852,83.9,0.77,False,False,1,True,0.919,False,Low
STU008253,15,GCSE,EU,Boarding,0.784,0.602,58.7,0.552,True,False,6,True,0.952,False,High
STU008254,17,A-Level,UK,Day,0.722,0.623,61.3,0.882,True,True,2,True,0.673,False,High
STU008255,18,A-Level,UK,Boarding,0.912,0.773,86.3,0.755,True,False,0,True,0.835,True,Medium
STU008256,17,Foundation,UK,Homestay,1.0,0.882,78.5,0.942,False,False,1,True,0.872,False,Low
STU008257,16,A-Level,EU,Homestay,0.937,0.885,85.8,0.885,False,False,0,True,0.842,False,Low
STU008258,17,EAP,UK,Day,0.808,0.776,77.6,0.777,False,False,0,False,0.834,True,Medium
STU008259,17,A-Level,EU,Homestay,0.857,0.763,78.1,0.591,False,False,2,True,0.662,False,Medium
STU008260,18,Foundation,UK,Homestay,1.0,0.932,91.2,0.925,False,False,0,True,0.881,False,Low
STU008261,15,GCSE,UK,Day,0.857,0.985,88.3,0.921,True,False,2,True,1.0,False,Low
STU008262,15,GCSE,UK,Homestay,0.799,0.662,67.5,0.644,False,False,3,False,0.651,False,High
STU008263,17,Foundation,International,Homestay,1.0,0.745,98.9,0.762,False,False,1,True,0.971,False,Low
STU008264,16,GCSE,UK,Day,0.86,0.739,78.5,0.818,False,False,5,True,0.625,False,Medium
STU008265,18,Foundation,International,Boarding,0.895,0.95,94.2,0.894,False,False,1,True,0.85,True,Low
STU008266,16,GCSE,UK,Day,0.852,0.688,84.6,0.851,False,False,3,True,0.965,False,Medium
STU008267,17,A-Level,EU,Boarding,0.769,0.72,49.5,0.645,True,False,0,True,0.852,False,High
STU008268,17,A-Level,UK,Homestay,0.991,1.0,77.8,0.779,False,False,0,True,0.837,False,Low
STU008269,16,A-Level,International,Day,0.857,0.728,61.1,0.394,True,False,1,True,0.849,True,High
STU008270,17,A-Level,International,Day,0.922,0.787,77.0,0.771,False,False,0,True,0.716,False,Medium
STU008271,16,A-Level,UK,Homestay,0.81,0.776,77.1,0.647,False,False,0,True,0.812,False,Medium
STU008272,15,GCSE,UK,Homestay,0.879,0.75,74.8,0.461,False,False,0,True,1.0,True,Medium
STU008273,15,GCSE,International,Day,0.856,0.827,77.7,0.943,False,False,0,True,0.861,False,Low
STU008274,17,A-Level,UK,Homestay,0.842,0.694,61.3,0.758,False,False,3,True,0.756,True,Medium
STU008275,17,A-Level,International,Day,0.933,0.736,86.8,0.556,False,False,2,True,0.896,False,Medium
STU008276,18,Foundation,UK,Day,0.838,0.868,84.2,0.802,False,True,3,True,0.711,True,Medium
STU008277,16,A-Level,International,Boarding,0.948,1.0,96.3,1.0,False,False,0,True,0.739,False,Low
STU008278,17,A-Level,EU,Boarding,0.95,0.904,90.9,0.922,False,False,0,True,0.705,True,Low
STU008279,16,A-Level,UK,Boarding,0.87,0.817,86.1,0.857,False,False,0,True,0.737,True,Low
STU008280,15,GCSE,International,Day,0.932,0.75,66.1,0.601,False,False,1,True,0.707,False,Medium
STU008281,18,A-Level,UK,Day,0.868,0.914,70.3,0.675,False,False,0,True,0.953,False,Medium
STU008282,17,EAP,UK,Homestay,0.845,0.765,80.7,0.676,False,False,1,False,0.745,False,Medium
STU008283,17,Foundation,UK,Day,0.826,0.83,63.9,0.754,False,False,1,True,0.849,False,Medium
STU008284,17,A-Level,EU,Day,0.906,0.94,89.2,0.851,False,False,2,True,0.83,True,Low
STU008285,18,A-Level,UK,Homestay,0.848,0.775,84.0,0.784,False,False,0,True,0.687,False,Medium
STU008286,18,Foundation,International,Boarding,0.996,0.785,93.7,0.72,False,False,1,True,0.71,False,Low
STU008287,16,A-Level,International,Day,0.977,0.794,74.7,0.735,True,False,1,True,0.892,False,Medium
STU008288,16,GCSE,UK,Day,0.933,0.808,75.7,0.875,False,False,0,True,0.801,False,Low
STU008289,16,GCSE,International,Homestay,0.917,0.794,88.6,0.804,False,False,0,True,0.775,False,Low
STU008290,16,A-Level,UK,Homestay,0.901,0.662,75.2,0.804,False,False,1,True,0.762,False,Medium
STU008291,19,EAP,EU,Day,1.0,0.93,74.4,0.745,False,False,1,True,0.878,False,Low
STU008292,17,A-Level,UK,Boarding,1.0,0.807,62.2,0.819,False,False,0,True,0.947,True,Low
STU008293,15,GCSE,International,Day,0.886,0.833,81.9,0.592,False,False,2,True,0.718,False,Medium
STU008294,15,GCSE,International,Homestay,0.886,0.674,79.3,0.63,False,False,0,True,0.897,True,Medium
STU008295,19,Foundation,EU,Day,0.85,0.56,65.8,0.549,True,False,1,False,0.679,False,High
STU008296,18,Foundation,UK,Boarding,0.817,0.711,78.7,0.955,False,False,2,True,0.812,True,Low
STU008297,16,A-Level,UK,Boarding,0.774,0.634,74.9,0.911,False,False,1,True,0.822,False,Medium
STU008298,18,A-Level,UK,Boarding,0.806,0.824,74.3,0.592,False,False,0,True,0.865,False,Medium
STU008299,14,GCSE,UK,Homestay,0.879,0.81,66.5,0.632,False,False,1,True,0.676,False,Medium
STU008300,18,Foundation,UK,Day,0.834,0.776,74.5,0.717,False,False,1,True,0.783,False,Medium
STU008301,18,Foundation,International,Homestay,0.933,0.942,83.8,0.896,True,False,0,True,0.847,False,Low
STU008302,16,A-Level,International,Day,0.797,0.698,82.0,0.782,False,False,3,False,0.477,True,Medium
STU008303,17,Foundation,UK,Day,0.807,0.746,73.5,0.909,False,False,2,True,0.875,True,Medium
STU008304,16,GCSE,UK,Day,0.772,0.811,76.4,0.88,False,False,0,True,0.669,False,Medium
STU008305,15,GCSE,International,Day,0.855,0.749,81.1,0.773,False,False,3,True,0.827,False,Medium
STU008306,15,GCSE,International,Day,0.872,0.895,77.6,0.758,False,False,1,True,0.847,True,Low
STU008307,15,GCSE,UK,Homestay,0.894,1.0,83.7,0.896,False,False,1,True,1.0,False,Low
STU008308,17,A-Level,UK,Boarding,0.898,0.945,76.2,0.884,False,False,0,True,0.828,True,Low
STU008309,17,A-Level,International,Homestay,0.817,0.767,83.1,0.823,True,False,0,True,0.826,False,Medium
STU008310,17,A-Level,International,Boarding,0.826,0.788,81.7,0.779,False,False,1,True,0.848,False,Medium
STU008311,17,A-Level,UK,Day,0.929,1.0,95.1,0.893,False,False,0,True,0.963,False,Low
STU008312,18,A-Level,EU,Day,0.837,0.759,72.4,0.691,False,False,1,True,0.901,False,Medium
STU008313,15,GCSE,EU,Homestay,0.922,0.778,87.0,0.655,True,False,1,True,0.733,False,Medium
STU008314,16,A-Level,UK,Day,0.796,0.646,73.5,0.668,False,False,4,True,0.785,False,Medium
STU008315,18,A-Level,International,Day,0.848,0.841,88.9,1.0,False,False,1,True,0.917,False,Low
STU008316,17,A-Level,UK,Day,1.0,0.86,85.2,0.675,False,False,1,True,1.0,True,Low
STU008317,17,Foundation,International,Day,1.0,1.0,93.2,0.943,False,False,0,True,0.806,False,Low
STU008318,19,Foundation,EU,Boarding,0.805,0.839,84.0,0.98,False,False,0,True,0.876,False,Low
STU008319,18,Foundation,UK,Day,0.985,0.93,82.7,0.871,False,False,2,True,0.82,False,Low
STU008320,16,A-Level,International,Boarding,1.0,0.773,84.4,0.762,False,False,0,True,0.958,False,Low
STU008321,14,GCSE,International,Day,0.974,0.906,88.9,0.835,False,False,1,True,0.921,False,Low
STU008322,17,A-Level,International,Boarding,0.826,0.762,70.0,0.629,True,False,3,True,0.786,True,High
STU008323,16,GCSE,UK,Homestay,0.765,0.674,67.2,0.565,False,False,0,True,0.833,False,High
STU008324,16,A-Level,UK,Boarding,0.873,0.779,77.5,0.868,True,False,1,True,0.602,False,Medium
STU008325,15,GCSE,International,Day,0.929,0.842,77.9,0.902,False,False,2,False,0.823,False,Low
STU008326,18,Foundation,International,Day,0.917,0.778,81.0,0.754,False,False,0,True,0.702,True,Medium
STU008327,15,GCSE,International,Homestay,0.933,0.905,89.9,0.691,False,False,0,True,0.836,True,Low
STU008328,17,EAP,UK,Day,0.843,0.758,69.4,0.805,False,False,3,True,0.841,False,Medium
STU008329,17,Foundation,UK,Day,0.866,0.791,87.0,0.758,False,False,0,True,0.875,False,Low
STU008330,17,A-Level,UK,Homestay,0.732,0.588,61.2,0.581,False,False,1,True,0.683,True,High
STU008331,19,Foundation,International,Homestay,0.962,0.782,78.5,0.63,False,False,0,True,0.855,True,Medium
STU008332,17,A-Level,International,Homestay,0.837,0.777,80.4,0.552,False,False,1,True,0.855,False,Medium
STU008333,18,Foundation,EU,Homestay,0.842,0.576,64.1,0.582,True,False,6,True,0.861,False,High
STU008334,17,A-Level,UK,Homestay,0.918,0.692,79.0,0.638,False,False,0,True,0.741,True,Medium
STU008335,18,Foundation,UK,Boarding,0.861,0.925,77.1,0.793,False,False,2,True,0.907,False,Low
STU008336,18,A-Level,EU,Day,0.825,0.679,75.6,0.625,False,False,2,True,0.63,False,Medium
STU008337,18,EAP,EU,Homestay,0.844,0.773,78.5,0.665,True,False,1,True,0.894,False,Medium
STU008338,16,A-Level,International,Homestay,0.775,0.63,64.2,0.548,False,False,2,True,0.706,True,High
STU008339,17,A-Level,UK,Day,0.954,0.721,77.7,0.631,False,False,1,True,0.733,True,Medium
STU008340,18,Foundation,UK,Day,0.946,0.967,86.3,0.654,False,False,0,True,0.929,False,Low
STU008341,18,Foundation,UK,Day,0.862,0.775,76.7,0.758,False,False,1,True,0.721,True,Medium
STU008342,17,A-Level,International,Homestay,0.865,0.889,79.7,0.864,False,False,0,True,0.868,True,Low
STU008343,16,GCSE,UK,Boarding,0.831,0.818,79.1,0.884,False,False,1,True,0.841,False,Low
STU008344,17,A-Level,International,Day,0.873,0.778,77.9,0.749,False,False,0,True,0.947,False,Medium
STU008345,18,EAP,International,Day,0.886,0.97,88.1,0.926,False,False,1,True,0.846,False,Low
STU008346,19,Foundation,UK,Homestay,0.836,0.711,72.6,0.662,False,True,0,True,0.801,False,High
STU008347,19,Foundation,UK,Boarding,1.0,0.832,87.1,0.898,False,False,1,True,0.751,False,Low
STU008348,16,GCSE,International,Day,0.778,0.658,67.0,0.575,False,False,1,True,0.85,False,High
STU008349,18,A-Level,UK,Day,0.836,0.792,75.9,0.779,False,False,0,True,0.837,False,Medium
STU008350,17,A-Level,UK,Day,0.951,0.762,83.1,0.68,False,False,0,True,0.8,True,Low
STU008351,18,Foundation,International,Day,1.0,0.794,83.8,0.741,False,False,0,True,0.76,False,Low
STU008352,16,GCSE,International,Boarding,0.84,0.658,74.6,0.701,False,False,0,True,0.905,False,Medium
STU008353,19,Foundation,EU,Boarding,0.897,0.809,78.0,0.951,True,False,0,True,0.804,False,Low
STU008354,18,A-Level,UK,Day,0.819,0.681,68.3,0.821,False,False,2,True,0.721,True,Medium
STU008355,14,GCSE,International,Boarding,0.873,0.669,72.1,0.635,False,False,2,True,0.992,True,Medium
STU008356,17,A-Level,UK,Day,0.901,0.82,79.2,0.629,False,False,0,False,0.591,False,Medium
STU008357,16,A-Level,UK,Homestay,0.852,0.822,72.3,0.635,False,False,1,True,0.755,False,Medium
STU008358,17,A-Level,UK,Day,0.871,0.823,100.0,0.819,False,False,1,False,0.7,False,Low
STU008359,14,GCSE,UK,Day,0.805,0.629,78.8,0.718,False,False,2,True,0.773,False,Medium
STU008360,14,GCSE,International,Day,0.906,0.745,76.2,0.771,True,False,1,True,0.724,True,Medium
STU008361,17,Foundation,International,Day,0.763,0.73,73.3,0.638,True,False,1,True,0.809,True,High
STU008362,15,GCSE,International,Day,0.854,0.822,80.3,0.754,False,False,1,True,0.79,False,Low
STU008363,15,GCSE,International,Day,0.845,0.683,73.9,0.743,False,False,2,True,0.778,False,Medium
STU008364,16,A-Level,UK,Boarding,0.849,0.9,96.1,0.884,False,False,0,True,0.823,True,Low
STU008365,17,A-Level,UK,Day,0.91,0.859,87.2,0.949,False,False,0,True,0.921,True,Low
STU008366,17,Foundation,EU,Day,0.904,0.815,76.2,0.895,False,False,0,True,0.795,False,Low
STU008367,18,A-Level,EU,Homestay,1.0,0.957,92.6,0.952,False,False,1,True,0.769,False,Low
STU008368,18,Foundation,EU,Day,0.883,0.8,80.8,0.775,False,False,0,True,0.943,False,Low
STU008369,17,A-Level,UK,Boarding,0.893,0.909,81.1,0.668,False,False,0,True,0.797,False,Low
STU008370,16,GCSE,EU,Day,0.994,0.913,88.8,0.773,False,False,2,True,0.767,False,Low
STU008371,15,GCSE,UK,Day,0.858,0.708,67.7,0.649,True,False,1,True,0.747,True,High
STU008372,17,A-Level,UK,Day,0.835,0.755,59.4,0.659,True,False,2,True,0.922,False,High
STU008373,17,A-Level,UK,Day,0.891,0.729,81.5,0.75,False,False,3,True,0.889,True,Medium
STU008374,19,Foundation,UK,Homestay,0.914,0.944,81.6,0.771,False,False,1,True,0.842,False,Low
STU008375,16,A-Level,UK,Day,0.968,0.859,82.0,0.731,False,False,0,True,0.658,True,Low
STU008376,18,A-Level,UK,Boarding,0.994,1.0,87.7,0.782,False,False,1,True,0.879,False,Low
STU008377,16,GCSE,International,Boarding,0.972,0.825,88.7,0.864,False,False,0,True,0.754,False,Low
STU008378,15,GCSE,International,Day,0.933,0.614,77.8,0.646,False,False,0,True,0.925,True,Medium
STU008379,17,A-Level,EU,Boarding,0.915,0.862,81.0,0.923,False,False,0,True,0.974,False,Low
STU008380,17,A-Level,International,Day,1.0,0.75,88.6,0.93,False,False,2,True,0.813,False,Low
STU008381,16,A-Level,International,Boarding,0.867,0.975,79.2,0.75,False,False,0,True,0.683,False,Low
STU008382,14,GCSE,UK,Homestay,0.949,0.71,84.4,0.471,False,False,0,True,0.785,False,Medium
STU008383,18,A-Level,UK,Day,0.982,0.65,65.7,0.531,False,False,0,True,0.6,True,High
STU008384,18,Foundation,International,Day,0.936,0.743,80.0,0.77,True,False,1,True,0.934,False,Medium
STU008385,17,A-Level,International,Day,0.847,0.676,77.3,0.812,False,False,0,True,0.8,False,Medium
STU008386,17,A-Level,UK,Day,1.0,0.875,94.6,1.0,False,False,0,False,0.637,False,Low
STU008387,18,EAP,International,Day,1.0,1.0,86.8,0.801,False,False,0,True,0.728,False,Low
STU008388,16,A-Level,UK,Homestay,0.974,0.869,94.3,0.727,False,False,0,False,0.694,False,Low
STU008389,17,A-Level,UK,Day,0.83,0.751,71.3,0.577,False,False,0,True,0.898,False,Medium
STU008390,15,GCSE,UK,Day,0.969,0.897,93.5,0.838,False,False,1,True,0.771,True,Low
STU008391,16,A-Level,UK,Day,0.674,0.61,47.0,0.61,True,False,3,True,0.856,False,High
STU008392,16,GCSE,UK,Day,0.884,0.649,72.5,0.67,False,False,1,True,0.807,False,Medium
STU008393,17,EAP,International,Day,0.907,0.856,91.9,0.811,False,False,0,True,0.895,False,Low
STU008394,18,Foundation,UK,Day,0.869,0.981,86.5,0.76,False,False,1,True,0.797,True,Low
STU008395,17,Foundation,UK,Day,1.0,1.0,100.0,0.946,False,False,0,True,1.0,False,Low
STU008396,18,Foundation,UK,Day,0.907,0.833,95.2,0.737,False,False,2,True,0.909,True,Low
STU008397,17,A-Level,EU,Boarding,0.833,0.746,66.6,0.724,False,False,0,True,0.804,True,Medium
STU008398,17,A-Level,International,Homestay,0.953,0.82,100.0,0.881,False,False,2,True,0.866,False,Low
STU008399,19,Foundation,UK,Day,0.928,1.0,93.0,0.766,False,False,0,True,0.673,True,Low
STU008400,16,EAP,UK,Homestay,0.708,0.663,68.4,0.583,True,False,1,True,0.714,False,High
STU008401,17,A-Level,UK,Day,0.994,0.807,70.1,0.643,False,False,2,True,0.809,False,Medium
STU008402,18,EAP,EU,Boarding,0.829,0.652,74.7,0.604,True,False,4,True,0.835,False,High
STU008403,18,A-Level,UK,Day,0.969,0.749,87.4,0.709,False,False,0,True,1.0,False,Low
STU008404,17,A-Level,UK,Homestay,0.929,0.996,86.1,0.883,False,False,1,True,0.906,True,Low
STU008405,16,A-Level,UK,Homestay,0.876,0.777,87.7,0.656,False,False,0,True,0.732,False,Medium
STU008406,14,GCSE,UK,Boarding,0.93,0.854,72.7,0.723,False,False,0,True,0.917,False,Low
STU008407,16,GCSE,International,Homestay,0.893,0.648,73.0,0.608,False,False,1,True,0.771,True,Medium
STU008408,16,GCSE,UK,Boarding,0.92,0.857,92.5,0.751,False,False,0,False,0.706,False,Low
STU008409,17,A-Level,UK,Day,0.942,0.845,78.8,0.808,False,False,0,True,0.692,False,Low
STU008410,17,A-Level,International,Boarding,0.91,0.861,80.5,0.802,False,False,0,True,0.847,False,Low
STU008411,17,A-Level,International,Day,0.933,0.888,83.6,0.98,False,False,0,True,0.772,False,Low
STU008412,19,EAP,UK,Day,0.874,0.801,77.7,0.792,False,False,2,True,0.77,False,Low
STU008413,18,A-Level,International,Day,0.86,0.836,79.8,0.772,False,False,0,True,1.0,False,Low
STU008414,18,A-Level,International,Boarding,0.954,0.739,76.4,0.712,False,False,0,True,0.687,False,Medium
STU008415,16,GCSE,UK,Day,1.0,0.871,100.0,1.0,False,False,1,True,1.0,False,Low
STU008416,16,GCSE,EU,Boarding,0.864,0.676,72.6,0.82,False,False,1,True,0.78,False,Medium
STU008417,18,Foundation,UK,Boarding,0.875,0.801,75.9,0.825,True,False,1,True,0.834,False,Medium
STU008418,18,A-Level,UK,Day,0.801,0.831,73.9,0.841,False,False,0,True,0.895,False,Medium
STU008419,18,Foundation,UK,Day,1.0,0.84,77.5,0.92,False,False,2,True,0.886,True,Low
STU008420,16,GCSE,EU,Homestay,0.98,0.802,88.3,0.908,False,False,1,True,0.646,False,Low
STU008421,17,A-Level,International,Homestay,0.859,0.766,88.2,0.714,False,False,1,True,0.697,True,Medium
STU008422,16,A-Level,UK,Day,0.875,0.946,100.0,1.0,False,False,2,True,0.85,False,Low
STU008423,15,GCSE,UK,Day,0.945,0.554,70.2,0.523,True,False,2,True,0.734,True,High
STU008424,15,GCSE,EU,Day,0.912,0.756,78.4,0.708,False,False,0,True,0.939,False,Medium
STU008425,14,GCSE,International,Day,0.898,0.898,92.1,0.898,True,False,0,True,0.551,False,Low
STU008426,17,A-Level,International,Day,0.791,0.668,67.7,0.685,False,True,2,True,0.751,False,High
STU008427,15,GCSE,UK,Homestay,0.898,0.724,82.7,0.754,True,False,0,True,0.736,True,Medium
STU008428,17,EAP,EU,Homestay,0.89,0.855,76.9,0.744,False,False,1,False,0.761,False,Low
STU008429,17,A-Level,UK,Homestay,0.921,0.828,94.3,0.818,False,False,0,True,0.862,False,Low
STU008430,14,GCSE,International,Day,0.872,0.798,77.1,0.679,False,False,0,True,0.884,True,Medium
STU008431,16,GCSE,UK,Day,0.885,0.913,94.6,0.869,False,False,0,True,0.932,False,Low
STU008432,17,A-Level,UK,Boarding,0.833,0.845,87.0,0.733,True,False,2,True,0.867,False,Medium
STU008433,14,GCSE,UK,Boarding,0.859,0.779,75.5,0.507,False,False,0,True,0.801,False,Medium
STU008434,19,Foundation,International,Day,1.0,0.992,85.5,0.732,False,True,2,False,0.827,False,Low
STU008435,18,EAP,EU,Boarding,0.795,0.871,82.0,0.641,False,True,0,True,0.889,False,Medium
STU008436,14,GCSE,International,Boarding,0.935,0.938,93.4,0.919,False,False,0,True,0.808,True,Low
STU008437,17,A-Level,UK,Boarding,0.921,0.772,86.6,0.616,False,False,1,True,0.974,False,Low
STU008438,15,GCSE,EU,Boarding,0.953,0.801,86.8,0.727,False,False,0,True,1.0,False,Low
STU008439,17,A-Level,UK,Boarding,0.725,0.742,79.7,0.93,False,False,2,True,0.808,False,Medium
STU008440,17,A-Level,International,Day,0.782,0.654,80.4,0.852,False,False,3,False,0.67,False,Medium
STU008441,17,A-Level,International,Boarding,0.862,0.701,75.4,0.635,False,False,1,True,0.915,False,Medium
STU008442,14,GCSE,International,Day,0.964,0.89,75.3,0.658,False,False,1,True,0.811,True,Low
STU008443,18,A-Level,International,Day,0.882,0.685,77.1,0.629,False,False,0,True,0.753,False,Medium
STU008444,16,A-Level,International,Day,0.879,0.916,80.1,0.77,False,False,3,True,0.903,False,Low
STU008445,15,GCSE,International,Day,0.901,0.774,72.3,0.676,False,False,0,False,0.867,False,Medium
STU008446,16,A-Level,UK,Homestay,0.813,0.851,72.1,0.743,False,True,1,True,0.656,False,Medium
STU008447,17,A-Level,International,Day,0.933,0.927,77.5,0.807,False,False,3,False,0.726,False,Low
STU008448,18,Foundation,International,Homestay,0.913,0.778,58.8,0.797,False,False,3,True,0.871,False,Medium
STU008449,14,GCSE,EU,Day,0.935,0.969,91.3,0.769,False,False,0,True,0.819,False,Low
STU008450,18,Foundation,International,Day,0.953,1.0,81.4,0.819,False,True,0,True,0.949,False,Low
STU008451,16,A-Level,UK,Boarding,0.884,0.806,80.1,0.655,False,False,0,True,0.863,True,Medium
STU008452,15,GCSE,UK,Day,0.908,0.556,68.4,0.565,False,False,2,True,0.708,False,High
STU008453,17,A-Level,EU,Boarding,0.73,0.581,65.4,0.658,True,True,2,True,0.777,False,High
STU008454,16,A-Level,UK,Day,0.812,0.592,66.0,0.622,False,False,0,True,0.628,False,High
STU008455,19,EAP,EU,Homestay,0.899,0.862,76.1,0.922,False,False,0,True,0.778,True,Low
STU008456,14,GCSE,International,Day,0.907,0.693,80.0,0.588,False,False,0,True,0.637,False,Medium
STU008457,16,A-Level,UK,Boarding,0.948,0.856,66.0,0.734,False,False,0,True,0.648,True,Medium
STU008458,17,A-Level,UK,Day,0.94,0.74,81.5,0.792,False,False,1,True,0.859,False,Low
STU008459,18,EAP,International,Boarding,0.918,0.71,83.1,0.964,False,False,2,True,0.848,False,Low
STU008460,17,A-Level,UK,Boarding,0.984,0.842,84.8,0.696,True,False,1,False,0.727,False,Medium
STU008461,16,EAP,UK,Day,0.878,0.906,100.0,0.817,False,False,1,True,0.858,False,Low
STU008462,19,EAP,UK,Day,0.887,0.664,75.1,0.873,False,False,1,True,0.593,False,Medium
STU008463,17,A-Level,UK,Boarding,0.92,0.813,86.1,0.855,False,False,1,True,0.826,False,Low
STU008464,17,Foundation,UK,Homestay,0.817,0.752,81.7,0.792,False,False,1,True,0.93,False,Medium
STU008465,17,EAP,International,Day,0.871,0.779,76.0,0.955,True,True,2,True,0.879,False,Medium
STU008466,18,A-Level,UK,Boarding,0.905,0.894,76.4,0.71,False,False,0,True,0.976,False,Low
STU008467,17,A-Level,UK,Boarding,0.825,0.777,61.5,0.876,True,True,3,True,0.602,True,High
STU008468,16,A-Level,International,Boarding,0.898,0.697,69.3,0.837,False,True,5,False,0.693,False,Medium
STU008469,17,A-Level,International,Homestay,0.926,0.893,74.6,0.796,False,False,1,True,0.777,True,Low
STU008470,14,GCSE,UK,Boarding,0.929,0.843,73.8,0.787,False,False,0,True,0.844,True,Low
STU008471,15,GCSE,EU,Homestay,0.873,0.832,82.2,0.835,False,False,3,True,0.854,False,Low
STU008472,18,A-Level,International,Boarding,0.945,0.779,64.9,0.642,True,False,0,True,0.784,False,Medium
STU008473,17,A-Level,International,Day,0.764,0.574,69.4,0.711,False,True,2,True,0.738,False,High
STU008474,15,GCSE,International,Boarding,0.852,0.755,68.4,0.684,False,False,0,True,0.948,False,Medium
STU008475,19,Foundation,EU,Homestay,0.81,0.827,84.5,0.904,True,False,2,True,0.756,True,Medium
STU008476,18,Foundation,UK,Homestay,0.85,0.709,68.1,0.684,False,False,4,True,0.847,False,Medium
STU008477,15,GCSE,EU,Day,0.778,0.781,84.3,0.92,False,False,0,True,0.763,True,Low
STU008478,17,A-Level,International,Day,1.0,0.813,84.2,0.746,False,False,0,True,0.893,False,Low
STU008479,17,A-Level,International,Boarding,0.945,0.839,83.8,0.609,False,False,0,True,0.856,False,Low
STU008480,18,EAP,UK,Boarding,0.856,0.67,70.8,0.681,False,False,0,True,0.83,True,Medium
STU008481,15,GCSE,UK,Day,0.949,0.773,75.3,0.655,False,False,3,True,0.923,False,Medium
STU008482,16,GCSE,International,Day,0.889,0.832,96.1,0.929,False,False,1,True,0.919,False,Low
STU008483,19,EAP,UK,Boarding,0.88,0.864,72.3,0.634,False,False,1,True,0.862,False,Medium
STU008484,18,EAP,UK,Boarding,0.833,0.81,74.2,0.814,False,False,2,True,0.787,False,Medium
STU008485,18,Foundation,International,Homestay,0.901,0.888,72.8,0.962,False,False,0,True,0.913,False,Low
STU008486,18,Foundation,UK,Homestay,0.856,0.717,75.8,1.0,False,False,0,True,0.789,True,Low
STU008487,14,GCSE,UK,Day,0.832,0.642,62.2,0.691,False,False,0,False,0.517,False,High
STU008488,17,A-Level,EU,Homestay,0.915,0.88,91.8,0.775,False,True,0,True,0.83,False,Low
STU008489,16,GCSE,EU,Boarding,0.842,0.691,76.9,0.569,False,False,6,True,0.707,False,Medium
STU008490,15,GCSE,EU,Homestay,0.897,0.758,65.8,0.65,True,True,3,True,0.866,True,High
STU008491,19,Foundation,International,Day,0.85,0.947,93.3,1.0,False,False,1,True,0.867,False,Low
STU008492,14,GCSE,UK,Day,0.795,0.87,60.6,0.792,False,False,3,True,1.0,True,Medium
STU008493,17,A-Level,International,Boarding,0.9,0.744,69.8,0.877,True,False,1,True,0.971,False,Medium
STU008494,18,EAP,UK,Homestay,0.869,0.978,91.8,0.869,False,False,1,True,0.841,False,Low
STU008495,15,GCSE,UK,Homestay,0.789,0.808,70.5,0.813,False,False,0,False,0.786,False,Medium
STU008496,19,EAP,International,Boarding,0.918,0.948,84.8,1.0,False,False,0,True,0.983,True,Low
STU008497,19,EAP,UK,Day,0.782,0.585,71.4,0.697,False,True,2,True,0.767,False,High
STU008498,16,A-Level,EU,Boarding,0.761,0.805,79.9,0.781,False,False,1,True,0.748,False,Medium
STU008499,14,GCSE,UK,Homestay,0.947,0.728,69.0,0.673,False,False,0,True,0.768,False,Medium
STU008500,16,A-Level,UK,Boarding,0.935,0.68,65.3,0.492,True,False,0,True,0.708,False,High
STU008501,17,A-Level,EU,Boarding,0.795,0.841,69.6,0.683,True,False,2,True,0.757,False,Medium
STU008502,17,A-Level,International,Day,0.985,0.897,81.2,0.808,False,False,0,True,0.709,True,Low
STU008503,17,A-Level,UK,Boarding,0.956,0.856,79.3,0.771,False,False,3,True,0.952,False,Low
STU008504,17,EAP,International,Day,0.947,0.858,91.5,0.749,False,False,0,True,0.836,False,Low
STU008505,15,GCSE,UK,Homestay,0.888,0.738,72.2,0.746,False,False,0,True,0.763,True,Medium
STU008506,19,Foundation,UK,Boarding,0.858,0.689,85.1,0.817,False,False,0,False,0.643,False,Medium
STU008507,15,GCSE,UK,Boarding,0.924,0.958,95.5,0.981,False,False,0,True,0.883,False,Low
STU008508,17,A-Level,UK,Homestay,0.945,0.871,91.6,0.84,False,False,0,True,0.741,False,Low
STU008509,16,EAP,UK,Day,0.812,0.904,86.1,0.836,False,False,3,True,1.0,True,Low
STU008510,17,A-Level,International,Day,0.877,0.684,78.0,0.655,False,False,2,True,0.713,False,Medium
STU008511,15,GCSE,EU,Boarding,0.887,0.642,74.0,0.614,False,False,1,True,0.797,False,Medium
STU008512,17,A-Level,UK,Day,0.88,0.804,73.8,0.628,False,False,2,True,0.692,False,Medium
STU008513,19,Foundation,International,Day,0.853,0.722,87.2,0.728,False,False,6,True,0.767,False,Medium
STU008514,18,A-Level,UK,Homestay,0.807,0.627,69.1,0.72,False,False,3,True,0.854,False,Medium
STU008515,18,A-Level,UK,Boarding,0.879,0.757,77.8,0.771,False,False,1,True,0.914,False,Medium
STU008516,17,A-Level,UK,Day,0.881,0.672,78.5,0.648,False,False,1,True,0.871,True,Medium
STU008517,18,EAP,UK,Day,0.867,0.576,71.6,0.521,False,False,2,True,0.721,True,High
STU008518,17,EAP,EU,Day,0.945,0.87,74.7,0.775,False,False,1,True,0.85,False,Low
STU008519,16,A-Level,UK,Boarding,0.804,0.838,78.8,0.824,False,False,1,True,0.858,True,Low
STU008520,18,Foundation,EU,Day,0.92,0.789,78.8,0.749,False,False,2,True,0.893,False,Low
STU008521,16,A-Level,International,Homestay,0.774,0.872,87.1,0.69,False,False,1,True,0.857,False,Medium
STU008522,17,A-Level,International,Boarding,0.895,0.708,77.0,0.562,False,False,1,True,0.959,False,Medium
STU008523,15,GCSE,International,Day,0.742,0.757,85.8,0.679,False,False,3,True,0.859,False,Medium
STU008524,18,A-Level,UK,Day,0.838,0.664,74.2,0.776,False,False,2,True,0.808,False,Medium
STU008525,17,A-Level,UK,Boarding,0.856,0.612,68.2,0.616,True,False,1,True,0.708,False,High
STU008526,16,GCSE,EU,Day,0.8,0.868,80.0,0.806,False,False,1,False,0.984,False,Low
STU008527,16,A-Level,UK,Boarding,0.801,0.897,85.5,0.854,False,False,0,True,0.765,False,Low
STU008528,17,Foundation,UK,Homestay,0.969,0.919,100.0,1.0,False,False,0,False,0.761,False,Low
STU008529,17,A-Level,EU,Day,0.788,0.741,73.4,0.594,False,False,1,True,0.932,False,Medium
STU008530,17,A-Level,UK,Day,0.892,0.841,75.4,0.786,False,False,1,True,0.975,False,Low
STU008531,16,EAP,International,Homestay,0.896,0.762,72.9,0.607,True,True,1,True,0.796,True,High
STU008532,14,GCSE,UK,Day,0.91,0.754,75.3,0.812,False,False,1,True,0.829,False,Low
STU008533,17,A-Level,International,Day,0.902,1.0,83.4,0.814,False,False,0,True,0.836,False,Low
STU008534,18,Foundation,International,Day,0.85,0.956,80.8,0.531,False,False,0,True,0.97,False,Medium
STU008535,17,A-Level,UK,Homestay,0.85,0.739,90.0,0.765,False,False,2,True,0.968,False,Low
STU008536,17,A-Level,EU,Homestay,0.849,0.711,70.0,0.687,True,False,2,True,0.852,False,High
STU008537,14,GCSE,EU,Day,0.76,0.717,72.2,0.53,False,False,3,True,0.872,False,High
STU008538,19,Foundation,International,Boarding,0.971,0.926,86.0,0.782,False,False,1,True,0.728,False,Low
STU008539,17,A-Level,EU,Day,0.879,0.788,85.2,0.967,True,False,0,True,0.899,False,Low
STU008540,18,Foundation,EU,Boarding,0.731,0.759,53.7,0.746,True,False,1,False,0.686,False,High
STU008541,17,A-Level,UK,Day,0.972,0.8,78.7,0.688,False,False,1,True,0.765,False,Low
STU008542,18,A-Level,UK,Day,0.948,0.729,77.9,0.737,False,False,0,True,0.599,False,Medium
STU008543,18,Foundation,International,Homestay,0.931,0.721,76.8,0.567,False,False,1,True,0.794,False,Medium
STU008544,17,A-Level,UK,Day,1.0,0.842,87.7,0.67,False,False,0,False,0.769,True,Low
STU008545,17,A-Level,UK,Day,0.907,0.925,97.3,0.96,False,False,0,True,0.863,True,Low
STU008546,17,A-Level,UK,Homestay,1.0,0.849,87.5,0.91,False,False,0,True,0.837,False,Low
STU008547,18,Foundation,International,Boarding,0.902,0.82,93.0,0.84,False,False,1,True,0.781,False,Low
STU008548,17,A-Level,EU,Boarding,0.932,0.913,91.0,0.816,False,False,0,True,0.819,False,Low
STU008549,18,A-Level,International,Homestay,0.861,0.898,92.8,0.908,False,False,0,True,0.861,False,Low
STU008550,14,GCSE,International,Day,0.768,0.73,77.0,0.714,False,False,6,True,0.913,True,Medium
STU008551,19,EAP,International,Day,0.727,0.644,67.4,0.652,True,False,4,True,0.851,False,High
STU008552,16,GCSE,EU,Day,0.894,0.887,91.6,0.721,False,False,1,True,0.837,True,Low
STU008553,17,A-Level,UK,Day,0.805,0.777,74.7,0.66,True,False,1,True,0.866,False,Medium
STU008554,17,A-Level,UK,Day,0.817,0.707,77.7,0.685,False,False,0,True,0.857,False,Medium
STU008555,17,A-Level,EU,Boarding,0.848,0.622,64.4,0.935,False,True,2,True,0.723,False,High
STU008556,18,A-Level,UK,Day,0.855,0.532,64.0,0.576,True,False,1,True,0.631,False,High
STU008557,14,GCSE,EU,Day,0.99,0.714,76.8,0.715,False,False,4,True,0.956,False,Low
STU008558,17,A-Level,EU,Day,0.852,0.679,77.6,0.514,False,False,0,True,0.82,False,Medium
STU008559,18,Foundation,International,Day,0.928,0.932,91.5,0.919,False,False,1,True,0.739,False,Low
STU008560,19,Foundation,UK,Boarding,1.0,0.957,93.8,0.871,False,False,1,True,0.971,False,Low
STU008561,16,GCSE,UK,Day,0.953,0.843,84.9,0.967,False,False,1,True,0.9,False,Low
STU008562,18,Foundation,International,Day,0.846,0.708,71.8,0.684,False,False,0,True,1.0,True,Medium
STU008563,16,A-Level,UK,Homestay,0.907,0.764,79.7,0.663,False,False,1,True,0.946,False,Medium
STU008564,18,Foundation,International,Boarding,0.854,0.642,76.2,0.565,True,False,1,True,0.769,False,High
STU008565,16,A-Level,EU,Boarding,0.945,0.818,76.7,0.83,False,False,1,True,0.763,False,Low
STU008566,18,A-Level,International,Boarding,0.865,0.902,72.1,0.645,True,False,3,True,0.713,False,Medium
STU008567,18,EAP,International,Boarding,0.934,0.888,99.2,0.856,False,False,0,True,0.886,False,Low
STU008568,19,Foundation,UK,Day,0.971,0.756,73.5,0.766,False,False,0,True,0.883,True,Low
STU008569,17,A-Level,International,Day,0.826,0.829,89.7,0.895,False,False,0,True,0.834,False,Low
STU008570,17,A-Level,UK,Boarding,0.808,0.775,67.3,0.865,False,False,0,True,0.882,False,Medium
STU008571,16,A-Level,UK,Day,0.943,0.816,78.0,0.785,False,False,0,True,0.798,False,Low
STU008572,17,A-Level,International,Day,0.889,0.78,87.1,0.877,False,False,1,True,0.799,True,Low
STU008573,16,A-Level,International,Day,0.96,0.771,77.4,0.766,False,False,1,True,0.89,False,Low
STU008574,17,A-Level,EU,Day,0.976,0.698,76.9,0.784,False,False,2,True,0.725,True,Medium
STU008575,17,Foundation,UK,Homestay,0.77,0.614,54.2,0.467,False,False,3,True,0.806,True,High
STU008576,15,GCSE,International,Day,0.841,0.788,72.1,0.769,False,False,1,True,0.806,True,Medium
STU008577,17,A-Level,UK,Day,0.891,0.756,67.7,0.754,False,False,1,True,0.748,True,Medium
STU008578,15,GCSE,International,Boarding,0.828,0.868,72.3,0.808,False,False,2,True,0.835,False,Low
STU008579,16,A-Level,International,Boarding,0.867,0.817,86.1,0.826,False,False,2,True,0.843,True,Low
STU008580,15,GCSE,UK,Boarding,0.761,0.617,54.1,0.553,True,False,3,True,0.848,False,High
STU008581,17,A-Level,UK,Day,0.792,0.676,70.8,0.644,True,False,2,True,0.77,False,High
STU008582,18,Foundation,UK,Day,0.832,0.751,75.1,0.697,False,False,1,True,0.937,False,Medium
STU008583,17,Foundation,International,Boarding,0.872,0.805,71.2,0.866,True,False,1,True,0.92,False,Medium
STU008584,16,GCSE,International,Day,0.963,0.803,77.0,0.952,False,False,0,True,0.756,False,Low
STU008585,17,A-Level,EU,Day,0.929,0.953,91.4,0.864,False,False,0,True,0.904,False,Low
STU008586,16,A-Level,EU,Homestay,1.0,0.842,92.9,1.0,False,False,2,True,0.837,False,Low
STU008587,18,Foundation,International,Day,0.966,0.959,97.0,0.877,False,False,1,True,0.932,False,Low
STU008588,18,Foundation,EU,Day,0.963,0.839,80.6,0.696,False,False,1,True,0.787,False,Low
STU008589,17,A-Level,International,Day,0.894,0.693,70.4,0.586,False,False,2,True,0.726,True,Medium
STU008590,16,A-Level,UK,Day,0.879,0.781,64.0,0.635,False,False,1,True,0.732,False,Medium
STU008591,17,Foundation,International,Day,0.989,0.83,83.4,0.771,False,False,3,True,0.906,False,Low
STU008592,14,GCSE,International,Day,0.882,0.834,68.9,0.646,False,False,0,True,0.8,False,Medium
STU008593,17,A-Level,UK,Day,0.85,0.672,67.6,0.709,True,False,4,True,0.701,False,High
STU008594,18,EAP,International,Day,0.888,0.809,78.1,0.778,False,False,0,True,0.95,False,Low
STU008595,18,Foundation,EU,Day,0.938,0.787,74.5,0.811,False,False,0,True,0.862,False,Low
STU008596,18,A-Level,UK,Boarding,0.962,0.855,97.4,1.0,False,False,1,True,0.882,True,Low
STU008597,16,A-Level,UK,Boarding,0.975,0.887,100.0,0.894,False,False,0,True,0.656,False,Low
STU008598,16,A-Level,International,Day,0.879,0.918,93.7,0.778,False,False,0,True,0.904,True,Low
STU008599,17,A-Level,International,Homestay,0.913,0.905,95.9,0.888,False,False,0,True,0.901,False,Low
STU008600,17,A-Level,International,Boarding,0.923,0.771,81.6,0.669,False,False,0,True,0.937,False,Medium
STU008601,17,A-Level,International,Boarding,1.0,0.82,88.9,0.698,False,False,2,True,0.955,False,Low
STU008602,18,Foundation,UK,Day,0.734,0.571,72.3,0.795,True,False,2,True,0.793,False,High
STU008603,17,Foundation,UK,Homestay,0.901,0.751,76.3,0.785,False,False,1,True,0.69,False,Medium
STU008604,15,GCSE,UK,Homestay,0.82,0.611,76.4,0.658,True,False,3,True,0.725,False,High
STU008605,17,A-Level,International,Day,0.863,0.741,70.7,0.601,False,False,0,True,0.883,False,Medium
STU008606,17,A-Level,International,Boarding,0.84,0.825,86.1,0.671,False,False,1,True,0.844,True,Low
STU008607,18,A-Level,UK,Boarding,0.938,0.799,86.5,0.723,False,False,0,True,0.828,False,Low
STU008608,14,GCSE,International,Day,0.728,0.685,68.3,0.6,False,False,1,True,0.881,False,High
STU008609,18,A-Level,EU,Day,0.815,0.801,68.7,0.926,True,False,0,True,0.74,True,Medium
STU008610,18,Foundation,UK,Day,0.772,0.852,88.2,0.982,False,False,0,True,0.817,False,Low
STU008611,18,A-Level,EU,Day,0.852,0.832,75.4,0.87,False,False,0,True,0.832,True,Low
STU008612,17,EAP,International,Day,0.885,0.853,85.4,0.81,False,False,1,True,1.0,False,Low
STU008613,18,EAP,UK,Boarding,0.872,0.724,78.9,0.722,False,False,0,True,0.661,False,Medium
STU008614,15,GCSE,International,Boarding,0.908,0.825,76.8,0.614,False,True,2,False,0.846,False,Medium
STU008615,16,GCSE,UK,Homestay,0.987,0.785,84.7,0.815,False,False,2,True,0.741,False,Low
STU008616,18,EAP,UK,Boarding,0.974,0.752,79.1,0.957,True,False,0,True,0.807,False,Low
STU008617,18,EAP,UK,Day,0.899,0.879,78.9,0.898,False,False,0,True,0.892,False,Low
STU008618,16,GCSE,International,Day,0.981,0.849,87.9,0.784,False,False,0,True,0.875,True,Low
STU008619,15,GCSE,UK,Homestay,1.0,0.868,100.0,0.86,False,False,0,True,0.832,False,Low
STU008620,14,GCSE,International,Day,0.867,0.746,84.0,0.718,False,False,1,True,0.933,False,Medium
STU008621,18,EAP,EU,Boarding,0.986,0.921,91.7,0.811,False,False,0,False,0.712,False,Low
STU008622,15,GCSE,EU,Day,0.748,0.587,62.9,0.545,False,False,1,True,0.758,True,High
STU008623,17,A-Level,International,Day,0.921,0.724,97.4,0.725,False,False,0,True,0.861,False,Low
STU008624,18,Foundation,UK,Day,1.0,0.938,92.6,0.866,False,False,1,True,0.814,True,Low
STU008625,16,GCSE,International,Day,0.907,0.847,82.7,0.688,False,False,0,False,0.719,True,Medium
STU008626,17,A-Level,UK,Boarding,0.814,0.587,69.1,0.541,True,False,0,False,0.718,True,High
STU008627,16,A-Level,International,Boarding,0.886,0.905,76.1,0.763,False,False,0,True,0.874,False,Low
STU008628,18,Foundation,International,Day,1.0,0.875,88.5,0.866,False,False,0,True,0.793,False,Low
STU008629,18,A-Level,International,Homestay,0.789,0.691,78.3,0.661,False,False,2,True,0.8,False,Medium
STU008630,17,A-Level,UK,Day,0.873,0.803,79.8,0.74,False,False,1,True,0.64,True,Medium
STU008631,18,A-Level,International,Day,0.895,0.613,52.7,0.403,True,False,1,True,0.801,False,High
STU008632,15,GCSE,UK,Homestay,0.922,0.913,90.8,0.834,False,False,0,True,0.885,False,Low
STU008633,15,GCSE,UK,Day,0.983,1.0,87.4,0.807,False,False,1,True,0.876,False,Low
STU008634,17,A-Level,UK,Homestay,0.948,0.823,94.1,0.946,False,False,0,True,0.722,True,Low
STU008635,17,A-Level,UK,Homestay,0.867,0.747,76.7,0.715,False,False,2,True,0.822,True,Medium
STU008636,18,Foundation,International,Day,0.941,0.852,79.3,0.891,False,False,1,True,0.894,True,Low
STU008637,18,Foundation,International,Day,0.808,0.972,86.6,0.885,False,False,0,True,0.905,False,Low
STU008638,17,A-Level,UK,Day,0.759,0.585,69.9,0.694,False,False,0,True,0.833,False,High
STU008639,18,A-Level,International,Day,0.857,0.783,85.6,0.777,False,False,0,True,0.826,True,Low
STU008640,18,A-Level,UK,Boarding,0.906,0.86,85.6,0.775,False,False,0,True,0.729,True,Low
STU008641,19,Foundation,International,Day,0.843,0.793,70.0,0.568,False,False,1,True,0.732,False,Medium
STU008642,18,A-Level,International,Day,0.912,0.807,85.5,0.807,False,False,1,True,0.909,False,Low
STU008643,17,A-Level,International,Boarding,0.904,0.866,86.6,0.644,False,False,0,True,0.927,False,Low
STU008644,17,A-Level,UK,Boarding,0.721,0.528,53.6,0.517,True,False,4,True,0.675,False,High
STU008645,18,A-Level,International,Boarding,0.819,0.703,71.7,0.733,True,False,0,True,0.784,False,High
STU008646,17,A-Level,UK,Boarding,0.966,0.769,76.6,0.94,False,False,2,True,0.866,False,Low
STU008647,16,A-Level,International,Boarding,0.934,0.932,97.0,0.864,False,False,1,True,0.867,True,Low
STU008648,15,GCSE,EU,Homestay,0.851,0.724,84.2,0.783,False,False,0,True,0.878,True,Medium
STU008649,17,Foundation,International,Day,0.943,0.846,81.1,0.845,False,False,2,True,0.851,False,Low
STU008650,15,GCSE,UK,Boarding,0.971,0.935,81.0,0.83,True,False,4,False,0.606,False,Low
STU008651,15,GCSE,EU,Day,0.87,0.784,81.6,0.924,False,False,1,True,0.898,False,Low
STU008652,17,A-Level,EU,Homestay,0.893,0.826,74.1,0.641,True,False,0,True,0.872,False,Medium
STU008653,16,GCSE,International,Day,0.941,0.883,80.9,0.688,False,False,2,True,0.765,False,Low
STU008654,17,A-Level,International,Homestay,0.867,0.812,80.6,0.828,False,False,0,True,0.932,False,Low
STU008655,17,A-Level,International,Boarding,0.821,0.671,62.5,0.515,False,False,5,True,0.523,False,High
STU008656,17,A-Level,International,Boarding,1.0,0.817,76.0,0.788,False,False,1,True,0.8,False,Low
STU008657,18,A-Level,UK,Day,0.937,0.835,70.9,0.803,False,True,3,False,0.796,False,Medium
STU008658,16,GCSE,International,Day,0.881,0.709,76.7,0.661,False,False,1,True,0.982,False,Medium
STU008659,15,GCSE,UK,Boarding,0.932,0.793,78.9,0.46,True,False,3,True,0.853,False,Medium
STU008660,19,Foundation,International,Day,0.939,0.921,100.0,0.969,False,False,0,True,0.892,True,Low
STU008661,16,A-Level,International,Homestay,0.945,0.888,90.8,0.703,False,True,3,True,0.847,False,Low
STU008662,18,A-Level,UK,Boarding,0.775,0.646,64.5,0.632,False,False,2,True,0.796,False,High
STU008663,15,GCSE,International,Homestay,0.871,0.953,94.7,0.882,False,False,0,True,0.894,False,Low
STU008664,17,A-Level,International,Day,1.0,0.798,78.0,0.446,False,False,0,True,0.837,True,Medium
STU008665,16,A-Level,EU,Day,1.0,0.98,96.1,0.981,False,False,0,True,0.911,False,Low
STU008666,17,A-Level,UK,Boarding,0.873,0.941,99.3,1.0,False,False,1,True,0.785,False,Low
STU008667,18,Foundation,UK,Day,0.871,0.763,85.6,0.665,False,False,0,True,0.87,False,Medium
STU008668,16,GCSE,International,Homestay,0.948,0.865,78.0,0.698,False,False,0,True,0.732,False,Low
STU008669,18,A-Level,UK,Boarding,0.924,0.907,83.0,0.824,False,False,1,True,0.751,False,Low
STU008670,19,Foundation,EU,Day,0.937,0.902,84.9,0.832,False,False,1,True,0.871,True,Low
STU008671,17,EAP,UK,Boarding,0.749,0.828,80.2,0.855,False,False,1,True,0.772,False,Medium
STU008672,16,GCSE,UK,Boarding,0.883,0.828,84.0,0.787,False,False,4,False,0.764,False,Low
STU008673,17,A-Level,International,Boarding,0.956,0.76,93.2,0.88,False,False,1,True,0.674,False,Low
STU008674,16,GCSE,UK,Boarding,0.735,0.819,80.2,1.0,False,False,2,True,0.716,True,Medium
STU008675,14,GCSE,International,Day,0.787,0.587,63.6,0.493,False,False,2,True,0.817,False,High
STU008676,17,A-Level,EU,Day,0.776,0.687,76.7,0.86,False,False,1,True,0.673,False,Medium
STU008677,16,GCSE,EU,Boarding,0.894,0.851,77.0,0.885,True,False,2,True,0.792,False,Medium
STU008678,19,Foundation,UK,Day,0.835,0.857,88.6,0.624,False,False,0,True,0.845,True,Low
STU008679,17,A-Level,International,Boarding,0.816,0.535,59.8,0.621,False,False,4,True,0.823,False,High
STU008680,16,GCSE,UK,Boarding,0.831,0.66,54.4,0.738,True,False,6,True,0.749,False,High
STU008681,14,GCSE,EU,Homestay,0.813,0.683,64.7,0.546,False,False,5,False,0.667,True,High
STU008682,18,Foundation,UK,Homestay,0.887,0.769,61.0,0.684,True,False,3,True,0.857,False,Medium
STU008683,15,GCSE,UK,Boarding,1.0,0.848,87.4,0.809,False,False,0,True,0.698,False,Low
STU008684,16,A-Level,International,Day,0.874,0.801,68.9,0.661,False,False,1,True,0.92,False,Medium
STU008685,16,A-Level,International,Day,0.764,0.809,90.0,0.666,False,False,0,True,0.892,False,Medium
STU008686,16,A-Level,UK,Day,0.868,0.767,77.7,0.637,False,False,1,True,0.805,True,Medium
STU008687,17,A-Level,EU,Day,0.934,0.816,77.5,0.657,False,False,0,True,0.916,False,Low
STU008688,14,GCSE,International,Boarding,0.821,0.61,54.8,0.729,True,True,5,True,0.745,False,High
STU008689,15,GCSE,UK,Homestay,0.959,0.652,78.4,0.749,False,False,4,True,0.951,False,Medium
STU008690,15,GCSE,UK,Day,0.858,0.731,88.9,0.731,False,False,4,True,0.931,False,Medium
STU008691,17,A-Level,UK,Day,0.88,0.833,68.6,0.831,False,False,0,True,0.828,False,Low
STU008692,17,A-Level,UK,Boarding,0.728,0.727,78.3,0.7,False,False,1,True,0.761,True,Medium
STU008693,17,A-Level,UK,Homestay,0.943,0.836,76.0,0.734,False,False,0,False,0.828,False,Low
STU008694,15,GCSE,UK,Day,0.808,0.653,78.4,0.588,False,False,2,True,0.79,False,Medium
STU008695,17,A-Level,EU,Day,0.914,0.865,78.1,0.815,False,False,0,True,0.825,False,Low
STU008696,17,A-Level,UK,Homestay,0.839,0.86,94.8,0.967,False,False,1,True,0.775,False,Low
STU008697,19,EAP,International,Day,0.894,0.874,89.1,0.908,False,False,0,True,1.0,False,Low
STU008698,17,A-Level,International,Boarding,0.967,0.79,71.6,0.605,False,False,0,True,0.76,False,Medium
STU008699,17,A-Level,International,Boarding,0.869,0.645,63.4,0.498,False,False,0,True,0.866,False,High
STU008700,17,A-Level,International,Day,0.848,0.707,72.5,0.643,False,False,2,True,0.98,False,Medium
STU008701,17,EAP,UK,Day,0.9,0.906,73.5,0.621,False,False,0,True,0.81,False,Medium
STU008702,19,Foundation,UK,Homestay,0.855,0.79,64.8,0.611,False,False,0,True,0.848,False,Medium
STU008703,17,A-Level,International,Day,0.834,0.632,76.4,0.44,False,False,0,False,0.52,True,High
STU008704,15,GCSE,UK,Day,1.0,0.882,72.4,0.808,False,False,0,True,0.734,True,Low
STU008705,16,A-Level,UK,Boarding,0.77,0.643,79.9,0.558,False,False,1,True,0.959,False,Medium
STU008706,17,A-Level,EU,Day,0.946,0.793,75.9,0.635,False,False,0,True,0.714,True,Medium
STU008707,18,Foundation,UK,Boarding,0.891,0.795,81.9,0.701,False,False,0,True,0.842,True,Low
STU008708,18,A-Level,International,Homestay,0.842,0.689,89.6,0.652,False,False,2,False,0.774,False,Medium
STU008709,16,GCSE,International,Homestay,0.924,0.831,85.7,0.714,False,False,0,False,0.676,False,Low
STU008710,18,Foundation,International,Day,0.902,0.769,72.2,0.618,False,False,0,False,0.678,True,Medium
STU008711,19,Foundation,International,Day,0.992,0.881,100.0,0.945,False,False,1,False,0.849,True,Low
STU008712,17,A-Level,UK,Day,0.821,0.836,66.2,0.753,False,False,3,True,0.759,False,Medium
STU008713,18,A-Level,International,Homestay,0.864,0.754,80.0,0.788,False,False,1,True,0.821,False,Medium
STU008714,18,A-Level,UK,Day,0.971,0.753,89.1,0.734,False,False,1,False,0.676,False,Low
STU008715,17,Foundation,International,Day,0.886,0.926,83.0,0.907,False,False,1,True,0.789,False,Low
STU008716,18,Foundation,UK,Homestay,0.938,0.791,75.4,0.861,False,False,1,True,1.0,False,Low
STU008717,17,A-Level,International,Boarding,0.985,0.913,78.0,0.816,False,False,1,True,0.729,False,Low
STU008718,16,A-Level,International,Day,0.908,0.962,81.5,0.841,True,False,1,True,1.0,True,Low
STU008719,18,Foundation,UK,Day,0.857,0.799,61.6,0.565,False,False,1,True,0.741,True,High
STU008720,18,A-Level,UK,Boarding,0.841,0.684,56.6,0.713,True,False,1,True,0.643,True,High
STU008721,18,A-Level,UK,Boarding,0.94,0.711,69.4,0.672,True,False,1,True,0.794,False,Medium
STU008722,19,Foundation,UK,Boarding,0.911,0.867,78.3,0.703,False,False,0,False,0.637,False,Medium
STU008723,16,GCSE,UK,Day,0.886,0.847,84.6,0.824,False,False,0,True,0.904,False,Low
STU008724,18,A-Level,International,Day,0.927,0.759,80.4,0.932,False,False,5,True,0.907,False,Low
STU008725,17,Foundation,EU,Boarding,0.81,0.876,77.9,0.897,False,False,1,True,0.751,False,Low
STU008726,18,Foundation,EU,Homestay,0.883,0.791,88.6,0.778,False,False,0,False,0.611,False,Low
STU008727,16,A-Level,International,Day,0.839,0.763,74.5,0.689,False,True,2,True,0.87,False,Medium
STU008728,14,GCSE,UK,Day,0.828,0.765,87.2,0.811,True,False,2,True,0.806,False,Medium
STU008729,16,A-Level,UK,Boarding,0.872,0.769,76.0,0.625,False,False,2,True,0.782,False,Medium
STU008730,17,A-Level,International,Boarding,0.878,1.0,77.5,0.949,False,False,0,True,0.81,False,Low
STU008731,16,GCSE,International,Day,0.892,0.9,76.8,0.685,False,False,1,True,0.874,False,Low
STU008732,19,Foundation,UK,Boarding,1.0,0.763,74.4,0.824,False,False,0,True,0.896,False,Low
STU008733,17,A-Level,UK,Homestay,0.687,0.634,63.8,0.554,True,False,3,True,0.763,False,High
STU008734,18,A-Level,UK,Boarding,0.949,0.714,80.3,0.781,False,False,0,True,0.893,False,Low
STU008735,17,A-Level,UK,Day,0.866,0.848,65.1,0.63,False,True,0,True,0.82,False,Medium
STU008736,19,EAP,UK,Homestay,0.896,0.897,81.4,0.758,False,False,0,True,0.788,True,Low
STU008737,17,A-Level,International,Day,0.872,0.739,80.7,0.761,False,False,0,True,0.879,False,Medium
STU008738,15,GCSE,International,Day,0.935,0.805,73.9,0.738,False,False,2,True,0.835,False,Low
STU008739,16,GCSE,UK,Boarding,0.967,0.791,98.9,0.466,False,False,2,True,0.751,True,Low
STU008740,17,A-Level,EU,Boarding,0.767,0.828,78.4,0.992,False,False,2,True,1.0,False,Low
STU008741,17,A-Level,UK,Homestay,1.0,0.901,88.5,0.99,False,False,0,True,0.941,False,Low
STU008742,17,A-Level,EU,Day,0.91,0.761,72.0,0.62,False,False,0,True,0.89,False,Medium
STU008743,17,A-Level,International,Day,0.908,0.894,72.1,0.684,False,False,0,False,0.908,False,Low
STU008744,16,GCSE,International,Homestay,0.726,0.505,55.5,0.587,True,False,3,True,0.727,False,High
STU008745,16,A-Level,UK,Day,0.83,0.676,67.3,0.772,True,False,0,True,0.776,False,High
STU008746,18,A-Level,UK,Day,0.921,0.74,78.9,0.787,True,False,3,True,0.773,True,Medium
STU008747,14,GCSE,International,Boarding,0.905,0.898,81.1,0.605,False,False,1,True,0.937,False,Low
STU008748,15,GCSE,UK,Homestay,0.88,0.961,75.2,0.975,True,False,2,False,0.753,False,Low
STU008749,14,GCSE,UK,Boarding,0.868,0.689,77.7,0.673,False,False,0,True,0.802,False,Medium
STU008750,16,GCSE,UK,Day,1.0,0.941,91.7,0.997,False,False,1,True,0.765,False,Low
STU008751,16,A-Level,EU,Boarding,0.889,0.841,88.2,0.678,False,False,0,True,0.768,True,Low
STU008752,15,GCSE,UK,Homestay,0.979,0.965,100.0,0.897,False,False,0,True,0.794,False,Low
STU008753,17,A-Level,International,Homestay,0.869,0.817,81.4,0.786,False,True,1,True,0.858,False,Medium
STU008754,14,GCSE,UK,Day,0.924,0.776,82.8,0.643,False,False,0,True,0.867,True,Medium
STU008755,18,EAP,UK,Homestay,0.925,1.0,83.7,0.887,False,False,0,True,0.9,False,Low
STU008756,18,Foundation,International,Homestay,0.965,0.858,83.9,0.836,False,False,1,True,0.846,False,Low
STU008757,14,GCSE,UK,Boarding,0.952,0.749,64.5,0.869,False,False,0,True,0.745,True,Medium
STU008758,17,A-Level,EU,Boarding,0.867,0.762,72.8,0.647,False,False,0,False,0.776,True,Medium
STU008759,15,GCSE,EU,Day,0.981,0.87,87.9,0.761,False,False,0,True,0.861,True,Low
STU008760,17,A-Level,EU,Boarding,0.831,0.794,90.6,0.821,False,False,2,False,0.722,False,Low
STU008761,14,GCSE,International,Boarding,0.817,0.559,64.0,0.478,False,False,3,True,0.687,True,High
STU008762,16,A-Level,UK,Day,0.88,0.769,74.0,0.607,False,False,0,True,0.891,False,Medium
STU008763,17,A-Level,International,Day,0.928,0.749,76.6,0.772,False,False,1,True,0.822,False,Low
STU008764,18,Foundation,International,Day,0.795,0.705,65.3,0.731,True,False,0,True,0.796,True,High
STU008765,16,GCSE,UK,Homestay,0.895,0.753,71.2,0.721,False,False,2,True,0.859,False,Medium
STU008766,19,Foundation,UK,Boarding,0.803,0.876,75.3,0.837,False,False,0,True,0.975,True,Low
STU008767,18,Foundation,UK,Day,0.881,0.677,84.9,0.764,False,False,1,True,0.876,True,Medium
STU008768,15,GCSE,UK,Homestay,0.968,0.798,82.8,0.888,False,False,1,True,0.636,False,Low
STU008769,17,A-Level,EU,Boarding,0.841,0.791,70.6,0.767,False,False,0,True,0.901,False,Medium
STU008770,16,GCSE,UK,Homestay,0.814,0.692,64.0,0.562,False,False,3,True,0.917,False,High
STU008771,17,A-Level,International,Day,0.927,0.813,68.1,0.786,False,False,1,True,1.0,False,Low
STU008772,17,A-Level,UK,Boarding,0.845,0.796,75.5,0.721,False,False,0,True,0.852,False,Medium
STU008773,17,A-Level,UK,Boarding,0.988,0.811,70.9,0.692,True,True,1,True,0.704,False,High
STU008774,17,A-Level,UK,Day,0.913,0.814,78.9,0.579,False,False,1,False,0.766,True,Medium
STU008775,17,EAP,UK,Day,0.972,0.828,86.9,0.696,False,False,0,True,0.763,True,Low
STU008776,15,GCSE,International,Day,0.808,0.84,70.4,0.592,False,False,0,True,0.852,False,Medium
STU008777,17,EAP,International,Boarding,0.932,0.811,83.1,0.946,False,False,1,True,0.942,True,Low
STU008778,16,GCSE,UK,Day,0.83,0.868,86.1,0.664,False,False,1,False,0.513,False,Medium
STU008779,19,Foundation,International,Day,0.829,0.795,67.2,0.878,True,True,2,True,0.723,False,High
STU008780,18,A-Level,International,Day,0.847,0.579,60.8,0.609,False,False,0,True,0.833,False,High
STU008781,15,GCSE,International,Day,0.935,0.544,70.7,0.624,True,False,0,True,0.586,False,High
STU008782,17,Foundation,International,Homestay,0.922,0.761,87.0,0.728,False,False,1,True,0.757,False,Low
STU008783,16,A-Level,International,Day,0.875,0.782,82.0,0.666,True,False,0,True,1.0,False,Medium
STU008784,17,A-Level,EU,Boarding,0.995,0.951,83.4,0.827,False,False,0,True,0.884,False,Low
STU008785,18,A-Level,UK,Day,0.845,0.665,64.3,0.784,True,False,3,True,0.755,True,High
STU008786,17,A-Level,UK,Day,0.909,0.751,74.2,0.858,True,False,1,True,0.85,False,Medium
STU008787,16,A-Level,EU,Homestay,1.0,0.861,80.6,0.536,False,False,1,True,0.846,True,Low
STU008788,19,Foundation,International,Homestay,0.91,0.783,84.1,1.0,False,False,0,True,1.0,False,Low
STU008789,16,GCSE,EU,Day,0.853,0.601,62.3,0.543,True,False,4,True,0.882,False,High
STU008790,17,A-Level,International,Day,0.967,0.907,93.9,0.797,False,False,2,True,0.807,True,Low
STU008791,18,Foundation,UK,Day,1.0,0.867,97.4,0.945,False,False,1,True,0.773,False,Low
STU008792,16,GCSE,International,Day,0.909,0.862,73.7,0.816,False,False,0,False,0.736,True,Low
STU008793,15,GCSE,International,Boarding,0.855,0.802,74.0,0.849,False,False,0,True,0.744,False,Medium
STU008794,19,Foundation,International,Day,0.961,0.859,84.9,0.934,False,False,0,True,0.891,True,Low
STU008795,16,A-Level,International,Boarding,0.94,0.775,80.8,0.823,False,False,0,True,0.986,False,Low
STU008796,17,A-Level,UK,Boarding,0.96,0.837,88.2,0.872,False,False,0,True,0.895,False,Low
STU008797,15,GCSE,UK,Day,0.949,0.954,80.6,0.608,False,False,2,True,0.831,False,Low
STU008798,18,A-Level,International,Boarding,0.914,0.731,75.5,0.676,False,False,2,True,0.946,False,Medium
STU008799,16,GCSE,UK,Homestay,0.884,0.758,55.3,0.611,False,True,2,True,0.891,True,High
STU008800,18,A-Level,EU,Boarding,0.949,0.759,83.9,0.493,False,False,2,True,0.716,True,Medium
STU008801,18,Foundation,UK,Homestay,0.799,0.925,66.4,0.627,False,False,1,True,0.848,True,Medium
STU008802,18,A-Level,UK,Boarding,0.993,0.94,72.6,0.673,False,False,1,True,0.803,True,Low
STU008803,17,A-Level,International,Boarding,0.931,0.647,63.4,0.657,False,False,0,True,0.814,False,Medium
STU008804,17,EAP,International,Homestay,0.841,0.869,76.4,0.858,False,False,0,True,0.794,False,Low
STU008805,17,A-Level,International,Boarding,0.913,0.841,87.2,0.669,False,False,0,True,0.942,False,Low
STU008806,19,Foundation,UK,Boarding,0.992,1.0,98.6,0.928,False,False,3,True,0.784,False,Low
STU008807,18,A-Level,EU,Day,0.92,0.625,68.3,0.576,False,False,1,True,0.697,False,High
STU008808,18,Foundation,International,Homestay,0.796,0.653,56.4,0.616,True,False,0,True,0.737,False,High
STU008809,14,GCSE,International,Day,0.811,0.695,75.1,0.648,False,False,1,True,0.563,False,Medium
STU008810,16,GCSE,International,Day,1.0,0.953,87.8,0.922,False,False,3,False,0.694,True,Low
STU008811,15,GCSE,International,Boarding,0.778,0.693,78.5,0.688,False,False,0,True,0.777,False,Medium
STU008812,18,A-Level,UK,Boarding,0.924,0.808,73.0,0.801,False,False,2,True,1.0,False,Low
STU008813,18,Foundation,UK,Boarding,0.859,0.628,69.5,0.635,False,False,0,True,0.762,False,Medium
STU008814,16,A-Level,International,Boarding,0.942,0.934,88.9,0.876,False,True,1,True,0.991,True,Low
STU008815,17,A-Level,International,Day,0.751,0.633,68.2,0.627,True,True,3,True,0.749,False,High
STU008816,17,Foundation,International,Homestay,1.0,0.775,89.2,0.62,False,False,0,True,0.852,False,Low
STU008817,17,A-Level,UK,Boarding,0.859,0.728,82.2,0.77,True,False,1,True,0.909,False,Medium
STU008818,16,A-Level,International,Homestay,0.885,0.779,78.5,0.783,False,False,1,True,0.773,False,Low
STU008819,16,A-Level,UK,Day,0.878,0.849,86.7,0.704,False,False,1,True,0.773,False,Low
STU008820,16,A-Level,EU,Boarding,0.859,0.805,85.1,0.695,False,False,0,True,0.828,False,Low
STU008821,16,GCSE,UK,Boarding,0.874,0.57,61.0,0.595,False,False,2,True,0.698,False,High
STU008822,17,EAP,International,Day,0.95,0.794,89.2,0.967,False,False,1,True,0.804,False,Low
STU008823,15,GCSE,UK,Homestay,0.779,0.609,70.0,0.768,False,False,4,True,0.784,False,Medium
STU008824,16,GCSE,EU,Day,0.848,0.52,71.8,0.584,False,False,2,True,0.763,False,High
STU008825,18,Foundation,UK,Boarding,1.0,0.975,92.7,0.836,False,False,1,True,0.709,False,Low
STU008826,17,A-Level,International,Boarding,0.894,0.825,86.5,0.667,False,False,2,True,0.928,False,Low
STU008827,17,A-Level,EU,Boarding,0.86,0.844,81.8,0.584,False,False,0,True,0.801,False,Medium
STU008828,18,A-Level,International,Boarding,0.811,0.798,78.4,0.901,False,False,0,False,0.852,False,Low
STU008829,18,A-Level,UK,Day,0.818,0.813,78.4,0.676,False,False,1,True,0.882,False,Medium
STU008830,17,A-Level,UK,Boarding,0.969,0.852,76.3,0.685,False,False,0,True,0.862,False,Low
STU008831,18,A-Level,International,Day,0.842,0.557,77.3,0.586,False,False,3,True,0.79,True,High
STU008832,17,A-Level,UK,Day,0.956,0.921,91.4,0.751,False,False,0,True,0.749,False,Low
STU008833,18,Foundation,UK,Day,0.831,0.636,60.0,0.5,False,False,1,True,0.849,False,High
STU008834,18,A-Level,EU,Day,0.891,0.829,82.7,0.733,False,False,0,True,0.865,True,Low
STU008835,18,EAP,International,Boarding,0.895,0.843,95.3,0.948,False,False,0,True,0.808,False,Low
STU008836,16,GCSE,UK,Homestay,0.847,0.688,81.9,0.823,False,False,1,True,0.86,False,Medium
STU008837,16,A-Level,UK,Day,0.905,0.859,86.3,0.815,False,False,1,True,0.855,True,Low
STU008838,17,A-Level,International,Day,0.752,0.958,89.7,0.977,False,False,2,True,0.8,False,Low
STU008839,19,EAP,EU,Day,0.894,0.738,80.4,0.833,False,False,1,True,0.805,False,Low
STU008840,14,GCSE,UK,Boarding,0.931,0.792,73.4,0.64,False,False,0,True,0.768,False,Medium
STU008841,18,A-Level,UK,Day,0.842,0.911,80.5,0.829,False,False,0,True,0.863,False,Low
STU008842,19,Foundation,International,Day,0.915,0.632,71.6,0.808,False,False,1,True,0.659,False,Medium
STU008843,16,GCSE,UK,Boarding,0.911,0.727,80.8,0.745,False,False,2,True,0.815,True,Medium
STU008844,18,Foundation,International,Day,0.914,0.841,91.9,0.827,False,False,1,True,0.865,False,Low
STU008845,15,GCSE,International,Day,0.806,0.684,80.1,0.645,False,False,2,True,0.768,True,Medium
STU008846,19,Foundation,EU,Day,0.907,0.856,78.4,1.0,False,False,0,True,0.868,True,Low
STU008847,18,EAP,International,Day,0.733,0.483,52.3,0.483,True,False,0,True,0.802,False,High
STU008848,17,A-Level,UK,Day,0.856,0.825,77.1,0.833,False,False,0,True,0.685,False,Medium
STU008849,18,A-Level,UK,Boarding,0.9,0.741,80.0,0.771,False,False,5,True,0.826,False,Low
STU008850,15,GCSE,International,Day,0.857,0.692,64.1,0.771,False,True,2,True,0.606,False,High
STU008851,19,EAP,EU,Day,0.815,0.659,79.2,0.721,False,False,2,True,0.934,False,Medium
STU008852,16,A-Level,UK,Day,0.88,0.966,78.7,0.928,False,False,1,False,0.777,True,Low
STU008853,14,GCSE,UK,Boarding,0.956,0.811,89.4,0.866,False,False,2,True,0.783,True,Low
STU008854,17,A-Level,UK,Homestay,0.831,0.764,79.0,0.632,False,False,1,True,0.789,False,Medium
STU008855,17,A-Level,UK,Boarding,0.699,0.621,58.3,0.751,True,False,0,True,0.834,False,High
STU008856,16,GCSE,International,Boarding,0.937,0.704,78.0,0.788,False,False,2,True,0.807,False,Low
STU008857,14,GCSE,International,Boarding,0.834,0.667,68.8,0.635,False,False,5,True,0.855,False,Medium
STU008858,16,GCSE,UK,Day,0.855,0.643,62.4,0.512,False,False,1,True,0.769,False,High
STU008859,17,A-Level,UK,Day,0.909,0.853,88.3,0.851,False,False,0,True,0.852,False,Low
STU008860,17,A-Level,UK,Day,0.848,0.75,72.6,0.645,False,True,2,True,0.739,True,High
STU008861,17,A-Level,UK,Day,0.972,0.779,77.7,0.85,False,False,2,True,0.801,False,Low
STU008862,18,Foundation,UK,Day,0.883,0.987,100.0,0.953,False,False,1,False,0.812,False,Low
STU008863,17,Foundation,UK,Boarding,0.863,0.807,73.3,0.639,True,False,0,True,1.0,False,Medium
STU008864,16,A-Level,UK,Day,0.781,0.8,73.0,0.863,False,False,3,True,0.794,False,Medium
STU008865,15,GCSE,EU,Homestay,0.944,0.796,79.7,0.617,False,False,1,True,0.732,True,Medium
STU008866,16,A-Level,International,Homestay,0.852,0.781,92.2,0.911,False,False,0,True,0.694,False,Low
STU008867,16,A-Level,UK,Homestay,1.0,0.826,80.0,1.0,False,False,0,True,0.952,False,Low
STU008868,17,A-Level,International,Day,0.885,0.836,83.5,0.856,False,False,1,True,0.903,False,Low
STU008869,16,A-Level,International,Homestay,0.93,0.815,81.1,0.821,False,False,1,True,0.822,True,Low
STU008870,17,A-Level,International,Homestay,0.945,1.0,91.7,0.882,False,False,0,True,0.71,True,Low
STU008871,16,EAP,International,Homestay,0.894,1.0,79.6,0.762,False,False,1,True,0.941,False,Low
STU008872,15,GCSE,International,Boarding,0.931,0.687,77.5,0.589,False,False,2,True,0.897,False,Medium
STU008873,17,A-Level,EU,Boarding,1.0,0.798,78.7,0.686,True,False,2,True,0.778,False,Medium
STU008874,14,GCSE,UK,Day,0.78,0.858,85.5,0.929,True,False,2,False,0.719,False,Medium
STU008875,19,EAP,International,Day,0.743,0.708,73.6,0.595,False,False,3,True,0.919,False,Medium
STU008876,16,GCSE,International,Day,0.809,0.819,85.8,0.809,False,False,2,True,0.707,False,Medium
STU008877,14,GCSE,EU,Homestay,0.91,0.903,81.0,0.726,False,True,0,True,0.684,False,Medium
STU008878,18,A-Level,International,Day,0.866,0.88,87.3,0.697,False,False,0,True,0.873,True,Low
STU008879,17,A-Level,UK,Day,1.0,0.978,97.6,1.0,False,False,0,True,0.779,False,Low
STU008880,14,GCSE,EU,Homestay,0.926,0.999,87.7,0.758,False,True,0,True,0.889,False,Low
STU008881,16,A-Level,UK,Day,0.854,0.892,87.4,0.846,False,False,0,True,0.81,False,Low
STU008882,17,A-Level,International,Homestay,0.846,0.823,86.3,1.0,False,False,0,True,0.888,False,Low
STU008883,15,GCSE,International,Boarding,0.869,0.848,75.0,0.696,False,False,2,True,0.775,False,Medium
STU008884,17,A-Level,International,Day,0.706,0.592,65.3,0.672,True,False,2,True,0.76,True,High
STU008885,19,Foundation,International,Day,0.919,0.877,81.3,0.878,False,False,1,True,0.817,False,Low
STU008886,17,A-Level,UK,Boarding,0.949,0.888,87.3,0.738,False,False,0,True,0.821,False,Low
STU008887,18,Foundation,International,Homestay,0.832,0.75,61.9,0.814,False,False,0,False,0.722,False,Medium
STU008888,17,A-Level,UK,Homestay,0.791,0.856,78.4,0.841,False,False,2,True,0.82,True,Low
STU008889,18,A-Level,International,Day,0.836,0.823,71.8,0.82,False,False,5,True,0.853,True,Medium
STU008890,14,GCSE,UK,Day,0.939,0.685,75.0,0.727,True,False,0,True,0.616,True,Medium
STU008891,17,A-Level,UK,Day,0.956,0.561,62.2,0.434,False,False,2,True,0.826,False,High
STU008892,18,Foundation,International,Boarding,0.915,0.62,84.6,0.618,False,False,0,True,0.811,False,Medium
STU008893,18,EAP,International,Day,1.0,0.924,82.6,1.0,False,False,2,True,0.989,True,Low
STU008894,17,A-Level,UK,Day,0.706,0.531,57.1,0.505,True,False,2,True,0.729,False,High
STU008895,15,GCSE,International,Boarding,0.851,0.913,90.9,0.795,True,False,2,True,0.63,False,Medium
STU008896,15,GCSE,EU,Day,0.939,0.75,84.9,0.606,False,False,0,True,0.942,False,Medium
STU008897,17,A-Level,UK,Day,0.955,0.744,86.0,0.664,False,False,1,True,0.996,False,Low
STU008898,17,A-Level,International,Boarding,0.956,0.89,74.8,0.862,False,False,2,True,0.919,False,Low
STU008899,14,GCSE,UK,Boarding,0.899,0.88,81.7,0.921,False,True,0,True,0.879,False,Low
STU008900,18,EAP,International,Day,0.992,0.871,80.7,0.925,False,False,1,True,0.657,False,Low
STU008901,17,A-Level,UK,Boarding,0.876,0.767,77.6,0.732,True,False,2,True,0.756,False,Medium
STU008902,18,EAP,EU,Boarding,0.819,0.691,77.0,0.605,False,False,1,True,0.804,False,Medium
STU008903,19,Foundation,UK,Boarding,0.868,0.658,79.4,0.515,False,False,2,True,0.969,True,Medium
STU008904,18,Foundation,UK,Homestay,0.781,0.684,72.7,0.68,False,False,1,True,0.84,False,Medium
STU008905,16,A-Level,EU,Boarding,0.97,0.901,81.4,0.805,False,False,1,False,0.616,False,Low
STU008906,17,A-Level,International,Boarding,0.921,0.73,69.9,0.727,True,False,1,True,0.781,False,Medium
STU008907,18,A-Level,International,Boarding,0.815,0.741,80.3,0.982,False,False,0,True,0.804,False,Low
STU008908,17,A-Level,International,Boarding,0.873,0.705,76.1,0.558,False,False,2,True,1.0,False,Medium
STU008909,17,A-Level,International,Day,0.712,0.623,70.5,0.612,True,False,1,True,0.837,False,High
STU008910,17,EAP,EU,Day,0.892,0.845,87.5,1.0,False,False,3,True,0.732,True,Low
STU008911,18,Foundation,UK,Boarding,0.842,1.0,77.9,0.837,False,False,0,False,0.633,False,Low
STU008912,18,Foundation,UK,Day,0.741,0.646,64.7,0.524,True,False,3,False,0.728,False,High
STU008913,19,Foundation,UK,Day,0.898,0.694,75.1,0.518,False,False,1,True,0.901,False,Medium
STU008914,15,GCSE,International,Boarding,1.0,0.784,65.0,0.733,False,False,0,True,0.857,False,Medium
STU008915,15,GCSE,UK,Day,0.956,0.681,77.2,0.639,False,False,1,True,0.777,False,Medium
STU008916,17,A-Level,EU,Boarding,0.882,0.68,74.9,0.694,False,False,0,True,0.845,False,Medium
STU008917,17,A-Level,UK,Day,0.897,0.88,92.1,1.0,False,False,0,True,0.902,False,Low
STU008918,19,Foundation,UK,Day,1.0,0.9,79.4,0.708,False,False,0,True,0.79,False,Low
STU008919,17,A-Level,UK,Day,0.988,0.9,84.0,0.717,False,False,0,True,0.829,False,Low
STU008920,18,A-Level,International,Day,0.878,0.862,81.1,0.855,False,False,1,True,0.813,False,Low
STU008921,17,A-Level,UK,Day,0.935,0.898,85.9,0.806,False,False,0,True,0.793,False,Low
STU008922,14,GCSE,International,Day,0.809,0.834,69.1,0.874,False,True,3,True,0.786,False,Medium
STU008923,17,A-Level,EU,Day,0.902,0.894,90.6,0.854,False,False,1,True,0.873,False,Low
STU008924,17,Foundation,International,Boarding,0.953,0.815,71.2,0.726,False,False,1,True,0.969,False,Low
STU008925,15,GCSE,International,Day,0.971,0.81,86.6,0.829,False,False,1,True,0.765,True,Low
STU008926,17,A-Level,International,Boarding,0.791,0.684,87.8,0.679,True,False,2,True,0.761,False,Medium
STU008927,17,A-Level,EU,Boarding,0.97,0.718,74.7,0.575,False,False,1,True,0.96,False,Medium
STU008928,15,GCSE,UK,Day,0.91,0.934,97.0,0.999,False,False,0,True,0.793,False,Low
STU008929,14,GCSE,International,Day,0.88,0.651,69.2,0.599,False,False,0,True,0.59,False,High
STU008930,18,EAP,UK,Day,1.0,0.886,97.4,0.837,False,False,1,True,0.916,True,Low
STU008931,17,A-Level,UK,Homestay,0.875,0.897,79.8,0.687,False,False,0,True,0.992,False,Low
STU008932,16,GCSE,UK,Homestay,0.822,0.918,81.6,0.714,False,False,3,True,0.806,False,Low
STU008933,15,GCSE,International,Day,0.821,0.782,73.6,0.669,True,False,3,True,0.882,False,Medium
STU008934,17,A-Level,UK,Boarding,0.951,0.966,79.4,0.847,False,False,0,True,0.87,False,Low
STU008935,16,A-Level,International,Homestay,0.831,0.671,76.8,0.667,False,False,3,True,0.66,False,Medium
STU008936,17,A-Level,EU,Boarding,0.958,0.849,85.4,0.911,False,False,0,True,0.926,False,Low
STU008937,15,GCSE,EU,Day,0.761,0.657,65.1,0.563,True,False,4,True,0.846,True,High
STU008938,19,Foundation,UK,Day,0.895,0.949,69.8,0.719,False,False,1,True,0.821,False,Low
STU008939,16,A-Level,EU,Day,1.0,0.908,94.5,0.594,False,False,2,True,0.909,False,Low
STU008940,17,A-Level,UK,Boarding,0.838,0.7,91.5,0.755,False,False,3,True,0.778,True,Medium
STU008941,17,A-Level,UK,Boarding,0.759,0.807,61.1,0.874,False,False,4,True,0.876,False,Medium
STU008942,16,A-Level,UK,Boarding,0.996,0.926,87.4,0.768,False,False,2,True,0.885,False,Low
STU008943,18,Foundation,International,Day,0.802,0.955,86.9,0.953,False,False,0,False,0.728,True,Low
STU008944,19,EAP,EU,Homestay,0.843,0.72,86.9,0.649,False,False,3,True,0.736,True,Medium
STU008945,17,A-Level,EU,Homestay,0.951,0.765,72.8,0.615,False,False,0,True,0.853,True,Medium
STU008946,19,Foundation,EU,Day,0.948,0.938,99.4,0.973,False,False,2,True,0.879,False,Low
STU008947,17,Foundation,EU,Day,0.734,0.615,63.4,0.69,False,False,1,True,0.679,True,High
STU008948,18,EAP,UK,Boarding,0.876,0.758,76.3,0.677,False,False,2,True,0.929,True,Medium
STU008949,15,GCSE,UK,Day,0.96,0.901,92.6,0.793,False,False,1,True,0.79,False,Low
STU008950,17,A-Level,International,Day,1.0,0.858,89.4,0.84,False,False,2,True,0.819,False,Low
STU008951,18,A-Level,EU,Day,0.813,0.94,83.8,0.829,False,False,2,True,0.732,True,Low
STU008952,17,Foundation,International,Homestay,0.975,0.891,87.3,0.779,False,False,0,True,0.888,False,Low
STU008953,16,GCSE,EU,Homestay,0.854,0.594,76.8,0.551,False,False,1,True,1.0,False,Medium
STU008954,17,A-Level,International,Day,0.973,0.795,81.1,0.755,False,False,1,True,0.807,True,Low
STU008955,17,A-Level,EU,Homestay,0.827,0.606,74.3,0.72,False,False,0,False,0.638,False,High
STU008956,18,A-Level,UK,Boarding,0.884,0.837,92.1,0.883,False,False,0,True,0.808,False,Low
STU008957,17,A-Level,International,Day,0.851,0.572,64.9,0.499,True,False,3,False,0.654,False,High
STU008958,19,Foundation,UK,Homestay,0.914,0.814,75.1,0.746,False,True,1,True,0.854,False,Medium
STU008959,17,A-Level,UK,Boarding,0.94,0.829,87.9,0.808,False,False,1,True,0.936,False,Low
STU008960,19,Foundation,UK,Homestay,0.87,0.906,94.7,0.957,False,False,0,False,0.793,True,Low
STU008961,17,A-Level,International,Day,0.865,0.866,87.9,0.659,False,False,1,True,0.799,True,Low
STU008962,16,A-Level,International,Boarding,1.0,0.934,90.5,0.702,False,False,3,True,0.882,False,Low
STU008963,17,A-Level,International,Day,0.919,0.982,98.7,0.844,False,False,0,True,0.686,False,Low
STU008964,14,GCSE,International,Day,0.867,0.66,70.7,0.447,False,False,2,True,0.723,True,High
STU008965,17,A-Level,UK,Boarding,0.938,0.78,76.3,0.704,False,False,0,True,0.774,False,Low
STU008966,16,A-Level,EU,Homestay,0.91,0.724,65.2,0.788,True,False,0,True,0.798,False,Medium
STU008967,16,A-Level,International,Boarding,0.805,0.714,68.3,0.755,False,False,2,True,0.673,True,Medium
STU008968,18,Foundation,International,Day,0.934,0.884,88.0,0.825,False,False,0,True,0.911,False,Low
STU008969,17,A-Level,UK,Day,0.795,0.558,69.1,0.511,False,False,1,True,0.686,True,High
STU008970,15,GCSE,International,Homestay,0.855,0.68,82.0,0.562,False,False,2,True,0.85,False,Medium
STU008971,15,GCSE,UK,Day,0.831,0.718,82.5,0.865,False,False,1,True,0.959,False,Medium
STU008972,16,A-Level,International,Day,0.891,0.799,82.5,0.74,False,False,0,True,1.0,False,Low
STU008973,17,A-Level,International,Homestay,0.869,0.695,71.5,0.715,False,False,0,False,0.556,False,Medium
STU008974,15,GCSE,International,Homestay,0.886,0.642,81.1,0.634,False,False,1,False,0.736,False,Medium
STU008975,17,A-Level,UK,Boarding,0.697,0.596,79.1,0.609,True,False,0,True,0.746,False,High
STU008976,18,A-Level,UK,Day,0.895,0.656,72.3,0.694,False,False,1,True,0.804,False,Medium
STU008977,17,A-Level,UK,Day,0.823,0.82,74.8,0.823,False,False,4,True,0.806,False,Medium
STU008978,18,Foundation,EU,Boarding,1.0,0.791,72.2,0.704,False,True,1,True,0.717,False,Medium
STU008979,17,A-Level,International,Homestay,0.872,0.838,93.6,0.843,False,False,0,True,0.845,False,Low
STU008980,16,A-Level,International,Homestay,0.882,0.725,86.1,0.944,False,False,0,True,0.874,False,Low
STU008981,19,Foundation,EU,Boarding,0.949,0.986,89.7,0.881,False,False,0,True,0.989,False,Low
STU008982,18,A-Level,UK,Homestay,0.993,0.713,81.9,0.649,False,False,0,True,0.708,False,Medium
STU008983,16,A-Level,UK,Day,0.747,0.828,62.5,0.747,True,False,1,True,0.812,True,High
STU008984,17,A-Level,UK,Day,0.94,0.774,91.6,0.714,False,False,0,True,0.735,True,Low
STU008985,15,GCSE,International,Day,0.968,0.921,89.4,0.703,False,False,0,True,0.791,False,Low
STU008986,17,A-Level,International,Homestay,0.913,0.898,89.7,0.777,False,False,0,True,0.886,False,Low
STU008987,18,A-Level,International,Day,0.912,0.766,75.8,0.731,False,False,1,True,0.81,False,Medium
STU008988,16,EAP,UK,Day,0.8,0.765,62.9,0.676,True,False,0,True,0.849,True,High
STU008989,18,Foundation,UK,Homestay,0.877,0.812,83.1,0.857,False,False,0,False,0.837,False,Low
STU008990,16,A-Level,UK,Day,0.833,0.679,73.1,0.681,True,False,0,True,0.672,False,High
STU008991,17,A-Level,EU,Day,0.87,0.756,74.8,0.512,False,False,2,True,0.708,False,Medium
STU008992,14,GCSE,International,Boarding,0.901,0.671,79.1,0.812,True,False,1,True,0.697,True,Medium
STU008993,18,A-Level,UK,Boarding,0.839,0.779,73.9,0.871,False,False,2,True,0.816,True,Medium
STU008994,17,A-Level,UK,Day,0.96,0.91,80.5,0.854,False,False,0,True,0.522,True,Low
STU008995,18,A-Level,International,Homestay,0.993,0.97,84.2,0.876,False,False,1,True,0.873,True,Low
STU008996,16,A-Level,International,Day,0.926,0.826,73.6,0.74,False,False,1,True,1.0,False,Low
STU008997,14,GCSE,UK,Homestay,0.775,0.609,64.3,0.535,False,False,3,True,0.608,True,High
STU008998,17,EAP,International,Boarding,0.943,0.901,83.4,0.846,False,False,0,True,0.711,False,Low
STU008999,15,GCSE,UK,Day,0.78,0.714,72.4,0.815,True,False,1,True,0.783,False,Medium
STU009000,19,EAP,International,Homestay,0.863,0.993,92.4,0.821,False,False,0,True,0.931,False,Low
STU009001,17,EAP,UK,Day,0.925,0.931,91.7,1.0,False,False,0,True,0.789,False,Low
STU009002,16,A-Level,UK,Day,0.977,0.806,76.5,0.995,False,False,0,True,0.827,True,Low
STU009003,17,Foundation,UK,Homestay,0.784,0.705,79.5,0.728,False,False,0,True,0.81,True,Medium
STU009004,16,A-Level,UK,Day,0.904,0.715,68.9,0.701,False,False,0,True,0.798,False,Medium
STU009005,17,A-Level,EU,Day,1.0,0.738,65.9,0.749,False,False,4,True,0.879,False,Medium
STU009006,17,A-Level,International,Day,0.823,0.657,78.8,0.705,False,False,4,True,0.823,True,Medium
STU009007,17,A-Level,EU,Day,0.886,0.738,82.7,0.632,False,False,1,True,1.0,True,Medium
STU009008,17,A-Level,International,Homestay,0.787,0.652,77.8,0.737,True,False,3,True,0.923,True,High
STU009009,16,A-Level,UK,Homestay,0.949,0.906,88.9,0.892,False,False,0,True,0.731,True,Low
STU009010,16,A-Level,UK,Day,0.812,0.685,80.1,0.494,False,False,3,True,0.785,False,Medium
STU009011,17,A-Level,International,Day,0.79,0.806,69.2,0.92,False,False,1,True,0.893,False,Medium
STU009012,17,A-Level,International,Boarding,0.958,0.815,78.8,0.718,False,False,1,True,0.82,False,Low
STU009013,15,GCSE,UK,Day,0.917,0.94,90.2,0.707,False,False,2,False,0.581,True,Low
STU009014,14,GCSE,UK,Day,0.817,0.882,80.1,0.735,False,False,1,True,0.779,False,Low
STU009015,16,A-Level,International,Day,0.895,0.778,81.0,0.652,False,False,1,True,0.833,False,Medium
STU009016,15,GCSE,UK,Day,0.81,0.729,76.7,0.624,False,False,0,True,0.733,True,Medium
STU009017,14,GCSE,EU,Boarding,0.965,0.841,87.5,0.664,False,False,2,False,0.737,False,Low
STU009018,18,Foundation,EU,Homestay,0.919,0.863,96.7,0.794,False,False,0,True,0.68,False,Low
STU009019,15,GCSE,UK,Boarding,0.85,0.773,79.5,0.643,False,False,1,True,0.722,False,Medium
STU009020,16,A-Level,UK,Boarding,0.859,0.675,80.1,0.782,False,False,1,True,0.741,True,Medium
STU009021,16,A-Level,International,Day,0.868,0.728,67.7,0.583,False,False,2,True,0.848,True,Medium
STU009022,19,Foundation,UK,Homestay,0.825,0.852,77.6,0.804,False,False,1,True,0.895,True,Low
STU009023,17,A-Level,UK,Homestay,0.994,0.795,81.8,0.662,False,False,0,True,0.741,False,Medium
STU009024,18,A-Level,International,Homestay,0.981,0.838,85.0,0.913,False,False,1,True,0.808,False,Low
STU009025,17,A-Level,International,Day,0.824,0.74,66.0,0.764,True,False,0,True,0.748,False,High
STU009026,17,A-Level,UK,Boarding,0.8,0.599,69.5,0.42,True,False,2,False,0.586,False,High
STU009027,16,A-Level,International,Boarding,0.821,0.686,72.3,0.821,False,False,1,True,0.799,True,Medium
STU009028,15,GCSE,International,Day,0.889,0.623,68.2,0.417,False,False,2,True,0.823,False,High
STU009029,16,EAP,UK,Homestay,0.934,0.85,72.3,0.68,False,False,2,True,0.943,False,Low
STU009030,16,A-Level,UK,Day,0.983,0.941,93.9,0.916,False,False,0,True,0.842,False,Low
STU009031,18,A-Level,International,Day,0.837,0.764,74.2,0.662,False,False,0,True,0.703,False,Medium
STU009032,18,Foundation,UK,Day,0.782,0.942,88.6,0.919,False,False,0,True,0.921,True,Low
STU009033,18,A-Level,EU,Day,0.829,0.809,60.4,0.808,False,False,3,True,0.564,False,Medium
STU009034,18,Foundation,International,Homestay,0.939,0.835,76.7,0.751,False,False,0,True,0.815,False,Low
STU009035,17,A-Level,EU,Day,0.897,0.871,87.0,0.685,False,False,0,True,0.939,False,Low
STU009036,18,Foundation,International,Day,0.969,0.934,89.8,0.997,False,False,2,False,0.693,False,Low
STU009037,15,GCSE,EU,Boarding,0.844,0.745,85.4,0.631,True,False,4,True,0.629,True,Medium
STU009038,18,Foundation,UK,Day,0.949,0.536,68.1,0.535,True,False,2,True,0.833,False,High
STU009039,19,Foundation,UK,Boarding,0.734,0.711,72.9,0.599,False,True,3,True,0.842,False,High
STU009040,14,GCSE,EU,Boarding,0.655,0.575,64.8,0.593,True,False,4,True,0.843,True,High
STU009041,15,GCSE,International,Day,0.995,0.814,76.8,0.683,False,False,0,True,0.868,False,Low
STU009042,17,A-Level,International,Homestay,0.844,0.998,87.1,1.0,False,False,0,True,0.805,False,Low
STU009043,17,EAP,UK,Boarding,0.91,0.832,85.6,0.732,False,False,1,False,0.754,True,Low
STU009044,17,A-Level,International,Boarding,0.909,0.815,82.6,0.684,False,False,0,True,1.0,False,Low
STU009045,17,A-Level,UK,Homestay,0.923,0.736,64.6,0.647,False,False,1,True,0.814,False,Medium
STU009046,14,GCSE,UK,Boarding,0.867,0.805,87.7,0.826,False,False,2,True,0.906,False,Low
STU009047,16,A-Level,UK,Day,0.833,0.86,80.2,0.692,False,False,1,True,0.864,False,Medium
STU009048,17,A-Level,UK,Day,0.828,0.836,67.1,0.82,False,False,2,True,0.73,False,Medium
STU009049,17,EAP,International,Boarding,0.874,0.932,77.9,0.891,True,False,0,True,0.801,False,Low
STU009050,17,A-Level,UK,Homestay,0.954,0.789,87.1,0.823,False,False,1,True,1.0,False,Low
STU009051,17,Foundation,UK,Day,0.882,0.702,73.4,0.814,False,False,1,True,0.951,False,Medium
STU009052,16,A-Level,UK,Day,0.858,0.705,69.4,0.592,False,False,0,True,0.895,False,Medium
STU009053,16,GCSE,International,Boarding,0.864,0.725,73.8,0.494,True,False,1,True,0.827,False,High
STU009054,18,A-Level,International,Boarding,0.796,0.689,65.3,0.529,False,False,1,True,0.65,False,High
STU009055,17,A-Level,International,Day,1.0,0.773,87.5,0.809,False,False,0,True,0.958,False,Low
STU009056,19,EAP,UK,Homestay,0.932,0.88,79.2,1.0,False,False,0,True,1.0,False,Low
STU009057,18,Foundation,EU,Homestay,0.889,0.833,85.6,0.712,False,False,1,True,0.975,False,Low
STU009058,14,GCSE,UK,Boarding,0.958,0.963,96.7,0.884,False,False,0,True,0.917,True,Low
STU009059,14,GCSE,UK,Day,0.944,0.796,83.4,0.818,False,False,0,False,0.661,False,Low
STU009060,16,GCSE,International,Boarding,0.916,0.916,83.8,0.746,False,False,1,True,0.77,False,Low
STU009061,18,EAP,EU,Day,0.768,0.788,68.3,0.716,False,False,0,True,0.777,False,Medium
STU009062,19,Foundation,UK,Boarding,0.929,0.761,86.1,0.746,False,False,1,True,0.751,False,Low
STU009063,19,Foundation,UK,Day,1.0,1.0,89.8,0.776,False,False,0,True,0.904,True,Low
STU009064,17,A-Level,UK,Boarding,0.861,0.768,87.1,0.81,False,False,0,True,0.939,False,Low
STU009065,16,A-Level,UK,Day,0.967,0.862,90.0,0.888,False,False,0,True,0.78,False,Low
STU009066,16,A-Level,EU,Homestay,0.921,0.826,86.8,0.67,True,False,1,False,0.648,False,Medium
STU009067,16,A-Level,UK,Boarding,0.921,0.777,85.3,0.712,False,False,1,True,0.847,False,Low
STU009068,16,A-Level,International,Homestay,0.912,0.91,89.3,0.691,False,False,2,True,0.701,False,Low
STU009069,15,GCSE,EU,Day,0.939,0.962,90.0,0.873,False,False,0,True,0.842,False,Low
STU009070,14,GCSE,International,Day,0.929,0.892,83.1,0.854,False,False,0,True,0.885,True,Low
STU009071,17,Foundation,International,Day,1.0,0.953,86.4,0.97,True,False,0,True,0.881,False,Low
STU009072,18,Foundation,International,Day,0.968,0.783,77.8,0.718,False,False,0,True,0.884,True,Low
STU009073,17,A-Level,EU,Day,0.949,0.78,83.5,0.703,False,False,0,True,0.759,False,Low
STU009074,17,A-Level,UK,Boarding,0.974,0.824,76.1,0.987,False,False,1,True,0.776,False,Low
STU009075,17,A-Level,International,Boarding,0.95,0.932,91.0,0.936,False,False,0,True,0.613,False,Low
STU009076,18,Foundation,UK,Day,0.754,0.853,76.7,0.601,False,False,0,True,0.807,False,Medium
STU009077,19,Foundation,UK,Day,0.892,0.724,77.2,0.674,False,False,1,True,0.811,True,Medium
STU009078,17,Foundation,UK,Boarding,0.857,0.653,69.8,0.796,False,False,0,True,0.741,False,Medium
STU009079,17,Foundation,International,Day,0.923,0.951,79.6,0.944,False,False,1,True,0.974,False,Low
STU009080,16,GCSE,International,Homestay,0.861,0.757,69.9,0.609,False,False,3,True,0.902,True,Medium
STU009081,17,A-Level,UK,Day,0.941,0.881,83.7,0.784,False,False,0,True,0.804,False,Low
STU009082,17,A-Level,EU,Day,0.819,0.78,75.1,0.849,False,True,3,True,0.836,False,Medium
STU009083,16,A-Level,International,Day,1.0,0.721,79.3,0.776,False,False,1,True,0.922,True,Low
STU009084,19,Foundation,UK,Day,1.0,0.803,83.8,0.821,False,False,1,True,0.955,False,Low
STU009085,18,A-Level,UK,Homestay,0.751,0.583,60.1,0.805,True,False,1,True,0.722,False,High
STU009086,15,GCSE,UK,Day,0.923,0.867,82.9,0.695,False,False,1,True,0.797,False,Low
STU009087,16,A-Level,International,Boarding,0.868,0.893,71.2,0.893,False,False,1,True,0.787,False,Low
STU009088,19,EAP,UK,Day,0.918,0.807,89.6,0.795,False,False,0,True,0.778,False,Low
STU009089,16,GCSE,UK,Boarding,0.941,0.685,73.0,0.623,False,False,2,True,0.626,True,Medium
STU009090,17,A-Level,EU,Homestay,0.81,0.753,87.3,0.782,False,False,0,True,0.817,True,Medium
STU009091,16,A-Level,International,Homestay,0.793,0.518,61.9,0.574,True,False,2,True,0.89,False,High
STU009092,16,GCSE,International,Day,0.841,0.661,74.0,0.568,False,False,2,True,0.89,True,Medium
STU009093,16,A-Level,UK,Homestay,0.861,1.0,100.0,0.973,False,False,2,False,0.749,False,Low
STU009094,18,Foundation,International,Day,0.863,0.832,83.5,0.819,False,False,0,True,0.981,False,Low
STU009095,17,A-Level,UK,Day,0.956,1.0,82.4,0.742,False,False,0,True,0.893,False,Low
STU009096,18,Foundation,UK,Boarding,0.916,0.669,83.3,0.756,False,False,3,True,0.854,False,Medium
STU009097,17,A-Level,International,Homestay,0.839,0.827,84.4,0.911,False,False,2,True,0.94,False,Low
STU009098,15,GCSE,EU,Day,0.878,0.775,73.7,0.918,False,False,0,True,0.892,False,Low
STU009099,16,EAP,UK,Boarding,0.668,0.567,50.5,0.595,True,False,5,True,0.554,False,High
STU009100,17,A-Level,EU,Day,0.93,0.773,67.0,0.757,True,True,2,True,0.882,False,High
STU009101,18,A-Level,International,Day,0.869,0.733,83.8,0.697,False,True,2,True,0.835,False,Medium
STU009102,17,Foundation,International,Homestay,0.969,0.811,86.0,0.908,False,False,1,True,0.77,False,Low
STU009103,17,A-Level,International,Boarding,0.956,0.782,80.2,0.738,False,False,0,True,0.892,False,Low
STU009104,18,Foundation,EU,Day,0.897,0.647,80.4,0.552,False,False,0,False,0.646,False,Medium
STU009105,15,GCSE,International,Boarding,0.733,0.668,80.8,0.536,False,False,1,True,0.865,False,High
STU009106,17,A-Level,EU,Boarding,0.861,0.905,84.5,0.862,False,False,2,True,0.967,False,Low
STU009107,15,GCSE,International,Boarding,0.925,0.875,86.0,0.66,False,False,1,True,0.849,False,Low
STU009108,17,Foundation,International,Day,0.904,0.873,89.5,0.881,False,False,0,False,0.792,False,Low
STU009109,16,GCSE,UK,Day,0.973,0.859,92.7,0.812,False,False,0,True,0.86,True,Low
STU009110,18,Foundation,UK,Homestay,0.9,0.663,74.3,0.699,False,False,0,True,0.768,False,Medium
STU009111,18,EAP,UK,Boarding,1.0,0.876,94.8,0.831,False,False,1,True,0.917,False,Low
STU009112,17,A-Level,International,Boarding,0.826,0.749,63.4,0.647,False,False,3,True,0.854,False,Medium
STU009113,17,A-Level,UK,Boarding,0.936,0.785,82.7,0.726,False,False,0,True,0.868,False,Low
STU009114,17,A-Level,UK,Day,0.828,0.582,61.0,0.508,False,False,2,True,0.942,False,High
STU009115,17,A-Level,UK,Boarding,0.964,0.903,81.3,0.77,False,False,0,True,1.0,False,Low
STU009116,17,A-Level,UK,Day,0.847,0.68,84.0,0.662,False,False,0,True,0.829,True,Medium
STU009117,17,A-Level,International,Day,0.777,0.804,73.8,0.709,False,False,2,True,0.83,True,Medium
STU009118,17,EAP,UK,Day,0.726,0.737,70.0,0.749,True,False,2,True,0.954,False,High
STU009119,18,EAP,UK,Boarding,0.867,0.666,75.6,0.865,False,False,3,True,0.87,False,Medium
STU009120,19,Foundation,International,Day,0.941,0.82,78.3,0.708,True,False,0,True,0.871,False,Medium
STU009121,17,Foundation,International,Day,0.952,0.805,88.4,0.731,False,False,2,True,0.81,True,Low
STU009122,16,A-Level,UK,Day,0.931,0.687,76.6,0.751,False,False,0,True,0.806,False,Medium
STU009123,16,A-Level,UK,Day,0.818,0.711,80.4,0.817,True,False,2,True,0.76,False,Medium
STU009124,19,Foundation,International,Day,0.821,0.823,81.6,0.688,False,False,1,True,0.929,False,Medium
STU009125,18,A-Level,UK,Boarding,0.78,0.656,56.7,0.591,True,False,2,True,0.818,False,High
STU009126,18,EAP,International,Day,0.861,0.698,77.3,0.656,False,False,1,True,0.679,False,Medium
STU009127,18,A-Level,UK,Day,0.855,0.811,88.7,0.796,False,False,1,True,0.741,False,Low
STU009128,17,A-Level,UK,Boarding,0.854,0.753,76.9,0.699,False,False,0,True,0.979,False,Medium
STU009129,19,Foundation,UK,Boarding,0.775,0.529,64.0,0.556,True,False,5,True,0.801,False,High
STU009130,17,EAP,UK,Boarding,0.821,0.608,69.1,0.642,True,False,2,True,0.964,True,High
STU009131,14,GCSE,International,Day,0.847,0.815,87.6,0.792,False,False,1,True,0.851,False,Low
STU009132,18,Foundation,International,Homestay,0.922,0.839,83.6,0.774,True,True,2,True,0.945,False,Medium
STU009133,17,A-Level,International,Day,0.979,0.792,87.7,0.71,False,False,1,True,0.774,False,Low
STU009134,17,A-Level,International,Boarding,0.942,0.88,86.3,0.843,False,False,0,False,0.692,False,Low
STU009135,18,Foundation,International,Day,0.934,0.828,90.2,0.924,False,False,0,True,0.86,False,Low
STU009136,17,A-Level,International,Day,0.791,0.92,88.1,0.785,False,False,0,True,0.754,True,Low
STU009137,17,A-Level,International,Boarding,1.0,0.806,71.7,0.771,True,False,1,True,0.852,False,Medium
STU009138,16,A-Level,UK,Day,0.88,0.728,64.4,0.947,False,False,1,True,0.905,False,Medium
STU009139,18,A-Level,UK,Day,0.956,0.823,73.4,0.939,False,False,1,True,0.949,True,Low
STU009140,18,A-Level,International,Boarding,0.958,0.822,81.3,0.789,False,False,0,True,0.876,False,Low
STU009141,18,A-Level,International,Boarding,0.827,0.892,84.4,0.843,False,False,1,True,0.854,True,Low
STU009142,15,GCSE,International,Boarding,0.819,0.771,64.9,0.718,True,False,2,False,0.871,False,High
STU009143,18,EAP,International,Boarding,0.928,0.766,82.3,0.753,False,False,0,True,0.802,False,Low
STU009144,17,A-Level,EU,Boarding,0.792,0.689,77.5,0.898,False,False,2,True,0.893,False,Medium
STU009145,17,Foundation,International,Day,0.894,0.878,82.6,0.985,False,False,1,True,0.913,False,Low
STU009146,16,A-Level,International,Homestay,0.732,0.704,79.2,0.823,False,False,2,True,0.804,True,Medium
STU009147,17,A-Level,UK,Boarding,0.901,0.821,72.3,0.831,False,False,0,True,0.829,False,Low
STU009148,18,A-Level,International,Boarding,0.973,0.893,83.5,0.901,False,True,1,True,0.764,True,Low
STU009149,16,A-Level,EU,Day,0.9,0.812,90.6,0.715,False,False,1,True,0.732,False,Low
STU009150,18,A-Level,International,Homestay,0.798,0.783,77.2,0.84,False,False,0,True,0.725,False,Medium
STU009151,17,A-Level,International,Day,0.861,0.548,73.8,0.583,False,False,5,False,0.601,False,High
STU009152,17,A-Level,UK,Boarding,0.891,0.759,80.3,0.688,True,False,1,True,0.76,False,Medium
STU009153,14,GCSE,UK,Day,0.912,0.72,69.8,0.439,False,False,2,True,0.634,False,High
STU009154,17,A-Level,EU,Boarding,0.932,0.799,72.4,0.817,False,False,1,True,0.772,False,Low
STU009155,16,GCSE,UK,Day,0.888,0.729,75.2,0.853,False,False,1,True,0.909,False,Medium
STU009156,15,GCSE,EU,Boarding,0.846,0.887,86.3,0.909,False,False,2,False,0.973,False,Low
STU009157,17,EAP,UK,Day,0.909,0.8,88.2,0.783,False,False,0,True,0.754,True,Low
STU009158,16,A-Level,International,Day,0.905,0.755,68.1,0.785,False,False,0,True,0.749,True,Medium
STU009159,16,A-Level,UK,Homestay,0.972,0.86,78.7,0.786,False,False,1,True,1.0,True,Low
STU009160,16,A-Level,EU,Day,0.867,0.957,87.8,0.957,False,False,0,True,0.823,False,Low
STU009161,18,EAP,International,Day,0.841,0.69,67.0,0.76,True,False,1,True,0.803,False,High
STU009162,17,A-Level,International,Day,0.89,0.869,95.9,0.973,False,False,1,False,0.908,True,Low
STU009163,18,Foundation,International,Homestay,1.0,0.916,89.1,0.979,False,False,0,True,0.871,False,Low
STU009164,16,A-Level,EU,Day,0.847,0.71,79.2,0.822,False,False,1,True,0.871,False,Medium
STU009165,19,EAP,UK,Day,0.873,0.776,72.3,0.726,False,False,0,True,0.86,False,Medium
STU009166,19,Foundation,UK,Boarding,0.833,0.855,82.8,0.625,False,False,2,True,0.916,False,Medium
STU009167,17,Foundation,UK,Day,0.991,0.738,75.6,0.837,False,False,0,True,0.835,False,Low
STU009168,15,GCSE,International,Day,0.996,0.846,87.6,0.79,False,False,0,True,0.983,False,Low
STU009169,16,A-Level,UK,Homestay,0.885,0.806,88.4,0.609,False,False,1,True,0.849,False,Low
STU009170,17,A-Level,International,Day,0.983,0.818,91.5,0.922,False,False,0,True,0.927,False,Low
STU009171,17,A-Level,UK,Boarding,0.923,0.845,84.0,0.787,False,False,3,True,0.731,False,Low
STU009172,19,Foundation,EU,Boarding,0.949,0.948,82.5,0.878,False,False,0,True,0.657,False,Low
STU009173,14,GCSE,EU,Homestay,0.83,0.716,73.6,0.908,False,False,0,True,0.819,True,Medium
STU009174,15,GCSE,International,Homestay,0.911,0.893,84.3,0.647,False,False,0,True,0.759,False,Low
STU009175,16,A-Level,UK,Day,1.0,0.76,78.7,0.55,False,False,3,True,0.823,False,Medium
STU009176,15,GCSE,UK,Boarding,1.0,0.799,88.1,0.71,False,False,0,True,0.966,False,Low
STU009177,15,GCSE,UK,Boarding,0.956,0.795,84.9,0.968,False,False,0,True,0.802,False,Low
STU009178,17,Foundation,UK,Day,0.967,0.809,86.9,0.816,False,False,1,True,0.925,True,Low
STU009179,17,A-Level,International,Day,1.0,0.721,81.3,0.777,False,False,2,True,0.995,False,Low
STU009180,15,GCSE,UK,Homestay,0.897,0.564,72.8,0.637,True,False,2,True,0.799,False,High
STU009181,18,A-Level,UK,Day,0.854,0.791,76.1,0.733,False,False,1,True,0.808,True,Medium
STU009182,17,A-Level,International,Day,0.985,0.842,72.7,0.725,False,False,0,True,0.858,False,Low
STU009183,16,GCSE,EU,Homestay,0.895,0.638,80.6,0.674,False,False,2,True,0.821,True,Medium
STU009184,18,A-Level,UK,Boarding,0.934,0.894,85.3,0.896,False,False,1,True,0.664,True,Low
STU009185,19,Foundation,UK,Day,0.908,0.804,94.3,1.0,False,False,1,True,0.844,False,Low
STU009186,19,Foundation,UK,Day,0.85,0.759,76.7,0.662,False,False,0,True,0.703,True,Medium
STU009187,19,Foundation,EU,Day,0.922,0.847,81.8,0.73,False,False,1,True,0.858,False,Low
STU009188,15,GCSE,International,Homestay,0.968,0.645,85.5,0.699,False,False,0,True,0.931,False,Medium
STU009189,17,EAP,International,Homestay,0.952,0.925,85.0,1.0,False,False,1,True,0.95,True,Low
STU009190,18,Foundation,UK,Day,0.934,0.927,84.1,0.891,False,False,0,True,0.907,False,Low
STU009191,18,EAP,International,Homestay,0.886,0.713,80.4,0.768,False,False,0,True,0.756,False,Medium
STU009192,16,GCSE,UK,Day,0.784,0.673,65.1,0.622,False,False,3,True,0.626,False,High
STU009193,18,EAP,EU,Boarding,0.897,0.964,100.0,0.991,False,False,1,True,0.845,False,Low
STU009194,18,Foundation,International,Day,0.939,0.815,80.2,0.807,False,False,0,True,0.762,True,Low
STU009195,18,Foundation,UK,Boarding,0.749,0.804,74.3,0.712,False,False,0,True,0.739,True,Medium
STU009196,16,GCSE,UK,Day,0.895,0.806,84.6,0.474,False,False,2,True,0.82,True,Medium
STU009197,17,Foundation,International,Day,0.893,0.962,87.4,0.878,False,False,0,True,0.951,False,Low
STU009198,17,EAP,UK,Day,0.805,0.677,64.4,0.735,True,False,2,True,0.83,False,High
STU009199,17,A-Level,UK,Day,0.953,0.76,87.7,0.792,False,False,1,True,0.91,False,Low
STU009200,16,A-Level,International,Homestay,0.966,0.902,91.6,0.797,False,False,0,True,0.779,False,Low
STU009201,16,EAP,International,Homestay,1.0,0.923,82.2,0.963,False,False,2,True,0.686,False,Low
STU009202,17,A-Level,International,Homestay,0.846,0.602,57.3,0.416,True,False,4,True,0.676,True,High
STU009203,18,A-Level,UK,Day,0.99,0.96,78.4,0.652,False,False,0,True,0.836,True,Low
STU009204,16,A-Level,UK,Day,0.843,0.851,58.1,0.964,False,False,0,True,0.924,False,Medium
STU009205,17,EAP,UK,Day,0.874,0.694,89.1,0.646,False,False,1,True,0.81,False,Medium
STU009206,16,GCSE,EU,Day,0.948,0.532,61.8,0.665,False,False,1,True,0.732,True,High
STU009207,18,A-Level,UK,Day,0.854,0.75,74.0,0.884,False,False,1,True,0.784,True,Medium
STU009208,18,A-Level,International,Boarding,0.822,0.665,74.1,0.681,True,False,1,True,0.801,False,High
STU009209,18,Foundation,UK,Day,0.899,0.832,81.3,0.754,True,False,2,True,0.903,False,Medium
STU009210,18,A-Level,UK,Homestay,0.866,0.933,86.7,0.89,True,False,1,True,0.885,True,Low
STU009211,16,EAP,UK,Boarding,0.836,0.766,78.6,0.707,False,False,1,True,0.921,False,Medium
STU009212,18,EAP,International,Day,0.859,0.742,87.4,0.722,False,False,1,True,0.701,False,Medium
STU009213,15,GCSE,International,Boarding,0.881,0.781,76.1,0.818,False,False,3,True,0.801,False,Low
STU009214,16,A-Level,International,Day,0.941,0.869,96.2,0.793,False,False,0,True,0.856,True,Low
STU009215,15,GCSE,UK,Day,0.877,0.771,77.5,0.848,False,False,2,True,0.852,False,Low
STU009216,16,A-Level,UK,Day,0.729,0.737,62.3,0.601,False,False,2,True,0.755,True,High
STU009217,18,A-Level,UK,Boarding,0.955,0.944,84.0,0.804,False,False,0,True,0.866,False,Low
STU009218,17,EAP,International,Day,0.945,0.95,90.4,0.817,False,False,1,True,0.915,True,Low
STU009219,18,Foundation,UK,Boarding,0.825,0.636,81.3,0.704,False,False,0,True,0.834,False,Medium
STU009220,14,GCSE,UK,Day,0.821,0.715,76.6,0.545,False,False,4,True,0.793,False,Medium
STU009221,14,GCSE,UK,Day,0.995,0.821,74.3,0.727,False,False,0,True,0.751,True,Low
STU009222,18,A-Level,EU,Day,0.844,0.537,59.7,0.624,True,False,3,True,0.76,False,High
STU009223,17,A-Level,UK,Boarding,0.953,0.895,83.4,0.929,False,False,1,True,0.825,False,Low
STU009224,18,A-Level,UK,Boarding,0.814,0.679,71.7,0.759,True,False,2,True,0.811,False,High
STU009225,18,Foundation,UK,Boarding,0.946,0.832,91.2,0.859,False,False,1,True,0.9,False,Low
STU009226,17,EAP,UK,Day,0.835,0.906,82.7,0.754,False,False,1,False,0.801,False,Low
STU009227,17,A-Level,EU,Day,0.93,0.66,63.5,0.661,False,False,2,True,0.663,False,Medium
STU009228,18,Foundation,International,Boarding,0.925,0.84,92.6,0.823,False,False,1,True,0.95,False,Low
STU009229,16,A-Level,UK,Day,0.755,0.799,73.9,0.86,False,False,1,True,0.864,False,Medium
STU009230,18,Foundation,International,Day,0.909,0.572,81.1,0.686,False,False,0,True,0.827,False,Medium
STU009231,17,A-Level,UK,Day,0.85,0.802,77.1,0.787,False,False,1,True,0.831,False,Medium
STU009232,14,GCSE,UK,Boarding,0.977,0.843,81.2,0.715,False,False,0,True,0.865,True,Low
STU009233,17,EAP,EU,Boarding,0.916,0.904,87.1,0.812,False,False,0,True,0.967,True,Low
STU009234,17,A-Level,International,Day,0.883,0.566,78.5,0.729,False,False,0,True,0.794,False,Medium
STU009235,18,Foundation,EU,Boarding,1.0,0.899,100.0,0.884,False,False,1,True,0.838,True,Low
STU009236,17,A-Level,UK,Boarding,0.709,0.577,57.9,0.59,True,False,3,True,0.776,False,High
STU009237,15,GCSE,EU,Day,1.0,0.866,82.8,0.72,False,False,1,True,0.863,False,Low
STU009238,14,GCSE,UK,Day,1.0,0.813,73.8,0.591,False,False,1,True,0.823,False,Medium
STU009239,18,A-Level,EU,Boarding,0.873,0.821,74.5,0.769,False,False,1,True,0.919,False,Low
STU009240,18,A-Level,UK,Boarding,0.962,0.886,84.6,0.856,False,False,1,True,0.697,True,Low
STU009241,17,A-Level,EU,Day,0.934,0.826,89.1,0.778,False,False,2,True,0.872,False,Low
STU009242,16,A-Level,UK,Boarding,0.726,0.704,67.3,0.668,False,False,3,True,0.878,True,High
STU009243,17,A-Level,International,Day,0.892,0.725,87.7,0.93,False,False,0,True,0.94,False,Low
STU009244,18,Foundation,EU,Boarding,0.811,1.0,84.5,0.94,False,False,2,True,0.776,False,Low
STU009245,18,A-Level,UK,Day,0.805,0.851,88.5,0.841,False,False,0,False,0.564,True,Low
STU009246,19,EAP,International,Day,0.88,0.964,68.7,0.836,False,False,1,False,0.81,False,Low
STU009247,18,A-Level,International,Boarding,0.882,0.801,75.3,0.759,False,False,0,True,0.863,False,Medium
STU009248,16,A-Level,UK,Day,0.985,0.854,89.4,0.667,False,False,1,False,0.646,True,Low
STU009249,16,GCSE,UK,Day,0.847,0.545,69.5,0.483,False,False,2,True,0.714,False,High
STU009250,17,A-Level,International,Boarding,0.872,0.989,86.9,0.907,False,False,1,False,0.746,False,Low
STU009251,16,GCSE,UK,Boarding,0.926,0.889,82.0,0.736,True,False,1,True,0.926,False,Medium
STU009252,17,A-Level,International,Boarding,0.887,0.823,88.1,1.0,False,False,0,True,0.922,False,Low
STU009253,15,GCSE,UK,Day,0.864,0.7,74.0,0.649,False,False,1,True,0.748,False,Medium
STU009254,17,A-Level,UK,Boarding,0.96,0.851,82.4,0.833,False,False,1,True,0.621,False,Low
STU009255,17,Foundation,International,Day,0.937,0.924,94.2,0.924,False,False,0,True,0.726,False,Low
STU009256,17,A-Level,International,Day,0.907,0.763,83.9,0.68,False,False,0,True,0.764,False,Low
STU009257,16,GCSE,UK,Day,0.965,0.882,91.1,0.732,False,False,1,True,0.919,False,Low
STU009258,14,GCSE,International,Day,0.813,0.754,89.8,0.672,False,False,1,True,0.764,True,Medium
STU009259,17,Foundation,UK,Day,0.859,0.796,80.5,0.718,False,False,1,True,0.855,True,Medium
STU009260,14,GCSE,International,Day,1.0,0.884,100.0,0.828,False,False,1,True,0.897,False,Low
STU009261,17,A-Level,International,Homestay,0.688,0.786,84.0,0.666,False,False,3,False,0.724,False,Medium
STU009262,18,A-Level,UK,Homestay,0.853,0.747,84.1,0.489,False,False,0,True,0.973,False,Medium
STU009263,16,A-Level,UK,Homestay,0.716,0.604,63.9,0.63,True,True,3,True,0.839,False,High
STU009264,16,A-Level,UK,Boarding,0.857,0.818,81.4,0.741,True,False,1,True,0.686,False,Medium
STU009265,19,Foundation,UK,Homestay,0.942,0.774,93.1,0.799,False,False,1,False,0.662,True,Low
STU009266,16,GCSE,UK,Day,0.977,0.884,80.9,0.967,False,False,0,True,0.826,False,Low
STU009267,16,A-Level,International,Boarding,0.871,0.876,82.0,0.784,False,False,1,True,0.664,True,Low
STU009268,17,A-Level,UK,Day,0.835,0.813,80.4,0.729,False,False,1,True,0.919,False,Medium
STU009269,15,GCSE,EU,Day,0.798,0.799,86.8,0.798,False,False,1,False,0.797,False,Low
STU009270,17,A-Level,International,Day,0.903,0.944,94.0,1.0,False,False,0,True,0.866,True,Low
STU009271,17,A-Level,EU,Boarding,1.0,0.994,95.5,0.783,False,False,1,True,0.8,False,Low
STU009272,18,A-Level,UK,Day,0.859,0.827,85.4,0.863,False,False,0,True,0.731,True,Low
STU009273,16,A-Level,UK,Boarding,0.895,0.892,88.7,0.973,False,False,1,False,0.82,True,Low
STU009274,16,A-Level,EU,Homestay,0.91,0.912,72.2,0.732,False,False,2,True,0.722,False,Medium
STU009275,18,Foundation,UK,Day,0.87,0.66,70.0,0.631,False,False,2,True,0.704,False,High
STU009276,17,A-Level,International,Day,1.0,0.854,92.2,0.852,False,False,0,True,0.681,False,Low
STU009277,18,A-Level,UK,Boarding,0.985,0.979,91.4,0.955,False,False,1,False,0.479,False,Low
STU009278,17,A-Level,International,Day,0.911,0.686,63.2,0.69,True,False,1,True,0.767,True,High
STU009279,14,GCSE,International,Homestay,0.967,0.898,83.8,0.897,False,False,0,True,0.747,True,Low
STU009280,15,GCSE,International,Homestay,0.852,0.634,85.4,0.61,False,False,0,True,0.751,False,Medium
STU009281,17,A-Level,UK,Day,0.82,0.766,65.6,0.689,False,False,2,True,0.852,False,Medium
STU009282,19,EAP,UK,Day,0.812,0.587,51.0,0.728,True,False,5,True,0.762,False,High
STU009283,18,Foundation,International,Homestay,0.845,0.615,76.1,0.687,True,False,2,True,0.867,False,High
STU009284,15,GCSE,UK,Homestay,0.821,0.733,70.0,0.597,False,True,2,True,0.882,True,High
STU009285,18,Foundation,UK,Day,0.94,0.898,88.2,0.763,False,False,0,True,0.868,True,Low
STU009286,19,Foundation,International,Day,0.908,0.733,80.8,0.552,False,False,0,True,0.737,True,Medium
STU009287,17,A-Level,International,Boarding,0.806,0.892,72.2,0.796,False,False,1,True,0.939,False,Low
STU009288,18,Foundation,UK,Day,0.987,0.908,93.1,0.828,False,False,1,True,0.829,False,Low
STU009289,18,A-Level,International,Homestay,0.864,0.795,66.6,0.877,False,False,2,True,0.833,False,Medium
STU009290,15,GCSE,EU,Boarding,0.955,0.936,87.8,0.749,False,False,1,True,0.963,False,Low
STU009291,17,A-Level,UK,Boarding,0.841,0.727,77.7,0.512,False,False,2,True,0.675,True,Medium
STU009292,18,A-Level,International,Day,0.838,0.822,80.5,0.766,False,False,1,True,0.691,False,Medium
STU009293,18,A-Level,International,Boarding,0.835,0.846,68.8,0.646,False,False,0,True,0.88,False,Medium
STU009294,18,A-Level,International,Day,0.769,0.669,68.8,0.782,True,False,2,False,0.911,False,High
STU009295,19,EAP,UK,Day,0.801,0.808,88.9,0.735,False,False,1,True,0.976,False,Low
STU009296,17,EAP,International,Boarding,0.927,0.878,91.3,1.0,False,False,1,True,0.848,True,Low
STU009297,18,Foundation,UK,Day,0.835,0.735,70.4,0.648,False,False,0,False,0.83,False,Medium
STU009298,18,Foundation,UK,Boarding,0.882,0.667,72.5,0.751,True,False,1,True,0.778,False,Medium
STU009299,17,EAP,International,Homestay,0.907,0.883,91.8,0.88,False,False,0,True,0.883,False,Low
STU009300,16,GCSE,UK,Day,0.962,0.883,94.5,0.723,False,False,1,False,0.754,False,Low
STU009301,17,A-Level,UK,Day,0.829,0.692,59.3,0.563,False,False,1,False,0.678,False,High
STU009302,17,A-Level,UK,Day,0.974,0.872,92.3,0.764,False,False,1,True,0.913,True,Low
STU009303,19,Foundation,UK,Day,0.837,0.514,73.1,0.538,False,False,4,True,0.766,False,High
STU009304,17,A-Level,EU,Boarding,0.708,0.689,62.4,0.585,False,False,0,True,0.842,False,High
STU009305,18,Foundation,UK,Boarding,0.913,0.714,81.6,0.77,False,False,0,True,0.814,False,Low
STU009306,15,GCSE,EU,Homestay,0.839,0.891,80.8,0.828,False,False,1,True,0.798,False,Low
STU009307,17,A-Level,UK,Boarding,1.0,0.958,82.5,0.834,False,False,2,True,0.783,True,Low
STU009308,17,Foundation,International,Day,0.876,0.713,71.0,0.726,False,True,2,True,0.705,False,High
STU009309,16,GCSE,International,Day,0.894,0.73,66.6,0.676,False,False,0,True,0.876,False,Medium
STU009310,17,A-Level,UK,Day,0.914,0.9,82.9,0.695,False,False,0,True,0.862,True,Low
STU009311,18,A-Level,EU,Day,0.865,0.936,81.8,0.85,False,False,0,True,0.697,True,Low
STU009312,17,A-Level,International,Day,1.0,0.834,79.3,0.622,False,False,2,True,0.669,True,Medium
STU009313,18,Foundation,EU,Day,0.862,0.713,72.8,0.666,False,False,0,True,0.867,False,Medium
STU009314,17,A-Level,UK,Homestay,0.855,0.512,60.4,0.502,True,False,1,True,0.672,False,High
STU009315,17,A-Level,International,Day,0.843,0.858,76.0,0.799,False,False,0,False,0.685,False,Medium
STU009316,16,GCSE,UK,Boarding,0.9,0.824,66.0,0.917,False,False,0,True,0.821,False,Low
STU009317,17,Foundation,UK,Day,0.813,0.844,94.0,0.815,False,False,2,True,0.79,False,Low
STU009318,18,A-Level,EU,Day,0.916,0.914,97.5,0.84,False,False,0,True,0.808,False,Low
STU009319,18,A-Level,UK,Day,0.905,0.768,83.2,0.694,False,False,1,True,0.935,False,Low
STU009320,19,Foundation,EU,Day,0.938,0.884,82.7,0.861,False,False,2,True,0.804,True,Low
STU009321,15,GCSE,International,Day,0.933,0.889,87.4,0.66,False,False,0,True,0.695,False,Low
STU009322,19,Foundation,International,Boarding,0.902,0.775,66.5,0.717,False,False,1,True,0.811,False,Medium
STU009323,17,A-Level,UK,Boarding,1.0,0.823,90.5,0.795,False,False,1,True,0.862,False,Low
STU009324,16,A-Level,International,Boarding,0.899,0.841,77.7,0.759,False,False,0,True,0.954,False,Low
STU009325,14,GCSE,International,Homestay,0.903,0.87,76.5,0.951,False,False,1,True,0.89,False,Low
STU009326,19,EAP,UK,Homestay,0.894,0.874,93.0,0.906,False,False,0,True,0.691,False,Low
STU009327,17,Foundation,UK,Boarding,0.914,0.916,88.4,0.805,False,False,0,True,0.99,True,Low
STU009328,15,GCSE,EU,Day,0.88,0.776,78.6,0.931,False,False,1,True,0.83,False,Low
STU009329,16,A-Level,International,Homestay,0.819,0.881,80.3,0.977,True,False,0,True,0.833,False,Low
STU009330,18,Foundation,EU,Homestay,0.953,0.804,76.0,0.811,False,False,1,True,0.838,True,Low
STU009331,16,A-Level,International,Boarding,0.897,0.797,84.4,0.799,False,False,1,True,0.875,True,Low
STU009332,19,Foundation,UK,Boarding,0.974,0.81,84.0,0.67,False,False,2,True,0.702,True,Low
STU009333,17,A-Level,UK,Day,0.767,0.722,76.3,0.715,False,False,3,True,0.938,True,Medium
STU009334,19,Foundation,UK,Boarding,0.953,0.608,55.9,0.677,True,False,3,True,0.669,False,High
STU009335,17,A-Level,International,Homestay,0.963,0.866,81.8,0.557,False,False,1,True,0.844,True,Low
STU009336,16,GCSE,UK,Boarding,0.896,0.935,77.9,0.852,False,False,2,True,0.93,False,Low
STU009337,17,A-Level,UK,Boarding,0.895,0.797,86.3,0.765,False,False,0,False,0.738,False,Low
STU009338,18,EAP,UK,Day,0.945,0.888,82.8,0.721,False,False,2,True,0.816,False,Low
STU009339,17,A-Level,International,Day,0.828,0.642,84.4,0.503,False,False,2,True,0.769,False,Medium
STU009340,17,A-Level,International,Boarding,0.903,0.701,72.0,0.683,False,False,3,True,0.743,False,Medium
STU009341,18,A-Level,UK,Day,0.911,0.786,68.7,0.679,False,False,1,True,0.868,False,Medium
STU009342,17,A-Level,International,Boarding,0.702,0.524,55.2,0.616,True,False,5,True,0.799,False,High
STU009343,19,Foundation,UK,Boarding,0.924,0.799,77.7,0.587,False,False,1,True,0.942,False,Medium
STU009344,19,Foundation,UK,Day,0.805,0.724,68.5,0.794,False,False,4,True,0.765,False,Medium
STU009345,14,GCSE,UK,Day,0.976,0.75,65.4,0.846,False,False,1,False,0.65,False,Medium
STU009346,18,EAP,UK,Homestay,0.994,0.533,77.8,0.691,False,False,1,True,0.855,False,Medium
STU009347,17,Foundation,UK,Day,1.0,0.79,94.5,0.627,False,False,2,True,0.918,False,Low
STU009348,18,Foundation,International,Day,0.836,0.853,89.5,0.878,False,True,6,False,0.592,True,Medium
STU009349,17,A-Level,International,Boarding,0.876,0.892,79.2,0.727,False,False,1,True,1.0,True,Low
STU009350,19,Foundation,International,Homestay,0.762,0.624,68.1,0.8,False,False,1,True,0.872,True,Medium
STU009351,14,GCSE,International,Homestay,0.88,0.838,75.2,0.715,True,False,3,True,0.876,False,Medium
STU009352,16,A-Level,International,Boarding,0.794,0.697,81.3,0.697,False,False,2,True,0.772,False,Medium
STU009353,17,Foundation,UK,Day,0.762,0.708,66.6,0.8,True,False,2,True,0.904,True,High
STU009354,15,GCSE,International,Homestay,0.879,0.826,80.2,0.826,False,False,1,False,0.916,False,Low
STU009355,16,GCSE,EU,Boarding,0.823,0.768,92.7,0.746,False,False,1,True,0.701,False,Medium
STU009356,19,Foundation,International,Boarding,0.779,0.551,67.8,0.762,True,False,2,True,0.662,False,High
STU009357,18,Foundation,UK,Day,0.807,0.753,76.8,0.631,True,True,2,False,0.574,False,High
STU009358,16,GCSE,UK,Day,0.962,0.931,89.2,0.829,False,False,0,True,0.788,False,Low
STU009359,18,Foundation,International,Day,0.938,0.994,90.7,0.988,False,False,0,True,0.751,False,Low
STU009360,16,A-Level,International,Day,0.834,0.813,75.8,0.807,True,False,3,True,0.87,False,Medium
STU009361,16,A-Level,UK,Day,0.98,0.751,67.0,0.566,False,False,1,True,0.811,False,Medium
STU009362,19,Foundation,EU,Homestay,0.909,0.729,82.8,0.843,False,False,2,True,0.809,False,Low
STU009363,17,A-Level,UK,Day,0.863,0.845,84.9,0.802,False,False,1,True,0.84,False,Low
STU009364,15,GCSE,International,Day,0.79,0.725,64.8,0.765,True,False,0,True,0.831,False,High
STU009365,17,A-Level,UK,Day,0.939,0.891,94.9,0.921,False,False,3,True,1.0,False,Low
STU009366,17,A-Level,UK,Boarding,0.823,0.817,79.9,0.78,False,False,0,True,0.895,True,Low
STU009367,18,A-Level,UK,Homestay,0.924,0.759,75.2,0.617,False,False,1,True,0.826,False,Medium
STU009368,17,Foundation,UK,Boarding,0.87,0.759,88.8,0.758,False,False,0,True,0.939,False,Low
STU009369,19,Foundation,UK,Homestay,0.841,0.65,62.2,0.663,False,False,1,True,0.797,True,Medium
STU009370,17,A-Level,International,Homestay,0.84,0.713,76.1,0.588,False,False,5,True,0.753,True,Medium
STU009371,17,Foundation,International,Homestay,0.9,0.945,87.9,0.918,True,False,1,True,0.834,False,Low
STU009372,15,GCSE,UK,Day,0.84,0.651,74.2,0.652,False,False,0,True,0.845,False,Medium
STU009373,15,GCSE,International,Day,0.804,0.865,75.4,0.908,True,False,1,True,0.879,False,Medium
STU009374,18,Foundation,UK,Day,0.867,0.837,95.2,0.724,False,False,0,True,0.824,False,Low
STU009375,15,GCSE,UK,Day,0.974,0.674,81.9,0.683,False,False,0,True,0.676,False,Medium
STU009376,15,GCSE,UK,Boarding,1.0,0.94,82.1,0.852,False,False,0,True,0.84,True,Low
STU009377,17,A-Level,UK,Day,0.964,0.845,78.9,0.774,False,False,1,True,0.776,True,Low
STU009378,17,A-Level,International,Boarding,0.874,0.797,67.0,0.776,False,False,0,True,0.955,False,Medium
STU009379,18,Foundation,UK,Day,0.877,0.89,75.3,0.68,True,False,1,True,0.883,False,Medium
STU009380,17,A-Level,International,Day,0.836,0.816,91.8,0.662,False,False,2,True,0.801,False,Low
STU009381,15,GCSE,International,Day,0.915,0.711,66.6,0.683,False,False,0,True,0.683,False,Medium
STU009382,16,A-Level,International,Homestay,0.777,0.731,73.9,0.575,False,False,2,True,0.739,True,High
STU009383,18,A-Level,International,Boarding,0.916,0.79,80.0,0.878,False,False,0,True,0.887,False,Low
STU009384,17,A-Level,International,Homestay,0.844,0.676,72.9,0.727,True,False,3,False,0.542,False,High
STU009385,18,A-Level,EU,Homestay,0.931,0.847,85.4,0.787,False,False,1,True,0.77,False,Low
STU009386,19,Foundation,EU,Day,0.899,0.944,87.6,0.865,False,False,0,True,0.96,True,Low
STU009387,17,EAP,UK,Day,0.958,0.762,72.5,0.874,False,False,3,True,0.92,False,Low
STU009388,17,A-Level,International,Boarding,0.847,0.841,78.5,1.0,False,False,2,False,0.626,True,Low
STU009389,17,A-Level,EU,Boarding,0.953,0.955,84.6,0.83,False,False,0,True,0.912,False,Low
STU009390,17,A-Level,International,Day,0.933,0.654,73.2,0.524,False,False,1,False,0.711,False,Medium
STU009391,19,EAP,UK,Day,0.976,0.854,93.6,0.78,False,False,0,True,0.763,False,Low
STU009392,18,EAP,UK,Boarding,0.981,0.808,97.1,0.73,False,False,0,True,0.669,False,Low
STU009393,14,GCSE,UK,Day,0.833,0.882,80.2,0.761,False,False,2,True,0.836,False,Low
STU009394,18,Foundation,International,Homestay,0.936,0.847,79.3,0.752,False,False,1,True,0.859,True,Low
STU009395,18,A-Level,UK,Boarding,0.818,0.756,78.2,0.778,False,False,0,True,0.94,True,Medium
STU009396,15,GCSE,EU,Day,0.981,0.75,81.4,0.689,False,False,0,True,0.901,False,Low
STU009397,16,GCSE,UK,Day,0.84,0.939,95.3,0.731,False,False,2,True,0.72,False,Low
STU009398,17,A-Level,UK,Boarding,0.873,0.759,66.7,0.68,False,False,0,True,0.846,False,Medium
STU009399,17,A-Level,UK,Boarding,0.876,0.711,77.5,0.679,True,False,1,True,1.0,False,Medium
STU009400,15,GCSE,EU,Boarding,0.952,0.882,92.5,0.785,False,False,0,True,0.632,False,Low
STU009401,17,A-Level,UK,Boarding,0.926,0.903,78.6,0.821,False,False,0,True,0.802,True,Low
STU009402,17,A-Level,EU,Boarding,0.954,0.797,94.0,0.951,False,False,0,True,0.885,False,Low
STU009403,17,A-Level,International,Day,0.901,0.847,76.9,0.891,False,False,0,True,0.849,False,Low
STU009404,17,A-Level,International,Homestay,0.917,0.777,71.6,0.876,False,False,0,True,0.842,False,Low
STU009405,16,GCSE,EU,Day,0.776,0.697,71.8,0.731,False,False,1,True,0.847,False,Medium
STU009406,17,A-Level,EU,Day,0.938,0.871,83.4,0.681,True,False,2,True,0.799,False,Medium
STU009407,14,GCSE,UK,Day,0.88,0.908,70.3,0.8,False,False,0,True,0.89,False,Low
STU009408,17,A-Level,International,Day,0.87,0.892,72.3,0.885,False,False,0,True,0.832,False,Low
STU009409,15,GCSE,UK,Day,1.0,0.807,93.3,0.923,False,False,0,True,0.768,False,Low
STU009410,17,A-Level,EU,Boarding,0.71,0.703,69.9,0.672,False,False,2,True,0.843,False,High
STU009411,15,GCSE,UK,Day,0.845,0.638,70.6,0.621,True,False,1,True,0.756,True,High
STU009412,16,A-Level,UK,Homestay,0.743,0.826,81.5,0.779,False,False,0,True,0.664,False,Medium
STU009413,18,Foundation,UK,Boarding,0.924,0.672,62.0,0.503,False,False,1,True,0.78,True,High
STU009414,15,GCSE,International,Day,0.851,0.779,76.8,0.905,False,False,1,True,0.959,False,Low
STU009415,17,A-Level,EU,Day,0.695,0.765,74.6,0.81,False,False,1,True,0.766,False,Medium
STU009416,15,GCSE,EU,Day,0.976,0.931,79.3,0.736,False,False,0,True,0.86,False,Low
STU009417,17,A-Level,UK,Day,0.745,0.734,63.7,0.59,True,False,0,True,0.721,False,High
STU009418,18,A-Level,International,Day,0.966,1.0,98.7,1.0,False,False,1,True,0.839,False,Low
STU009419,16,A-Level,UK,Day,0.832,0.819,61.8,0.6,False,False,0,True,0.998,False,Medium
STU009420,17,A-Level,UK,Day,0.834,0.814,72.9,0.639,True,False,4,True,0.947,False,Medium
STU009421,19,EAP,International,Day,0.74,0.825,72.9,0.943,False,False,0,True,0.824,False,Medium
STU009422,17,A-Level,International,Day,0.93,0.739,74.9,0.64,False,False,0,True,0.988,False,Medium
STU009423,18,A-Level,UK,Homestay,0.86,0.723,75.0,0.756,False,False,1,False,0.644,False,Medium
STU009424,16,A-Level,EU,Day,0.874,0.875,81.7,0.715,False,False,1,True,0.784,False,Low
STU009425,18,EAP,EU,Boarding,0.893,0.888,86.5,1.0,False,False,0,True,0.843,False,Low
STU009426,18,Foundation,International,Day,0.785,0.647,73.2,0.668,False,False,1,True,0.854,False,Medium
STU009427,16,A-Level,UK,Day,0.948,0.814,83.5,0.614,False,False,0,True,0.791,False,Low
STU009428,18,Foundation,UK,Boarding,0.861,0.69,65.6,0.796,False,False,2,True,0.814,True,Medium
STU009429,17,A-Level,UK,Day,1.0,0.758,78.5,0.735,False,False,0,True,0.863,False,Low
STU009430,18,Foundation,UK,Day,0.866,0.844,76.6,0.842,False,False,0,True,0.802,True,Low
STU009431,19,Foundation,UK,Boarding,0.873,0.893,71.3,0.825,False,False,0,False,0.664,False,Medium
STU009432,14,GCSE,International,Day,0.805,0.657,62.9,0.552,False,False,2,True,0.895,False,High
STU009433,18,Foundation,UK,Day,0.761,0.801,81.4,0.943,False,True,1,True,0.879,True,Medium
STU009434,17,A-Level,International,Day,0.961,0.879,81.4,0.709,False,False,0,True,0.804,False,Low
STU009435,17,A-Level,UK,Day,0.974,0.896,87.9,0.728,False,False,1,True,0.845,False,Low
STU009436,17,A-Level,International,Day,0.86,0.644,78.4,0.807,False,False,0,True,0.808,False,Medium
STU009437,18,Foundation,International,Homestay,0.908,1.0,84.1,0.985,False,False,0,True,0.728,False,Low
STU009438,14,GCSE,UK,Boarding,0.987,0.766,82.6,0.62,False,False,0,True,0.778,False,Low
STU009439,15,GCSE,EU,Boarding,0.92,0.73,69.6,0.689,False,False,2,True,0.771,False,Medium
STU009440,19,Foundation,UK,Boarding,0.934,0.849,90.4,0.915,False,False,0,True,1.0,True,Low
STU009441,15,GCSE,UK,Boarding,0.906,0.666,70.5,0.669,False,False,1,True,0.953,True,Medium
STU009442,15,GCSE,UK,Boarding,0.814,0.884,65.2,0.664,True,False,3,True,0.92,False,Medium
STU009443,14,GCSE,UK,Boarding,0.889,0.668,70.6,0.68,False,True,2,True,0.67,False,High
STU009444,16,A-Level,International,Day,1.0,0.774,78.7,0.859,False,False,1,False,0.874,False,Low
STU009445,16,A-Level,International,Day,0.864,0.703,77.7,0.589,False,False,2,True,0.832,False,Medium
STU009446,15,GCSE,UK,Homestay,0.961,0.742,85.7,0.8,False,False,0,True,0.856,False,Low
STU009447,19,EAP,International,Homestay,0.863,0.768,54.2,0.805,True,False,1,True,0.745,False,High
STU009448,18,Foundation,International,Day,0.859,0.957,100.0,0.848,False,False,1,True,0.84,False,Low
STU009449,16,A-Level,UK,Boarding,0.963,0.835,73.1,0.72,False,False,0,True,0.831,False,Low
STU009450,17,A-Level,UK,Boarding,0.955,0.938,94.2,0.953,False,False,0,True,0.87,False,Low
STU009451,17,A-Level,UK,Day,0.941,0.709,71.0,0.521,False,False,0,True,0.673,False,Medium
STU009452,17,A-Level,EU,Homestay,1.0,0.755,82.9,0.72,False,False,1,True,0.782,True,Low
STU009453,15,GCSE,UK,Boarding,1.0,0.927,86.4,1.0,False,False,1,True,0.728,True,Low
STU009454,15,GCSE,UK,Boarding,0.861,0.805,84.8,0.688,True,False,2,True,0.858,False,Medium
STU009455,18,Foundation,International,Day,0.893,0.977,78.1,0.917,False,False,1,True,0.964,False,Low
STU009456,16,A-Level,International,Day,0.8,0.756,83.1,0.733,False,False,1,True,0.802,True,Medium
STU009457,16,A-Level,UK,Day,0.971,1.0,76.3,0.995,False,True,0,True,0.815,False,Low
STU009458,17,Foundation,International,Day,0.895,0.745,79.1,0.76,False,False,0,True,0.729,False,Medium
STU009459,17,A-Level,International,Day,0.857,0.742,67.7,0.763,False,False,0,True,0.827,False,Medium
STU009460,16,A-Level,UK,Homestay,0.79,0.593,71.5,0.77,True,False,3,True,0.728,False,High
STU009461,17,A-Level,International,Boarding,0.834,0.928,87.5,0.909,False,False,0,True,0.787,False,Low
STU009462,16,GCSE,UK,Day,0.958,0.65,71.6,0.494,True,False,3,True,1.0,False,High
STU009463,18,Foundation,EU,Day,0.963,0.777,81.3,0.875,False,False,0,False,0.671,False,Low
STU009464,17,A-Level,UK,Boarding,0.745,0.676,62.9,0.554,True,False,2,True,0.708,False,High
STU009465,19,Foundation,UK,Day,0.769,0.841,71.6,0.719,False,True,0,True,0.756,False,Medium
STU009466,17,EAP,UK,Homestay,0.909,0.777,71.2,0.745,False,False,1,False,0.668,False,Medium
STU009467,19,EAP,UK,Boarding,0.829,0.533,83.8,0.504,False,False,0,True,0.704,False,High
STU009468,17,EAP,International,Homestay,0.882,0.841,78.3,0.924,False,False,1,True,0.921,False,Low
STU009469,17,A-Level,International,Day,1.0,0.826,78.5,0.643,False,False,0,True,0.892,False,Low
STU009470,17,A-Level,UK,Boarding,0.975,0.898,87.6,0.78,False,False,0,True,0.771,False,Low
STU009471,16,A-Level,UK,Day,0.728,0.69,64.1,0.618,True,False,1,True,0.638,False,High
STU009472,18,A-Level,International,Boarding,0.829,0.73,75.9,0.628,False,False,1,True,0.928,False,Medium
STU009473,17,Foundation,UK,Day,0.917,0.84,70.8,0.869,False,False,0,True,0.694,True,Low
STU009474,15,GCSE,UK,Boarding,0.979,0.886,83.9,0.727,False,False,1,True,0.889,True,Low
STU009475,17,EAP,EU,Day,0.842,0.651,66.5,0.693,False,False,0,True,0.782,True,Medium
STU009476,17,Foundation,International,Day,0.926,0.688,77.8,0.622,False,False,4,True,0.727,False,Medium
STU009477,17,EAP,International,Day,0.868,0.704,85.8,0.68,False,False,0,True,0.67,False,Medium
STU009478,17,Foundation,International,Day,1.0,0.867,100.0,0.881,False,False,1,True,0.915,False,Low
STU009479,17,A-Level,UK,Boarding,0.944,0.628,68.9,0.535,False,False,0,True,0.782,False,Medium
STU009480,16,GCSE,International,Homestay,0.886,0.949,69.8,0.93,False,False,1,True,0.678,False,Low
STU009481,15,GCSE,UK,Boarding,0.795,0.629,73.1,0.67,False,False,4,True,0.701,False,High
STU009482,16,A-Level,UK,Day,0.826,0.503,64.3,0.617,False,False,0,True,0.753,False,High
STU009483,17,A-Level,EU,Day,0.723,0.803,69.1,0.747,False,False,1,True,1.0,False,Medium
STU009484,19,Foundation,International,Day,0.919,0.852,83.7,0.743,False,False,0,True,1.0,False,Low
STU009485,18,Foundation,UK,Day,0.947,0.886,88.2,0.913,False,False,0,True,0.815,False,Low
STU009486,17,A-Level,UK,Homestay,0.95,0.825,85.2,0.65,False,False,1,True,0.746,False,Medium
STU009487,16,GCSE,International,Day,0.857,0.733,70.6,0.597,False,False,1,False,0.66,False,Medium
STU009488,14,GCSE,International,Homestay,0.99,0.977,85.1,0.847,False,False,1,True,0.879,True,Low
STU009489,15,GCSE,International,Boarding,1.0,0.858,83.0,0.924,False,False,0,True,0.934,False,Low
STU009490,16,A-Level,UK,Boarding,0.853,0.926,78.0,0.757,False,False,0,True,0.737,True,Low
STU009491,18,A-Level,International,Homestay,0.983,0.946,92.4,0.82,False,False,0,True,0.887,False,Low
STU009492,16,GCSE,International,Day,0.91,0.717,70.2,0.639,False,False,5,True,0.904,True,Medium
STU009493,18,A-Level,EU,Day,0.863,0.698,64.7,0.677,False,False,3,True,0.862,False,Medium
STU009494,15,GCSE,UK,Homestay,0.986,0.833,85.6,0.695,False,False,0,True,0.828,False,Low
STU009495,17,A-Level,UK,Boarding,0.816,0.726,81.0,0.872,False,False,1,True,0.714,False,Medium
STU009496,16,A-Level,UK,Day,0.796,0.792,92.8,0.875,False,False,0,True,0.792,True,Low
STU009497,18,A-Level,UK,Day,0.872,0.922,100.0,0.805,False,False,1,True,0.864,False,Low
STU009498,18,A-Level,UK,Boarding,0.884,0.908,97.8,0.989,False,False,1,True,0.846,True,Low
STU009499,17,EAP,EU,Day,0.785,0.952,87.8,0.827,False,False,1,True,0.894,True,Low
STU009500,15,GCSE,UK,Homestay,0.934,0.816,83.8,0.892,False,False,0,True,0.946,False,Low
STU009501,16,A-Level,International,Day,0.845,0.798,72.4,0.704,False,False,0,True,0.883,False,Medium
STU009502,18,Foundation,UK,Boarding,0.808,0.711,90.2,0.725,False,False,2,False,0.678,False,Medium
STU009503,17,A-Level,EU,Boarding,0.945,0.812,84.3,0.757,False,False,3,True,0.923,False,Low
STU009504,17,EAP,International,Boarding,0.87,0.803,88.2,0.679,False,False,0,True,0.821,True,Low
STU009505,17,A-Level,EU,Day,0.974,0.774,80.4,0.735,False,False,1,True,0.816,False,Low
STU009506,16,A-Level,UK,Homestay,0.932,0.774,84.7,0.809,False,False,0,True,0.765,True,Low
STU009507,16,GCSE,EU,Boarding,0.816,0.625,67.7,0.584,True,False,2,True,0.674,False,High
STU009508,18,A-Level,International,Boarding,0.977,0.839,80.3,0.856,False,False,1,True,0.878,False,Low
STU009509,18,A-Level,International,Day,0.929,0.709,80.6,0.679,False,False,0,True,0.933,False,Medium
STU009510,15,GCSE,International,Day,0.899,0.876,96.1,0.64,False,False,1,True,0.817,True,Low
STU009511,17,A-Level,International,Day,0.936,0.806,77.8,0.773,False,False,1,True,1.0,False,Low
STU009512,17,A-Level,UK,Day,0.938,0.799,75.4,0.527,False,False,0,True,0.881,False,Medium
STU009513,16,GCSE,International,Boarding,0.823,0.863,68.6,0.83,False,False,0,True,0.803,False,Medium
STU009514,17,A-Level,International,Day,1.0,0.986,92.4,0.885,False,True,1,True,0.676,False,Low
STU009515,17,A-Level,EU,Boarding,0.905,0.742,84.5,0.855,False,False,2,True,0.876,False,Low
STU009516,15,GCSE,International,Day,0.906,0.811,85.8,0.827,False,False,0,True,0.892,False,Low
STU009517,18,A-Level,EU,Day,0.777,0.779,73.2,0.686,False,False,1,True,0.912,False,Medium
STU009518,17,Foundation,UK,Homestay,0.909,0.787,78.3,0.818,False,False,0,False,0.712,True,Medium
STU009519,16,A-Level,International,Homestay,0.912,0.952,87.2,0.807,False,False,1,True,0.728,True,Low
STU009520,17,A-Level,EU,Homestay,0.82,0.588,71.6,0.545,False,False,1,True,0.718,False,High
STU009521,18,A-Level,EU,Homestay,0.827,0.836,79.1,0.746,False,False,2,False,0.692,True,Medium
STU009522,17,A-Level,International,Boarding,0.777,0.621,63.2,0.628,True,False,3,True,0.707,False,High
STU009523,17,EAP,International,Homestay,0.879,0.98,78.3,1.0,False,False,0,True,0.77,True,Low
STU009524,17,A-Level,International,Boarding,0.915,0.829,87.8,0.739,False,False,1,True,0.855,True,Low
STU009525,15,GCSE,UK,Homestay,0.884,0.715,77.3,0.713,False,False,0,True,0.913,False,Medium
STU009526,17,A-Level,EU,Day,0.921,0.827,69.0,0.618,False,False,1,True,0.892,False,Medium
STU009527,18,Foundation,International,Homestay,0.947,0.692,82.5,0.759,False,False,3,True,0.802,False,Low
STU009528,15,GCSE,EU,Boarding,0.82,0.555,62.8,0.395,True,True,3,True,0.71,False,High
STU009529,19,EAP,International,Day,0.925,0.88,84.1,1.0,False,False,0,True,0.788,False,Low
STU009530,18,EAP,International,Day,0.884,0.88,72.1,0.868,False,True,0,False,0.71,False,Medium
STU009531,16,GCSE,International,Homestay,0.92,0.579,80.3,0.7,False,False,1,True,0.778,True,Medium
STU009532,17,EAP,UK,Boarding,0.89,0.863,80.2,0.861,False,False,1,True,0.83,False,Low
STU009533,17,A-Level,UK,Homestay,0.806,0.697,51.6,0.57,True,False,0,True,0.831,True,High
STU009534,19,Foundation,International,Day,0.893,0.743,77.8,0.76,False,False,2,True,0.908,False,Medium
STU009535,16,A-Level,UK,Day,0.867,0.654,70.6,0.585,True,False,1,True,0.792,False,High
STU009536,17,A-Level,International,Day,0.945,0.765,78.0,0.592,False,False,1,True,0.804,False,Medium
STU009537,17,A-Level,International,Boarding,0.903,0.857,75.1,0.807,True,False,1,False,0.588,False,Medium
STU009538,19,Foundation,UK,Boarding,0.867,0.62,74.3,0.757,False,False,1,True,0.72,True,Medium
STU009539,15,GCSE,International,Boarding,0.843,0.624,70.5,0.456,True,False,2,True,0.693,False,High
STU009540,16,A-Level,EU,Day,0.885,0.796,62.8,0.649,False,False,0,True,0.821,True,Medium
STU009541,16,GCSE,UK,Day,0.858,0.885,87.5,0.873,False,False,1,True,0.808,False,Low
STU009542,17,A-Level,UK,Day,0.963,0.794,86.4,0.696,False,False,0,True,0.767,True,Low
STU009543,16,A-Level,International,Homestay,0.771,0.802,74.8,0.772,False,False,2,True,0.885,False,Medium
STU009544,16,A-Level,UK,Day,1.0,0.829,73.3,0.712,False,False,1,True,0.678,False,Medium
STU009545,18,A-Level,UK,Day,1.0,0.972,95.4,0.829,False,False,1,True,0.822,True,Low
STU009546,14,GCSE,UK,Day,0.835,0.651,80.4,0.733,True,False,2,True,0.711,True,High
STU009547,15,GCSE,UK,Homestay,0.879,0.66,60.6,0.603,True,False,3,True,0.872,False,High
STU009548,15,GCSE,EU,Day,0.959,0.867,82.2,0.746,False,False,0,True,0.835,True,Low
STU009549,18,A-Level,UK,Day,0.847,0.84,73.3,0.768,False,False,2,True,0.807,False,Medium
STU009550,18,EAP,International,Boarding,0.911,0.847,71.2,0.742,False,True,1,True,0.772,False,Medium
STU009551,15,GCSE,UK,Homestay,0.992,0.813,82.4,0.751,False,False,1,True,0.946,False,Low
STU009552,16,EAP,EU,Boarding,0.734,0.576,68.0,0.564,True,False,1,True,0.832,False,High
STU009553,19,Foundation,UK,Day,0.799,0.76,80.6,0.752,False,False,0,True,0.739,True,Medium
STU009554,17,A-Level,International,Boarding,0.953,0.804,85.2,0.908,False,False,0,True,0.767,False,Low
STU009555,18,A-Level,EU,Homestay,0.881,0.674,88.6,0.607,False,False,2,True,0.657,False,Medium
STU009556,18,Foundation,International,Boarding,0.873,0.885,71.7,0.688,False,False,0,True,0.839,False,Medium
STU009557,15,GCSE,International,Day,0.877,0.673,66.8,0.479,False,False,2,True,0.687,True,High
STU009558,16,A-Level,International,Day,0.821,0.74,77.5,0.781,False,False,2,True,0.767,True,Medium
STU009559,17,A-Level,International,Homestay,0.767,0.537,54.8,0.469,True,True,2,True,0.783,False,High
STU009560,17,A-Level,UK,Boarding,0.808,0.796,76.6,0.774,False,False,2,True,0.767,False,Medium
STU009561,18,Foundation,International,Boarding,0.992,1.0,96.9,0.895,False,False,0,True,0.772,True,Low
STU009562,14,GCSE,UK,Day,0.909,0.941,80.0,0.848,False,False,1,True,0.943,False,Low
STU009563,16,A-Level,International,Boarding,0.907,0.725,91.3,0.803,False,False,3,True,1.0,True,Low
STU009564,16,A-Level,International,Day,0.947,0.867,74.0,0.595,False,False,1,True,0.843,False,Medium
STU009565,17,A-Level,International,Day,1.0,0.797,77.8,0.784,False,False,0,True,0.82,False,Low
STU009566,18,A-Level,UK,Homestay,0.826,0.718,83.6,0.745,False,False,2,True,0.82,False,Medium
STU009567,17,A-Level,UK,Day,0.771,0.714,82.9,0.761,False,False,1,True,0.882,True,Medium
STU009568,18,Foundation,UK,Day,0.898,0.751,78.1,0.853,False,False,0,True,0.64,False,Medium
STU009569,16,A-Level,UK,Homestay,0.772,0.809,83.9,0.646,False,False,1,False,0.786,False,Medium
STU009570,18,Foundation,UK,Day,0.876,0.752,71.8,0.761,False,False,1,True,0.813,False,Medium
STU009571,17,A-Level,UK,Boarding,0.961,0.673,64.7,0.771,False,False,1,True,0.771,True,Medium
STU009572,16,GCSE,International,Boarding,1.0,0.733,85.2,0.628,False,False,1,True,0.842,False,Low
STU009573,16,GCSE,EU,Homestay,0.79,0.699,60.4,0.57,False,False,5,True,0.687,False,High
STU009574,15,GCSE,International,Homestay,0.834,0.616,71.8,0.697,False,False,0,True,0.894,False,Medium
STU009575,17,A-Level,EU,Boarding,0.925,0.804,92.6,0.666,False,False,1,True,0.747,False,Low
STU009576,16,A-Level,International,Day,0.953,0.699,69.0,0.603,False,False,0,True,0.892,False,Medium
STU009577,18,Foundation,International,Day,0.897,0.784,63.4,0.564,True,False,2,True,0.938,False,High
STU009578,17,Foundation,EU,Homestay,0.894,0.839,68.4,0.826,True,True,0,True,0.855,False,Medium
STU009579,15,GCSE,UK,Day,0.951,0.855,75.2,0.801,False,False,3,True,0.893,False,Low
STU009580,14,GCSE,EU,Boarding,0.892,0.677,68.3,0.749,False,False,1,True,0.787,False,Medium
STU009581,17,A-Level,International,Day,0.974,0.735,69.1,0.749,False,False,1,True,0.871,True,Medium
STU009582,17,A-Level,UK,Day,0.826,0.635,73.6,0.594,True,False,2,True,0.678,True,High
STU009583,16,GCSE,EU,Day,0.851,0.585,50.6,0.418,True,False,4,True,0.713,False,High
STU009584,15,GCSE,UK,Day,0.865,0.928,88.3,0.791,False,False,0,True,0.784,False,Low
STU009585,16,EAP,UK,Homestay,0.911,0.838,70.1,0.761,False,False,0,True,0.858,False,Low
STU009586,18,Foundation,International,Homestay,0.786,0.746,77.7,0.808,False,False,1,False,0.582,True,Medium
STU009587,16,GCSE,UK,Boarding,0.972,0.918,89.8,0.655,False,False,1,True,0.862,False,Low
STU009588,18,A-Level,UK,Boarding,0.829,0.834,82.1,0.921,False,False,2,True,0.902,True,Low
STU009589,17,A-Level,UK,Boarding,0.838,0.812,70.3,0.75,False,False,1,True,0.9,False,Medium
STU009590,19,Foundation,International,Homestay,0.737,0.835,75.7,0.697,False,False,1,True,0.78,True,Medium
STU009591,17,A-Level,UK,Homestay,0.842,0.779,71.6,0.607,False,False,0,True,0.758,True,Medium
STU009592,14,GCSE,International,Day,0.788,0.711,69.1,0.675,True,False,3,True,0.872,False,High
STU009593,17,Foundation,UK,Day,0.915,0.905,76.6,0.866,False,False,1,True,0.771,False,Low
STU009594,16,A-Level,International,Boarding,0.809,0.637,69.9,0.445,False,False,0,True,0.777,True,High
STU009595,17,A-Level,International,Homestay,0.869,0.784,76.4,0.725,False,False,2,True,1.0,False,Medium
STU009596,17,A-Level,UK,Boarding,0.852,0.645,78.9,0.719,False,False,0,False,0.635,False,Medium
STU009597,18,A-Level,UK,Homestay,0.741,0.672,77.1,0.738,False,True,1,True,0.821,False,High
STU009598,17,A-Level,UK,Homestay,0.917,0.733,77.5,0.561,False,False,1,True,0.891,False,Medium
STU009599,15,GCSE,International,Boarding,0.885,0.865,80.6,0.824,False,False,0,True,0.678,False,Low
STU009600,17,A-Level,UK,Homestay,0.903,0.809,76.7,0.845,False,False,1,True,0.872,True,Low
STU009601,14,GCSE,UK,Day,0.958,1.0,83.2,0.854,False,False,0,True,1.0,True,Low
STU009602,17,Foundation,UK,Day,0.901,0.85,83.1,0.706,False,False,0,True,0.951,False,Low
STU009603,15,GCSE,UK,Boarding,0.877,0.858,86.7,0.859,False,False,1,True,0.918,False,Low
STU009604,15,GCSE,UK,Day,0.965,0.685,75.7,0.667,False,False,2,True,0.858,True,Medium
STU009605,18,A-Level,International,Day,0.814,0.59,62.2,0.437,True,False,2,False,0.709,True,High
STU009606,18,Foundation,International,Boarding,0.865,0.853,72.0,0.806,False,False,1,True,0.751,False,Low
STU009607,19,Foundation,UK,Day,0.947,0.838,84.2,0.799,False,False,3,True,0.913,False,Low
STU009608,17,A-Level,International,Homestay,0.799,0.71,68.9,0.801,True,False,2,False,0.694,False,High
STU009609,15,GCSE,International,Homestay,0.982,0.788,88.0,0.648,False,False,0,True,0.71,False,Low
STU009610,18,Foundation,International,Boarding,0.911,0.753,81.1,0.749,False,False,0,False,0.709,True,Medium
STU009611,16,A-Level,EU,Boarding,1.0,0.749,78.8,0.748,False,False,2,True,0.838,False,Low
STU009612,14,GCSE,EU,Boarding,0.896,1.0,90.1,0.83,False,False,0,True,0.768,False,Low
STU009613,16,EAP,International,Day,0.966,0.737,92.1,0.705,False,False,3,True,0.805,False,Low
STU009614,15,GCSE,International,Day,0.727,0.648,75.2,0.776,True,False,2,True,0.8,True,High
STU009615,18,EAP,UK,Boarding,0.99,0.869,80.4,0.757,False,False,1,True,0.871,False,Low
STU009616,17,Foundation,UK,Boarding,0.919,0.645,73.6,0.741,False,True,0,True,0.795,False,Medium
STU009617,17,A-Level,UK,Day,0.855,0.905,100.0,0.74,False,False,1,True,0.876,False,Low
STU009618,17,EAP,EU,Homestay,0.961,0.91,90.2,0.71,False,False,0,True,0.756,True,Low
STU009619,19,Foundation,UK,Boarding,0.811,0.662,73.5,0.792,False,False,1,True,0.663,True,Medium
STU009620,16,GCSE,EU,Day,0.865,0.764,86.8,0.751,False,False,0,True,0.866,False,Low
STU009621,17,A-Level,UK,Boarding,0.84,0.816,64.7,0.654,False,False,3,True,0.822,True,Medium
STU009622,15,GCSE,International,Day,0.964,0.851,76.7,0.798,False,False,1,True,0.842,True,Low
STU009623,17,A-Level,UK,Day,0.987,0.957,75.2,0.832,False,False,1,True,0.847,True,Low
STU009624,19,Foundation,EU,Homestay,0.797,0.848,65.0,0.749,True,False,1,True,0.778,False,Medium
STU009625,16,A-Level,EU,Homestay,0.811,0.737,77.7,0.847,False,False,2,True,0.87,False,Medium
STU009626,17,A-Level,UK,Day,0.832,0.821,69.7,0.774,False,False,1,True,0.707,False,Medium
STU009627,16,A-Level,UK,Homestay,0.906,0.738,72.5,0.816,False,False,1,True,1.0,False,Medium
STU009628,18,Foundation,International,Day,0.831,0.641,51.4,0.577,True,True,2,False,0.665,False,High
STU009629,15,GCSE,UK,Day,0.876,0.716,76.4,0.54,False,False,5,True,0.834,False,Medium
STU009630,17,A-Level,International,Day,0.842,0.756,67.1,0.663,False,False,2,True,0.763,False,Medium
STU009631,15,GCSE,International,Day,1.0,0.81,90.1,0.819,False,False,1,True,0.878,True,Low
STU009632,16,A-Level,International,Day,0.857,0.847,80.0,0.785,False,False,0,True,0.688,True,Medium
STU009633,16,GCSE,International,Homestay,0.842,0.524,73.8,0.406,False,False,1,True,0.781,True,High
STU009634,17,A-Level,International,Day,0.98,0.793,80.3,0.807,False,False,0,True,0.989,False,Low
STU009635,17,A-Level,EU,Day,0.88,0.934,92.0,0.881,False,False,1,True,0.736,False,Low
STU009636,15,GCSE,International,Boarding,0.936,0.857,88.6,1.0,False,False,0,True,0.825,True,Low
STU009637,17,EAP,UK,Day,0.839,0.879,88.7,0.95,False,False,0,True,0.805,False,Low
STU009638,14,GCSE,UK,Boarding,0.935,0.927,90.2,0.688,False,False,1,True,0.872,True,Low
STU009639,17,A-Level,UK,Day,0.881,0.732,73.8,0.652,True,False,2,True,0.834,False,Medium
STU009640,14,GCSE,International,Day,0.822,0.881,83.3,0.759,False,False,1,True,0.799,False,Low
STU009641,16,A-Level,UK,Boarding,0.863,0.714,81.9,0.835,False,False,2,False,0.688,True,Medium
STU009642,18,A-Level,International,Day,0.837,0.774,68.3,0.861,False,False,2,True,0.832,False,Medium
STU009643,17,A-Level,UK,Day,0.802,0.714,68.9,0.738,True,True,3,True,0.794,False,High
STU009644,15,GCSE,International,Day,1.0,0.721,83.9,0.633,False,False,5,True,0.86,False,Low
STU009645,17,A-Level,UK,Day,0.918,0.714,74.5,0.596,False,False,0,True,0.843,False,Medium
STU009646,18,A-Level,UK,Boarding,0.995,0.913,76.1,0.939,True,False,0,True,0.926,False,Low
STU009647,17,Foundation,UK,Day,1.0,0.887,89.7,0.81,False,False,2,True,0.82,True,Low
STU009648,18,A-Level,UK,Boarding,0.979,0.785,70.4,0.674,False,False,1,True,1.0,True,Medium
STU009649,17,A-Level,EU,Boarding,1.0,0.669,65.3,0.664,False,False,0,True,0.994,True,Medium
STU009650,14,GCSE,International,Day,0.981,0.772,88.6,0.706,False,False,1,True,0.781,False,Low
STU009651,17,A-Level,UK,Homestay,1.0,0.834,91.5,0.991,False,False,1,True,0.898,False,Low
STU009652,15,GCSE,International,Homestay,0.938,0.805,75.0,0.723,False,False,0,True,0.873,True,Low
STU009653,15,GCSE,UK,Boarding,0.948,0.861,87.7,0.843,False,False,1,True,0.892,False,Low
STU009654,14,GCSE,UK,Day,0.946,0.835,81.7,0.798,False,False,1,True,0.866,True,Low
STU009655,17,A-Level,EU,Day,0.869,0.709,81.9,0.734,False,False,1,False,0.648,False,Medium
STU009656,17,A-Level,UK,Day,0.959,0.616,93.6,0.545,False,False,1,True,0.72,True,Medium
STU009657,17,EAP,International,Day,0.988,1.0,85.5,0.945,False,False,1,True,0.807,False,Low
STU009658,16,GCSE,International,Day,0.858,0.738,72.4,0.627,False,False,2,True,0.818,False,Medium
STU009659,18,A-Level,UK,Boarding,0.84,0.665,62.2,0.529,False,False,3,True,0.638,True,High
STU009660,18,Foundation,International,Day,0.861,0.701,79.7,0.546,False,False,2,True,0.969,False,Medium
STU009661,18,A-Level,UK,Homestay,0.995,0.788,82.5,0.868,False,False,1,True,0.89,True,Low
STU009662,16,A-Level,International,Day,0.883,0.938,83.9,0.844,False,False,1,True,1.0,False,Low
STU009663,16,A-Level,International,Boarding,0.823,0.591,63.4,0.446,False,False,1,True,0.603,False,High
STU009664,15,GCSE,International,Homestay,0.792,0.661,64.2,0.601,True,False,3,True,0.85,False,High
STU009665,17,A-Level,UK,Day,0.837,0.823,75.8,0.77,False,False,0,True,0.895,False,Medium
STU009666,18,Foundation,UK,Homestay,0.788,0.747,68.0,0.732,True,False,1,False,0.628,False,High
STU009667,15,GCSE,EU,Day,0.739,0.637,71.3,0.577,True,False,2,True,0.786,True,High
STU009668,14,GCSE,International,Homestay,0.942,0.739,85.6,0.744,False,False,1,True,0.856,False,Low
STU009669,17,Foundation,International,Homestay,0.817,0.792,75.0,0.816,True,False,2,False,0.742,True,Medium
STU009670,19,Foundation,UK,Day,0.937,0.932,96.9,0.854,False,False,0,True,0.795,True,Low
STU009671,18,A-Level,International,Homestay,0.739,0.831,81.5,0.76,False,False,0,False,0.631,False,Medium
STU009672,17,A-Level,International,Day,0.975,0.877,79.5,0.736,False,False,0,True,0.883,False,Low
STU009673,17,A-Level,UK,Day,0.894,0.91,86.6,0.6,False,False,1,True,0.892,False,Low
STU009674,15,GCSE,International,Day,0.935,0.845,89.3,0.78,False,False,2,True,0.806,True,Low
STU009675,16,A-Level,UK,Day,1.0,0.924,90.1,0.896,False,False,0,True,0.934,False,Low
STU009676,17,A-Level,UK,Boarding,0.881,0.792,71.1,0.628,True,False,0,True,0.848,False,Medium
STU009677,18,EAP,UK,Day,1.0,1.0,81.4,0.878,False,False,3,True,0.99,True,Low
STU009678,15,GCSE,EU,Boarding,0.768,0.827,72.9,0.675,False,False,2,True,0.81,False,Medium
STU009679,16,A-Level,International,Day,0.878,0.707,60.0,0.545,False,False,4,True,0.764,True,High
STU009680,18,A-Level,EU,Homestay,0.774,0.781,72.5,0.679,False,False,2,True,0.796,False,Medium
STU009681,18,A-Level,UK,Day,0.922,0.914,85.0,0.786,False,False,1,True,0.717,True,Low
STU009682,15,GCSE,UK,Day,0.905,0.785,86.1,0.682,False,False,0,True,0.872,False,Low
STU009683,17,A-Level,EU,Boarding,0.824,0.743,74.5,0.852,False,False,2,True,0.891,False,Medium
STU009684,19,Foundation,EU,Homestay,1.0,0.742,81.3,0.68,False,False,1,True,0.742,False,Medium
STU009685,16,A-Level,EU,Boarding,0.875,0.924,95.6,1.0,False,False,0,True,0.948,False,Low
STU009686,17,A-Level,UK,Day,0.746,0.78,66.4,0.685,False,False,2,True,0.9,False,Medium
STU009687,17,A-Level,International,Day,0.948,0.791,84.9,0.753,False,False,1,True,0.811,True,Low
STU009688,17,A-Level,International,Day,0.949,0.82,72.7,0.887,False,False,0,True,0.861,True,Low
STU009689,18,A-Level,EU,Boarding,0.798,0.551,55.7,0.482,True,False,1,True,0.708,True,High
STU009690,18,Foundation,International,Day,0.955,0.942,84.1,1.0,False,False,2,True,0.751,False,Low
STU009691,16,EAP,International,Day,0.833,0.815,72.9,0.693,False,False,1,True,0.799,False,Medium
STU009692,16,A-Level,International,Boarding,0.839,0.779,69.0,0.814,True,False,0,True,0.86,False,Medium
STU009693,16,A-Level,International,Boarding,0.885,0.73,75.8,0.712,True,False,3,True,0.837,False,Medium
STU009694,18,Foundation,International,Boarding,0.965,0.922,82.8,0.692,False,False,2,True,0.889,True,Low
STU009695,17,A-Level,UK,Day,0.884,1.0,80.5,0.87,False,False,0,True,0.877,True,Low
STU009696,16,A-Level,EU,Boarding,0.866,0.812,69.8,0.803,False,False,0,True,0.848,False,Medium
STU009697,15,GCSE,International,Day,0.897,1.0,95.2,1.0,False,False,2,True,0.886,False,Low
STU009698,18,Foundation,UK,Day,0.757,0.692,80.2,0.767,False,False,1,True,0.965,True,Medium
STU009699,17,A-Level,International,Boarding,0.88,0.856,79.7,0.67,False,False,0,True,0.818,False,Low
STU009700,18,Foundation,International,Boarding,0.761,0.577,45.8,0.5,False,False,2,True,0.878,False,High
STU009701,18,Foundation,UK,Boarding,0.841,0.718,71.0,0.669,False,False,0,True,0.842,False,Medium
STU009702,15,GCSE,International,Day,0.744,0.71,62.1,0.695,False,True,3,True,0.781,False,High
STU009703,18,Foundation,UK,Homestay,0.937,0.671,73.5,0.757,False,False,0,False,0.626,True,Medium
STU009704,18,Foundation,International,Day,0.849,0.678,86.1,0.854,False,False,2,False,0.667,True,Medium
STU009705,18,A-Level,EU,Homestay,0.987,0.811,88.8,0.837,False,False,1,True,0.667,False,Low
STU009706,15,GCSE,International,Day,0.771,0.764,77.2,0.527,False,False,3,True,0.767,True,Medium
STU009707,15,GCSE,EU,Day,0.883,0.749,84.2,0.678,False,False,2,True,0.974,False,Medium
STU009708,17,A-Level,International,Day,0.866,0.766,67.4,0.584,True,False,1,True,0.741,False,High
STU009709,16,A-Level,International,Day,0.886,0.632,69.6,0.756,True,False,2,True,0.884,True,High
STU009710,17,A-Level,UK,Day,1.0,0.919,88.5,0.852,False,False,1,True,0.88,True,Low
STU009711,15,GCSE,International,Homestay,0.762,0.719,67.4,0.601,False,False,2,True,0.776,False,High
STU009712,17,Foundation,UK,Day,0.847,0.63,66.1,0.564,False,False,3,True,0.756,False,High
STU009713,17,A-Level,International,Boarding,0.988,1.0,94.2,1.0,True,False,3,True,0.634,False,Low
STU009714,14,GCSE,EU,Homestay,0.836,0.673,78.6,0.745,False,False,3,True,1.0,True,Medium
STU009715,17,A-Level,International,Boarding,0.931,0.822,67.9,0.807,False,False,0,True,0.767,False,Low
STU009716,16,A-Level,International,Day,0.834,0.872,74.7,0.5,False,False,1,True,0.973,False,Medium
STU009717,14,GCSE,UK,Homestay,0.802,0.696,83.2,0.778,False,False,1,False,0.649,True,Medium
STU009718,18,A-Level,UK,Day,0.805,0.719,77.5,0.817,True,False,0,True,0.693,False,Medium
STU009719,16,GCSE,International,Boarding,1.0,0.891,87.3,0.821,False,False,1,True,1.0,False,Low
STU009720,18,Foundation,EU,Boarding,0.818,0.668,85.0,0.764,False,False,2,True,0.847,False,Medium
STU009721,18,Foundation,UK,Day,0.879,0.854,79.0,0.792,False,False,0,True,0.999,False,Low
STU009722,17,A-Level,UK,Boarding,0.821,0.506,60.6,0.571,True,False,3,True,0.833,False,High
STU009723,18,Foundation,EU,Day,0.964,0.826,67.6,0.73,False,False,2,True,0.855,False,Low
STU009724,18,Foundation,UK,Day,0.979,0.973,87.9,0.793,False,False,0,True,0.761,False,Low
STU009725,15,GCSE,International,Day,0.908,0.908,98.7,0.87,False,False,0,True,0.787,False,Low
STU009726,18,EAP,International,Homestay,0.677,0.696,71.0,0.737,False,False,1,True,0.609,False,High
STU009727,17,Foundation,International,Homestay,0.78,0.605,65.1,0.595,True,False,4,False,0.588,False,High
STU009728,14,GCSE,UK,Day,0.774,0.682,65.5,0.601,False,True,5,True,0.799,True,High
STU009729,16,GCSE,UK,Day,0.981,0.723,78.6,0.512,False,False,2,True,0.664,False,Medium
STU009730,15,GCSE,EU,Day,0.836,0.812,74.3,0.76,False,False,0,True,0.741,False,Medium
STU009731,15,GCSE,International,Boarding,0.951,0.825,89.3,0.697,True,False,1,False,0.61,False,Medium
STU009732,18,Foundation,UK,Homestay,0.929,0.857,91.3,0.82,False,False,0,True,0.823,True,Low
STU009733,17,A-Level,UK,Homestay,0.979,0.997,97.3,1.0,False,False,0,True,0.863,True,Low
STU009734,18,Foundation,UK,Boarding,1.0,0.902,94.2,0.776,False,False,2,True,0.81,True,Low
STU009735,18,Foundation,International,Boarding,0.834,0.688,75.3,0.781,False,False,1,True,0.695,False,Medium
STU009736,17,A-Level,International,Day,0.726,0.437,53.2,0.579,True,False,4,True,0.708,False,High
STU009737,17,A-Level,UK,Day,0.882,0.734,77.3,0.704,True,False,1,False,0.778,False,Medium
STU009738,15,GCSE,EU,Boarding,0.967,0.758,87.0,0.648,False,False,0,True,0.718,False,Medium
STU009739,17,A-Level,International,Boarding,0.853,0.741,72.4,0.602,False,False,1,True,0.977,True,Medium
STU009740,17,A-Level,EU,Homestay,0.862,0.752,65.9,0.474,True,False,2,True,0.726,False,High
STU009741,15,GCSE,International,Day,0.985,0.779,80.4,0.643,False,False,0,True,0.958,False,Low
STU009742,15,GCSE,International,Day,0.978,0.884,71.5,0.798,False,False,1,False,0.558,False,Low
STU009743,18,Foundation,International,Day,0.859,0.711,68.7,0.729,False,False,1,True,0.831,False,Medium
STU009744,17,A-Level,International,Homestay,0.919,0.848,77.7,0.737,False,False,0,True,0.915,True,Low
STU009745,18,A-Level,International,Boarding,0.834,0.682,81.6,0.671,False,False,2,True,0.89,False,Medium
STU009746,17,A-Level,International,Day,0.799,0.831,80.8,0.728,False,False,3,True,0.772,False,Medium
STU009747,19,Foundation,UK,Homestay,0.995,0.893,79.4,0.839,False,False,0,True,0.858,False,Low
STU009748,17,A-Level,UK,Day,0.751,0.703,74.7,0.692,False,False,2,True,0.891,False,Medium
STU009749,16,GCSE,International,Day,0.875,0.593,68.2,0.662,True,False,0,True,0.718,True,High
STU009750,18,EAP,UK,Day,0.853,0.722,72.8,0.871,False,True,3,True,0.736,False,Medium
STU009751,18,A-Level,International,Boarding,0.938,0.781,72.2,0.532,False,False,1,True,0.775,False,Medium
STU009752,14,GCSE,UK,Boarding,0.852,0.825,93.8,0.622,False,False,0,True,0.801,True,Low
STU009753,16,A-Level,International,Boarding,0.98,0.838,69.7,0.695,False,False,0,False,0.897,False,Low
STU009754,18,Foundation,EU,Boarding,0.884,0.822,78.3,0.856,False,False,0,True,0.852,False,Low
STU009755,16,GCSE,International,Day,1.0,0.84,88.8,0.715,False,False,0,True,0.876,False,Low
STU009756,17,A-Level,UK,Day,0.915,0.758,71.2,0.645,False,False,1,True,0.654,False,Medium
STU009757,14,GCSE,International,Homestay,0.827,0.705,71.0,0.723,False,False,0,True,0.855,False,Medium
STU009758,18,EAP,UK,Boarding,0.938,0.781,75.1,0.918,False,False,0,True,0.784,False,Low
STU009759,15,GCSE,UK,Day,0.929,0.746,82.4,0.837,False,False,0,False,0.743,True,Low
STU009760,17,A-Level,UK,Day,0.893,0.792,84.2,0.863,False,False,2,True,1.0,False,Low
STU009761,18,EAP,International,Day,0.848,0.807,72.2,0.796,False,False,2,True,0.615,False,Medium
STU009762,16,GCSE,EU,Day,0.96,0.744,90.8,0.796,False,False,2,True,0.822,False,Low
STU009763,19,EAP,International,Day,0.8,0.746,64.7,0.729,False,True,0,True,0.83,False,High
STU009764,17,EAP,International,Day,0.805,0.691,74.5,0.723,False,True,3,True,0.64,False,High
STU009765,18,Foundation,International,Homestay,0.937,0.662,66.6,0.685,False,False,2,True,0.825,True,Medium
STU009766,15,GCSE,International,Day,0.885,0.772,83.8,0.812,False,False,0,True,0.78,False,Low
STU009767,17,A-Level,EU,Homestay,0.762,0.653,70.9,0.477,False,False,2,True,0.696,False,High
STU009768,17,Foundation,International,Boarding,0.833,0.663,66.4,0.598,False,False,0,True,0.859,True,High
STU009769,18,EAP,International,Day,0.872,0.947,86.7,0.961,True,False,1,True,0.72,False,Low
STU009770,15,GCSE,UK,Boarding,0.881,0.831,82.2,0.713,False,False,0,True,0.8,False,Low
STU009771,19,Foundation,UK,Day,0.893,0.906,82.3,0.799,False,False,1,True,0.924,False,Low
STU009772,18,A-Level,UK,Boarding,0.875,0.928,81.8,0.556,True,False,1,False,0.853,False,Medium
STU009773,14,GCSE,UK,Day,0.932,0.797,75.5,0.808,False,False,0,True,0.778,False,Low
STU009774,18,A-Level,EU,Day,0.908,0.763,90.9,0.924,False,False,0,True,0.889,False,Low
STU009775,18,Foundation,International,Boarding,0.667,0.679,76.2,0.854,False,False,5,True,0.907,False,Medium
STU009776,17,A-Level,International,Day,0.896,0.737,65.9,0.571,False,False,2,True,0.773,True,Medium
STU009777,17,A-Level,UK,Day,0.864,0.872,87.5,0.879,False,False,1,True,0.715,True,Low
STU009778,18,EAP,International,Day,0.902,0.844,80.9,0.807,False,False,0,True,0.849,True,Low
STU009779,17,A-Level,EU,Day,0.975,0.697,69.9,0.485,False,False,1,True,0.842,False,Medium
STU009780,17,A-Level,UK,Homestay,0.825,0.719,77.2,0.536,False,False,5,True,0.793,False,Medium
STU009781,16,A-Level,International,Day,0.905,0.811,83.8,0.532,False,False,2,True,0.779,False,Medium
STU009782,17,A-Level,International,Day,0.933,0.797,66.1,0.842,False,False,1,True,0.643,False,Medium
STU009783,17,A-Level,UK,Day,0.878,0.71,75.9,0.723,False,False,2,True,0.879,False,Medium
STU009784,16,EAP,EU,Day,0.774,0.821,72.2,0.641,True,False,1,True,0.939,False,Medium
STU009785,17,A-Level,UK,Boarding,0.816,0.659,69.2,0.706,False,False,0,True,0.68,False,High
STU009786,18,Foundation,UK,Day,0.898,0.97,90.8,0.995,False,False,0,True,0.725,False,Low
STU009787,15,GCSE,International,Boarding,0.857,0.742,83.2,0.68,False,False,0,False,0.624,True,Medium
STU009788,14,GCSE,International,Boarding,0.765,0.849,68.4,0.714,False,False,0,True,0.782,True,Medium
STU009789,18,A-Level,International,Day,0.768,0.686,63.2,0.745,True,False,1,True,0.815,True,High
STU009790,15,GCSE,EU,Boarding,0.809,0.715,66.4,0.548,False,False,1,True,0.804,True,High
STU009791,16,A-Level,International,Boarding,0.952,0.762,85.9,0.846,False,False,1,True,0.883,False,Low
STU009792,17,A-Level,UK,Day,0.796,0.731,72.6,0.819,False,False,2,True,0.704,True,Medium
STU009793,15,GCSE,International,Day,0.999,0.929,94.4,0.9,False,False,1,True,0.743,True,Low
STU009794,16,A-Level,EU,Day,1.0,0.766,83.6,0.743,True,False,2,True,0.756,True,Medium
STU009795,17,A-Level,International,Day,0.848,0.716,76.4,0.844,False,False,6,True,0.809,False,Medium
STU009796,18,A-Level,International,Day,0.857,0.973,86.2,0.795,False,False,0,True,0.812,False,Low
STU009797,18,EAP,International,Boarding,0.966,0.87,84.5,0.843,False,False,1,True,0.867,False,Low
STU009798,16,A-Level,UK,Boarding,0.976,0.99,100.0,0.899,False,False,1,True,0.821,False,Low
STU009799,18,A-Level,International,Homestay,0.866,1.0,82.0,0.949,False,False,0,True,0.894,False,Low
STU009800,17,EAP,International,Boarding,0.869,0.81,71.7,0.902,False,False,1,True,0.895,False,Low
STU009801,19,Foundation,International,Boarding,0.87,0.79,60.9,0.762,False,False,1,True,0.773,True,Medium
STU009802,14,GCSE,EU,Boarding,0.793,0.644,66.6,0.593,True,False,4,True,0.712,False,High
STU009803,15,GCSE,UK,Homestay,0.889,0.787,75.9,0.737,True,False,1,False,0.616,False,Medium
STU009804,17,A-Level,UK,Day,0.911,0.911,76.2,0.778,False,False,0,True,0.931,False,Low
STU009805,16,A-Level,UK,Day,0.849,0.907,78.7,0.867,False,False,1,True,0.845,False,Low
STU009806,19,Foundation,International,Day,0.905,0.834,86.7,0.673,False,False,0,True,0.827,False,Low
STU009807,18,Foundation,International,Day,0.874,0.826,88.5,0.898,False,False,1,True,0.839,False,Low
STU009808,16,A-Level,UK,Day,1.0,0.802,78.8,0.633,False,False,1,False,0.86,False,Low
STU009809,18,EAP,International,Day,0.883,0.707,74.1,0.776,False,False,0,True,0.981,True,Medium
STU009810,17,A-Level,UK,Day,0.92,0.905,76.5,0.834,False,True,0,False,0.724,True,Medium
STU009811,14,GCSE,UK,Homestay,0.872,0.961,79.9,0.709,False,True,0,True,0.976,False,Medium
STU009812,19,Foundation,UK,Homestay,0.889,0.854,85.5,0.833,False,False,1,True,0.887,True,Low
STU009813,18,A-Level,International,Boarding,0.874,0.897,87.3,0.875,True,False,0,True,0.807,False,Low
STU009814,18,Foundation,International,Day,0.915,0.868,86.7,0.724,False,False,0,False,0.736,False,Low
STU009815,18,EAP,UK,Homestay,1.0,0.708,67.4,0.634,True,False,1,True,0.811,False,Medium
STU009816,17,A-Level,International,Homestay,0.893,0.677,74.5,0.616,False,False,0,True,0.714,False,Medium
STU009817,17,A-Level,UK,Homestay,0.661,0.501,61.8,0.578,True,False,2,True,0.835,False,High
STU009818,18,A-Level,UK,Boarding,1.0,0.939,86.5,0.95,False,False,2,True,0.92,True,Low
STU009819,17,A-Level,UK,Day,0.864,0.814,78.6,0.701,False,False,0,True,0.752,True,Medium
STU009820,18,A-Level,UK,Day,0.906,0.956,84.7,1.0,False,False,1,False,0.649,False,Low
STU009821,17,A-Level,International,Homestay,0.862,0.631,65.0,0.585,False,False,0,False,0.654,False,High
STU009822,18,Foundation,International,Day,0.749,0.658,51.9,0.452,True,True,5,False,0.736,False,High
STU009823,18,A-Level,UK,Day,0.822,0.725,67.7,0.748,False,False,0,True,0.768,False,Medium
STU009824,15,GCSE,UK,Day,0.76,0.693,67.9,0.604,False,False,1,True,0.964,False,High
STU009825,17,A-Level,UK,Day,0.85,0.688,69.1,0.642,False,False,0,False,0.702,False,Medium
STU009826,18,Foundation,UK,Homestay,0.936,0.748,86.5,0.804,False,False,0,True,0.867,False,Low
STU009827,17,A-Level,EU,Day,0.744,0.499,54.6,0.495,True,False,4,False,0.667,False,High
STU009828,17,A-Level,UK,Day,0.935,0.912,84.7,0.836,False,False,2,True,0.78,False,Low
STU009829,19,Foundation,International,Homestay,1.0,0.891,88.5,0.853,False,False,1,True,0.759,False,Low
STU009830,17,A-Level,UK,Day,0.92,0.714,71.5,0.721,False,False,1,True,0.735,True,Medium
STU009831,18,A-Level,UK,Homestay,0.803,0.706,71.8,0.737,False,False,1,True,0.718,False,Medium
STU009832,18,Foundation,International,Day,0.868,1.0,68.1,1.0,False,True,1,True,0.852,False,Low
STU009833,15,GCSE,UK,Boarding,0.967,0.9,91.9,0.736,False,False,1,True,0.833,False,Low
STU009834,19,EAP,UK,Day,0.991,0.91,88.4,0.787,False,False,2,True,0.832,True,Low
STU009835,15,GCSE,UK,Boarding,0.913,1.0,100.0,0.822,False,False,1,True,0.798,False,Low
STU009836,14,GCSE,UK,Day,0.942,0.914,82.2,0.674,False,False,2,True,0.784,False,Low
STU009837,18,Foundation,UK,Homestay,0.96,0.882,90.6,0.87,False,False,0,True,0.817,False,Low
STU009838,15,GCSE,UK,Day,0.942,0.822,90.3,0.853,False,False,2,True,0.85,True,Low
STU009839,17,Foundation,International,Day,0.922,1.0,91.7,0.963,False,False,0,True,0.839,False,Low
STU009840,19,Foundation,International,Homestay,0.855,0.872,70.2,0.726,False,False,0,True,0.771,False,Medium
STU009841,19,Foundation,International,Day,0.967,0.754,93.5,0.657,False,False,1,True,0.827,False,Low
STU009842,18,EAP,EU,Boarding,0.862,0.685,74.2,0.757,False,False,0,True,0.716,True,Medium
STU009843,17,A-Level,EU,Boarding,1.0,0.699,78.3,0.821,False,False,2,True,0.948,False,Low
STU009844,19,Foundation,UK,Day,0.818,0.635,69.1,0.674,False,True,3,True,0.845,True,High
STU009845,15,GCSE,UK,Day,0.956,0.802,93.6,0.776,False,False,1,True,0.976,False,Low
STU009846,16,A-Level,UK,Homestay,0.742,0.85,81.8,0.866,True,False,2,True,0.764,False,Medium
STU009847,17,Foundation,EU,Day,0.777,0.738,72.2,0.637,True,True,2,True,0.756,False,High
STU009848,16,A-Level,UK,Day,0.859,0.764,74.4,0.639,False,False,1,True,0.899,False,Medium
STU009849,16,A-Level,UK,Boarding,0.804,0.841,90.8,0.825,False,False,3,True,0.74,False,Low
STU009850,17,A-Level,UK,Day,0.86,0.66,70.3,0.588,False,False,2,True,0.764,False,Medium
STU009851,17,A-Level,UK,Boarding,0.925,0.719,68.9,0.768,False,False,0,False,0.901,False,Medium
STU009852,17,EAP,UK,Day,0.883,0.772,78.0,0.734,False,False,1,True,0.947,True,Medium
STU009853,14,GCSE,UK,Homestay,0.933,0.777,73.3,0.521,True,False,1,True,0.8,False,Medium
STU009854,17,A-Level,UK,Day,0.835,0.763,69.6,0.709,False,False,1,True,0.854,False,Medium
STU009855,18,Foundation,UK,Day,0.949,0.876,79.0,0.732,False,False,0,True,0.809,False,Low
STU009856,17,A-Level,UK,Homestay,0.859,0.808,75.2,0.797,False,False,1,True,0.974,False,Low
STU009857,14,GCSE,UK,Day,0.979,0.755,90.2,0.795,False,False,1,True,0.849,False,Low
STU009858,18,A-Level,UK,Day,0.955,0.873,81.5,0.801,False,False,2,True,0.938,False,Low
STU009859,18,A-Level,International,Boarding,0.971,0.775,84.1,0.673,False,False,0,True,1.0,False,Low
STU009860,15,GCSE,UK,Boarding,0.889,0.851,84.9,0.662,False,False,1,True,0.826,False,Low
STU009861,18,Foundation,UK,Day,0.993,0.763,89.5,0.857,False,False,0,True,0.781,True,Low
STU009862,18,A-Level,UK,Day,0.732,0.781,72.6,0.573,False,True,0,False,0.645,False,High
STU009863,17,EAP,UK,Boarding,0.883,0.638,74.0,0.747,True,False,1,True,0.739,False,High
STU009864,19,Foundation,UK,Day,0.91,0.819,65.5,0.831,False,False,0,True,0.905,False,Low
STU009865,17,A-Level,International,Homestay,0.958,0.761,69.9,0.871,False,False,1,True,0.614,False,Medium
STU009866,15,GCSE,International,Day,0.895,0.851,73.9,0.668,False,False,0,True,0.921,False,Medium
STU009867,17,A-Level,UK,Homestay,0.831,0.656,68.5,0.677,False,False,0,True,0.943,False,Medium
STU009868,15,GCSE,International,Day,0.824,0.717,70.5,0.724,False,False,1,True,0.758,False,Medium
STU009869,18,EAP,UK,Day,0.899,0.874,82.7,0.717,False,False,1,True,0.769,False,Low
STU009870,15,GCSE,UK,Day,0.882,0.68,73.5,0.561,False,False,0,True,0.657,False,Medium
STU009871,17,A-Level,International,Day,0.96,0.856,74.1,0.824,False,False,0,True,0.757,False,Low
STU009872,16,A-Level,UK,Day,0.967,0.883,90.2,0.754,False,False,1,True,0.972,False,Low
STU009873,17,A-Level,UK,Day,0.903,0.863,85.4,0.821,False,False,1,True,0.743,False,Low
STU009874,15,GCSE,International,Homestay,0.902,0.79,76.2,0.667,False,False,0,True,0.854,False,Medium
STU009875,17,A-Level,EU,Day,0.975,0.811,83.2,0.799,False,False,0,True,0.725,False,Low
STU009876,14,GCSE,International,Homestay,0.817,0.587,71.5,0.455,True,False,1,True,0.77,False,High
STU009877,14,GCSE,International,Day,0.886,0.854,82.9,0.802,False,False,2,True,0.797,False,Low
STU009878,17,A-Level,International,Boarding,0.807,0.7,76.9,0.649,False,False,0,False,0.787,False,Medium
STU009879,18,Foundation,UK,Homestay,0.961,0.871,75.1,0.796,False,False,0,True,0.884,False,Low
STU009880,16,A-Level,UK,Homestay,0.894,0.642,74.0,0.734,False,False,0,True,0.868,False,Medium
STU009881,18,A-Level,International,Day,0.98,0.838,79.9,0.749,False,False,2,True,0.828,False,Low
STU009882,17,A-Level,International,Boarding,0.816,0.8,73.5,0.725,False,False,1,True,0.757,False,Medium
STU009883,17,A-Level,UK,Day,0.802,0.717,67.4,0.657,True,False,0,False,0.657,False,High
STU009884,17,EAP,International,Day,0.908,0.748,78.2,0.789,True,False,1,True,0.937,False,Medium
STU009885,15,GCSE,UK,Boarding,0.868,0.676,70.4,0.525,True,False,1,True,0.675,False,High
STU009886,17,A-Level,UK,Day,0.747,0.649,69.0,0.729,True,False,1,True,0.699,False,High
STU009887,19,Foundation,UK,Day,0.965,0.967,70.7,0.799,False,False,2,True,0.905,False,Low
STU009888,18,Foundation,EU,Day,0.809,0.751,79.2,0.785,False,False,0,True,0.79,True,Medium
STU009889,15,GCSE,International,Day,0.916,0.851,80.7,0.673,True,False,0,True,0.881,False,Medium
STU009890,18,A-Level,UK,Day,0.831,0.704,64.5,0.596,False,False,3,True,0.888,False,Medium
STU009891,17,Foundation,International,Homestay,0.985,0.85,92.4,1.0,False,False,0,True,0.854,False,Low
STU009892,14,GCSE,EU,Day,0.908,0.791,87.3,0.754,False,False,0,False,0.798,True,Low
STU009893,18,Foundation,EU,Boarding,0.924,0.679,75.6,0.607,False,False,0,True,0.857,False,Medium
STU009894,17,Foundation,International,Boarding,0.894,0.789,78.3,0.771,False,False,1,True,0.741,True,Medium
STU009895,17,Foundation,UK,Boarding,0.906,0.722,77.6,0.741,False,False,0,True,0.842,True,Medium
STU009896,15,GCSE,International,Boarding,0.906,0.777,72.0,0.718,False,False,1,False,0.817,True,Medium
STU009897,18,Foundation,UK,Boarding,0.909,0.777,69.3,0.554,True,False,1,True,0.711,False,High
STU009898,17,A-Level,UK,Day,0.896,0.92,85.8,0.757,False,False,1,True,0.933,False,Low
STU009899,19,Foundation,EU,Day,1.0,0.791,91.7,0.725,False,False,0,True,0.878,False,Low
STU009900,15,GCSE,International,Homestay,0.848,0.895,89.8,0.889,False,False,1,True,0.897,True,Low
STU009901,14,GCSE,EU,Homestay,0.96,0.953,72.9,0.749,False,False,2,True,0.884,False,Low
STU009902,16,A-Level,International,Boarding,0.939,0.773,75.2,0.859,False,False,3,True,0.943,False,Low
STU009903,14,GCSE,International,Day,0.986,0.759,79.4,0.88,False,False,2,True,0.704,False,Low
STU009904,16,A-Level,UK,Day,0.862,0.694,75.5,0.792,False,True,1,True,0.774,False,Medium
STU009905,16,EAP,International,Day,0.87,0.753,76.4,0.78,True,False,2,True,0.793,False,Medium
STU009906,17,A-Level,UK,Boarding,0.922,0.7,100.0,0.897,False,False,0,True,0.657,True,Low
STU009907,18,Foundation,UK,Boarding,0.815,0.827,81.9,0.672,False,False,0,False,0.83,False,Medium
STU009908,15,GCSE,UK,Boarding,0.928,0.674,81.7,0.837,False,False,0,True,0.728,False,Medium
STU009909,16,GCSE,UK,Boarding,1.0,0.787,80.1,0.689,True,False,0,True,0.863,False,Medium
STU009910,16,GCSE,UK,Day,1.0,0.892,87.3,0.791,False,False,1,True,0.744,False,Low
STU009911,17,A-Level,UK,Boarding,0.845,0.77,83.0,0.585,False,False,0,True,0.766,False,Medium
STU009912,16,EAP,UK,Day,0.774,0.775,71.7,0.592,False,False,2,True,0.789,False,Medium
STU009913,15,GCSE,International,Boarding,0.904,0.929,75.7,0.728,False,False,1,True,0.958,False,Low
STU009914,17,A-Level,EU,Day,0.976,0.938,92.2,0.918,False,False,0,True,0.819,False,Low
STU009915,16,A-Level,International,Day,0.897,0.748,85.4,0.729,False,False,1,False,0.662,False,Medium
STU009916,19,EAP,UK,Day,1.0,0.965,93.1,1.0,False,False,1,False,0.682,True,Low
STU009917,15,GCSE,International,Homestay,0.845,0.815,76.9,0.758,False,False,0,True,0.809,False,Medium
STU009918,14,GCSE,UK,Boarding,0.916,0.82,98.6,0.722,False,False,0,True,0.877,False,Low
STU009919,16,GCSE,EU,Day,0.892,0.827,75.0,0.909,False,False,0,True,0.918,True,Low
STU009920,18,A-Level,UK,Boarding,0.951,0.999,90.6,0.935,False,False,0,True,0.71,True,Low
STU009921,17,A-Level,EU,Boarding,0.956,0.746,82.3,0.617,False,False,0,True,0.791,False,Medium
STU009922,18,Foundation,UK,Boarding,0.906,0.783,74.4,0.762,True,False,0,True,0.767,False,Medium
STU009923,17,A-Level,International,Day,0.774,0.615,66.0,0.705,True,True,1,True,0.605,False,High
STU009924,17,A-Level,International,Day,0.988,0.971,87.7,0.881,False,False,1,False,0.635,False,Low
STU009925,16,A-Level,International,Day,0.924,1.0,92.4,0.839,False,False,0,True,0.907,False,Low
STU009926,15,GCSE,UK,Day,0.901,0.821,74.9,0.66,True,True,0,True,0.817,False,High
STU009927,18,A-Level,UK,Boarding,1.0,0.769,84.2,0.763,False,False,0,True,0.779,False,Low
STU009928,17,EAP,International,Day,0.901,0.758,74.9,0.793,False,False,1,True,0.788,False,Medium
STU009929,19,Foundation,UK,Day,0.853,0.628,75.7,0.674,False,False,0,True,0.905,False,Medium
STU009930,19,Foundation,International,Day,0.857,0.7,53.2,0.577,True,True,5,True,0.877,True,High
STU009931,18,Foundation,UK,Day,0.969,0.926,92.1,0.878,False,False,0,True,0.844,True,Low
STU009932,16,GCSE,International,Homestay,0.795,0.706,93.1,0.757,False,False,1,True,0.789,False,Medium
STU009933,14,GCSE,International,Homestay,0.865,0.817,86.3,0.93,False,False,0,True,0.939,False,Low
STU009934,15,GCSE,International,Day,0.948,0.649,75.3,0.686,False,False,1,True,0.758,False,Medium
STU009935,17,A-Level,UK,Homestay,0.719,0.701,76.3,0.717,False,False,2,True,0.78,False,Medium
STU009936,14,GCSE,UK,Day,0.828,0.685,73.8,0.672,False,False,3,True,0.68,False,Medium
STU009937,17,A-Level,International,Boarding,0.857,0.718,87.6,0.718,False,False,1,True,0.731,False,Medium
STU009938,18,A-Level,International,Day,0.894,0.956,91.8,0.677,False,False,1,False,0.624,False,Low
STU009939,18,Foundation,UK,Day,0.877,0.861,80.5,0.781,False,False,0,True,0.869,True,Low
STU009940,17,Foundation,UK,Homestay,0.879,0.87,78.4,0.942,False,False,0,True,0.868,False,Low
STU009941,16,EAP,International,Homestay,0.807,0.766,77.5,0.711,False,False,3,True,1.0,True,Medium
STU009942,15,GCSE,EU,Day,1.0,0.841,86.7,0.829,False,False,0,True,0.945,False,Low
STU009943,16,GCSE,International,Homestay,0.857,0.821,80.5,0.644,False,False,1,True,0.814,True,Medium
STU009944,18,A-Level,International,Boarding,0.767,0.631,75.1,0.519,False,False,1,True,0.754,False,High
STU009945,17,A-Level,International,Day,0.979,0.763,94.1,0.772,False,False,0,True,0.954,False,Low
STU009946,17,A-Level,UK,Day,0.776,0.917,76.2,0.896,True,False,1,False,0.75,False,Medium
STU009947,17,A-Level,UK,Day,0.815,0.651,61.5,0.619,False,False,2,True,0.862,False,High
STU009948,16,A-Level,UK,Boarding,0.947,0.955,77.0,0.66,False,False,0,True,0.801,False,Low
STU009949,17,A-Level,International,Homestay,0.864,0.815,72.7,0.634,False,False,1,True,0.733,False,Medium
STU009950,17,A-Level,EU,Boarding,0.912,0.956,96.5,0.977,False,False,1,True,0.802,True,Low
STU009951,17,A-Level,UK,Boarding,0.856,0.755,67.0,0.868,False,False,0,True,0.944,False,Medium
STU009952,18,A-Level,UK,Boarding,0.868,0.935,85.5,0.816,False,False,2,True,0.971,False,Low
STU009953,17,A-Level,UK,Day,0.831,1.0,78.2,0.886,False,False,3,False,0.782,False,Low
STU009954,17,A-Level,International,Day,0.815,0.716,75.4,0.826,False,False,1,True,0.883,False,Medium
STU009955,14,GCSE,International,Day,1.0,0.85,81.0,0.767,False,False,0,False,0.575,True,Low
STU009956,18,A-Level,International,Boarding,0.842,0.677,61.3,0.675,False,False,1,True,0.82,False,Medium
STU009957,19,Foundation,UK,Homestay,0.798,0.776,82.9,0.862,False,False,0,True,0.8,True,Low
STU009958,19,Foundation,International,Day,0.979,0.861,78.6,0.834,False,False,0,True,0.789,False,Low
STU009959,17,A-Level,UK,Day,0.919,0.878,83.0,0.653,False,False,1,False,0.721,False,Low
STU009960,15,GCSE,International,Boarding,0.901,0.711,91.3,0.798,False,False,0,True,0.854,True,Low
STU009961,17,A-Level,UK,Day,0.832,0.748,63.4,0.646,True,False,1,True,0.779,False,High
STU009962,16,A-Level,UK,Boarding,0.828,0.798,79.4,0.808,True,False,0,True,0.805,False,Medium
STU009963,17,A-Level,UK,Day,0.879,0.674,68.3,0.63,False,False,2,True,0.765,False,Medium
STU009964,18,A-Level,EU,Boarding,0.98,0.886,75.6,0.859,False,False,1,True,0.852,False,Low
STU009965,16,A-Level,International,Boarding,0.883,0.758,89.9,0.766,False,False,1,True,0.961,True,Low
STU009966,16,A-Level,UK,Day,0.98,0.876,86.7,0.813,False,False,0,True,0.965,False,Low
STU009967,18,Foundation,UK,Homestay,0.896,0.978,89.1,0.817,False,False,0,True,0.723,False,Low
STU009968,15,GCSE,International,Day,0.886,0.711,66.3,0.705,False,False,0,True,0.729,False,Medium
STU009969,18,Foundation,UK,Day,0.829,0.822,75.1,0.813,False,False,0,True,0.817,True,Medium
STU009970,15,GCSE,UK,Day,1.0,0.802,80.4,0.814,False,False,4,False,0.65,True,Low
STU009971,15,GCSE,UK,Homestay,0.901,0.863,81.5,0.749,False,False,0,True,0.834,False,Low
STU009972,19,EAP,International,Day,0.9,0.911,92.9,0.95,False,False,0,True,0.798,False,Low
STU009973,18,EAP,UK,Day,0.973,0.856,83.3,0.677,False,True,0,True,0.838,False,Medium
STU009974,16,GCSE,International,Boarding,0.875,0.714,69.6,0.767,True,False,3,True,0.844,False,Medium
STU009975,17,A-Level,UK,Day,0.937,0.75,74.7,0.798,False,False,2,True,0.725,True,Medium
STU009976,16,GCSE,UK,Day,0.904,0.699,75.2,0.797,False,False,0,True,0.77,False,Medium
STU009977,16,A-Level,UK,Day,0.846,0.803,78.4,0.803,False,False,0,True,0.793,True,Low
STU009978,18,Foundation,International,Homestay,0.985,0.947,86.0,0.903,False,False,1,True,0.763,False,Low
STU009979,16,EAP,UK,Homestay,0.801,0.778,74.6,0.714,False,False,0,True,0.88,False,Medium
STU009980,17,A-Level,International,Day,0.832,0.792,84.2,0.646,False,False,0,True,0.854,False,Medium
STU009981,18,A-Level,UK,Boarding,0.846,0.752,74.1,0.787,False,False,1,True,0.796,False,Medium
STU009982,17,A-Level,UK,Day,0.883,0.826,73.1,0.895,True,False,0,True,0.85,True,Medium
STU009983,18,A-Level,International,Boarding,0.899,0.609,76.4,0.73,False,False,2,True,0.814,False,Medium
STU009984,17,EAP,International,Day,0.77,0.685,65.7,0.625,False,False,0,True,0.713,False,High
STU009985,18,Foundation,UK,Day,1.0,1.0,90.1,0.925,False,False,1,True,1.0,True,Low
STU009986,18,A-Level,International,Boarding,0.953,0.815,71.5,0.679,False,False,0,True,0.906,False,Medium
STU009987,17,A-Level,International,Day,0.866,0.961,85.1,0.777,False,False,0,True,0.787,False,Low
STU009988,17,A-Level,UK,Day,0.93,0.813,77.4,0.648,False,False,0,True,0.893,False,Medium
STU009989,14,GCSE,EU,Homestay,0.861,0.764,65.7,0.631,True,False,2,True,0.739,False,High
STU009990,19,Foundation,UK,Homestay,0.877,0.861,77.7,0.773,False,False,0,True,0.81,False,Low
STU009991,17,A-Level,EU,Day,0.928,0.877,80.5,0.732,False,False,0,True,0.864,False,Low
STU009992,17,A-Level,International,Boarding,0.928,0.862,96.5,0.796,False,False,2,True,0.874,False,Low
STU009993,16,A-Level,UK,Boarding,0.976,0.939,84.1,0.828,False,False,0,True,0.908,False,Low
STU009994,18,Foundation,UK,Day,0.905,0.757,91.4,0.726,False,False,1,True,0.576,True,Medium
STU009995,16,GCSE,UK,Homestay,0.923,0.894,84.2,0.679,False,False,2,True,0.743,False,Low
STU009996,19,Foundation,International,Boarding,0.885,0.995,80.6,0.93,False,False,0,True,0.916,False,Low
STU009997,17,Foundation,International,Boarding,0.87,0.82,81.2,0.743,False,False,1,True,0.821,False,Low
STU009998,17,EAP,UK,Day,0.846,0.778,81.2,0.816,False,False,1,True,0.909,False,Low
STU009999,17,A-Level,UK,Day,0.844,0.609,77.4,0.565,False,False,3,True,0.774,True,Medium
STU010000,14,GCSE,UK,Day,0.867,0.895,83.3,0.936,False,False,0,True,0.831,False,Low
